round,seq,utc,query,terms,expression,top_k,equivalence_key,cache_key,cached,returned_dN,returned_docids,result_docs
1,6,2026-09-15T08:23:02.096531+00:00,character married three times only one child survives series,"[""character"",""married"",""three"",""times"",""only"",""one"",""child"",""survives"",""series""]","""character"" OR ""married"" OR ""three"" OR ""times"" OR ""only"" OR ""one"" OR ""child"" OR ""survives"" OR ""series""",8,f75b4198a59a45300e437504da188d4b1fecb5e9997cf1d4195f009bd39a5f16,709ed49e7b653af0919d011208ecf1670d4933e79bbded879d5b0d5b74204831,False,"[""d1"",""d2"",""d3"",""d4"",""d5"",""d6"",""d7"",""d8""]","[""71307"",""91648"",""78953"",""60248"",""50562"",""93654"",""18321"",""22831""]","[{""docid"":""71307"",""score"":11.91441357018348,""snippet"":"" ... Every woman who gets involved with Nate Romanowski - the series' resident badass - meets an untimely end.\n\n- The Cat Who... Series: Supporting character Iris Cobb was married three times, and all three of her husbands predeceased her — her first one (and the father of her only son) died of ... "",""title"":""https://tvtropes.org/pmwiki/pmwiki.php/Main/CartwrightCurse""},{""docid"":""91648"",""score"":11.641147809067535,""snippet"":"" ... Katie becomes pregnant just before Johnny dies and survives on her own until she agrees to marry Sergeant Michael McShane, a pipe-smoking local policeman-turned-politician.\n\nSissy Rommely is Katie's oldest sister and one of Francie's three aunts. Because of her parents' immigration and lack ... "",""title"":""https://en.wikipedia.org/wiki/A_Tree_Grows_in_Brooklyn_(novel)""},{""docid"":""78953"",""score"":11.623563509245583,""snippet"":"" ... According to the Las Vegas Sun, Pesci has been married three times. His most notable marriage was to actress-model Claudia Haro from 1988 to 1992. The couple welcomed a daughter named Tiffany in 1992.\n\nDaniel Stern as Marv Murchins\n\nDaniel Stern's character may not have succeeded ... "",""title"":""https://people.com/movies/home-alone-cast-where-are-they-now/""},{""docid"":""60248"",""score"":11.56589677047367,""snippet"":"" ... Erica's youngest child, Bianca Montgomery, enters the series in 1988. At that time, Bianca is Erica's first and only child since the Kendall and Josh characters were not created yet. In the storyline, Erica becomes pregnant with Travis Montgomery's child and develops toxemia. The story ... "",""title"":""https://en.wikipedia.org/wiki/Erica_Kane""},{""docid"":""50562"",""score"":11.49828480542101,""snippet"":"" ... through the \""common hardship\"" of being married to the \""abusive, psychologically imposing\"" Rasheed. Mariam kills Rasheed while defending Laila, for which she is publicly executed by the Taliban.\n*Laila, an ethnic Tajik born in Kabul in 1978. The only surviving child of Hakim and Fariba after her older ... "",""title"":""https://en.wikipedia.org/wiki/A_Thousand_Splendid_Suns""},{""docid"":""93654"",""score"":11.489341608461087,""snippet"":"" ... On December 13, 1944, tired of yet another failed romance, with a part-time actor named Harald Maresch, and pregnant with his child, Lupe committed suicide with an overdose of Seconal. She was only 36 years old.- Mildred Harris was born on 29 November 1901 in Cheyenne, Wyoming ... "",""title"":""https://m.imdb.com/search/name/?death_date=1944&ref_=nm_pdt_dth_yr""},{""docid"":""18321"",""score"":11.353020018979,""snippet"":"" ... Jarndyce takes in Ada and her child, a boy whom she names Richard. Esther and Mr Woodcourt marry and live in a Yorkshire house which Jarndyce gives to them. The couple later raise two daughters.\n\nMany of the novel's subplots focus on minor characters. One such subplot ... "",""title"":""https://en.wikipedia.org/wiki/Bleak_House""},{""docid"":""22831"",""score"":11.294753709183771,""snippet"":"" ... Chicago, Illinois\n\nA variety of fictional characters appear in the American comedy-drama television series Shameless, created by Paul Abbott. First broadcast on Showtime on January 9, 2011, it is based on the British series of the same name, and features many of its characters.\n\nShameless is set ... "",""title"":""https://en.wikipedia.org/wiki/List_of_Shameless_(American_TV_series)_characters""}]"
1,17,2026-09-15T08:23:04.169403+00:00,actor plays alongside real life relative unrelated in series,"[""actor"",""plays"",""alongside"",""real"",""life"",""relative"",""unrelated"",""in"",""series""]","""actor"" OR ""plays"" OR ""alongside"" OR ""real"" OR ""life"" OR ""relative"" OR ""unrelated"" OR ""in"" OR ""series""",8,30ee343247f70634ab23b521e3fe17048f85fdd0e247d861118b23bb7bcb54f5,e9aeec4ca1daa256a383e5d9fd2241cc76bc5e807c66f5d38ac0b270adb4d75f,False,"[""d9"",""d10"",""d11"",""d12"",""d13"",""d14"",""d15"",""d16""]","[""17348"",""57766"",""62963"",""43789"",""9044"",""78415"",""11078"",""67200""]","[{""docid"":""17348"",""score"":15.289719908649227,""snippet"":"" ... plays Maria Callas' protective butler in Pablo Larraín's \""Maria,\"" doesn't back down from a fight, on-screen or in life.\n\nAt last year's Venice Film Festival, the Rome native erupted with the kind of volcanic indignation that Callas was known for, furious that American actors ... "",""title"":""https://www.imdb.com/title/tt3758542/news/""},{""docid"":""57766"",""score"":15.142091400828061,""snippet"":"" ... Irish actor Darren Cahill plays the role of Æthelred of Wessex in the fifth season. Nigerian actor Stanley Aguzie told local media he had landed a small role in the fifth season. The fifth season also features Irish actor, musician and real-life police detective, Kieran O'Reilly ... "",""title"":""https://en.wikipedia.org/wiki/Vikings_%28TV_series%29""},{""docid"":""62963"",""score"":15.113536232034798,""snippet"":"" ... Actors who are siblings in real life are commonly cast to play siblings on television. After all, that's the best way to make it seem like the relationship is an authentic one. In the case of Jessica and Richard Harmon, though, the siblings actually play unrelated characters ... "",""title"":""https://screenrant.com/cw-stars-family/""},{""docid"":""43789"",""score"":14.8967355267093,""snippet"":"" ... Enter \""Prey\"" (unrelated to the 2022 movie), which was released in 2006. This first-person shooter focuses on the Cherokee character, Domasi \""Tommy\"" Tawodi who, with his girlfriend and grandfather is abducted by aliens on their reservation in Oklahoma. The character is voiced by acclaimed actor Michael Greyeyes ... "",""title"":""https://www.culturalsurvival.org/news/indigenous-representation-video-games""},{""docid"":""9044"",""score"":14.595780877358159,""snippet"":"" ... Some of them may require an almanac to parse, but hey, that's just part of the fun. —SG\n\nBased on the comedic viewpoints of Aziz Ansari, the series follows the personal and professional life of Dev, a 30-year-old actor in New York who has trouble ... "",""title"":""https://www.indiewire.com/feature/best-tv-shows-decade-2010-2019-netflix-hbo-1202148573/""},{""docid"":""78415"",""score"":14.345175460368282,""snippet"":"" ... Olyphant plays one of several real-life characters in Once Upon a Time in Hollywood, as Jim Stacy, star of the little-known Western series Lancer, which Dalton guest stars on. The film is a surprisingly touching love letter to this era in television and moviemaking while also ... "",""title"":""https://screenrant.com/timothy-olyphant-best-movies-tv-shows/""},{""docid"":""11078"",""score"":13.994721140801655,""snippet"":"" ... Not to be confused with Real-Life Relative, which is when the actors actually are related, either by blood or marriage, not necessarily playing relatives, and don't even have to look alike (as family members often don't).\n\nExamples:\n\n- In the Kia commercials with Blake Griffin time ... "",""title"":""https://tvtropes.org/pmwiki/pmwiki.php/Main/SeparatedAtBirthCasting""},{""docid"":""67200"",""score"":13.959756739701415,""snippet"":"" ... as 24-year-old Mary Tyler Moore, who played Rob's wife Laura Petrie. Van Dyke won three Emmy Awards as Outstanding Lead Actor in a Comedy Series, and the series received four Emmy Awards as Outstanding Comedy Series.\n\nThe Dick Van Dyke Show received positive reviews from ... "",""title"":""https://en.wikipedia.org/wiki/Dick_Van_Dyke""}]"
1,28,2026-09-15T08:23:06.318480+00:00,soap opera character married multiple times one surviving child,"[""soap"",""opera"",""character"",""married"",""multiple"",""times"",""one"",""surviving"",""child""]","""soap"" OR ""opera"" OR ""character"" OR ""married"" OR ""multiple"" OR ""times"" OR ""one"" OR ""surviving"" OR ""child""",8,9b1e806b0ca21dcda28e151407bd2163ee0c9c042a19be3a5d3e00316048bda8,b1f04eda1bf8f4679cdf41365de9bbefd56b5569257cf22a5a528fe6eff92491,False,"[""d4"",""d17"",""d18"",""d19"",""d20"",""d21"",""d22"",""d23""]","[""60248"",""24471"",""58666"",""49471"",""61137"",""16167"",""98186"",""5965""]","[{""docid"":""60248"",""score"":25.579575551699776,""snippet"":"" ... The Erica character officially debuted in 1970 once All My Children made it onto the air.\n\nCasting\n\nAt the time, soap operas featured mostly older casts. To add a contemporary feel to the show, Nixon focused on younger characters, while also mixing in older ones so as not ... "",""title"":""https://en.wikipedia.org/wiki/Erica_Kane""},{""docid"":""24471"",""score"":23.5699973004613,""snippet"":"" ... In the earliest years of the medium, Lisa became one of the most popular characters on daytime television, and Fulton became the first soap opera actress to hire a publicist. Fulton left the series for brief periods of time over the years, but was a huge part of ... "",""title"":""https://www.goldderby.com/gallery/best-daytime-actresses-ever-ranked/""},{""docid"":""58666"",""score"":23.156725550422642,""snippet"":"" ... Gibbs actually announced the casting herself during an interview with the New York Daily News as she was inducted into the Hollywood Walk of Fame on July 20, 2021. Soap Opera Digest officially confirmed the casting and character on July 22. \""Get excited...,\"" Carlivati said on social media ... "",""title"":""https://en.wikipedia.org/wiki/List_of_Days_of_Our_Lives_characters_introduced_in_the_2020s""},{""docid"":""49471"",""score"":23.06230913267829,""snippet"":"" ... See also\n\n* List of longest-serving soap opera actors\n* List of One Life to Live characters\n* List of One Life to Live cast members\n\nReferences\n\nExternal links\n\n* \n* One Life to Live: Soaps.com\n* \n* Soap Opera scripts, 1975-1989 Billy Rose Theatre Division, The New York Public Library.\n\nCategory ... "",""title"":""https://en.wikipedia.org/wiki/One_Life_to_Live""},{""docid"":""61137"",""score"":23.030576408755987,""snippet"":"" ... Still, sticking around for decades means a show can reach millions of viewers not just at one time, but from one generation to another – a marker of a story and characters that truly resonate.\n\nHere are some of TV's longest-lasting shows that have managed to do ... "",""title"":""https://www.bbc.com/culture/article/20240318-longest-running-tv-shows-programmes-series-ever""},{""docid"":""16167"",""score"":23.02714514038999,""snippet"":"" ... The characters, costumes, and stories have changed, but the heart of the show remains.\n\n\""The Edge of Night\"" (28 years)\n\nThe mystery soap opera focused on crime, rather than a familial drama like most soaps of the time. It aired from 1956 until 1984.\n\n\""Arthur\"" (25 years)\n\nArthur ... "",""title"":""https://www.businessinsider.com/longest-running-tv-shows-all-time-2018-1""},{""docid"":""98186"",""score"":22.327933917142005,""snippet"":"" ... Alec Baldwin starred on CBS's nighttime soap opera \""Knots Landing.\"" He played Joshua Rush from 1984 to 1985. His character was killed when Joshua fell off a roof.\n\nDavid Hasselhoff took on the role of Snapper Foster on \""The Young and The Restless\"" from 1975 to 1982 ... "",""title"":""https://www.wonderwall.com/entertainment/tv/kelly-ripa-brad-pitt-stars-started-on-soap-operas-34328.gallery""},{""docid"":""5965"",""score"":22.2789097057288,""snippet"":"" ... Throughout his career, Danesh also produced multiple films. His recent credits include the 2019 horror film House Red and 2018 documentary Fountain of Youth.\n\nAnne Heche\n\nAnne Heche, the actress who rose to prominence on the soap opera Another World and went on to star in such films ... "",""title"":""https://ew.com/celebrity/stars-we-lost-in-2022/?srsltid=AfmBOoqgtseDJPvB8Bamfe3oZlhWJZaiC5kf4fxP0pjffkBximQEpPNy""}]"
2,46,2026-09-15T08:23:12.691996+00:00,actor real life sibling spouse plays unrelated character series,"[""actor"",""real"",""life"",""sibling"",""spouse"",""plays"",""unrelated"",""character"",""series""]","""actor"" OR ""real"" OR ""life"" OR ""sibling"" OR ""spouse"" OR ""plays"" OR ""unrelated"" OR ""character"" OR ""series""",8,d98d4daadbfd4cd4412785a2839a2a400dfe8fef1754abee34766cd402543fbc,68eaaa07c7cc614ccfb1bb21ae123c10820eeb6c813d28213a0b5ec92767c0c8,False,"[""d24"",""d25"",""d15"",""d26"",""d27"",""d11"",""d28"",""d29""]","[""87365"",""91007"",""11078"",""11720"",""29966"",""62963"",""69326"",""42460""]","[{""docid"":""87365"",""score"":20.510527007750984,""snippet"":"" ... From this we get two variables, correlated to queenship, but unrelated to the state of conflict in the kingdom: queenship is correlated by the previous monarch failing have a male as their firstborn child, or by that monarch having a female sibling.\n\nAlthough there were cases in which ... "",""title"":""https://priceonomics.com/monarchs-more-belligerent-queens-kings/""},{""docid"":""91007"",""score"":18.944043296524214,""snippet"":"" ... While a number of these are original creations, many are also adaptations of live-action TV shows or feature animated versions of real-life actors.\n\nYouTube.com\n\n61. Cow and Chicken\n\nFeaturing the adventures of two siblings who often run into The Red Guy, who tries to scam ... "",""title"":""https://www.cleveland.com/entertainment/2017/07/60_years_of_hanna-barbera_cart.html""},{""docid"":""11078"",""score"":18.501554700326913,""snippet"":"" ... eye of casting actors who could be siblings in real life. First was Lucy Hale and Cody Christian who were very convincing as Aria and Mike Montgomery. The second case was Sasha Pieterse who bares a strong resemblance to both actors who play her siblings: Drew Van Acker ... "",""title"":""https://tvtropes.org/pmwiki/pmwiki.php/Main/SeparatedAtBirthCasting""},{""docid"":""11720"",""score"":18.372780170774956,""snippet"":"" ... The character was also featured as guest on the animated series House of Mouse, as well as its spin-off film Mickey's Magical Christmas: Snowed in at the House of Mouse.\n\nActors Scott Irby-Ranniar and Jason Raize played young and adult Simba, respectively, in the original ... "",""title"":""https://en.wikipedia.org/wiki/Simba""},{""docid"":""29966"",""score"":18.150357623309745,""snippet"":"" ... Cross-cousin marriage divides members of the same generation into two approximately equal groups, those of cross-cousins and \""siblings\"" that include real siblings and parallel cousins. Consequently, cross-cousin marriage can be a normal form of marriage in a society, but the other systems above can only ... "",""title"":""https://en.wikipedia.org/wiki/Cousin_marriage""},{""docid"":""62963"",""score"":18.055364399933257,""snippet"":"" ... Actors who are siblings in real life are commonly cast to play siblings on television. After all, that's the best way to make it seem like the relationship is an authentic one. In the case of Jessica and Richard Harmon, though, the siblings actually play unrelated characters ... "",""title"":""https://screenrant.com/cw-stars-family/""},{""docid"":""69326"",""score"":17.75682153042705,""snippet"":"" ... Lee continues to play Maddy as well as Laura in flashbacks throughout the series. She also went on to play Laura again in the movie prequel Twin Peaks: Walk Fire With Me (1992). She also plays Carrie Page, another character resembling Laura, in the 2017 revival.\n\n15 Actors ... "",""title"":""https://screenrant.com/actors-multiple-characters-same-tv-show/""},{""docid"":""42460"",""score"":17.727277073975507,""snippet"":"" ... Created by Rob Thomas, the series starred Bell as the seventeen-year-old anti-establishment high school student and private detective. Bell drew on the parallels between the character of Veronica and her own life, since Bell's parents had divorced and her best friend had also died ... "",""title"":""https://en.wikipedia.org/wiki/Kristen_Bell""}]"
2,55,2026-09-15T08:23:13.580087+00:00,character married three times one child survives telenovela,"[""character"",""married"",""three"",""times"",""one"",""child"",""survives"",""telenovela""]","""character"" OR ""married"" OR ""three"" OR ""times"" OR ""one"" OR ""child"" OR ""survives"" OR ""telenovela""",8,aa811835f5f0808b7fac5c291b140d95c168bb0060c3898e5068821ae91e6cd6,885247376ccebd0ee84b28f70399b905d2283643f9f3a71b18ea4198729dda76,False,"[""d30"",""d31"",""d32"",""d33"",""d34"",""d35"",""d36"",""d37""]","[""5705"",""98996"",""91243"",""54845"",""99719"",""62890"",""96202"",""36741""]","[{""docid"":""5705"",""score"":18.525123146618128,""snippet"":"" ... She then moved on to The Object of My Affection (1998) and then spent time on Another World (1964) as \""Rain Wolfe\"", a child found in the park, and fostered by Josie and Gary. Sarah would go on to work with Amy Carlson (\""Josie\"" on AW) several more ... "",""title"":""https://www.imdb.com/search/name/?birth_date=1990-01-01,1990-12-31&gender=female""},{""docid"":""98996"",""score"":16.878716438999824,""snippet"":"" ... Bird of an Iron Feather had an all Black cast and ran for 21 episodes three times a week starting in January 1970. Newton Minow was the chairman of the Channel 11 WTTW TV station that put on the show via a grant from the Ford Foundation. Television ... "",""title"":""https://en.wikipedia.org/wiki/List_of_soap_operas""},{""docid"":""91243"",""score"":16.782653536056017,""snippet"":"" ... The blonde beauty exceeded at playing musical characters with a degree of depth and grit, like the lovelorn Julie in \""Carousel\"" or the married woman who catches James Cagney's eye in \""Never Steal Anything Small.\"" Television also offered her more dramatic opportunities. After her performance in \""The ... "",""title"":""https://tv.apple.com/us/person/shirley-jones/umc.cpc.3qho2ywpnntcts8jp4xj0qwft""},{""docid"":""54845"",""score"":16.727739136810893,""snippet"":"" ... 30 on Billboard<\\/em>'s Hot Latin Songs chart in 1995.<\\/p>\\n<\\/div>\"",\""alt\"":\""\"",\""image_credit\"":\""\"",\""url\"":\""https:\\/\\/ \\n\\tThe Story:<\\/strong> This melodrama, produced by soap opera iconic producer Rosy Ocampo for Televisa, is one of the most emblematic children's telenovelas on Mexican television, and ... "",""title"":""https://www.billboard.com/lists/best-telenovela-theme-songs/""},{""docid"":""99719"",""score"":16.71987129593729,""snippet"":"" ... The film however released in Mexico much later on 22nd August 2014.\n\nHer next big role on TV was that of Nikki Brizz Balvanera, a female protagonist, in the Mexican telenovela Amores verdaderos (2012) that aired on Canal de las Estrellas from September 3, 2012 to May 12 ... "",""title"":""https://www.imdb.com/search/name/?birth_year=1990""},{""docid"":""62890"",""score"":16.70050018022217,""snippet"":"" ... Brazilian telenovelas often have convoluted subplots involving three or four different settings. Usually, there is a rich setting, a poor setting and one or more settings in which the characters of both settings can interact. There is no clear-cut line between \""good\"" and \""evil\"" characters, with protagonists ... "",""title"":""https://en.wikipedia.org/wiki/Telenovela""},{""docid"":""96202"",""score"":16.41540965811481,""snippet"":"" ... Before they come in sight of the house, it is clear from a glow on the horizon and wind-borne ashes that it is ablaze.\n\nCharacters\n\nPrincipal characters\n\n* The Narrator/the Second Mrs de Winter: A timid, naïve, middle-class woman in her early twenties, who enjoys sketching ... "",""title"":""https://en.wikipedia.org/wiki/Rebecca_(novel)""},{""docid"":""36741"",""score"":16.357425141801784,""snippet"":"" ... UK than in Australia (the UK has three times the total population of Australia) and the UK channels make a major contribution to the production costs.\n\nIt has been suggested that with their emphasis on the younger, attractive and charismatic characters, Neighbours and Home and Away have found ... "",""title"":""https://en.wikipedia.org/wiki/Soap_opera""}]"
2,66,2026-09-15T08:23:15.588462+00:00,actor plays alongside real life wife husband unrelated characters show,"[""actor"",""plays"",""alongside"",""real"",""life"",""wife"",""husband"",""unrelated"",""characters"",""show""]","""actor"" OR ""plays"" OR ""alongside"" OR ""real"" OR ""life"" OR ""wife"" OR ""husband"" OR ""unrelated"" OR ""characters"" OR ""show""",8,71a33b14c236b9350202cbe3671fd25261708e5ed12a7ff8551f70c3313f36ca,334058954c4841707a48645e47cd97c6130254ee06241c789bb64f75a65a3407,False,"[""d11"",""d38"",""d39"",""d9"",""d40"",""d41"",""d42"",""d43""]","[""62963"",""80216"",""32179"",""17348"",""5054"",""89142"",""55772"",""27602""]","[{""docid"":""62963"",""score"":21.74553083696753,""snippet"":"" ... Actors who are siblings in real life are commonly cast to play siblings on television. After all, that's the best way to make it seem like the relationship is an authentic one. In the case of Jessica and Richard Harmon, though, the siblings actually play unrelated characters ... "",""title"":""https://screenrant.com/cw-stars-family/""},{""docid"":""80216"",""score"":19.494852370642278,""snippet"":"" ... Lives\"" alongside his real-life wife, Susan Seaforth Hayes — died on Jan. 12, a rep for the show told People.\n\n\""One of the longest-running characters on 'Days of our Lives,' Bill originated the role of 'Doug Williams' in 1970 and portrayed him continuously throughout his life,\"" the ... "",""title"":""https://pagesix.com/celebrity-news/celebrity-deaths-2024/""},{""docid"":""32179"",""score"":18.923851830755705,""snippet"":"" ... Dragnet - On \""The Roy Rogers Show,\"" what joyful duet did Roy and his wife Dale Evans sing as the end credits rolled?\n\nAnswer: Happy Trails - Desi Arnaz didn't just play Lucille Ball's husband in \""I Love Lucy,\"" but was also her real-life husband. In what ... "",""title"":""https://www.watercoolertrivia.com/trivia-questions/classic-tv-trivia-questions""},{""docid"":""17348"",""score"":18.803315730809135,""snippet"":"" ... Crowe will play the role of one of Kaczynski's Harvard professors, Henry Murray.\n\nRussell Crowe lands a featured role on Netflix's Unabom\n\nThe movie is based on real-life events, and Murray subjected Kaczynski to controversial psychological experiment, which likely led to his later-life actions ... "",""title"":""https://www.imdb.com/title/tt3758542/news/""},{""docid"":""5054"",""score"":18.305622183126477,""snippet"":"" ... Both actors were born on June 26. Plaza was born in 1984 and Offerman in 1970.\n\nSome cast members' real-life partners appeared on the show.\n\nPoehler's then-husband Will Arnett appeared on season two, episode 13 (\""The Set-Up\""), playing an eccentric MRI technician who goes ... "",""title"":""https://www.businessinsider.com/things-fun-facts-you-didnt-know-about-parks-and-recreation""},{""docid"":""89142"",""score"":18.301440849855656,""snippet"":"" ... possesses an inbuilt instinct for grasping characters at a level way beyond the surface\"". While working with her on Kaash, Mahesh Bhatt said Kapadia had been through so much in her private life she need not study method acting to play real women. Academic writers Madhu Kishwar and ... "",""title"":""https://en.wikipedia.org/wiki/Dimple_Kapadia""},{""docid"":""55772"",""score"":18.278202257068102,""snippet"":"" ... Pallina was played by acting student Giulietta Masina, who became his real life wife from October 30, 1943, until his death half a century later. The young Fellini loved vaudeville and was befriended in 1940 by leading comedian Aldo Fabrizi. Roberto Rossellini wanted Fabrizi to play Don Pietro ... "",""title"":""https://www.imdb.com/search/name/?birth_year=1920""},{""docid"":""27602"",""score"":17.975133150695555,""snippet"":"" ... a new life on the outside.\n\n27. The Hurricane\n\nDenzel Washington is one of our great living actors, and he's capable of portraying every kind of character under the sun with impressive energy and remarkable authenticity. In Norman Jewison's \""The Hurricane,\"" Washington plays Rubin Carter, a ... "",""title"":""https://www.looper.com/808989/best-prison-movies-of-all-time-ranked/""}]"
3,83,2026-09-15T08:23:21.439901+00:00,character married three times one surviving child long running series,"[""character"",""married"",""three"",""times"",""one"",""surviving"",""child"",""long"",""running"",""series""]","""character"" OR ""married"" OR ""three"" OR ""times"" OR ""one"" OR ""surviving"" OR ""child"" OR ""long"" OR ""running"" OR ""series""",8,771219074a1002f9fd3d24507a4439f17af4970bc69c420a9e2c0141d2e93334,55823347cff8b95d6dbeb888338a0465920f649ed026544bca8d098a5d96ea81,False,"[""d1"",""d2"",""d3"",""d7"",""d8"",""d4"",""d6"",""d44""]","[""71307"",""91648"",""78953"",""18321"",""22831"",""60248"",""93654"",""45828""]","[{""docid"":""71307"",""score"":12.890525610062047,""snippet"":"" ... Every woman who gets involved with Nate Romanowski - the series' resident badass - meets an untimely end.\n\n- The Cat Who... Series: Supporting character Iris Cobb was married three times, and all three of her husbands predeceased her — her first one (and the father of her only son) died of ... "",""title"":""https://tvtropes.org/pmwiki/pmwiki.php/Main/CartwrightCurse""},{""docid"":""91648"",""score"":12.605598594804759,""snippet"":"" ... Katie becomes pregnant just before Johnny dies and survives on her own until she agrees to marry Sergeant Michael McShane, a pipe-smoking local policeman-turned-politician.\n\nSissy Rommely is Katie's oldest sister and one of Francie's three aunts. Because of her parents' immigration and lack ... "",""title"":""https://en.wikipedia.org/wiki/A_Tree_Grows_in_Brooklyn_(novel)""},{""docid"":""78953"",""score"":12.55160699190457,""snippet"":"" ... According to the Las Vegas Sun, Pesci has been married three times. His most notable marriage was to actress-model Claudia Haro from 1988 to 1992. The couple welcomed a daughter named Tiffany in 1992.\n\nDaniel Stern as Marv Murchins\n\nDaniel Stern's character may not have succeeded ... "",""title"":""https://people.com/movies/home-alone-cast-where-are-they-now/""},{""docid"":""18321"",""score"":12.421275844711552,""snippet"":"" ... Jarndyce takes in Ada and her child, a boy whom she names Richard. Esther and Mr Woodcourt marry and live in a Yorkshire house which Jarndyce gives to them. The couple later raise two daughters.\n\nMany of the novel's subplots focus on minor characters. One such subplot ... "",""title"":""https://en.wikipedia.org/wiki/Bleak_House""},{""docid"":""22831"",""score"":12.412828307789812,""snippet"":"" ... Chicago, Illinois\n\nA variety of fictional characters appear in the American comedy-drama television series Shameless, created by Paul Abbott. First broadcast on Showtime on January 9, 2011, it is based on the British series of the same name, and features many of its characters.\n\nShameless is set ... "",""title"":""https://en.wikipedia.org/wiki/List_of_Shameless_(American_TV_series)_characters""},{""docid"":""60248"",""score"":12.394183355573208,""snippet"":"" ... Erica's youngest child, Bianca Montgomery, enters the series in 1988. At that time, Bianca is Erica's first and only child since the Kendall and Josh characters were not created yet. In the storyline, Erica becomes pregnant with Travis Montgomery's child and develops toxemia. The story ... "",""title"":""https://en.wikipedia.org/wiki/Erica_Kane""},{""docid"":""93654"",""score"":12.348959997997692,""snippet"":"" ... On December 13, 1944, tired of yet another failed romance, with a part-time actor named Harald Maresch, and pregnant with his child, Lupe committed suicide with an overdose of Seconal. She was only 36 years old.- Mildred Harris was born on 29 November 1901 in Cheyenne, Wyoming ... "",""title"":""https://m.imdb.com/search/name/?death_date=1944&ref_=nm_pdt_dth_yr""},{""docid"":""45828"",""score"":12.244402111949286,""snippet"":"" ... She has no voice within the narrative and is described only by her effect on the characters around her. In the series, the character of Irene is far more complex and the viewer is able to form a more personal relationship with the character and more readily sympathise ... "",""title"":""https://en.wikipedia.org/wiki/The_Forsyte_Saga_(2002_TV_series)""}]"
3,87,2026-09-15T08:23:23.240421+00:00,actor real life daughter son plays unrelated character same show,"[""actor"",""real"",""life"",""daughter"",""son"",""plays"",""unrelated"",""character"",""same"",""show""]","""actor"" OR ""real"" OR ""life"" OR ""daughter"" OR ""son"" OR ""plays"" OR ""unrelated"" OR ""character"" OR ""same"" OR ""show""",8,4f629807a2243b0ce8f6f8eff8d403649469981a11f828ac4e0eecdea14e0dc0,e5a9a744bec431b142baac343e99e96dbdb2b4812e49b015c2920175d22fdc52,False,"[""d15"",""d45"",""d46"",""d26"",""d47"",""d48"",""d38"",""d49""]","[""11078"",""29417"",""52483"",""11720"",""35680"",""35888"",""80216"",""98136""]","[{""docid"":""11078"",""score"":18.180328136676724,""snippet"":"" ... Fisher looks enough like Howard's real-life daughters Bryce Dallas Howard and Paige Carlyle Howard that it makes it look believable.\n\n- On the short-lived show Back to You, Laura Marano was very believable as Kelsey Grammer's daughter. However, the character was later recast with someone ... "",""title"":""https://tvtropes.org/pmwiki/pmwiki.php/Main/SeparatedAtBirthCasting""},{""docid"":""29417"",""score"":16.065445500590137,""snippet"":"" ... His home life is initially filled with his wife and three daughters (hence the \""last man\"" in the show's title), along with a grandson. His life later extends to the young men who are married to or dating his daughters.\n\nEpisodes\n\nCast and characters\n\nMain\n\n* Tim Allen ... "",""title"":""https://en.wikipedia.org/wiki/Last_Man_Standing_(American_TV_series)""},{""docid"":""52483"",""score"":15.945498084189614,""snippet"":"" ... and unobtrusive genius to this wonderfully funny and touching real-life tale of an Irish natterer (Judi Dench) and cynical reporter (Steve Coogan) who demolish red tape and challenge evil nuns to try to find her long-lost son. CS\n\nRead the review\n\n74\n\nA Prophet (2009)\n\nFrench ... "",""title"":""https://www.theguardian.com/film/2019/sep/13/100-best-films-movies-of-the-21st-century""},{""docid"":""11720"",""score"":15.917538635590743,""snippet"":"" ... Nala (wife)\nchildren: * Kopa (son, in the books), * Kiara (daughter), * Kion (son)\n\nSimba is a fictional character in Disney's The Lion King franchise. First appearing as a cub in The Lion King (1994), the character flees his homeland when his father, Mufasa, is murdered by his treacherous ... "",""title"":""https://en.wikipedia.org/wiki/Simba""},{""docid"":""35680"",""score"":15.51034961448136,""snippet"":"" ... were used in season 1 to pass off as fellow Premier League ground Goodison Park when AFC Richmond played away at Everton. Wembley Stadium was used in season 2 to portray the FA Cup semi-final with Manchester City.\n\nThe show incorporates many real-life members of the ... "",""title"":""https://en.wikipedia.org/wiki/Ted_Lasso""},{""docid"":""35888"",""score"":15.490134810005687,""snippet"":"" ... On top of that, he's very over-the-top and cheesy, and as such, the actors have parodied that character in the comedy portions of later entries in the series. The actor who played, him, though, has returned for the 3rd, 5th, 6th, and 8th entries, as ... "",""title"":""https://tvtropes.org/pmwiki/pmwiki.php/Main/PlotIrrelevantVillain""},{""docid"":""80216"",""score"":15.422122259161062,""snippet"":"" ... alongside his real-life wife, Susan Seaforth Hayes — died on Jan. 12, a rep for the show told People.\n\n\""One of the longest-running characters on 'Days of our Lives,' Bill originated the role of 'Doug Williams' in 1970 and portrayed him continuously throughout his life,\"" the spokesperson ... "",""title"":""https://pagesix.com/celebrity-news/celebrity-deaths-2024/""},{""docid"":""98136"",""score"":15.41080062299891,""snippet"":"" ... It's brought to life entirely by local non-actors speaking in the Bergamasque dialect.\n\nMost of the film is just vignettes of farm life: characters singing while shucking corn, attending mass, dealing with the fallout of sending a son to school instead of having him work, going ... "",""title"":""https://www.indiewire.com/feature/cannes-film-festival-palme-d-or-winners-movies-ranked-1202132111/""}]"
3,95,2026-09-15T08:23:24.374390+00:00,character married four times one child survives drama series,"[""character"",""married"",""four"",""times"",""one"",""child"",""survives"",""drama"",""series""]","""character"" OR ""married"" OR ""four"" OR ""times"" OR ""one"" OR ""child"" OR ""survives"" OR ""drama"" OR ""series""",8,f178f921ca2f949287a58ee1c68c3ad4f0056356501f7881f5dfabf310c59dd2,b2345763f7f13309af16a0dc019d6dbee77689a85389194a3d5596fcf2bc0591,False,"[""d50"",""d51"",""d52"",""d53"",""d54"",""d55"",""d56"",""d57""]","[""60134"",""3161"",""85765"",""41823"",""81882"",""4035"",""9215"",""3673""]","[{""docid"":""60134"",""score"":15.506189853198043,""snippet"":"" ... the second in a series of four collaborations, with the two previously appearing together on screen in Bright Angel (1990), for which Mulroney won the Jury Special Prize at the Torino International Festival of Young Cinema. Mulroney co-starred in the comedy-drama films: Staying Together (1989); The ... "",""title"":""https://en.wikipedia.org/wiki/Dermot_Mulroney""},{""docid"":""3161"",""score"":15.446353840961653,""snippet"":"" ... A two-time Emmy Award winner, he is especially remembered for two seminal roles: as the intense, often explosive Detective Frank Pembleton (signature character in the first six seasons of NBC's gritty drama Homicide: Life on the Street (1993)), and, in stark contrast, as droll, deadpan father ... "",""title"":""https://m.imdb.com/search/name/?death_date=2023&ref_=nmbio_dth_yr""},{""docid"":""85765"",""score"":15.368208369518818,""snippet"":"" ... Violent and uncompromising, the series changed the portrayal of police work on British television and was one of the defining dramas of the 1970s.\n\nFor Inspector Morse (1987), Thaw was yet again cast as a policeman, but this time a more cultured character than Regan. The leisurely-paced ... "",""title"":""https://www.imdb.com/search/name/?death_date=2002""},{""docid"":""41823"",""score"":15.282069674425168,""snippet"":"" ... a one night stand with Francis which sees her falling pregnant with his child. She marries Lord Julien Varga of Hungary to legitimise the child only to discover Julien is a fraud and has to abandon her after she helps him fake his own death. The drama never ... "",""title"":""https://thehistoricalnovel.com/2021/11/02/everything-wrong-with-reign-season-1/""},{""docid"":""81882"",""score"":15.24712242180771,""snippet"":"" ... He was married a total of seven times, and fathered eight children.\n\nAfter long battles with ill health, Richard Pryor passed away on December 10th, 2005.- Vincent Schiavelli, selected in 1997 by Vanity Fair as one of the best character actors in America, had made over 120 film ... "",""title"":""https://m.imdb.com/search/name/?death_date=2005&ref_=nmbio""},{""docid"":""4035"",""score"":15.19138128630146,""snippet"":"" ... and four ALMA Awards for her performances in the television movie Contagious (1997), the films Tortilla Soup (2001) and Rush Hour (1998), and her regular role on the Latino drama series Resurrection Blvd. (2000).\n\nInto the millennium, Elizabeth found steady employment on television with guest roles on Boston ... "",""title"":""https://www.imdb.com/search/name/?death_date=2014""},{""docid"":""9215"",""score"":15.190916063864547,""snippet"":"" ... And though the prospect of a spin-off centered on Duff's Younger character Kelsey is exciting, O.G. fans really couldn't wait to see her return as Lizzie, though, in a reboot planned for Disney+. Unfortunately, the revival of the beloved series was shelved.\n\nShe has ... "",""title"":""https://www.eonline.com/photos/9198/child-stars-who-turned-out-all-right""},{""docid"":""3673"",""score"":15.16969859888177,""snippet"":"" ... Hardy featured in the BBC Four adaptation of the 1960s science fiction series A for Andromeda.\n\nIn 2007, he appeared in BBC Two's drama based on a true story, Stuart: A Life Backwards. He played the lead role of Stuart Shorter, a homeless man who had been ... "",""title"":""https://en.wikipedia.org/wiki/Tom_Hardy""}]"
4,114,2026-09-15T08:23:30.886433+00:00,character married three times only one child alive series actor real life relative,"[""character"",""married"",""three"",""times"",""only"",""one"",""child"",""alive"",""series"",""actor"",""real"",""life"",""relative""]","""character"" OR ""married"" OR ""three"" OR ""times"" OR ""only"" OR ""one"" OR ""child"" OR ""alive"" OR ""series"" OR ""actor"" OR ""real"" OR ""life"" OR ""relative""",8,2fc9bfa4f550622fe4d2da0dc45f4e3bb1daed36d2944ba1dafaa12c757b4cac,0fe6ed56f86d0315fbab7de0b2cbc6e6c84e7090bfa8715703b35c005a6261ae,False,"[""d58"",""d59"",""d60"",""d61"",""d4"",""d62"",""d63"",""d64""]","[""3946"",""88468"",""48538"",""99748"",""60248"",""44082"",""97320"",""56949""]","[{""docid"":""3946"",""score"":18.551172830686735,""snippet"":"" ... 1958–2011\nrelatives: Hal Hopper (uncle)\nspouse: | | }}\n\nJay Waverly North Jr. (August 3, 1951 – April 6, 2025) was an American actor. His career as a child actor began in the late 1950s, and he went on to appear in eight TV series, two variety shows and three feature ... "",""title"":""https://en.wikipedia.org/wiki/Jay_North""},{""docid"":""88468"",""score"":18.379870224057633,""snippet"":"" ... The adaptation changes a character's age.\n\n- Age Them Down, Cast Their Kid: When a Real-Life Relative is recruited as a Time-Shifted Actor, to play a younger version of their older relative's character (parent-child relationships are the most common, but the trope also applies ... "",""title"":""https://tvtropes.org/pmwiki/pmwiki.php/Main/CharactersAndCasting""},{""docid"":""48538"",""score"":18.361631670148856,""snippet"":"" ... on May 4, 2001. The story of their strange marriage, the child it produced and its violent end was a Hollywood tragedy played out in court.\n\nOnce hailed as among the finest actors of his generation, Blake became better known as the center of a real-life murder ... "",""title"":""https://www.pbs.org/newshour/arts/robert-blake-actor-acquitted-in-wifes-killing-dies-at-89""},{""docid"":""99748"",""score"":18.210446248161915,""snippet"":"" ... Landon sang on television, on the Dean Martin Show, Hullabaloo, and other venues, and also sang live on stage at theatrical venues (sometimes with a holster and gun strapped to his hip). \n\nPersonal life\n\nLandon was married three times and was a father to nine children (three of ... "",""title"":""https://en.wikipedia.org/wiki/Michael_Landon""},{""docid"":""60248"",""score"":17.81270254599235,""snippet"":"" ... Erica's youngest child, Bianca Montgomery, enters the series in 1988. At that time, Bianca is Erica's first and only child since the Kendall and Josh characters were not created yet. In the storyline, Erica becomes pregnant with Travis Montgomery's child and develops toxemia. The story ... "",""title"":""https://en.wikipedia.org/wiki/Erica_Kane""},{""docid"":""44082"",""score"":17.767327998380992,""snippet"":"" ... Between 1984 and 1997, he also performed voiceovers in a series of television commercials for the Toyota Pickup.\n\nPersonal life\n\nWallach was married to actress Anne Jackson, with whom he frequently shared the screen, from March 5, 1948, until his death on June 24, 2014. They had three ... "",""title"":""https://en.wikipedia.org/wiki/Eli_Wallach""},{""docid"":""97320"",""score"":17.501963046531884,""snippet"":"" ... Grammer received award recognitions for portraying this character on these two shows, in addition to a 1992 one-time appearance on Wings. For his portrayal on Cheers, Grammer was nominated twice for Outstanding Supporting Actor in a Comedy Series but did not win in that category. For portraying ... "",""title"":""https://en.wikipedia.org/wiki/Frasier_Crane""},{""docid"":""56949"",""score"":17.475806692568494,""snippet"":"" ... Early life\n\nKurt Vogel Russell was born on March 17, 1951, at Wesson Maternity Hospital in Springfield, Massachusetts. His father, Bing Russell, was also an actor. His mother, Louise Julia () Russell, is a dancer. Russell is of English, Irish, German, and Scottish ancestry. He has three sisters, Jill ... "",""title"":""https://en.wikipedia.org/wiki/Kurt_Russell""}]"
4,124,2026-09-15T08:23:32.459478+00:00,actor plays with real life sibling parent child unrelated characters drama,"[""actor"",""plays"",""with"",""real"",""life"",""sibling"",""parent"",""child"",""unrelated"",""characters"",""drama""]","""actor"" OR ""plays"" OR ""with"" OR ""real"" OR ""life"" OR ""sibling"" OR ""parent"" OR ""child"" OR ""unrelated"" OR ""characters"" OR ""drama""",8,39c5de3da4e84b26daee0df0b2edce93276b216ec1d144494689437c4869241c,6505bf6cd7826ca6c03597a47f47a6be42f379744b2e06f6f5d656e432911293,False,"[""d65"",""d66"",""d15"",""d46"",""d67"",""d68"",""d11"",""d29""]","[""56024"",""14857"",""11078"",""52483"",""73997"",""37766"",""62963"",""42460""]","[{""docid"":""56024"",""score"":22.81180608766442,""snippet"":"" ... year old detective Veronica, which put her alongside actors Enrico Colantoni who played her father, Jason Dohring, Percy Daggs III and Ryan Hansen. Bell noted the parallels between the character of Veronica and her own life — Bell's parents had divorced and her best friend had also died ... "",""title"":""https://unionfilms.org/films/people/kristen-bell.html""},{""docid"":""14857"",""score"":22.540034427047054,""snippet"":"" ... The show focused on all the F's (feelings, family, friendship, the unknowable future, the futility of life, and yes, football), tackling real problems like gun violence, overzealous parents, racism, and lack of public school funding. The cast was stacked with capable young actors who pulled their weight ... "",""title"":""https://www.rd.com/list/teen-tv-shows/""},{""docid"":""11078"",""score"":22.20463087392363,""snippet"":"" ... and Helen Slater play teenage siblings. With their blond hair, grey-blue eyes, peaches-and-cream complexions, and identical last names, coupled with the fact that both actors were relative unknowns at the time, it was unsurprising when many moviegoers assumed they were real-life brother-and-sister ... "",""title"":""https://tvtropes.org/pmwiki/pmwiki.php/Main/SeparatedAtBirthCasting""},{""docid"":""52483"",""score"":21.965994260105834,""snippet"":"" ... Arquette and Ethan Hawke as his parents – Boyhood provides its audience with an intimacy and an investment like no other. This is cinema as gentle revolution. CS\n\nRead the review\n\n2\n\n12 Years a Slave (2013)\n\nSteve McQueen's real-life story of Solomon Northup, a free man ... "",""title"":""https://www.theguardian.com/film/2019/sep/13/100-best-films-movies-of-the-21st-century""},{""docid"":""73997"",""score"":21.63906524675008,""snippet"":"" ... won wide acclaim playing the impetuous COO Roman Roy on the HBO series \""Succession.\"" The role earned him an Emmy for outstanding lead actor in a drama series.\n\nHe followed his \""Succession\"" success with an Oscar-winning performance in the 2024 film \""A Real Pain.\"" Kieran Culkin won ... "",""title"":""https://www.today.com/popculture/macaulay-culkin-siblings-rcna117446""},{""docid"":""37766"",""score"":21.25363421634347,""snippet"":"" ... Milano played Phoebe, the youngest of the trio with psychic abilities. Alongside the middle child, Piper (portrayed by Holly Marie Combs), viewers were able to experience the magical bond between the sisters and how they overcame supernatural obstacles.\n\nAn Unexpected Firing\n\nIt's no secret that siblings often ... "",""title"":""https://movieweb.com/actor-feuds-in-hollywood/""},{""docid"":""62963"",""score"":20.966366778746522,""snippet"":"" ... Actors who are siblings in real life are commonly cast to play siblings on television. After all, that's the best way to make it seem like the relationship is an authentic one. In the case of Jessica and Richard Harmon, though, the siblings actually play unrelated characters ... "",""title"":""https://screenrant.com/cw-stars-family/""},{""docid"":""42460"",""score"":20.82006766662056,""snippet"":"" ... Her mother is of Polish descent, and her father has German, Scottish, and Irish ancestry.Stated on The Tonight Show with Jay Leno, September 18, 2008 Her parents divorced when she was 6 months old; both have remarried and Bell has 6 siblings: two half-sisters from her ... "",""title"":""https://en.wikipedia.org/wiki/Kristen_Bell""}]"
4,131,2026-09-15T08:23:34.068409+00:00,character widowed multiple times one surviving child television series,"[""character"",""widowed"",""multiple"",""times"",""one"",""surviving"",""child"",""television"",""series""]","""character"" OR ""widowed"" OR ""multiple"" OR ""times"" OR ""one"" OR ""surviving"" OR ""child"" OR ""television"" OR ""series""",8,445d1f0f009e0f46c60896a0c4b72bc244a9232ce609a212d18862db3dd1f6e4,ec8f35570f5abe97891a7444688700ea8132201e61d386fa157828f3bec8a585,False,"[""d69"",""d70"",""d71"",""d72"",""d73"",""d74"",""d75"",""d76""]","[""17757"",""31217"",""73522"",""79543"",""59979"",""53008"",""79346"",""59128""]","[{""docid"":""17757"",""score"":16.092659372512742,""snippet"":"" ... Ball informed the network that she would not continue on with her weekly series, \""Here's Lucy.\"" The actress ended one of the longest prime‐time runs in television history.\n\n1975: Lieutenant Colonel Henry Blake dies on 'M*A*S*H'\n\nIn the Season 3 finale, Lt. Colonel ... "",""title"":""https://stacker.com/stories/tv/sitcom-history-year-you-were-born""},{""docid"":""31217"",""score"":15.600759438615148,""snippet"":"" ... Ricky also teaches him about his Cuban heritage, which was groundbreaking television for the time, and encourages Little Ricky's talent for playing drums, even allowing him to play alongside his band.\n\n-\n\n31. This Is Us\n\nMilo Ventimiglia as Jack Pearson\n\nJack is devastated when one of his ... "",""title"":""https://www.goldderby.com/gallery/best-tv-fathers-greatest-dads-ranked/""},{""docid"":""73522"",""score"":15.531469418212529,""snippet"":"" ... box office, making it one of the highest-grossing feature docs of all time in the U.K.\n\nSimon launched Lightbox in 2014 with his Los Angeles-based cousin, Emmy-winning producer Jonathan Chinn. Focused on producing high-end nonfiction, including series, feature documentaries and shorts, for multiple ... "",""title"":""https://films.nationalgeographic.com/torn""},{""docid"":""79543"",""score"":15.434621701332603,""snippet"":"" ... Six Suspects is a complex whodunnit (loosely based on a real-life murder) set in contemporary India that is more about the character of the suspects than it is about the plot. The novel is also the basis for a 9 episode streaming television series called The Great ... "",""title"":""https://www.gonewiththefamily.com/2023/08/books-set-in-india.html""},{""docid"":""59979"",""score"":15.385906764665874,""snippet"":"" ... that results in a violent retaliation from whites. |\n| The Book of Negroes | 2015 | A Canadian television series based on the book of the same name. |\n| Boy Slaves | 1939 | An exposé of child labor. Children entrapped in peonage strike for better food, try to alert the government, but fail ... "",""title"":""https://en.wikipedia.org/wiki/List_of_films_featuring_slavery""},{""docid"":""53008"",""score"":15.269876018806906,""snippet"":"" ... time on the series, Nichols made history and inspired other black actors to join the series in future seasons and iterations. In the episode \""Plato's Stepchildren\"" Nichols and Kirk's characters kissed, while under mind control, marking the first interracial kiss lip-to-lip on American television ... "",""title"":""https://www.etonline.com/gallery/stars-weve-lost-in-2022-177426""},{""docid"":""79346"",""score"":15.211219059109046,""snippet"":"" ... Television\n\n* MGM Television has produced a television series based on the novel for Hulu, starring Elisabeth Moss as Offred. The first three episodes were released on 26 April 2017, with subsequent episodes following on a weekly basis. Margaret Atwood served as consulting producer. The series won eight Primetime ... "",""title"":""https://en.wikipedia.org/wiki/The_Handmaid%27s_Tale""},{""docid"":""59128"",""score"":15.19489240049787,""snippet"":"" ... No one could have envisioned that the characters introduced on \""Perfect Strangers\"" would center a series that survived for nine seasons, becoming at the time in the 1990s the second-longest-running live action American sitcom with a predominantly African American cast (behind only \""The Jeffersons,\"" which ran ... "",""title"":""https://www.goldderby.com/gallery/best-tv-spinoffs-ranked/""}]"
5,150,2026-09-15T08:23:40.845515+00:00,actor real life mother daughter plays unrelated characters same series,"[""actor"",""real"",""life"",""mother"",""daughter"",""plays"",""unrelated"",""characters"",""same"",""series""]","""actor"" OR ""real"" OR ""life"" OR ""mother"" OR ""daughter"" OR ""plays"" OR ""unrelated"" OR ""characters"" OR ""same"" OR ""series""",8,dc049c83c27b9cbb415979de0079c619f2f1dd4468674f11d824be849990e6a5,f7958b3ba5722704d4d60625d28c36d4ff427ba7b95cee94928569f2bee1b849,False,"[""d15"",""d65"",""d45"",""d48"",""d77"",""d47"",""d26"",""d78""]","[""11078"",""56024"",""29417"",""35888"",""53770"",""35680"",""11720"",""62928""]","[{""docid"":""11078"",""score"":19.15171412927977,""snippet"":"" ... Chloe Bennet, who's mixed-race in real life, really does look like she could be the daughter of Lachmann and Kyle MacLachlan.\n\n- Adam Faison, the Time-Shifted Actor who played a young version of Agent Jasper Sitwell in one episode of Season 5, not only bears a ... "",""title"":""https://tvtropes.org/pmwiki/pmwiki.php/Main/SeparatedAtBirthCasting""},{""docid"":""56024"",""score"":17.57319360849925,""snippet"":"" ... Created by Rob Thomas, the series starred Bell as the seventeen year old detective Veronica, which put her alongside actors Enrico Colantoni who played her father, Jason Dohring, Percy Daggs III and Ryan Hansen. Bell noted the parallels between the character of Veronica and her own life — Bell ... "",""title"":""https://unionfilms.org/films/people/kristen-bell.html""},{""docid"":""29417"",""score"":17.121951611594397,""snippet"":"" ... His home life is initially filled with his wife and three daughters (hence the \""last man\"" in the show's title), along with a grandson. His life later extends to the young men who are married to or dating his daughters.\n\nEpisodes\n\nCast and characters\n\nMain\n\n* Tim Allen ... "",""title"":""https://en.wikipedia.org/wiki/Last_Man_Standing_(American_TV_series)""},{""docid"":""35888"",""score"":17.091358084176562,""snippet"":"" ... On top of that, he's very over-the-top and cheesy, and as such, the actors have parodied that character in the comedy portions of later entries in the series. The actor who played, him, though, has returned for the 3rd, 5th, 6th, and 8th entries, as ... "",""title"":""https://tvtropes.org/pmwiki/pmwiki.php/Main/PlotIrrelevantVillain""},{""docid"":""53770"",""score"":16.94564918704474,""snippet"":"" ... Any family relation is played by the same actor.\n\n- You Look Familiar: One actor plays two unrelated characters, within the same series, but (usually) different episodes.\n\nExamples:\n\nFor works that have their own pages:\n\n- Anime\n\n- Video Games\n\n- Western Animation\n\n- Futari wa Pretty Cure Splash★Star:\n\n- Yuriko Fuchizaki plays ... "",""title"":""https://tvtropes.org/pmwiki/pmwiki.php/Main/ActingForTwo""},{""docid"":""35680"",""score"":16.881905875682488,""snippet"":"" ... who are a semi-professional club playing in England's seventh level of competitive football, whereas Nelson Road, the home stadium of Richmond, is actually Selhurst Park, a real-life Premier League stadium used by London club Crystal Palace F.C. Exterior shots of Craven Cottage, the home ... "",""title"":""https://en.wikipedia.org/wiki/Ted_Lasso""},{""docid"":""11720"",""score"":16.858200531897918,""snippet"":"" ... The character was also featured as guest on the animated series House of Mouse, as well as its spin-off film Mickey's Magical Christmas: Snowed in at the House of Mouse.\n\nActors Scott Irby-Ranniar and Jason Raize played young and adult Simba, respectively, in the original ... "",""title"":""https://en.wikipedia.org/wiki/Simba""},{""docid"":""62928"",""score"":16.739398344954843,""snippet"":"" ... who watched her father throw a plate of food at her mother as a child). Collins's final novel was The Santangelos (2015), a conclusion to the Santangelo series she had begun with Chances (1981).\n\nPersonal life\n\nCollins held dual citizenship: British (by birth) and U.S. (by ... "",""title"":""https://en.wikipedia.org/wiki/Jackie_Collins""}]"
5,155,2026-09-15T08:23:56.521440+00:00,character married three times one child survives Grey's Anatomy,"[""character"",""married"",""three"",""times"",""one"",""child"",""survives"",""grey"",""s"",""anatomy""]","""character"" OR ""married"" OR ""three"" OR ""times"" OR ""one"" OR ""child"" OR ""survives"" OR ""grey"" OR ""s"" OR ""anatomy""",8,ad6317d69c09ccf6fe45f6198df568c4b9a5c53c7ae9bd98e6b518ea3f40d92d,aa1079f99342f933b4e5c2fd5e42104a3cdf66a3b64e593858ba288fefcd8db1,False,"[""d20"",""d79"",""d80"",""d81"",""d82"",""d83"",""d84"",""d85""]","[""61137"",""68225"",""32709"",""93432"",""3878"",""23887"",""15009"",""7740""]","[{""docid"":""61137"",""score"":19.989495647416884,""snippet"":"" ... ABC's medical drama Grey's Anatomy is embarking on its 20th season, and the animated series Family Guy was renewed for its 23rd, appearing on Fox since 1999.\n\nThere's no exact formula for television longevity. Still, sticking around for decades means a show can reach millions ... "",""title"":""https://www.bbc.com/culture/article/20240318-longest-running-tv-shows-programmes-series-ever""},{""docid"":""68225"",""score"":19.891384222650007,""snippet"":"" ... All the Times Meredith Grey Almost Died (or Suffered Another Trauma)\nauthor: Dan Clarendon\ndate: 2020-12-24\n---\nAll the Times Meredith Grey Almost Died (or Suffered Another Trauma)\n\nWe know there'd be no Grey's Anatomy without Meredith Grey … especially because creator Shonda Rhimes has said ... "",""title"":""https://www.tvinsider.com/979458/greys-anatomy-meredith-covid-near-death-traumas/""},{""docid"":""32709"",""score"":18.93039343078219,""snippet"":"" ... The incarnation was short-lived, with the block ending for the third time on September 27, 2019.\n\nHistory\n\nABC Friday-night legacy: 1950s to 1970s\n\nFamily-friendly comedies, which featured families with children as major characters, were a staple of ABC's programming dating back to the network ... "",""title"":""https://en.wikipedia.org/wiki/TGIF_(TV_programming_block)""},{""docid"":""93432"",""score"":18.54245442929635,""snippet"":"" ... As the characters and universe of The Walking Dead live on in the new series, it's unlikely that the original show will be forgotten anytime soon.\n\n|\n\nTItle |\n\nRotten Tomatoes Critic Score |\n\nRotten Tomatoes Audience Score |\n\n|\n\nThe Walking Dead (2010–2022) |\n\n79% |\n\n78% |\n\n3 Grey's Anatomy (2005 ... "",""title"":""https://screenrant.com/tv-shows-ruled-world-airing-list/""},{""docid"":""3878"",""score"":18.53081962161172,""snippet"":"" ... MIKE HALE\n\nStream on Amazon.\n\n2005-present\n\nGrey's Anatomy\n\nBecause we all need our \""person.\""\n\nMore tears have been shed over \""Grey's Anatomy\"" than any other prime time drama. It's been on longer than almost anything else, and it's also embraced tragedy, plucked heartstrings ... "",""title"":""https://www.nytimes.com/interactive/2019/arts/television/best-drama-series.html""},{""docid"":""23887"",""score"":18.326476700363784,""snippet"":"" ... They married in 2014 and now share two children.\n\nPatrick Dempsey and Jillian Fink\n\nThe Grey's Anatomy star found his match at Fink's salon, Delux, in 1994. When the hairstylist noticed there was an appointment under the name \""Patrick Dempsey,\"" she wrote it off as a ... "",""title"":""https://www.vogue.com/article/celebrities-married-to-normal-people""},{""docid"":""15009"",""score"":18.292036046528413,""snippet"":"" ... Grey's Anatomy (2005–14)\n\nFrom 2005 to 2014, Oh played Dr. Cristina Yang in the ABC medical drama series Grey's Anatomy. Oh's portrayal of the pragmatic, ambitious Yang earned her five Primetime Emmy nominations for Best Supporting Actress in a Drama Series. She was one ... "",""title"":""https://www.thecanadianencyclopedia.ca/en/article/sandra-oh""},{""docid"":""7740"",""score"":18.268376317404915,""snippet"":"" ... As with Grey's Anatomy and The Good Wife, the characters' relationships are just as important as their jobs.\n\n'Extraordinary Attorney Woo' (2022)\n\nWoo Young-woo (played by Park Eun-bin) is a young law prodigy, who graduated from the best school at the top of her class ... "",""title"":""https://www.marieclaire.com/culture/a26895105/best-korean-dramas/""}]"
5,165,2026-09-15T08:24:06.064156+00:00,character married three times one child survives NCIS,"[""character"",""married"",""three"",""times"",""one"",""child"",""survives"",""ncis""]","""character"" OR ""married"" OR ""three"" OR ""times"" OR ""one"" OR ""child"" OR ""survives"" OR ""ncis""",8,e24ec5954161ec6e876c95a70b45ad8b5838bec9e224e4233d6657a8b59293cf,4e00ae0bed871898ffb16b7c37031afa5b80cc0a63f4b9527d6cb6bf01f3f790,False,"[""d86"",""d87"",""d1"",""d88"",""d89"",""d90"",""d76"",""d91""]","[""70009"",""21478"",""71307"",""46386"",""36768"",""75080"",""59128"",""78739""]","[{""docid"":""70009"",""score"":20.4763152877425,""snippet"":"" ... He joined NIS, which later became NCIS, after his wife Shannon and only daughter Kelly were murdered in 1991. He later travelled to Mexico and murdered the drug dealer responsible, a crime he kept concealed for twenty years. Since then, he has been married and divorced three times ... "",""title"":""https://en.wikipedia.org/wiki/List_of_NCIS_characters""},{""docid"":""21478"",""score"":18.41743752882975,""snippet"":"" ... Gibbs in the CBS drama NCIS, a role which has earned him six nominations at the People's Choice Awards including a win for Favorite TV Crime Drama Actor in 2017. During his time on the show, he was reunited with three of his former Chicago Hope co ... "",""title"":""https://en.wikipedia.org/wiki/Mark_Harmon""},{""docid"":""71307"",""score"":16.26025834168083,""snippet"":"" ... Supporting character Iris Cobb was married three times, and all three of her husbands predeceased her — her first one (and the father of her only son) died of food poisoning, C. C. Cobb was murdered in the book where he and Iris were introduced, and Herb Hackpole died ... "",""title"":""https://tvtropes.org/pmwiki/pmwiki.php/Main/CartwrightCurse""},{""docid"":""46386"",""score"":16.139107272581963,""snippet"":"" ... 122 days\n\nBefore Cooper's star had really been born, he married the NCIS star in a low-key ceremony in the South of France in December 2006. On May 1, 2007, Esposito filed for divorce, citing irreconcilable differences; in a statement of his own, Cooper's rep ... "",""title"":""https://www.brides.com/gallery/shortest-marriages-celebrity-history""},{""docid"":""36768"",""score"":15.971050728320506,""snippet"":"" ... in that child. Genetic changes can include broken, missing, rearranged, or extra chromosomes as well as gene variants. One such alteration is trisomy 21, or the presence of an extra copy of chromosome 21, which causes Down syndrome. Children with Down syndrome are 10–20 times more likely ... "",""title"":""https://www.cancer.gov/types/childhood-cancers/child-adolescent-cancers-fact-sheet""},{""docid"":""75080"",""score"":15.866042927144683,""snippet"":"" ... Amelia Heinle Amelia Heinle has been married to her former Y&R costar Thad Luckinbill , aka J.T. Hellstrom, since 2007. They have two children together, son Thaddeus and daughter Georgia.\n\nThe actress, who plays Victoria Newman on the soap, was previously married to NCIS alum Michael Weatherly ... "",""title"":""https://www.swooon.com/gallery/young-and-the-restless-stars-real-life-relationships-couples-dating-history/""},{""docid"":""59128"",""score"":15.858920293332929,""snippet"":"" ... No one could have envisioned that the characters introduced on \""Perfect Strangers\"" would center a series that survived for nine seasons, becoming at the time in the 1990s the second-longest-running live action American sitcom with a predominantly African American cast (behind only \""The Jeffersons,\"" which ran ... "",""title"":""https://www.goldderby.com/gallery/best-tv-spinoffs-ranked/""},{""docid"":""78739"",""score"":15.734309790810382,""snippet"":"" ... on Three's Company & the one season spin-off, Three's A Crowd, as well as having watched Hearts Afire and I'd spent years watching Benjamin as Hal Munson on ATWT.\n\n\""…nor does it include actors whose characters weren't on the show at the time of ... "",""title"":""https://tvline.com/lists/how-tv-shows-handled-death-of-an-actor/""}]"
6,182,2026-09-15T08:24:12.263042+00:00,actor plays alongside real life son daughter unrelated characters series married three times,"[""actor"",""plays"",""alongside"",""real"",""life"",""son"",""daughter"",""unrelated"",""characters"",""series"",""married"",""three"",""times""]","""actor"" OR ""plays"" OR ""alongside"" OR ""real"" OR ""life"" OR ""son"" OR ""daughter"" OR ""unrelated"" OR ""characters"" OR ""series"" OR ""married"" OR ""three"" OR ""times""",8,5e5385ccfe10c2d512a68a177287206c4f56ac7549a3d7c92c0f268cda6e71d3,6d58317906829fdcf02c57c17b8f62d0fc9c27c506a0d1346fcca4e44bc63d60,False,"[""d41"",""d38"",""d42"",""d14"",""d3"",""d11"",""d54"",""d92""]","[""89142"",""80216"",""55772"",""78415"",""78953"",""62963"",""81882"",""13531""]","[{""docid"":""89142"",""score"":22.035162298451485,""snippet"":"" ... into a leading character actor with this film. For her performance, Kapadia received her fourth Filmfare Award, this time in the Best Supporting Actress category. A controversy arose in December 1993 when Kapadia walked out of Raj Kanwar's Kartavya, in which she played Divya Bharti's mother ... "",""title"":""https://en.wikipedia.org/wiki/Dimple_Kapadia""},{""docid"":""80216"",""score"":22.02935227922674,""snippet"":"" ... Ron Ely\n\nActor Ron Ely, best known for his role on the TV series \""Tarzan,\"" died on Sept. 29.\n\nHe passed away in a home near Santa Barbara, Calif. that belonged to one of his daughters, according to The New York Times.\n\nHe was 86.\n\nMichael Kelcourse\n\nMichael ... "",""title"":""https://pagesix.com/celebrity-news/celebrity-deaths-2024/""},{""docid"":""55772"",""score"":21.677806959430228,""snippet"":"" ... He became a reliable character actor (often in Westerns in which he often played the villain), but hit the big time when he was offered the role of the somewhat irascible Dr. Leonard \""Bones\"" McCoy on the television series Star Trek (1966). He later reprised his role for ... "",""title"":""https://www.imdb.com/search/name/?birth_year=1920""},{""docid"":""78415"",""score"":20.988496925228308,""snippet"":"" ... Olyphant plays one of several real-life characters in Once Upon a Time in Hollywood, as Jim Stacy, star of the little-known Western series Lancer, which Dalton guest stars on. The film is a surprisingly touching love letter to this era in television and moviemaking while also ... "",""title"":""https://screenrant.com/timothy-olyphant-best-movies-tv-shows/""},{""docid"":""78953"",""score"":20.919581868684862,""snippet"":"" ... According to the Las Vegas Sun, Pesci has been married three times. His most notable marriage was to actress-model Claudia Haro from 1988 to 1992. The couple welcomed a daughter named Tiffany in 1992.\n\nDaniel Stern as Marv Murchins\n\nDaniel Stern's character may not have succeeded ... "",""title"":""https://people.com/movies/home-alone-cast-where-are-they-now/""},{""docid"":""62963"",""score"":20.909600229360727,""snippet"":"" ... Actors who are siblings in real life are commonly cast to play siblings on television. After all, that's the best way to make it seem like the relationship is an authentic one. In the case of Jessica and Richard Harmon, though, the siblings actually play unrelated characters ... "",""title"":""https://screenrant.com/cw-stars-family/""},{""docid"":""81882"",""score"":20.68377215657491,""snippet"":"" ... He made his first appearance with Gene Wilder in the very popular action/comedy Silver Streak (1976), played three different characters in Which Way Is Up? (1977) and portrayed real-life stock-car driver \""Wendell Scott\"" in Greased Lightning (1977). Proving he was more than just a comedian ... "",""title"":""https://m.imdb.com/search/name/?death_date=2005&ref_=nmbio""},{""docid"":""13531"",""score"":20.62965315365733,""snippet"":"" ... Also in the line was Alan and their son Ryan, and Midge's parents though they were not given real names. In 2013, she was brought back in the Barbie: Life in the Dreamhouse web series where she undergoes a makeover to look more modern, though the character ... "",""title"":""https://en.wikipedia.org/wiki/List_of_Barbie%27s_friends_and_family""}]"
6,186,2026-09-15T08:24:13.462653+00:00,character married three times one child survives telenovela actor real life relative,"[""character"",""married"",""three"",""times"",""one"",""child"",""survives"",""telenovela"",""actor"",""real"",""life"",""relative""]","""character"" OR ""married"" OR ""three"" OR ""times"" OR ""one"" OR ""child"" OR ""survives"" OR ""telenovela"" OR ""actor"" OR ""real"" OR ""life"" OR ""relative""",8,a983657f8bd9e0e46a44d87e7c3e448f0131ada39c11423079c2ffede3ba452a,2af887a40a5ee8c4e9f05aa242292486e4940bcd904c680140cdd9967f8115d1,False,"[""d30"",""d37"",""d34"",""d32"",""d93"",""d94"",""d95"",""d96""]","[""5705"",""36741"",""99719"",""91243"",""15325"",""36986"",""79913"",""83860""]","[{""docid"":""5705"",""score"":23.22008021879749,""snippet"":"" ... She then moved on to The Object of My Affection (1998) and then spent time on Another World (1964) as \""Rain Wolfe\"", a child found in the park, and fostered by Josie and Gary. Sarah would go on to work with Amy Carlson (\""Josie\"" on AW) several more ... "",""title"":""https://www.imdb.com/search/name/?birth_date=1990-01-01,1990-12-31&gender=female""},{""docid"":""36741"",""score"":21.867119406400217,""snippet"":"" ... Erika Slezak played Victoria Lord #3 on One Life to Live from 1971 until the show ended its network television run on ABC on January 13, 2012, and resumed the role in its short-lived online revival on April 29, 2013.\n\nOther actors have played several characters on ... "",""title"":""https://en.wikipedia.org/wiki/Soap_opera""},{""docid"":""99719"",""score"":21.823646181604932,""snippet"":"" ... He is an actor, known for 365 Days (2020), Subservience (2024) and Another Simple Favor (2025). He was previously married to Rouba Saadeh.- Actor\n\n- Additional Crew\n\n- Soundtrack\n\nLiam Hemsworth was born on January 13, 1990, in Melbourne, Australia, and is the younger brother of actors Chris Hemsworth and ... "",""title"":""https://www.imdb.com/search/name/?birth_year=1990""},{""docid"":""91243"",""score"":21.60649374957735,""snippet"":"" ... Based on the real-life family pop group the Cowsills, the series cast Jones as a widowed mother who finds herself on the top of the music charts, thanks to her children's band. Jones' real-life stepson David Cassidy also starred as the group's lead singer ... "",""title"":""https://tv.apple.com/us/person/shirley-jones/umc.cpc.3qho2ywpnntcts8jp4xj0qwft""},{""docid"":""15325"",""score"":21.410803799505118,""snippet"":"" ... Callie Torres on Grey's Anatomy, where she became one of the first openly LGBTQ+ characters on network television, earning critical acclaim and a Screen Actors Guild Award. But that's not all—Sara's also a Tony Award-winning actress for her performance in Spamalot on Broadway ... "",""title"":""https://www.superprof.com/blog/top-10-mexican-celebrities/""},{""docid"":""36986"",""score"":21.24461958729993,""snippet"":"" ... power of the novelas on the masses who, in a kind of collective trance, wept and chanted the names of the novela's characters. The actress Guy Loup fainted in view of such commotion. In reality, no other Brazilian actor [sic], in any time ever, had the honor ... "",""title"":""https://www.globalmediajournal.com/open-access/novelas-novelinhas-noveloesthe-evolution-of-the-telenovela-in-brazil.php?aid=35082""},{""docid"":""79913"",""score"":21.025526658194664,""snippet"":"" ... first main role in the telenovela American Heiress as Solomon Cortez and a recurring role as Officer Litchman in ER.\n\nFrom 2008 to 2010, Manganiello had a recurring role in One Tree Hill as the flirtatious bartender Owen Morello. Around the same time, he also guest starred in ... "",""title"":""https://www.nbc.com/nbc-insider/joe-manganiello-tv-show-movies-guest-roles-career""},{""docid"":""83860"",""score"":20.899902133252905,""snippet"":"" ... Lee Harrington (eds) The Survival of Soap Opera: Transformatio (...)\n\n3Obviously, the genre issue is much more complex. When one explores the literature on the emergence and development of other television serials around the world, like the \""soap opera\"", \""primetime TV drama\"", \""telenovela\"" or \""musalsal2,\"" they all point: (1 ... "",""title"":""https://journals.openedition.org/tvseries/2406""}]"
6,193,2026-09-15T08:24:14.843698+00:00,long running series actor real life child plays unrelated character height 1.68,"[""long"",""running"",""series"",""actor"",""real"",""life"",""child"",""plays"",""unrelated"",""character"",""height"",""1"",""68""]","""long"" OR ""running"" OR ""series"" OR ""actor"" OR ""real"" OR ""life"" OR ""child"" OR ""plays"" OR ""unrelated"" OR ""character"" OR ""height"" OR ""1"" OR ""68""",8,42ccc0e011327903decc160fb42b615239fde4bb1a246a81b4daa3f18ec25f8c,e7c252697c2da6e6523a797a87be64984a6a4ce3c1a1b499a7d3b16b02041a3d,False,"[""d46"",""d15"",""d97"",""d98"",""d99"",""d9"",""d14"",""d100""]","[""52483"",""11078"",""56895"",""32430"",""95355"",""17348"",""78415"",""32499""]","[{""docid"":""52483"",""score"":19.88996575234535,""snippet"":"" ... Kiarostami and his star Mania Akbari conjure knotty drama out of a series of conversations about marriage, family, religion and sex. AP\n\nRead the review\n\n75\n\nPhilomena (2013)\n\nStephen Frears brings tonal tact and unobtrusive genius to this wonderfully funny and touching real-life tale of an Irish ... "",""title"":""https://www.theguardian.com/film/2019/sep/13/100-best-films-movies-of-the-21st-century""},{""docid"":""11078"",""score"":18.372131285734948,""snippet"":"" ... of its main characters, Lena and Camille. One dies, but comes back to life 4 years later, when her sister is played by an unrelated actress who looks very similar, but older and taller.\n\n- Rizzoli & Isles: Sasha Alexander is 100% believable as the child of Sharon Lawrence and ... "",""title"":""https://tvtropes.org/pmwiki/pmwiki.php/Main/SeparatedAtBirthCasting""},{""docid"":""56895"",""score"":17.703776966235015,""snippet"":"" ... Lee Marvin\n\nKnown for playing no-nonsense, stone-faced, tough-guy characters in movies like \""The Dirty Dozen,\"" Lee Marvin portrayed cowboys, vigilantes, and military men on the screen. He had first-hand experience with the latter in real life. Marvin, who died in 1987, served in the ... "",""title"":""https://stacker.com/stories/celebrities/100-actors-who-served-military""},{""docid"":""32430"",""score"":17.137083808481595,""snippet"":"" ... It is one of the earliest films to contain homosexuality (and all LGBTQ+ themes) of any sort, although the theme of trying to cure a gay character is problematic.\n\n66. A Ruined Life (1912)\n\nOne of the great European directors to break into the height of the silent ... "",""title"":""https://www.filmsfatale.com/blog/2021/5/3/100-important-early-films""},{""docid"":""95355"",""score"":17.09734626320664,""snippet"":"" ... Jerry Stiller\n\nJerry Stiller, the character actor who comprised half of a beloved husband-and-wife comedy team with Anne Meara and went on to have an unlikely late-career run playing barking TV curmudgeons on Seinfeld and The King of Queens, died of natural causes, his son ... "",""title"":""https://ew.com/celebrity/stars-we-lost-2020-celebrity-deaths/?srsltid=AfmBOoqZbnM-UCimWB9Af4ebehXdCGYq13DuDnZX5rX0vm0bUILelAr3""},{""docid"":""17348"",""score"":16.899682768230793,""snippet"":"" ... Patrick Dempsey is returning to broadcast television as the lead star in Fox's new thriller series, Memory of a Killer. Dempsey is best known for playing Dr. Derek Shepherd, aka \""McDreamy,\"" in the early seasons of the long-running ABC series Grey's Anatomy until his departure ... "",""title"":""https://www.imdb.com/title/tt3758542/news/""},{""docid"":""78415"",""score"":16.73115221356694,""snippet"":"" ... Olyphant plays one of several real-life characters in Once Upon a Time in Hollywood, as Jim Stacy, star of the little-known Western series Lancer, which Dalton guest stars on. The film is a surprisingly touching love letter to this era in television and moviemaking while also ... "",""title"":""https://screenrant.com/timothy-olyphant-best-movies-tv-shows/""},{""docid"":""32499"",""score"":16.661272962970845,""snippet"":"" ... Few actors can say they're the face of an entire franchise, but Wood can.\n\nKen Jeong, Height: 5'5\""\n\nView this post on Instagram\n\nKen Jeong is a comedic actor who became famous in the NBC show Community and The Hangover film series. He played the hilarious ... "",""title"":""https://www.themodestman.com/100-famous-short-men/""}]"
7,208,2026-09-15T08:24:21.299583+00:00,actor real life daughter plays unrelated character same series married three times one child,"[""actor"",""real"",""life"",""daughter"",""plays"",""unrelated"",""character"",""same"",""series"",""married"",""three"",""times"",""one"",""child""]","""actor"" OR ""real"" OR ""life"" OR ""daughter"" OR ""plays"" OR ""unrelated"" OR ""character"" OR ""same"" OR ""series"" OR ""married"" OR ""three"" OR ""times"" OR ""one"" OR ""child""",8,870205d158839e601afac04dcef5dffb6ff88074c12e975fe95d08c31899a815,82fd67ebff3e01550fac9531ca82ad06ab2a64bc63a2a93391b05e24ae24ccfa,False,"[""d78"",""d45"",""d101"",""d15"",""d42"",""d40"",""d90"",""d11""]","[""62928"",""29417"",""42395"",""11078"",""55772"",""5054"",""75080"",""62963""]","[{""docid"":""62928"",""score"":20.518683337877892,""snippet"":"" ... After minor appearances in such television series as Danger Man and The Saint, Collins gave up on pursuing an acting career, although she did play briefly on the television series Minder in 1980.\n\nHer first book, The World Is Full of Married Men (1968), became a best-seller ... "",""title"":""https://en.wikipedia.org/wiki/Jackie_Collins""},{""docid"":""29417"",""score"":19.389534771138884,""snippet"":"" ... His home life is initially filled with his wife and three daughters (hence the \""last man\"" in the show's title), along with a grandson. His life later extends to the young men who are married to or dating his daughters.\n\nEpisodes\n\nCast and characters\n\nMain\n\n* Tim Allen ... "",""title"":""https://en.wikipedia.org/wiki/Last_Man_Standing_(American_TV_series)""},{""docid"":""42395"",""score"":19.12230042515103,""snippet"":"" ... Destiny's Child - Michael C. Hall is probably best known for playing the titular serial killer on what Showtime drama that ran from 2006 to 2013?\n\nAnswer: Dexter - What Will Wright created video game series released in 2000 (with sequels in 2004, 2009, and 2014) saw players watching ... "",""title"":""https://www.watercoolertrivia.com/trivia-questions/2000s-pop-culture-trivia""},{""docid"":""11078"",""score"":19.042717962303115,""snippet"":"" ... Chloe Bennet, who's mixed-race in real life, really does look like she could be the daughter of Lachmann and Kyle MacLachlan.\n\n- Adam Faison, the Time-Shifted Actor who played a young version of Agent Jasper Sitwell in one episode of Season 5, not only bears a ... "",""title"":""https://tvtropes.org/pmwiki/pmwiki.php/Main/SeparatedAtBirthCasting""},{""docid"":""55772"",""score"":18.94075833638212,""snippet"":"" ... He became a reliable character actor (often in Westerns in which he often played the villain), but hit the big time when he was offered the role of the somewhat irascible Dr. Leonard \""Bones\"" McCoy on the television series Star Trek (1966). He later reprised his role for ... "",""title"":""https://www.imdb.com/search/name/?birth_year=1920""},{""docid"":""5054"",""score"":18.597470822983492,""snippet"":"" ... Both actors were born on June 26. Plaza was born in 1984 and Offerman in 1970.\n\nSome cast members' real-life partners appeared on the show.\n\nPoehler's then-husband Will Arnett appeared on season two, episode 13 (\""The Set-Up\""), playing an eccentric MRI technician who goes ... "",""title"":""https://www.businessinsider.com/things-fun-facts-you-didnt-know-about-parks-and-recreation""},{""docid"":""75080"",""score"":18.58272328345094,""snippet"":"" ... Joshua Morrow Nick Newman's love life has always been complicated, but the same can't be said for Joshua Morrow . The actor has been married to his wife, Tobe, since 2001. They have four children: three sons, Cooper, Crew, and Cash, as well as daughter Charlie Jo ... "",""title"":""https://www.swooon.com/gallery/young-and-the-restless-stars-real-life-relationships-couples-dating-history/""},{""docid"":""62963"",""score"":18.385767593684836,""snippet"":"" ... on the network at roughly the same time.\n\nOf course, that was long before they were married in 2014, so maybe the CW was one of the first things they talked about.\n\nJessica And Richard Harmon\n\nActors who are siblings in real life are commonly cast to play ... "",""title"":""https://screenrant.com/cw-stars-family/""}]"
7,212,2026-09-15T08:24:22.949987+00:00,character married three times one surviving child actor real life son daughter cast,"[""character"",""married"",""three"",""times"",""one"",""surviving"",""child"",""actor"",""real"",""life"",""son"",""daughter"",""cast""]","""character"" OR ""married"" OR ""three"" OR ""times"" OR ""one"" OR ""surviving"" OR ""child"" OR ""actor"" OR ""real"" OR ""life"" OR ""son"" OR ""daughter"" OR ""cast""",8,ac0f5d599028b48dc379c3212ea1fd4ac7a6539a73194e6d0a44f8e911b44b68,28f2d630f945a5a73f082ad710cdb0f513da31ed833a0c3bd847bf17d3819855,False,"[""d3"",""d54"",""d102"",""d103"",""d56"",""d104"",""d105"",""d106""]","[""78953"",""81882"",""16694"",""73217"",""9215"",""41035"",""76407"",""32327""]","[{""docid"":""78953"",""score"":24.605893829242508,""snippet"":"" ... He also played a detective on five episodes of The Sopranos.\n\nHeard is survived by his three children. He welcomed a son, John Matthew Heard, with actress Melissa Leo. He also shared two children with ex-wife Sharon Heard, daughter Annika Rose and son Maxwell John, who died ... "",""title"":""https://people.com/movies/home-alone-cast-where-are-they-now/""},{""docid"":""81882"",""score"":23.41577346736673,""snippet"":"" ... He was married a total of seven times, and fathered eight children.\n\nAfter long battles with ill health, Richard Pryor passed away on December 10th, 2005.- Vincent Schiavelli, selected in 1997 by Vanity Fair as one of the best character actors in America, had made over 120 film ... "",""title"":""https://m.imdb.com/search/name/?death_date=2005&ref_=nmbio""},{""docid"":""16694"",""score"":23.04247097564549,""snippet"":"" ... Later, Jill helped Katherine track down her real long-lost child. Mogul Tucker McCall was revealed to be Katherine's biological son even though Kay thought she had given birth to a daughter. Tucker had hatched a plan to take over Chancellor Industries while Katherine and Jill were ... "",""title"":""https://en.wikipedia.org/wiki/The_Young_and_the_Restless_storylines""},{""docid"":""73217"",""score"":22.874246651977753,""snippet"":"" ... high on anything new from this lady. No disappointments here! Great story - great imagery - sizzling dialog - wonderful character work from a top-notch cast. Where are all these brilliant new kid actors coming from? Atticus Shaffer is simply miraculous in his role as the ... \""unusual child\"". There was ... "",""title"":""https://www.imdb.com/title/tt1442464/""},{""docid"":""9215"",""score"":22.766379319396233,""snippet"":"" ... In real life, she's a mother of two sons with ex-partner Cydney Bernard, and she married photographer and director Alexandra Hedison in 2014.\n\nKristen Stewart\n\nIt was natural for onetime child actress Jodie Foster to take Stewart under her wing when they played mother and daughter ... "",""title"":""https://www.eonline.com/photos/9198/child-stars-who-turned-out-all-right""},{""docid"":""41035"",""score"":22.74892869580269,""snippet"":"" ... Daughter Shauna Redford, born November 15, 1960, is a painter who married Eric Schlosser on October 5, 1985, in Provo, Utah; her first child, born in January 1991, made Redford a grandfather. Son James Redford, a screenwriter, was born May 5, 1962. Daughter Amy Redford, an actress, was ... "",""title"":""https://m.imdb.com/search/name/?birth_year=1936&ref_=nmbio_bth_yr""},{""docid"":""76407"",""score"":22.699937230137174,""snippet"":"" ... it comes to casting one actor as a parent, whilst the actor playing their child is almost the same age. This has happened many times throughout film history, and the following films are some of the best examples of huge age gaps in casting characters who were supposed ... "",""title"":""https://collider.com/10-actors-who-are-a-similar-age-yet-played-parents-children-in-a-movie/""},{""docid"":""32327"",""score"":22.413833758363573,""snippet"":"" ... His wife having died on November 29, 2007, he was survived by their two daughters and two sons: Laura, Anita, Victor and Mark.- Music Artist\n\n- Actor\n\n- Composer\n\nMichael Joseph Jackson was born on August 29, 1958 in Gary, Indiana, and entertained audiences nearly his entire life. His father ... "",""title"":""https://m.imdb.com/search/name/?death_date=2009&ref_=nm_ov_dth_year""}]"
7,220,2026-09-15T08:24:24.749905+00:00,actor plays with real life child unrelated character series married three times,"[""actor"",""plays"",""with"",""real"",""life"",""child"",""unrelated"",""character"",""series"",""married"",""three"",""times""]","""actor"" OR ""plays"" OR ""with"" OR ""real"" OR ""life"" OR ""child"" OR ""unrelated"" OR ""character"" OR ""series"" OR ""married"" OR ""three"" OR ""times""",8,036f2a0630ab1469f8fed05dd3f6448ce6915adcc0986723c86cdf200e74bf80,00a34963fa7acfe3351a786d24b4798f4d85a783a1fb9f13b80e64a3fe9624c8,False,"[""d59"",""d78"",""d101"",""d107"",""d40"",""d45"",""d11"",""d42""]","[""88468"",""62928"",""42395"",""63690"",""5054"",""29417"",""62963"",""55772""]","[{""docid"":""88468"",""score"":17.760701019640376,""snippet"":"" ... The adaptation changes a character's age.\n\n- Age Them Down, Cast Their Kid: When a Real-Life Relative is recruited as a Time-Shifted Actor, to play a younger version of their older relative's character (parent-child relationships are the most common, but the trope also applies ... "",""title"":""https://tvtropes.org/pmwiki/pmwiki.php/Main/CharactersAndCasting""},{""docid"":""62928"",""score"":17.265851929333465,""snippet"":"" ... mother as a child). Collins's final novel was The Santangelos (2015), a conclusion to the Santangelo series she had begun with Chances (1981).\n\nPersonal life\n\nCollins held dual citizenship: British (by birth) and U.S. (by naturalization, from 6 May 1960). She married her first husband, Wallace ... "",""title"":""https://en.wikipedia.org/wiki/Jackie_Collins""},{""docid"":""42395"",""score"":16.568081556833036,""snippet"":"" ... Destiny's Child - Michael C. Hall is probably best known for playing the titular serial killer on what Showtime drama that ran from 2006 to 2013?\n\nAnswer: Dexter - What Will Wright created video game series released in 2000 (with sequels in 2004, 2009, and 2014) saw players watching ... "",""title"":""https://www.watercoolertrivia.com/trivia-questions/2000s-pop-culture-trivia""},{""docid"":""63690"",""score"":16.5294213792989,""snippet"":"" ... She played the role of \""Nibbles\"" on \""Married with Children\"" in 1992. Bryan Brown was born on the 23rd June, 1947 and he is an Australian actor who married actress Rachel Ward and starred in the movie \""The Thorn Birds\"" in 1983. Gordon Brown was born 20th February ... "",""title"":""https://www.funtrivia.com/quizzes/people/name_game/same_surname.html""},{""docid"":""5054"",""score"":16.363161609499397,""snippet"":"" ... Jim O'Heir, who plays Jerry Gergich, initially auditioned to play Ron. However, Daniels and Schur told the actor that they wanted him on the show regardless and came up with the part of Jerry.\n\nThe exterior of Pawnee City Hall is a real city hall building.\n\nIn ... "",""title"":""https://www.businessinsider.com/things-fun-facts-you-didnt-know-about-parks-and-recreation""},{""docid"":""29417"",""score"":16.073206283552025,""snippet"":"" ... His home life is initially filled with his wife and three daughters (hence the \""last man\"" in the show's title), along with a grandson. His life later extends to the young men who are married to or dating his daughters.\n\nEpisodes\n\nCast and characters\n\nMain\n\n* Tim Allen ... "",""title"":""https://en.wikipedia.org/wiki/Last_Man_Standing_(American_TV_series)""},{""docid"":""62963"",""score"":15.98671117817442,""snippet"":"" ... Actors who are siblings in real life are commonly cast to play siblings on television. After all, that's the best way to make it seem like the relationship is an authentic one. In the case of Jessica and Richard Harmon, though, the siblings actually play unrelated characters ... "",""title"":""https://screenrant.com/cw-stars-family/""},{""docid"":""55772"",""score"":15.913267810510819,""snippet"":"" ... He became a reliable character actor (often in Westerns in which he often played the villain), but hit the big time when he was offered the role of the somewhat irascible Dr. Leonard \""Bones\"" McCoy on the television series Star Trek (1966). He later reprised his role for ... "",""title"":""https://www.imdb.com/search/name/?birth_year=1920""}]"
8,232,2026-09-15T08:24:30.096761+00:00,actor real life daughter plays unrelated character same series married three times one child,"[""actor"",""real"",""life"",""daughter"",""plays"",""unrelated"",""character"",""same"",""series"",""married"",""three"",""times"",""one"",""child""]","""actor"" OR ""real"" OR ""life"" OR ""daughter"" OR ""plays"" OR ""unrelated"" OR ""character"" OR ""same"" OR ""series"" OR ""married"" OR ""three"" OR ""times"" OR ""one"" OR ""child""",8,870205d158839e601afac04dcef5dffb6ff88074c12e975fe95d08c31899a815,82fd67ebff3e01550fac9531ca82ad06ab2a64bc63a2a93391b05e24ae24ccfa,True,"[""d78"",""d45"",""d101"",""d15"",""d42"",""d40"",""d90"",""d11""]","[""62928"",""29417"",""42395"",""11078"",""55772"",""5054"",""75080"",""62963""]","[{""docid"":""62928"",""score"":20.518683337877892,""snippet"":"" ... After minor appearances in such television series as Danger Man and The Saint, Collins gave up on pursuing an acting career, although she did play briefly on the television series Minder in 1980.\n\nHer first book, The World Is Full of Married Men (1968), became a best-seller ... "",""title"":""https://en.wikipedia.org/wiki/Jackie_Collins""},{""docid"":""29417"",""score"":19.389534771138884,""snippet"":"" ... His home life is initially filled with his wife and three daughters (hence the \""last man\"" in the show's title), along with a grandson. His life later extends to the young men who are married to or dating his daughters.\n\nEpisodes\n\nCast and characters\n\nMain\n\n* Tim Allen ... "",""title"":""https://en.wikipedia.org/wiki/Last_Man_Standing_(American_TV_series)""},{""docid"":""42395"",""score"":19.12230042515103,""snippet"":"" ... Destiny's Child - Michael C. Hall is probably best known for playing the titular serial killer on what Showtime drama that ran from 2006 to 2013?\n\nAnswer: Dexter - What Will Wright created video game series released in 2000 (with sequels in 2004, 2009, and 2014) saw players watching ... "",""title"":""https://www.watercoolertrivia.com/trivia-questions/2000s-pop-culture-trivia""},{""docid"":""11078"",""score"":19.042717962303115,""snippet"":"" ... Chloe Bennet, who's mixed-race in real life, really does look like she could be the daughter of Lachmann and Kyle MacLachlan.\n\n- Adam Faison, the Time-Shifted Actor who played a young version of Agent Jasper Sitwell in one episode of Season 5, not only bears a ... "",""title"":""https://tvtropes.org/pmwiki/pmwiki.php/Main/SeparatedAtBirthCasting""},{""docid"":""55772"",""score"":18.94075833638212,""snippet"":"" ... He became a reliable character actor (often in Westerns in which he often played the villain), but hit the big time when he was offered the role of the somewhat irascible Dr. Leonard \""Bones\"" McCoy on the television series Star Trek (1966). He later reprised his role for ... "",""title"":""https://www.imdb.com/search/name/?birth_year=1920""},{""docid"":""5054"",""score"":18.597470822983492,""snippet"":"" ... Both actors were born on June 26. Plaza was born in 1984 and Offerman in 1970.\n\nSome cast members' real-life partners appeared on the show.\n\nPoehler's then-husband Will Arnett appeared on season two, episode 13 (\""The Set-Up\""), playing an eccentric MRI technician who goes ... "",""title"":""https://www.businessinsider.com/things-fun-facts-you-didnt-know-about-parks-and-recreation""},{""docid"":""75080"",""score"":18.58272328345094,""snippet"":"" ... Joshua Morrow Nick Newman's love life has always been complicated, but the same can't be said for Joshua Morrow . The actor has been married to his wife, Tobe, since 2001. They have four children: three sons, Cooper, Crew, and Cash, as well as daughter Charlie Jo ... "",""title"":""https://www.swooon.com/gallery/young-and-the-restless-stars-real-life-relationships-couples-dating-history/""},{""docid"":""62963"",""score"":18.385767593684836,""snippet"":"" ... on the network at roughly the same time.\n\nOf course, that was long before they were married in 2014, so maybe the CW was one of the first things they talked about.\n\nJessica And Richard Harmon\n\nActors who are siblings in real life are commonly cast to play ... "",""title"":""https://screenrant.com/cw-stars-family/""}]"
8,233,2026-09-15T08:24:30.117546+00:00,character married three times one surviving child actor real life son daughter cast,"[""character"",""married"",""three"",""times"",""one"",""surviving"",""child"",""actor"",""real"",""life"",""son"",""daughter"",""cast""]","""character"" OR ""married"" OR ""three"" OR ""times"" OR ""one"" OR ""surviving"" OR ""child"" OR ""actor"" OR ""real"" OR ""life"" OR ""son"" OR ""daughter"" OR ""cast""",8,ac0f5d599028b48dc379c3212ea1fd4ac7a6539a73194e6d0a44f8e911b44b68,28f2d630f945a5a73f082ad710cdb0f513da31ed833a0c3bd847bf17d3819855,True,"[""d3"",""d54"",""d102"",""d103"",""d56"",""d104"",""d105"",""d106""]","[""78953"",""81882"",""16694"",""73217"",""9215"",""41035"",""76407"",""32327""]","[{""docid"":""78953"",""score"":24.605893829242508,""snippet"":"" ... He also played a detective on five episodes of The Sopranos.\n\nHeard is survived by his three children. He welcomed a son, John Matthew Heard, with actress Melissa Leo. He also shared two children with ex-wife Sharon Heard, daughter Annika Rose and son Maxwell John, who died ... "",""title"":""https://people.com/movies/home-alone-cast-where-are-they-now/""},{""docid"":""81882"",""score"":23.41577346736673,""snippet"":"" ... He was married a total of seven times, and fathered eight children.\n\nAfter long battles with ill health, Richard Pryor passed away on December 10th, 2005.- Vincent Schiavelli, selected in 1997 by Vanity Fair as one of the best character actors in America, had made over 120 film ... "",""title"":""https://m.imdb.com/search/name/?death_date=2005&ref_=nmbio""},{""docid"":""16694"",""score"":23.04247097564549,""snippet"":"" ... Later, Jill helped Katherine track down her real long-lost child. Mogul Tucker McCall was revealed to be Katherine's biological son even though Kay thought she had given birth to a daughter. Tucker had hatched a plan to take over Chancellor Industries while Katherine and Jill were ... "",""title"":""https://en.wikipedia.org/wiki/The_Young_and_the_Restless_storylines""},{""docid"":""73217"",""score"":22.874246651977753,""snippet"":"" ... high on anything new from this lady. No disappointments here! Great story - great imagery - sizzling dialog - wonderful character work from a top-notch cast. Where are all these brilliant new kid actors coming from? Atticus Shaffer is simply miraculous in his role as the ... \""unusual child\"". There was ... "",""title"":""https://www.imdb.com/title/tt1442464/""},{""docid"":""9215"",""score"":22.766379319396233,""snippet"":"" ... In real life, she's a mother of two sons with ex-partner Cydney Bernard, and she married photographer and director Alexandra Hedison in 2014.\n\nKristen Stewart\n\nIt was natural for onetime child actress Jodie Foster to take Stewart under her wing when they played mother and daughter ... "",""title"":""https://www.eonline.com/photos/9198/child-stars-who-turned-out-all-right""},{""docid"":""41035"",""score"":22.74892869580269,""snippet"":"" ... Daughter Shauna Redford, born November 15, 1960, is a painter who married Eric Schlosser on October 5, 1985, in Provo, Utah; her first child, born in January 1991, made Redford a grandfather. Son James Redford, a screenwriter, was born May 5, 1962. Daughter Amy Redford, an actress, was ... "",""title"":""https://m.imdb.com/search/name/?birth_year=1936&ref_=nmbio_bth_yr""},{""docid"":""76407"",""score"":22.699937230137174,""snippet"":"" ... it comes to casting one actor as a parent, whilst the actor playing their child is almost the same age. This has happened many times throughout film history, and the following films are some of the best examples of huge age gaps in casting characters who were supposed ... "",""title"":""https://collider.com/10-actors-who-are-a-similar-age-yet-played-parents-children-in-a-movie/""},{""docid"":""32327"",""score"":22.413833758363573,""snippet"":"" ... His wife having died on November 29, 2007, he was survived by their two daughters and two sons: Laura, Anita, Victor and Mark.- Music Artist\n\n- Actor\n\n- Composer\n\nMichael Joseph Jackson was born on August 29, 1958 in Gary, Indiana, and entertained audiences nearly his entire life. His father ... "",""title"":""https://m.imdb.com/search/name/?death_date=2009&ref_=nm_ov_dth_year""}]"
8,234,2026-09-15T08:24:30.138331+00:00,actor plays with real life child unrelated character series married three times,"[""actor"",""plays"",""with"",""real"",""life"",""child"",""unrelated"",""character"",""series"",""married"",""three"",""times""]","""actor"" OR ""plays"" OR ""with"" OR ""real"" OR ""life"" OR ""child"" OR ""unrelated"" OR ""character"" OR ""series"" OR ""married"" OR ""three"" OR ""times""",8,036f2a0630ab1469f8fed05dd3f6448ce6915adcc0986723c86cdf200e74bf80,00a34963fa7acfe3351a786d24b4798f4d85a783a1fb9f13b80e64a3fe9624c8,True,"[""d59"",""d78"",""d101"",""d107"",""d40"",""d45"",""d11"",""d42""]","[""88468"",""62928"",""42395"",""63690"",""5054"",""29417"",""62963"",""55772""]","[{""docid"":""88468"",""score"":17.760701019640376,""snippet"":"" ... The adaptation changes a character's age.\n\n- Age Them Down, Cast Their Kid: When a Real-Life Relative is recruited as a Time-Shifted Actor, to play a younger version of their older relative's character (parent-child relationships are the most common, but the trope also applies ... "",""title"":""https://tvtropes.org/pmwiki/pmwiki.php/Main/CharactersAndCasting""},{""docid"":""62928"",""score"":17.265851929333465,""snippet"":"" ... mother as a child). Collins's final novel was The Santangelos (2015), a conclusion to the Santangelo series she had begun with Chances (1981).\n\nPersonal life\n\nCollins held dual citizenship: British (by birth) and U.S. (by naturalization, from 6 May 1960). She married her first husband, Wallace ... "",""title"":""https://en.wikipedia.org/wiki/Jackie_Collins""},{""docid"":""42395"",""score"":16.568081556833036,""snippet"":"" ... Destiny's Child - Michael C. Hall is probably best known for playing the titular serial killer on what Showtime drama that ran from 2006 to 2013?\n\nAnswer: Dexter - What Will Wright created video game series released in 2000 (with sequels in 2004, 2009, and 2014) saw players watching ... "",""title"":""https://www.watercoolertrivia.com/trivia-questions/2000s-pop-culture-trivia""},{""docid"":""63690"",""score"":16.5294213792989,""snippet"":"" ... She played the role of \""Nibbles\"" on \""Married with Children\"" in 1992. Bryan Brown was born on the 23rd June, 1947 and he is an Australian actor who married actress Rachel Ward and starred in the movie \""The Thorn Birds\"" in 1983. Gordon Brown was born 20th February ... "",""title"":""https://www.funtrivia.com/quizzes/people/name_game/same_surname.html""},{""docid"":""5054"",""score"":16.363161609499397,""snippet"":"" ... Jim O'Heir, who plays Jerry Gergich, initially auditioned to play Ron. However, Daniels and Schur told the actor that they wanted him on the show regardless and came up with the part of Jerry.\n\nThe exterior of Pawnee City Hall is a real city hall building.\n\nIn ... "",""title"":""https://www.businessinsider.com/things-fun-facts-you-didnt-know-about-parks-and-recreation""},{""docid"":""29417"",""score"":16.073206283552025,""snippet"":"" ... His home life is initially filled with his wife and three daughters (hence the \""last man\"" in the show's title), along with a grandson. His life later extends to the young men who are married to or dating his daughters.\n\nEpisodes\n\nCast and characters\n\nMain\n\n* Tim Allen ... "",""title"":""https://en.wikipedia.org/wiki/Last_Man_Standing_(American_TV_series)""},{""docid"":""62963"",""score"":15.98671117817442,""snippet"":"" ... Actors who are siblings in real life are commonly cast to play siblings on television. After all, that's the best way to make it seem like the relationship is an authentic one. In the case of Jessica and Richard Harmon, though, the siblings actually play unrelated characters ... "",""title"":""https://screenrant.com/cw-stars-family/""},{""docid"":""55772"",""score"":15.913267810510819,""snippet"":"" ... He became a reliable character actor (often in Westerns in which he often played the villain), but hit the big time when he was offered the role of the somewhat irascible Dr. Leonard \""Bones\"" McCoy on the television series Star Trek (1966). He later reprised his role for ... "",""title"":""https://www.imdb.com/search/name/?birth_year=1920""}]"
9,242,2026-09-15T08:24:34.314748+00:00,actor real life daughter plays unrelated character same series married three times one child,"[""actor"",""real"",""life"",""daughter"",""plays"",""unrelated"",""character"",""same"",""series"",""married"",""three"",""times"",""one"",""child""]","""actor"" OR ""real"" OR ""life"" OR ""daughter"" OR ""plays"" OR ""unrelated"" OR ""character"" OR ""same"" OR ""series"" OR ""married"" OR ""three"" OR ""times"" OR ""one"" OR ""child""",8,870205d158839e601afac04dcef5dffb6ff88074c12e975fe95d08c31899a815,82fd67ebff3e01550fac9531ca82ad06ab2a64bc63a2a93391b05e24ae24ccfa,True,"[""d78"",""d45"",""d101"",""d15"",""d42"",""d40"",""d90"",""d11""]","[""62928"",""29417"",""42395"",""11078"",""55772"",""5054"",""75080"",""62963""]","[{""docid"":""62928"",""score"":20.518683337877892,""snippet"":"" ... After minor appearances in such television series as Danger Man and The Saint, Collins gave up on pursuing an acting career, although she did play briefly on the television series Minder in 1980.\n\nHer first book, The World Is Full of Married Men (1968), became a best-seller ... "",""title"":""https://en.wikipedia.org/wiki/Jackie_Collins""},{""docid"":""29417"",""score"":19.389534771138884,""snippet"":"" ... His home life is initially filled with his wife and three daughters (hence the \""last man\"" in the show's title), along with a grandson. His life later extends to the young men who are married to or dating his daughters.\n\nEpisodes\n\nCast and characters\n\nMain\n\n* Tim Allen ... "",""title"":""https://en.wikipedia.org/wiki/Last_Man_Standing_(American_TV_series)""},{""docid"":""42395"",""score"":19.12230042515103,""snippet"":"" ... Destiny's Child - Michael C. Hall is probably best known for playing the titular serial killer on what Showtime drama that ran from 2006 to 2013?\n\nAnswer: Dexter - What Will Wright created video game series released in 2000 (with sequels in 2004, 2009, and 2014) saw players watching ... "",""title"":""https://www.watercoolertrivia.com/trivia-questions/2000s-pop-culture-trivia""},{""docid"":""11078"",""score"":19.042717962303115,""snippet"":"" ... Chloe Bennet, who's mixed-race in real life, really does look like she could be the daughter of Lachmann and Kyle MacLachlan.\n\n- Adam Faison, the Time-Shifted Actor who played a young version of Agent Jasper Sitwell in one episode of Season 5, not only bears a ... "",""title"":""https://tvtropes.org/pmwiki/pmwiki.php/Main/SeparatedAtBirthCasting""},{""docid"":""55772"",""score"":18.94075833638212,""snippet"":"" ... He became a reliable character actor (often in Westerns in which he often played the villain), but hit the big time when he was offered the role of the somewhat irascible Dr. Leonard \""Bones\"" McCoy on the television series Star Trek (1966). He later reprised his role for ... "",""title"":""https://www.imdb.com/search/name/?birth_year=1920""},{""docid"":""5054"",""score"":18.597470822983492,""snippet"":"" ... Both actors were born on June 26. Plaza was born in 1984 and Offerman in 1970.\n\nSome cast members' real-life partners appeared on the show.\n\nPoehler's then-husband Will Arnett appeared on season two, episode 13 (\""The Set-Up\""), playing an eccentric MRI technician who goes ... "",""title"":""https://www.businessinsider.com/things-fun-facts-you-didnt-know-about-parks-and-recreation""},{""docid"":""75080"",""score"":18.58272328345094,""snippet"":"" ... Joshua Morrow Nick Newman's love life has always been complicated, but the same can't be said for Joshua Morrow . The actor has been married to his wife, Tobe, since 2001. They have four children: three sons, Cooper, Crew, and Cash, as well as daughter Charlie Jo ... "",""title"":""https://www.swooon.com/gallery/young-and-the-restless-stars-real-life-relationships-couples-dating-history/""},{""docid"":""62963"",""score"":18.385767593684836,""snippet"":"" ... on the network at roughly the same time.\n\nOf course, that was long before they were married in 2014, so maybe the CW was one of the first things they talked about.\n\nJessica And Richard Harmon\n\nActors who are siblings in real life are commonly cast to play ... "",""title"":""https://screenrant.com/cw-stars-family/""}]"
9,243,2026-09-15T08:24:34.337712+00:00,character married three times one surviving child actor real life son daughter cast,"[""character"",""married"",""three"",""times"",""one"",""surviving"",""child"",""actor"",""real"",""life"",""son"",""daughter"",""cast""]","""character"" OR ""married"" OR ""three"" OR ""times"" OR ""one"" OR ""surviving"" OR ""child"" OR ""actor"" OR ""real"" OR ""life"" OR ""son"" OR ""daughter"" OR ""cast""",8,ac0f5d599028b48dc379c3212ea1fd4ac7a6539a73194e6d0a44f8e911b44b68,28f2d630f945a5a73f082ad710cdb0f513da31ed833a0c3bd847bf17d3819855,True,"[""d3"",""d54"",""d102"",""d103"",""d56"",""d104"",""d105"",""d106""]","[""78953"",""81882"",""16694"",""73217"",""9215"",""41035"",""76407"",""32327""]","[{""docid"":""78953"",""score"":24.605893829242508,""snippet"":"" ... He also played a detective on five episodes of The Sopranos.\n\nHeard is survived by his three children. He welcomed a son, John Matthew Heard, with actress Melissa Leo. He also shared two children with ex-wife Sharon Heard, daughter Annika Rose and son Maxwell John, who died ... "",""title"":""https://people.com/movies/home-alone-cast-where-are-they-now/""},{""docid"":""81882"",""score"":23.41577346736673,""snippet"":"" ... He was married a total of seven times, and fathered eight children.\n\nAfter long battles with ill health, Richard Pryor passed away on December 10th, 2005.- Vincent Schiavelli, selected in 1997 by Vanity Fair as one of the best character actors in America, had made over 120 film ... "",""title"":""https://m.imdb.com/search/name/?death_date=2005&ref_=nmbio""},{""docid"":""16694"",""score"":23.04247097564549,""snippet"":"" ... Later, Jill helped Katherine track down her real long-lost child. Mogul Tucker McCall was revealed to be Katherine's biological son even though Kay thought she had given birth to a daughter. Tucker had hatched a plan to take over Chancellor Industries while Katherine and Jill were ... "",""title"":""https://en.wikipedia.org/wiki/The_Young_and_the_Restless_storylines""},{""docid"":""73217"",""score"":22.874246651977753,""snippet"":"" ... high on anything new from this lady. No disappointments here! Great story - great imagery - sizzling dialog - wonderful character work from a top-notch cast. Where are all these brilliant new kid actors coming from? Atticus Shaffer is simply miraculous in his role as the ... \""unusual child\"". There was ... "",""title"":""https://www.imdb.com/title/tt1442464/""},{""docid"":""9215"",""score"":22.766379319396233,""snippet"":"" ... In real life, she's a mother of two sons with ex-partner Cydney Bernard, and she married photographer and director Alexandra Hedison in 2014.\n\nKristen Stewart\n\nIt was natural for onetime child actress Jodie Foster to take Stewart under her wing when they played mother and daughter ... "",""title"":""https://www.eonline.com/photos/9198/child-stars-who-turned-out-all-right""},{""docid"":""41035"",""score"":22.74892869580269,""snippet"":"" ... Daughter Shauna Redford, born November 15, 1960, is a painter who married Eric Schlosser on October 5, 1985, in Provo, Utah; her first child, born in January 1991, made Redford a grandfather. Son James Redford, a screenwriter, was born May 5, 1962. Daughter Amy Redford, an actress, was ... "",""title"":""https://m.imdb.com/search/name/?birth_year=1936&ref_=nmbio_bth_yr""},{""docid"":""76407"",""score"":22.699937230137174,""snippet"":"" ... it comes to casting one actor as a parent, whilst the actor playing their child is almost the same age. This has happened many times throughout film history, and the following films are some of the best examples of huge age gaps in casting characters who were supposed ... "",""title"":""https://collider.com/10-actors-who-are-a-similar-age-yet-played-parents-children-in-a-movie/""},{""docid"":""32327"",""score"":22.413833758363573,""snippet"":"" ... His wife having died on November 29, 2007, he was survived by their two daughters and two sons: Laura, Anita, Victor and Mark.- Music Artist\n\n- Actor\n\n- Composer\n\nMichael Joseph Jackson was born on August 29, 1958 in Gary, Indiana, and entertained audiences nearly his entire life. His father ... "",""title"":""https://m.imdb.com/search/name/?death_date=2009&ref_=nm_ov_dth_year""}]"
9,244,2026-09-15T08:24:34.358627+00:00,actor plays with real life child unrelated character series married three times,"[""actor"",""plays"",""with"",""real"",""life"",""child"",""unrelated"",""character"",""series"",""married"",""three"",""times""]","""actor"" OR ""plays"" OR ""with"" OR ""real"" OR ""life"" OR ""child"" OR ""unrelated"" OR ""character"" OR ""series"" OR ""married"" OR ""three"" OR ""times""",8,036f2a0630ab1469f8fed05dd3f6448ce6915adcc0986723c86cdf200e74bf80,00a34963fa7acfe3351a786d24b4798f4d85a783a1fb9f13b80e64a3fe9624c8,True,"[""d59"",""d78"",""d101"",""d107"",""d40"",""d45"",""d11"",""d42""]","[""88468"",""62928"",""42395"",""63690"",""5054"",""29417"",""62963"",""55772""]","[{""docid"":""88468"",""score"":17.760701019640376,""snippet"":"" ... The adaptation changes a character's age.\n\n- Age Them Down, Cast Their Kid: When a Real-Life Relative is recruited as a Time-Shifted Actor, to play a younger version of their older relative's character (parent-child relationships are the most common, but the trope also applies ... "",""title"":""https://tvtropes.org/pmwiki/pmwiki.php/Main/CharactersAndCasting""},{""docid"":""62928"",""score"":17.265851929333465,""snippet"":"" ... mother as a child). Collins's final novel was The Santangelos (2015), a conclusion to the Santangelo series she had begun with Chances (1981).\n\nPersonal life\n\nCollins held dual citizenship: British (by birth) and U.S. (by naturalization, from 6 May 1960). She married her first husband, Wallace ... "",""title"":""https://en.wikipedia.org/wiki/Jackie_Collins""},{""docid"":""42395"",""score"":16.568081556833036,""snippet"":"" ... Destiny's Child - Michael C. Hall is probably best known for playing the titular serial killer on what Showtime drama that ran from 2006 to 2013?\n\nAnswer: Dexter - What Will Wright created video game series released in 2000 (with sequels in 2004, 2009, and 2014) saw players watching ... "",""title"":""https://www.watercoolertrivia.com/trivia-questions/2000s-pop-culture-trivia""},{""docid"":""63690"",""score"":16.5294213792989,""snippet"":"" ... She played the role of \""Nibbles\"" on \""Married with Children\"" in 1992. Bryan Brown was born on the 23rd June, 1947 and he is an Australian actor who married actress Rachel Ward and starred in the movie \""The Thorn Birds\"" in 1983. Gordon Brown was born 20th February ... "",""title"":""https://www.funtrivia.com/quizzes/people/name_game/same_surname.html""},{""docid"":""5054"",""score"":16.363161609499397,""snippet"":"" ... Jim O'Heir, who plays Jerry Gergich, initially auditioned to play Ron. However, Daniels and Schur told the actor that they wanted him on the show regardless and came up with the part of Jerry.\n\nThe exterior of Pawnee City Hall is a real city hall building.\n\nIn ... "",""title"":""https://www.businessinsider.com/things-fun-facts-you-didnt-know-about-parks-and-recreation""},{""docid"":""29417"",""score"":16.073206283552025,""snippet"":"" ... His home life is initially filled with his wife and three daughters (hence the \""last man\"" in the show's title), along with a grandson. His life later extends to the young men who are married to or dating his daughters.\n\nEpisodes\n\nCast and characters\n\nMain\n\n* Tim Allen ... "",""title"":""https://en.wikipedia.org/wiki/Last_Man_Standing_(American_TV_series)""},{""docid"":""62963"",""score"":15.98671117817442,""snippet"":"" ... Actors who are siblings in real life are commonly cast to play siblings on television. After all, that's the best way to make it seem like the relationship is an authentic one. In the case of Jessica and Richard Harmon, though, the siblings actually play unrelated characters ... "",""title"":""https://screenrant.com/cw-stars-family/""},{""docid"":""55772"",""score"":15.913267810510819,""snippet"":"" ... He became a reliable character actor (often in Westerns in which he often played the villain), but hit the big time when he was offered the role of the somewhat irascible Dr. Leonard \""Bones\"" McCoy on the television series Star Trek (1966). He later reprised his role for ... "",""title"":""https://www.imdb.com/search/name/?birth_year=1920""}]"
