round,seq,utc,query,terms,expression,top_k,equivalence_key,cache_key,cached,returned_dN,returned_docids,result_docs
1,6,2026-09-15T12:51:49.871109+00:00,literary award created 2000s translated into over twenty five languages,"[""literary"",""award"",""created"",""2000s"",""translated"",""into"",""over"",""twenty"",""five"",""languages""]","""literary"" OR ""award"" OR ""created"" OR ""2000s"" OR ""translated"" OR ""into"" OR ""over"" OR ""twenty"" OR ""five"" OR ""languages""",8,a80f37206ec7098b4e77b7ff5e6b2f4af6abbf56d5d4258c1896cec1a14a4b11,171983aad36fea5a821b4a5b46e27b3446b33582e1c23fab9eafab3e12b92823,False,"[""d1"",""d2"",""d3"",""d4"",""d5"",""d6"",""d7"",""d8""]","[""26607"",""57021"",""56350"",""56736"",""84033"",""3002"",""52908"",""81265""]","[{""docid"":""26607"",""score"":19.040131501500333,""snippet"":"" ... Compared to fifteen to twenty years ago, the number of titles translated to English and carried in major bookshops speaks tremendous volumes on how much it has grown and has successfully integrated itself into the literary scene, especially for the youth. Manga is an accessible window into not ... "",""title"":""https://www.asymptotejournal.com/interview/an-interview-with-shun-inoue-from-the-japan-foundation/""},{""docid"":""57021"",""score"":18.766972966235862,""snippet"":"" ... honoris causa (honorary degree), Italian Language and Literature, University of Siena for Foreigners, Italy, 2015\n\n- Honorary Doctor of Letters, Williams College, 2005\n\n- Honorary Doctor of Humane Letters, University of Rhode Island, 2001\n\nLITERARY AWARDS & CITATIONS\n\n- The John Florio Prize for translation into English from Italian, 2021\n\n- Named Commendatore ... "",""title"":""https://barnard.edu/profiles/jhumpa-lahiri""},{""docid"":""56350"",""score"":18.475536319101874,""snippet"":"" ... Her books have been translated into more than fifty languages and have won dozens of international awards, including the Orange Prize, the Guardian Fiction Prize, the Lannan Award for Fiction, and the Commonwealth Poetry Prize for the Americas. Among many other honours, she is a Royal … Read More ... "",""title"":""https://griffinpoetryprize.com/judges/""},{""docid"":""56736"",""score"":18.077300074874593,""snippet"":"" ... how literary scholars can look to media history to understand transformations in the social life of poetry, and how media archaeologists can read lyric forms for insight into the cultural history of technology. The Lyre Book was awarded the Northeast Modern Language Association's 2021 Book Award, and ... "",""title"":""https://english.nd.edu/people/faculty/""},{""docid"":""84033"",""score"":18.06410110420367,""snippet"":"" ... Now living in Montreal, she works as a language professional in cinema, education, and literary translation. Arielle translated 21 Days in October a YA novel by Magali Favre.\n\nPeter McCambridge is a full-time, award-winning literary translator. Originally from Ireland, Peter holds a BA in modern languages ... "",""title"":""https://www.barakabooks.com/authors/""},{""docid"":""3002"",""score"":17.722062948614347,""snippet"":"" ... created in 1992 called the Booker-Open Russia Literary Prize, also known as the Russian Booker Prize. In 2007, Man Group plc established the Man Asian Literary Prize, an annual literary award given to the best novel by an Asian writer, either written in English or translated into ... "",""title"":""https://en.wikipedia.org/wiki/Booker_Prize""},{""docid"":""52908"",""score"":17.710405425930137,""snippet"":"" ... The Story of Jibanananda), Sahaduzzaman\n\nAwards on Jibanananda\n\nThe Kolkata Poetry Confluence in collaboration with Bhasha Samsad has instituted the Jibanananda Das Award for poetry translation. Jibanananda Das awards for translation were given away in ten different languages.\n\nA literary award named Jibanananda Puroshkar, also known as Jibanananda ... "",""title"":""https://en.wikipedia.org/wiki/Jibanananda_Das""},{""docid"":""81265"",""score"":17.69823526022236,""snippet"":"" ... Eritrean literature and translation; African language literary translation; poetry\n\nPeriod: Twentieth-Century (1900-2000), Twenty-first Century (2000-present)\n\nLanguages: English (native fluency), French (good), Italian (good)\n\nPosition: University professor at Penn State Schuylkill\n\nCountry: From United States; living in United States\n\nProfessor Charles Cantalupo is Distinguished Professor ... "",""title"":""https://wendybelcher.com/african-literature/ethiopianists/""}]"
1,17,2026-09-15T12:52:03.983425+00:00,book award founded 2000s contender translated 25 languages,"[""book"",""award"",""founded"",""2000s"",""contender"",""translated"",""25"",""languages""]","""book"" OR ""award"" OR ""founded"" OR ""2000s"" OR ""contender"" OR ""translated"" OR ""25"" OR ""languages""",8,c2d7a1d742cabdd8798a1b3e58d41820986d2a5e77c11fb66077f04ac4d29a4c,a5c2823777890c7bbcf6c0a625fd1a36032861c7403a4cdafae7ef53fe9b0472,False,"[""d9"",""d10"",""d11"",""d12"",""d13"",""d14"",""d15"",""d16""]","[""43558"",""11229"",""38155"",""58691"",""913"",""32505"",""64436"",""46767""]","[{""docid"":""43558"",""score"":15.25649208348468,""snippet"":"" ... and custodians of the unlooked for.\""\n\nAs a translator, Heaney's most famous work is the translation of the epic Anglo-Saxon poem Beowulf (2000). Considered groundbreaking because of the freedom he took in using modern language, the book is largely credited with revitalizing what had become something ... "",""title"":""https://www.poetryfoundation.org/poets/seamus-heaney""},{""docid"":""11229"",""score"":14.589178995430457,""snippet"":"" ... The 2019 National Book Awards Longlist: Translated Literature\nauthor: The New Yorker\ndate: 2019-09-17\n---\nThis week, The New Yorker will be announcing the longlists for the 2019 National Book Awards. This morning, we present the ten contenders in the category of Translated Literature. Check back tomorrow ... "",""title"":""https://www.newyorker.com/books/page-turner/the-2019-national-book-awards-longlist-translated-literature""},{""docid"":""38155"",""score"":14.15712305239608,""snippet"":"" ... She was shortlisted for the 2016 Scotiabank Giller Prize for The Party Wall, which is an English translation of her French-language short story collection Le mur mitoyen. Leroux won the 2019 Governor General's Literary Award for English to French translation for her translation of Do Not ... "",""title"":""https://www.cbc.ca/books/the-top-20-canadian-books-of-2024-so-far-1.7252475""},{""docid"":""58691"",""score"":14.049846956557506,""snippet"":"" ... The Griffin Poetry Prize was founded in 2000 by Canadian entrepreneur and philanthropist Scott Griffin.\n\nSince then, a combination of well-established and up-and-coming poets has won the award. The Canadian prize helped launch the careers of such rising stars as Billy-Ray Belcourt, Liz Howard ... "",""title"":""https://www.cbc.ca/books/american-poet-roger-reeves-wins-130k-griffin-poetry-prize-for-best-poetry-book-in-the-world-1.6868466""},{""docid"":""913"",""score"":13.914687631731532,""snippet"":"" ... The 2022 National Book Awards Longlist: Translated Literature\nauthor: The New Yorker\ndate: 2022-09-14\n---\nThis week, The New Yorker will be announcing the longlists for the 2022 National Book Awards. This morning, we presented the ten contenders in the category of Young People's Literature. Check ... "",""title"":""https://www.newyorker.com/books/page-turner/the-2022-national-book-awards-longlist-translated-literature""},{""docid"":""32505"",""score"":13.828981332567004,""snippet"":"" ... Books of 1998\"" (year-end best-of) | |\n| Dec2009 | Planisphere | \""Editors' Choice\"" (recent books of interest) | |\n| Jun2011 | Illuminations | \""Editors' Choice\"" (recent books of interest) | |\n\nOxford-Weidenfeld Translation Prize\n\nThe annual Oxford-Weidenfeld Translation Prize is an award recognizing \""book-length literary translations into English from any living European language ... "",""title"":""https://en.wikipedia.org/wiki/List_of_awards_and_honors_received_by_John_Ashbery""},{""docid"":""64436"",""score"":13.755545958055587,""snippet"":"" ... Stanford University Press, 2000.\n\nSave Citation »Export Citation » Share Citation »\n\nThis book traces a stream of immigration from one Spanish textile-producing town, Brihuega, to a Mexican one, Puebla. The book looks at letters and other sources that demonstrate the close ties and news exchanges maintained by family ... "",""title"":""https://www.oxfordbibliographies.com/display/document/obo-9780199730414/obo-9780199730414-0187.xml""},{""docid"":""46767"",""score"":13.704073531656928,""snippet"":"" ... It has been translated into 50 languages. The most for any author, dead or alive.\n\nIn 2005, Time magazine named the \""milestone in African literature\"", Achebe's magnum opus, one of the 'best 100 English language novels written since 1923' — the year Time was founded.\n\nThings Fall Apart ... "",""title"":""https://paanluelwel.com/2011/10/21/prof-taban-lo-liyong-south-sudanese-literary-icon-and-an-african-philosopher/""}]"
1,28,2026-09-15T12:52:05.261013+00:00,international literary prize established 2000s translated into more than 25 languages,"[""international"",""literary"",""prize"",""established"",""2000s"",""translated"",""into"",""more"",""than"",""25"",""languages""]","""international"" OR ""literary"" OR ""prize"" OR ""established"" OR ""2000s"" OR ""translated"" OR ""into"" OR ""more"" OR ""than"" OR ""25"" OR ""languages""",8,39d8efd88e2568548af9a20255da28b16e7f486ab6f78f0e079718314bb04bc3,8107e79af99a0752b4fab6eddaa7692c109c0c379ffce16eb1ddf39d3aa449d8,False,"[""d6"",""d17"",""d18"",""d14"",""d19"",""d20"",""d21"",""d22""]","[""3002"",""59579"",""60418"",""32505"",""17462"",""18890"",""10270"",""70306""]","[{""docid"":""3002"",""score"":19.943279911019008,""snippet"":"" ... In 2007, Man Group plc established the Man Asian Literary Prize, an annual literary award given to the best novel by an Asian writer, either written in English or translated into English, and published in the previous calendar year.\n\nFor many years, as part of The Times Literature ... "",""title"":""https://en.wikipedia.org/wiki/Booker_Prize""},{""docid"":""59579"",""score"":19.102738839783896,""snippet"":"" ... Debut literary translation from any other language into English published in the previous calendar year. Prize: 3,000, with $2,000 bestowed to the translator and $1,000 to the editor. Deadline: March 17, 2025.\n\nNancy Ludmerer Fellowship for Flash Fiction and Nonfiction. Genre: One or more flash ... "",""title"":""https://publishedtodeath.blogspot.com/2025/02/77-free-writing-contests-in-march-2025.html""},{""docid"":""60418"",""score"":19.09124829704187,""snippet"":"" ... Middle English Bible translations, notably Wycliffe's Bible, helped to establish English as a literary language. Wycliffe's Bible is the name now given to a group of Bible translations into Middle English that were made under the direction of, or at the instigation of, John Wycliffe. They ... "",""title"":""https://en.wikipedia.org/wiki/British_literature""},{""docid"":""32505"",""score"":19.06996448376765,""snippet"":"" ... Canadian literary award established in 2000 by the Griffin Trust for Excellence in Poetry \""to serve and encourage excellence in poetry written in or translated into English anywhere in the world.\"" A cash prize is split between winners in two categories: one Canadian and one international author.\n\nAshbery ... "",""title"":""https://en.wikipedia.org/wiki/List_of_awards_and_honors_received_by_John_Ashbery""},{""docid"":""17462"",""score"":18.989952363411327,""snippet"":"" ... After producing two well-received novels in 2002, Ekonomikaru paresu (Economical Palace) and Kūchū teien (Hanging Garden), she went on to win the Noma Literary New Face Prize and the Naoki Prize for Woman on the Other Shore in 2004. The Eighth Day, translated into English in 2010 ... "",""title"":""https://www.goodreads.com/topic/show/22206030-winners-of-the-naoki-prize""},{""docid"":""18890"",""score"":18.948762010008103,""snippet"":"" ... Scotiabank Giller Prize short list nominee in 2005, winner of the city of Toronto Book Award in 2000 and the recipient of the CBC Canadian Literary Award for short fiction in 2001. Her books have been published in 18 countries and translated into 14 languages and she was ... "",""title"":""https://www.yorku.ca/laps/huma/canadian-writers/""},{""docid"":""10270"",""score"":18.80404548177957,""snippet"":"" ... She translated the work into English, and during this time she also began translating Italian-language books by other authors. Her translation of Domenico Starnone's Trick (2018) was a finalist for a National Book Award for translated literature. These experiences inspired the essay collection Translating Myself and ... "",""title"":""https://www.britannica.com/biography/Jhumpa-Lahiri""},{""docid"":""70306"",""score"":18.743737004109555,""snippet"":"" ... Margaret Doody is also the author of the \""Aristotle Detective\"" series of novels, translated into many languages including French, Italian, Portuguese, Spanish and Greek. The most recent is Mysteries of Eleusis (2006). The latest \""Aristotle and the Egyptian Murders\"" is to come out in Italian in late 2010 ... "",""title"":""https://english.nd.edu/people/emeriti/""}]"
2,45,2026-09-15T12:52:11.205266+00:00,Man Asian Literary Prize winner 2010s book published preceding year,"[""man"",""asian"",""literary"",""prize"",""winner"",""2010s"",""book"",""published"",""preceding"",""year""]","""man"" OR ""asian"" OR ""literary"" OR ""prize"" OR ""winner"" OR ""2010s"" OR ""book"" OR ""published"" OR ""preceding"" OR ""year""",8,15450b4f07d4147785b7bca0ca0d11bf8cf1a0962ffca7513dea74ae07b4dfc5,32879221cef45e5b2c73175e3f7c8b4664858cc154b23722ff5a5ddb0367baf1,False,"[""d23"",""d24"",""d6"",""d25"",""d26"",""d20"",""d27"",""d28""]","[""56475"",""34459"",""3002"",""54094"",""605"",""18890"",""25716"",""32938""]","[{""docid"":""56475"",""score"":23.0358468733459,""snippet"":"" ... Center for Book Arts, 2006. Print.\n\nWinner of the Center for Book Arts Chapbook Prize, selected by Albert Goldbarth\n\nFilm History as Train Wreck was published in 2006 by Center for Book Arts as a letterpress chapbook printed by Barbara Henry in an edition of 100.\n\nRead more ... "",""title"":""https://english.wisc.edu/department-life/faculty-bookshelf/""},{""docid"":""34459"",""score"":22.740873343159834,""snippet"":"" ... book of poetry written by an American and published during the preceding two years.\n\nThe Bollingen Prize for Poetry, which is currently awarded every two years by Beinecke Library of Yale University, is a prestigious literary honor bestowed on an American poet in recognition of the best book ... "",""title"":""https://americanwritersmuseum.org/literary-links/literary-awards/?srsltid=AfmBOooYIGTV-EUbGd9xDLmBUtcV_Ts9VM7oqhh4K0lfwTLcUoKmITFg""},{""docid"":""3002"",""score"":22.703602677634375,""snippet"":"" ... books published in 1970 were not considered for the Booker in either year. Forty years later, the Booker Prize Foundation announced in January 2010 the creation of a special award called the \""Lost Man Booker Prize\"", with the winner chosen from a longlist of 22 novels published in ... "",""title"":""https://en.wikipedia.org/wiki/Booker_Prize""},{""docid"":""54094"",""score"":22.447165870157914,""snippet"":"" ... In 1973, he published Gravity's Rainbow, a leading work in this genre, which won the National Book Award and was unanimously nominated for the Pulitzer Prize for Fiction that year. His other major works include his debut, V. (1963), The Crying of Lot 49 (1966), Mason & Dixon ... "",""title"":""https://en.wikipedia.org/wiki/American_literature""},{""docid"":""605"",""score"":22.391281503269493,""snippet"":"" ... International IMPAC Dublin Literary Award 2012. Retrieved 23 January 2015.\n* Financial Times 2010 Fiction of the YearBlau, Rosie (3 December 2010). FT Fiction Round-up 2010. Financial Times, Fiction Round-up 2010. Retrieved 25 January 2015.\n\nLife of Pi\n\n* Winner of the 2002 Man Booker Prize for FictionLife ... "",""title"":""https://en.wikipedia.org/wiki/Yann_Martel""},{""docid"":""18890"",""score"":21.806921998472724,""snippet"":"" ... In 2008 he published his fifth novel, The Retreat, which was longlisted for the Scotiabank Giller Prize and which won the McNally Robinson Book of the Year Award, and the Margaret Laurence Award for Fiction. In 2010 he was shortlisted again for the Scotiabank Giller Prize for his ... "",""title"":""https://www.yorku.ca/laps/huma/canadian-writers/""},{""docid"":""25716"",""score"":21.551048269069266,""snippet"":"" ... Books must have been published in English during the calendar year preceding the year of the award. Prize: Prizes are awarded annually in two categories – International and Canadian. Each prize is worth C$65,000. Deadline: June 30, 2023.\n\nShady Grove Literary. Genre: Any style, genre, tone of ... "",""title"":""https://ericaverrillo.com/blog/71-writing-contests-in-june-2023-no-entry-fees""},{""docid"":""32938"",""score"":21.548840865154936,""snippet"":"" ... The judges usually include contemporary writers, literary critics, and former winners of the prize. Occasionally, when consensus cannot be reached between judges over disputes about the winning story or the quality of work for that half year, no prize is awarded. From 1945 through 1948 no prizes were ... "",""title"":""https://en.wikipedia.org/wiki/Akutagawa_Prize""}]"
2,54,2026-09-15T12:52:12.471957+00:00,International Booker Prize 2016 winner book published 2015,"[""international"",""booker"",""prize"",""2016"",""winner"",""book"",""published"",""2015""]","""international"" OR ""booker"" OR ""prize"" OR ""2016"" OR ""winner"" OR ""book"" OR ""published"" OR ""2015""",8,f79357f03df98a9c94d830f2428fba6ca814f623c4fa2db26f28f39d918bf842,668dbf26276a6cd58366913726c4e11b524bbe55ca058856815581448fe92524,False,"[""d6"",""d29"",""d26"",""d30"",""d31"",""d32"",""d33"",""d34""]","[""3002"",""38708"",""605"",""62176"",""54683"",""46195"",""65921"",""53487""]","[{""docid"":""3002"",""score"":24.724257494966793,""snippet"":"" ... world may qualify, the Man Booker International Prize, was inaugurated in 2005. Until 2015, it was given every two years to a living author of any nationality for a body of work published in English or generally available in English translation. In 2016, the award was significantly reconfigured ... "",""title"":""https://en.wikipedia.org/wiki/Booker_Prize""},{""docid"":""38708"",""score"":23.91812625378851,""snippet"":"" ... Allfrey |\n| 2015 | Longlist | Anna Smaill | The Chimes | Hodder & Stoughton | * Michael Wood (chair) * John Burnside * Sam Leith * Frances Osborne * Ellah Wakatama Allfrey |\n| 2016 The Booker Prizes |url= |url-status=live |archive-url= |archive-date=6 February 2023 |access-date=2022-10-19 |website=thebookerprizes.com |language=en}} | Winner | Paul ... "",""title"":""https://en.wikipedia.org/wiki/List_of_winners_and_nominated_authors_of_the_Booker_Prize""},{""docid"":""605"",""score"":23.579005445385505,""snippet"":"" ... 2012 . International IMPAC Dublin Literary Award 2012. Retrieved 23 January 2015.\n* Financial Times 2010 Fiction of the YearBlau, Rosie (3 December 2010). FT Fiction Round-up 2010. Financial Times, Fiction Round-up 2010. Retrieved 25 January 2015.\n\nLife of Pi\n\n* Winner of the 2002 Man Booker Prize for ... "",""title"":""https://en.wikipedia.org/wiki/Yann_Martel""},{""docid"":""62176"",""score"":23.51512607645674,""snippet"":"" ... The book was the joint winner of the 2019 Booker Prize.\n\nNonfiction\n\nIn 2008, Atwood published Payback: Debt and the Shadow Side of Wealth, a collection of five lectures delivered as part of the Massey Lectures from October 12 to November 1, 2008. The book was released in ... "",""title"":""https://en.wikipedia.org/wiki/Margaret_Atwood""},{""docid"":""54683"",""score"":23.18538600493231,""snippet"":"" ... In 2014, eligibility was extended to authors of any nationality writing in English and published in the UK. Since 2005, a second prize, the International Booker Prize, has also been awarded, which since 2016 has gone to the best work in translation.\n\nThese 70 judges were 57 percent ... "",""title"":""https://pmc.ncbi.nlm.nih.gov/articles/PMC10837049/""},{""docid"":""46195"",""score"":23.15410336276912,""snippet"":"" ... at the International Institute of Modern Letters. Her award-winning debut novel, The Rehearsal, written as her Master's thesis, was published in 2008, and has been adapted into a 2016 film of the same name. Her second novel, The Luminaries, won the 2013 Booker Prize, making Catton ... "",""title"":""https://en.wikipedia.org/wiki/Eleanor_Catton""},{""docid"":""65921"",""score"":23.062535879865646,""snippet"":"" ... the Pulitzer Prize for Poetry, the Man Booker Prize, the National Book Critics Circle Award, the Booker International Prize, the International Dublin IMPAC Award and the National Book Award. In 2022, The Center for Fiction awarded Noor Naga's If an Egyptian Cannot Speak English, published by Graywolf ... "",""title"":""https://centerforfiction.org/grants-awards/medal-for-editorial-excellence/medal-for-editorial-excellence-past-recipients/""},{""docid"":""53487"",""score"":23.01029184418475,""snippet"":"" ... The Man Group invested in the prize from 2005 to 2015 renaming it the Man Booker Prize and awarding it every two years. Previously, the Man Booker Prize accepted work from the Commonwealth, Zimbabwe, and Ireland, but from 2014 the international Prize was widened to accept any writing ... "",""title"":""https://www.worldatlas.com/articles/the-most-prestigious-literary-awards-in-the-world.html""}]"
2,63,2026-09-15T12:52:13.247266+00:00,Man Booker International Prize created 2005 translated 25 languages,"[""man"",""booker"",""international"",""prize"",""created"",""2005"",""translated"",""25"",""languages""]","""man"" OR ""booker"" OR ""international"" OR ""prize"" OR ""created"" OR ""2005"" OR ""translated"" OR ""25"" OR ""languages""",8,a7403f0546a4de1c44bf0af2d5353ca9bf69ea93fd0de7b0547363063b940b18,609199976f7a909e01db7deaa5a34014fd7642e38eda3844a92d08201ecd31db,False,"[""d6"",""d35"",""d34"",""d36"",""d37"",""d29"",""d38"",""d39""]","[""3002"",""8674"",""53487"",""58655"",""47787"",""38708"",""73582"",""14924""]","[{""docid"":""3002"",""score"":25.221018034310703,""snippet"":"" ... Related awards for translated works\n\nA separate prize for which any living writer in the world may qualify, the Man Booker International Prize, was inaugurated in 2005. Until 2015, it was given every two years to a living author of any nationality for a body of work published ... "",""title"":""https://en.wikipedia.org/wiki/Booker_Prize""},{""docid"":""8674"",""score"":23.679087714660184,""snippet"":"" ... His two novels, The Fishermen (2015) and An Orchestra of Minorities (2019) were shortlisted for The Booker Prize and have been translated into 30 languages. He has an LA Times book prize, the prestigious Internationalerpris, FT/Oppenheimer prize for fiction, an NAACP Image award and has been nominated ... "",""title"":""https://www.oxbelly.com/fiction-writers-program/advisors""},{""docid"":""53487"",""score"":23.025050990586962,""snippet"":"" ... the prize from 2005 to 2015 renaming it the Man Booker Prize and awarding it every two years. Previously, the Man Booker Prize accepted work from the Commonwealth, Zimbabwe, and Ireland, but from 2014 the international Prize was widened to accept any writing in English language. An author ... "",""title"":""https://www.worldatlas.com/articles/the-most-prestigious-literary-awards-in-the-world.html""},{""docid"":""58655"",""score"":22.5641301999741,""snippet"":"" ... In London, Geetanjali Shree and Daisy Rockwell Win the 2022 International Booker Prize\nauthor: Porter Anderson\ndate: 2022-05-26\n---\n'Tomb of Sand' is the first novel translated from an Indian language to win the award. Shree and Rockwell split the International Booker's £50,000 purse.\n\nBy ... "",""title"":""https://publishingperspectives.com/2022/05/geetanjali-shree-and-daisy-rockwell-win-the-international-booker-prize/""},{""docid"":""47787"",""score"":22.36150073629875,""snippet"":"" ... Winner of the 2017 Man Booker International Prize.\n\nHerrera explores the crossings and translations people make in their minds and language as they move from one country to another, especially when there's no going back. Traversing this lonely territory is Makina, a young woman who knows only ... "",""title"":""https://www.nypl.org/spotlight/world-literature-festival/recommended-translations""},{""docid"":""38708"",""score"":22.28906651761118,""snippet"":"" ... Coetzee | Slow Man | Secker & Warburg | *John Sutherland (chair) *Lindsay Duguid *Rick Gekoski *Josephine Hart *David Sexton |\n| 2005 The Booker Prizes |url= |access-date=2022-10-19 |website=thebookerprizes.com |language=en |archive-date=10 December 2022 |archive-url= |url-status=live }} | Longlist | Rachel Cusk | In the Fold | Faber ... "",""title"":""https://en.wikipedia.org/wiki/List_of_winners_and_nominated_authors_of_the_Booker_Prize""},{""docid"":""73582"",""score"":22.22297566145696,""snippet"":"" ... Founded in 1950, the National Book Awards committee meets annually and handpicks 25 \""distinguished writers, translators, critics, librarians, and booksellers\"" to form the judging committee for the National Book Awards.\n\n-\n\nThe Neustadt International Prize for Literature\n\nThe Neustadt International Prize for Literature, which used to be called the ... "",""title"":""https://theurbanwriters.com/blogs/publishing/13-most-prestigious-literary-awards-for-book-authors""},{""docid"":""14924"",""score"":22.17619986393075,""snippet"":"" ... Porcupine (1992)\n* England, England (1998) – shortlisted for the Booker Prize\n* Love, etc (2000) – sequel to Talking it Over\n* Arthur & George (2005) – shortlisted for the Man Booker Prize\n* The Sense of an Ending (2011) – winner of the Man Booker Prize\n* The Noise of Time (2016)\n* The Only Story (2018 ... "",""title"":""https://en.wikipedia.org/wiki/Julian_Barnes""}]"
3,79,2026-09-15T12:52:18.937547+00:00,Man Asian Literary Prize winners list 2010 2011 2012 2013,"[""man"",""asian"",""literary"",""prize"",""winners"",""list"",""2010"",""2011"",""2012"",""2013""]","""man"" OR ""asian"" OR ""literary"" OR ""prize"" OR ""winners"" OR ""list"" OR ""2010"" OR ""2011"" OR ""2012"" OR ""2013""",8,2eec7ced44a55e0361d8bb8feb54e6e7b130abcdc1f67211584d99369bc1dc3d,1dbe68486fe1be6c8c0d43a13a4268552ef9eb4f82d7f1f14b335ec68fc26235,False,"[""d26"",""d40"",""d41"",""d6"",""d42"",""d28"",""d43"",""d44""]","[""605"",""56224"",""23230"",""3002"",""81437"",""32938"",""89168"",""70533""]","[{""docid"":""605"",""score"":27.870518730389463,""snippet"":"" ... List 2012 . International IMPAC Dublin Literary Award 2012. Retrieved 23 January 2015.\n* Financial Times 2010 Fiction of the YearBlau, Rosie (3 December 2010). FT Fiction Round-up 2010. Financial Times, Fiction Round-up 2010. Retrieved 25 January 2015.\n\nLife of Pi\n\n* Winner of the 2002 Man Booker Prize ... "",""title"":""https://en.wikipedia.org/wiki/Yann_Martel""},{""docid"":""56224"",""score"":26.964016867492415,""snippet"":"" ... Recent prize winners are listed below.\n\nAlice Davis Hitchcock Book Award (Society of Architectural Historians)\n\n2004: Jordan Sand, House and Home in Modern Japan: Architecture, Domestic Space, and Bourgeois Culture, 1880–1930 (HEAM 223)\n\nAldo and Jeanne Scaglione Prize for East Asian Studies (Modern Language Association of America ... "",""title"":""https://asiacenter.harvard.edu/publications/awards""},{""docid"":""23230"",""score"":26.244768173881237,""snippet"":"" ... His previous collections include Phantom Camera (winner of the 2012 Green Rose Prize in Poetry from New Issues Press), Carrier Wave (winner of the 2006 Colorado Prize for Poetry from the Center for Literary Publishing at Colorado State University), and the digital chapbook The Tallest Building in America ... "",""title"":""https://artsandsciences.syracuse.edu/english-department/creative-writing-mf-program/raymond-carver-reading-series/previous-raymond-carver-reading-series/""},{""docid"":""3002"",""score"":26.062570283426503,""snippet"":"" ... Gathering | Literary fiction | |\n| 2008 | Aravind Adiga | The White Tiger | Literary fiction | |\n| 2009 | Hilary Mantel | Wolf Hall | Historical fiction | |\n| 2010 | Howard Jacobson | The Finkler Question | Comic novel | |\n| 2011 | Julian Barnes | The Sense of an Ending | Literary fiction | |\n| 2012 | Hilary Mantel | Bring Up the Bodies | Historical fiction | |\n| 2013 | Eleanor Catton ... "",""title"":""https://en.wikipedia.org/wiki/Booker_Prize""},{""docid"":""81437"",""score"":26.02953740110122,""snippet"":"" ... His short story \""Miracle\"" garnered him the award in 2013 and his story \""Genesis\"" was shortlisted for the 2016 Caine Prize. Folarin's first novel, A Particular Kind of Black Man, was released in 2019. He was also recently named to the Africa39 list of the most promising ... "",""title"":""https://guides.loc.gov/african-jewish-middle-east-studies/african-studies/event-videos""},{""docid"":""32938"",""score"":26.00273970773552,""snippet"":"" ... Jesse Kirkwood, Penguin, 2025)\n\nCurrent members of the selection committee and year appointed\n\n*Amy Yamada, 2003\n*Hiromi Kawakami, 2007\n*Yōko Ogawa, 2007\n*Masahiko Shimada, 2010\n*Hikaru Okuizumi, 2012\n*Shuichi Yoshida, 2016\n*Hisaki Matsuura, 2019\n*Keiichiro Hirano, 2020\n*Mieko Kawakami, 2024\n\nSee also\n\n* List of Japanese literary awards\n\nReferences ... "",""title"":""https://en.wikipedia.org/wiki/Akutagawa_Prize""},{""docid"":""89168"",""score"":25.7702642803412,""snippet"":"" ... She is also the winner of the 2011 Obie Award and 2019 Obie Award for Sustained Excellence.\n\nPEN/Nora Magid Award for Magazine Editing ($2,500)\n\nPATRICK COTTRELL is the author of Sorry to Disrupt the Peace (McSweeney's, 2017) which was long-listed for The Times Literary ... "",""title"":""https://pen.org/meet-the-2021-literary-awards-judges/""},{""docid"":""70533"",""score"":25.166548557866484,""snippet"":"" ... mysteries of 2013 by the Wall Street Journal. A new biography of Henry Miller, titled The Unknown Henry Miller, was called 'the best book ever written about my father' by Miller's son, Tony.\""\n\nYou can read more about Mo Yan, the 2012 Nobel Prize winner, in the ... "",""title"":""https://www.independentpublisher.com/article.php?page=1885""}]"
3,87,2026-09-15T12:52:19.790105+00:00,Man Asian Literary Prize shortlist nominees 2010s,"[""man"",""asian"",""literary"",""prize"",""shortlist"",""nominees"",""2010s""]","""man"" OR ""asian"" OR ""literary"" OR ""prize"" OR ""shortlist"" OR ""nominees"" OR ""2010s""",8,37fecac8b72c462cbaa6a3514ea33aa11279d3cc55c231dc61c31325c6a15558,ecc6566051b1d8ca839d7c374ddd0c5c709e918f9089d32a169a12d1b00c5426,False,"[""d6"",""d31"",""d20"",""d41"",""d45"",""d46"",""d47"",""d48""]","[""3002"",""54683"",""18890"",""23230"",""75261"",""14504"",""37956"",""41360""]","[{""docid"":""3002"",""score"":31.53461049000705,""snippet"":"" ... A Russian version of the Booker Prize was created in 1992 called the Booker-Open Russia Literary Prize, also known as the Russian Booker Prize. In 2007, Man Group plc established the Man Asian Literary Prize, an annual literary award given to the best novel by an Asian ... "",""title"":""https://en.wikipedia.org/wiki/Booker_Prize""},{""docid"":""54683"",""score"":27.514189141433054,""snippet"":"" ... Long-term literary retention is also predicted by having been shortlisted for the Booker Prize, a novel having been published with a conglomerate press, having won other literary prizes, having been turned into a movie or show, and the publisher having offices in London's Bloomsbury district (in ... "",""title"":""https://pmc.ncbi.nlm.nih.gov/articles/PMC10837049/""},{""docid"":""18890"",""score"":27.513634166000497,""snippet"":"" ... Prize. She is the youngest writer to receive this award. Skribsrud has also published two books of poetry, Late Nights with Wild Cowboys in 2008 and I Do Not Think That I Could Love a Human Being in 2010. Late Nights with Wild Cowboys was a shortlisted nominee ... "",""title"":""https://www.yorku.ca/laps/huma/canadian-writers/""},{""docid"":""23230"",""score"":26.88983091356836,""snippet"":"" ... Major Jackson\n\nOctober 27, 2021\n\nMajor Jackson is the author of five books of poetry, including The Absurd Man (2020), Roll Deep (2015), Holding Company (2010), Hoops (2006) and Leaving Saturn (2002), which won the Cave Canem Poetry Prize for a first book of poems. His edited volumes ... "",""title"":""https://artsandsciences.syracuse.edu/english-department/creative-writing-mf-program/raymond-carver-reading-series/previous-raymond-carver-reading-series/""},{""docid"":""75261"",""score"":25.151369125074034,""snippet"":"" ... Her work has been shortlisted for the Marina Nemat Award, a finalist for The Janice Colbert Poetry Award, longlisted for the Puritan's Thomas Morton Memorial Prize for short story, published in a Penguin Random House chapbook and in online literary magazines. Kath holds a Certificate in creative ... "",""title"":""https://www.gritlit.ca/authors""},{""docid"":""14504"",""score"":25.015722404450973,""snippet"":"" ... In the best director category, Ang Lee became the first Asian nominee to win the award, for Brokeback Mountain in 2006.\n\nIn 2020, the directing prize went to Parasite's Bong Joon-ho.\n\nThe 2021 shortlist featured the most diverse nominations ever, with nine of the 20 actors ... "",""title"":""https://news.sky.com/story/oscars-diversity-v-data-what-analysis-of-96-years-of-winners-tells-us-about-the-academy-awards-11635455""},{""docid"":""37956"",""score"":24.55873905282289,""snippet"":"" ... A Pushcart Prize and Best of the Net nominee, she has contributed to Whale Road Review, Santa Fe Literary Review, Dappled Things, Cumberland River Review, The Cresset, EcoTheo Review, Poets Reading the News, and other publications.\n\nAMANDA HOPE lives in eastern Massachusetts with her partner and cats. A ... "",""title"":""https://lilypoetryreview.blog/issue-six-contributors/""},{""docid"":""41360"",""score"":24.475522021318316,""snippet"":"" ... 2019\n\nNo major changes for the press, but another good year for prize attention. Amy Arnold's Slip of a Fish landed a 2019 Goldsmiths Prize shortlisting, while Alia Trabucco Zerán's The Remainder was shortlisted for the Man Booker International Prize. Multiple translation prize wins and shortlistings ... "",""title"":""https://www.andotherstories.org/about-us/""}]"
3,94,2026-09-15T12:52:20.351214+00:00,Man Asian Literary Prize Wikipedia,"[""man"",""asian"",""literary"",""prize"",""wikipedia""]","""man"" OR ""asian"" OR ""literary"" OR ""prize"" OR ""wikipedia""",8,8a8636c1105d33471cd9a3e443710eb30d620359f1d2689b8f31d8569a30cee4,0d1bc4acd045a81dc0373ab19162543b52b13a401b63ba77cb77de7d689ff5bb,False,"[""d28"",""d6"",""d49"",""d26"",""d25"",""d50"",""d51"",""d52""]","[""32938"",""3002"",""96517"",""605"",""54094"",""3542"",""25454"",""80942""]","[{""docid"":""32938"",""score"":17.089445114989296,""snippet"":"" ... Akutagawa Prize - Wikipedia\nauthor: Authority control databases National France BnF data Japan\ndate: 2004-01-20\n---\nname: Akutagawa Prize\nsubheader: 芥川龍之介賞 (Akutagawa Ryūnosuke Shō)\nawarded_for: Best published literary story by a rising author\npresenter: Society for the Promotion of Japanese Literature\ncountry: Japan\ndate: 10 08 1935 ... "",""title"":""https://en.wikipedia.org/wiki/Akutagawa_Prize""},{""docid"":""3002"",""score"":16.827539437357,""snippet"":"" ... A Russian version of the Booker Prize was created in 1992 called the Booker-Open Russia Literary Prize, also known as the Russian Booker Prize. In 2007, Man Group plc established the Man Asian Literary Prize, an annual literary award given to the best novel by an Asian ... "",""title"":""https://en.wikipedia.org/wiki/Booker_Prize""},{""docid"":""96517"",""score"":16.75118395066134,""snippet"":"" ... The Asian/Pacific American Awards for Literature are administered by the Asian/Pacific American Librarians Association to honor outstanding literary works by or about Asian/Pacific Americans. Books in various genres written by or about Asian/Pacific Americans are eligible.\n\n31. Aspen Words Literary Prize:\n\nThe Aspen Words ... "",""title"":""https://mybookcave.com/authorpost/the-ultimate-list-of-book-awards-and-author-recognitions-part-one-american-awards/""},{""docid"":""605"",""score"":16.581281691036246,""snippet"":"" ... International IMPAC Dublin Literary Award 2012. Retrieved 23 January 2015.\n* Financial Times 2010 Fiction of the YearBlau, Rosie (3 December 2010). FT Fiction Round-up 2010. Financial Times, Fiction Round-up 2010. Retrieved 25 January 2015.\n\nLife of Pi\n\n* Winner of the 2002 Man Booker Prize for FictionLife ... "",""title"":""https://en.wikipedia.org/wiki/Yann_Martel""},{""docid"":""54094"",""score"":15.672636665468133,""snippet"":"" ... Among the most decorated American writers of his generation, he has won every major American literary award, including the Pulitzer Prize for his major novel American Pastoral (1997).\n\nIn the realm of African-American literature, Ralph Ellison's 1952 novel Invisible Man was instantly recognized as among the ... "",""title"":""https://en.wikipedia.org/wiki/American_literature""},{""docid"":""3542"",""score"":15.631760434997837,""snippet"":"" ... The English translation of the novel appeared in the long list of Man Asian Literary Prize 2012 and in the short list of the DSC Prize for South Asian Literature 2013. It won the Kerala Sahitya Akademi Award for Novel for Benyamin in 2009.\n\nSynopsis\n\nThe book is ... "",""title"":""https://en.wikipedia.org/wiki/Aadujeevitham""},{""docid"":""25454"",""score"":15.445091736432937,""snippet"":"" ... 2006, Asian/Pacific American Awards for Literature Honorable Mention for Saving Fish From Drowning\n* The Joy Luck Club selected for the National Endowment for the Arts' Big Read\n* The New York Times Notable Book\n* Booklist Editors Choice\n* Finalist for the Orange Prize\n* Nominated for the Orange Prize\n* Nominated ... "",""title"":""https://en.wikipedia.org/wiki/Amy_Tan""},{""docid"":""80942"",""score"":15.390434296795723,""snippet"":"" ... His acclaimed new novel, Between Clay and Dust, was shortlisted for The Man Asian Literary Prize 2012 and longlisted for the 2013 DSC Prize for South Asian Literature. Farooqi's second novel, The Story of a Widow, was shortlisted for the DSC Prize for South Asian Literature 2011 ... "",""title"":""https://lithub.com/20-writers-from-around-the-world-on-the-olympics/""}]"
4,110,2026-09-15T12:52:24.793250+00:00,Man Asian Literary Prize Wikipedia,"[""man"",""asian"",""literary"",""prize"",""wikipedia""]","""man"" OR ""asian"" OR ""literary"" OR ""prize"" OR ""wikipedia""",10,aeeb89676415a37e00f3295d6c66082a96d8e983774b07a40e01989e3caabca8,066fa16c1e6310d352c42ed414761691fb79882bc32c6580d52dab9fe20aba5b,False,"[""d28"",""d6"",""d49"",""d26"",""d25"",""d50"",""d51"",""d52"",""d53"",""d24""]","[""32938"",""3002"",""96517"",""605"",""54094"",""3542"",""25454"",""80942"",""6058"",""34459""]","[{""docid"":""32938"",""score"":17.089445114989296,""snippet"":"" ... Akutagawa Prize - Wikipedia\nauthor: Authority control databases National France BnF data Japan\ndate: 2004-01-20\n---\nname: Akutagawa Prize\nsubheader: 芥川龍之介賞 (Akutagawa Ryūnosuke Shō)\nawarded_for: Best published literary story by a rising author\npresenter: Society for the Promotion of Japanese Literature\ncountry: Japan\ndate: 10 08 1935 ... "",""title"":""https://en.wikipedia.org/wiki/Akutagawa_Prize""},{""docid"":""3002"",""score"":16.827539437357,""snippet"":"" ... A Russian version of the Booker Prize was created in 1992 called the Booker-Open Russia Literary Prize, also known as the Russian Booker Prize. In 2007, Man Group plc established the Man Asian Literary Prize, an annual literary award given to the best novel by an Asian ... "",""title"":""https://en.wikipedia.org/wiki/Booker_Prize""},{""docid"":""96517"",""score"":16.75118395066134,""snippet"":"" ... The Asian/Pacific American Awards for Literature are administered by the Asian/Pacific American Librarians Association to honor outstanding literary works by or about Asian/Pacific Americans. Books in various genres written by or about Asian/Pacific Americans are eligible.\n\n31. Aspen Words Literary Prize:\n\nThe Aspen Words ... "",""title"":""https://mybookcave.com/authorpost/the-ultimate-list-of-book-awards-and-author-recognitions-part-one-american-awards/""},{""docid"":""605"",""score"":16.581281691036246,""snippet"":"" ... International IMPAC Dublin Literary Award 2012. Retrieved 23 January 2015.\n* Financial Times 2010 Fiction of the YearBlau, Rosie (3 December 2010). FT Fiction Round-up 2010. Financial Times, Fiction Round-up 2010. Retrieved 25 January 2015.\n\nLife of Pi\n\n* Winner of the 2002 Man Booker Prize for FictionLife ... "",""title"":""https://en.wikipedia.org/wiki/Yann_Martel""},{""docid"":""54094"",""score"":15.672636665468133,""snippet"":"" ... Among the most decorated American writers of his generation, he has won every major American literary award, including the Pulitzer Prize for his major novel American Pastoral (1997).\n\nIn the realm of African-American literature, Ralph Ellison's 1952 novel Invisible Man was instantly recognized as among the ... "",""title"":""https://en.wikipedia.org/wiki/American_literature""},{""docid"":""3542"",""score"":15.631760434997837,""snippet"":"" ... The English translation of the novel appeared in the long list of Man Asian Literary Prize 2012 and in the short list of the DSC Prize for South Asian Literature 2013. It won the Kerala Sahitya Akademi Award for Novel for Benyamin in 2009.\n\nSynopsis\n\nThe book is ... "",""title"":""https://en.wikipedia.org/wiki/Aadujeevitham""},{""docid"":""25454"",""score"":15.445091736432937,""snippet"":"" ... 2006, Asian/Pacific American Awards for Literature Honorable Mention for Saving Fish From Drowning\n* The Joy Luck Club selected for the National Endowment for the Arts' Big Read\n* The New York Times Notable Book\n* Booklist Editors Choice\n* Finalist for the Orange Prize\n* Nominated for the Orange Prize\n* Nominated ... "",""title"":""https://en.wikipedia.org/wiki/Amy_Tan""},{""docid"":""80942"",""score"":15.390434296795723,""snippet"":"" ... His acclaimed new novel, Between Clay and Dust, was shortlisted for The Man Asian Literary Prize 2012 and longlisted for the 2013 DSC Prize for South Asian Literature. Farooqi's second novel, The Story of a Widow, was shortlisted for the DSC Prize for South Asian Literature 2011 ... "",""title"":""https://lithub.com/20-writers-from-around-the-world-on-the-olympics/""},{""docid"":""6058"",""score"":15.108412384586078,""snippet"":"" ... In 2015, Mabanckou was a finalist for the Man Booker International Prize.\n\nThe Refugees by Viet Thanh Nguyen\n\nViet Thanh Nguyen's novel The Sympathizer is a New York Times best seller and won the Pulitzer Prize for Fiction. Other honors include the Dayton Literary Peace Prize, the ... "",""title"":""https://www.aspeninstitute.org/blog-posts/20-new-works-fiction-social-impact/""},{""docid"":""34459"",""score"":14.956238187947548,""snippet"":"" ... The APAALs honor books about Asian/Pacific Americans, their history and culture. Categories have included fiction and non-fiction for adults, picture/illustrated books, and children's/young-adult literature.\n\nThe Aspen Words Literary Prize is a $35,000 annual award for an influential work of fiction that ... "",""title"":""https://americanwritersmuseum.org/literary-links/literary-awards/?srsltid=AfmBOooYIGTV-EUbGd9xDLmBUtcV_Ts9VM7oqhh4K0lfwTLcUoKmITFg""}]"
4,114,2026-09-15T12:52:25.232039+00:00,Man Asian Literary Prize winners 2010 2011 2012 2013 2014,"[""man"",""asian"",""literary"",""prize"",""winners"",""2010"",""2011"",""2012"",""2013"",""2014""]","""man"" OR ""asian"" OR ""literary"" OR ""prize"" OR ""winners"" OR ""2010"" OR ""2011"" OR ""2012"" OR ""2013"" OR ""2014""",10,8900c3fd9c6a0593ac34f95471deac530eb1c9e259e80ee14bb0369fa153f087,d1b4869d21033b0b9ce8612664ebb35b84271563dabd80a37967b45151c7ff89,False,"[""d26"",""d40"",""d41"",""d42"",""d43"",""d6"",""d28"",""d54"",""d55"",""d56""]","[""605"",""56224"",""23230"",""81437"",""89168"",""3002"",""32938"",""3516"",""76542"",""54655""]","[{""docid"":""605"",""score"":28.978451669706438,""snippet"":"" ... International IMPAC Dublin Literary Award 2012. Retrieved 23 January 2015.\n* Financial Times 2010 Fiction of the YearBlau, Rosie (3 December 2010). FT Fiction Round-up 2010. Financial Times, Fiction Round-up 2010. Retrieved 25 January 2015.\n\nLife of Pi\n\n* Winner of the 2002 Man Booker Prize for FictionLife ... "",""title"":""https://en.wikipedia.org/wiki/Yann_Martel""},{""docid"":""56224"",""score"":28.047393562856023,""snippet"":"" ... Daqing and the Formation of the Chinese Socialist State (HYI 110)\n\nFrancis Hsu Book Prize for East Asian Anthropology (American Anthropological Association)\n\n2010: Catherine Clayton, Sovereignty at the Edge: Macau and the Question of Chineseness (HEAM 324)\n\nFranklin R. Buchanan Prize for Asia Curriculum Materials (Association of Asian ... "",""title"":""https://asiacenter.harvard.edu/publications/awards""},{""docid"":""23230"",""score"":27.75995118465687,""snippet"":"" ... Camera (winner of the 2012 Green Rose Prize in Poetry from New Issues Press), Carrier Wave (winner of the 2006 Colorado Prize for Poetry from the Center for Literary Publishing at Colorado State University), and the digital chapbook The Tallest Building in America (Floating Wolf Quarterly 2014). An ... "",""title"":""https://artsandsciences.syracuse.edu/english-department/creative-writing-mf-program/raymond-carver-reading-series/previous-raymond-carver-reading-series/""},{""docid"":""81437"",""score"":27.63453421678136,""snippet"":"" ... 20, 2014)\n\nTope Folarin is the winner of the 2013 Caine Prize for African Writing. His short story \""Miracle\"" garnered him the award in 2013 and his story \""Genesis\"" was shortlisted for the 2016 Caine Prize. Folarin's first novel, A Particular Kind of Black Man, was released ... "",""title"":""https://guides.loc.gov/african-jewish-middle-east-studies/african-studies/event-videos""},{""docid"":""89168"",""score"":27.541330332244698,""snippet"":"" ... A Life Apart (2010), which won the Writers' Guild of Great Britain Award for Best Fiction Book; The Lives of Others (2014), which was shortlisted for the Man Booker Prize and the Costa Best Novel Award, and won the Royal Society of Literature's Encore Award; and A ... "",""title"":""https://pen.org/meet-the-2021-literary-awards-judges/""},{""docid"":""3002"",""score"":27.37023831279337,""snippet"":"" ... White Tiger | Literary fiction | |\n| 2009 | Hilary Mantel | Wolf Hall | Historical fiction | |\n| 2010 | Howard Jacobson | The Finkler Question | Comic novel | |\n| 2011 | Julian Barnes | The Sense of an Ending | Literary fiction | |\n| 2012 | Hilary Mantel | Bring Up the Bodies | Historical fiction | |\n| 2013 | Eleanor Catton | The Luminaries | Historical fiction | |\n| 2014 | Richard Flanagan ... "",""title"":""https://en.wikipedia.org/wiki/Booker_Prize""},{""docid"":""32938"",""score"":27.33992088418869,""snippet"":"" ... 1935\n\nThe is a Japanese literary award presented biannually. Because of its prestige and the considerable attention the winner receives from the media, it is, along with the Naoki Prize, one of Japan's most sought after literary prizes.\n\nHistory\n\nThe Akutagawa Prize was established in 1935 by ... "",""title"":""https://en.wikipedia.org/wiki/Akutagawa_Prize""},{""docid"":""3516"",""score"":27.069308678179212,""snippet"":"" ... and trans-Asian studies; empire and postcolonial studies; critical translation theory; politics of language, literary form, genre; literatures of migration and diaspora\n\nRecent Publications\n\n- Disarming Words: Empire and the Seductions of Translation in Egypt. Berkeley: University of California Press, 2011. Honorable Mention, 2013 Harry Levin Prize of the ... "",""title"":""https://oxfordre.com/literature/page/editorial/editorial-board""},{""docid"":""76542"",""score"":26.527283913240797,""snippet"":"" ... Files\n* Luke Tasker (2013) – wide receiver for the Hamilton Tiger-Cats\n* JC Tretter (2012) – offensive guard for the Green Bay Packers (2013–2016) and Cleveland Browns (2017–2021)\n* Bryan Walters (2010) – wide receiver for the San Diego Chargers 2010–2011, Seattle Seahawks (2012–2014), Jacksonville Jaguars (2015–2016 ... "",""title"":""https://en.wikipedia.org/wiki/List_of_Cornell_University_alumni""},{""docid"":""54655"",""score"":26.12825988745032,""snippet"":"" ... Smith Editors' Prize in Poetry\n\n- Mortal Geography (Persea Books, 2010), winner of the 2009 Lexi Rudnitsky Prize and 2010 California Book Award\n\n- Poems in Best American Poetry 2009, New California Writing 2012 and 2013, The Missouri Review, The Southern Review, and The Threepenny Review\n\n- 2011 National Endowment for ... "",""title"":""https://mfa.english.ufl.edu/about-us/some-alumni-alumnae-of-mfafla/""}]"
4,120,2026-09-15T12:52:26.015370+00:00,Man Asian Literary Prize established 2007 translated 25 languages,"[""man"",""asian"",""literary"",""prize"",""established"",""2007"",""translated"",""25"",""languages""]","""man"" OR ""asian"" OR ""literary"" OR ""prize"" OR ""established"" OR ""2007"" OR ""translated"" OR ""25"" OR ""languages""",10,e84a118c97e6cb60c46b89da9aeed771e163b24f2279dfb272fd82ff3498d34d,6a1b02f33bef61b0daa3a08f272e777ef9de7a4e0a9b6d1d2d6a76efe384aa59,False,"[""d6"",""d20"",""d25"",""d28"",""d57"",""d58"",""d59"",""d60"",""d61"",""d62""]","[""3002"",""18890"",""54094"",""32938"",""76806"",""2064"",""78032"",""73821"",""11091"",""49894""]","[{""docid"":""3002"",""score"":24.583013611471916,""snippet"":"" ... In 2007, Man Group plc established the Man Asian Literary Prize, an annual literary award given to the best novel by an Asian writer, either written in English or translated into English, and published in the previous calendar year.\n\nFor many years, as part of The Times Literature ... "",""title"":""https://en.wikipedia.org/wiki/Booker_Prize""},{""docid"":""18890"",""score"":23.535146458401897,""snippet"":"" ... Scotiabank Giller Prize short list nominee in 2005, winner of the city of Toronto Book Award in 2000 and the recipient of the CBC Canadian Literary Award for short fiction in 2001. Her books have been published in 18 countries and translated into 14 languages and she was ... "",""title"":""https://www.yorku.ca/laps/huma/canadian-writers/""},{""docid"":""54094"",""score"":22.95776151953396,""snippet"":"" ... Moreover, a wealth of oral literary traditions existed on the continent among the numerous different Native American tribes. However, with the onset of English settlement of North America, the English language established a foothold in North America that would spread with the growth of England's political influence ... "",""title"":""https://en.wikipedia.org/wiki/American_literature""},{""docid"":""32938"",""score"":22.82522731019707,""snippet"":"" ... 2007\n*Yōko Ogawa, 2007\n*Masahiko Shimada, 2010\n*Hikaru Okuizumi, 2012\n*Shuichi Yoshida, 2016\n*Hisaki Matsuura, 2019\n*Keiichiro Hirano, 2020\n*Mieko Kawakami, 2024\n\nSee also\n\n* List of Japanese literary awards\n\nReferences\n\nCategory:1935 establishments in Japan\nCategory:Awards established in 1935\nCategory:Japanese-language literary awards\nCategory:Japanese literary ... "",""title"":""https://en.wikipedia.org/wiki/Akutagawa_Prize""},{""docid"":""76806"",""score"":22.820905532509016,""snippet"":"" ... Ukrainian Poetry Series—which features translations of preeminent Ukrainian poets, presented in dual-language format.\n\nShortly after its founding, Holbert moved Lost Horse Press to Sandpoint, Idaho, and in 2004 she established the Idaho Prize for Poetry, a national poetry competition awarding prize money and publication to a ... "",""title"":""https://www.clmp.org/programs-opportunities/firecracker/firecracker-awards-winners-archive/""},{""docid"":""2064"",""score"":22.272505148072987,""snippet"":"" ... It was also awarded France's Prix Femina for a work in translation. Her seventh novel, Someone, was a New York Times bestseller, a finalist for the Dublin IMPAC Award, the National Book Critics Circle Award, the Patterson Prize for Fiction, and the Dayton Literary Peace Prize. Three ... "",""title"":""https://missionandministry.georgetown.edu/conference-participants/""},{""docid"":""78032"",""score"":22.106156833581704,""snippet"":"" ... His work has been translated into over 12 languages. He founded and edits the acclaimed literary journal, Conjunctions, which is celebrating its fortieth anniversary this year, the last three decades of which have been published by Bard College. As well as editing some 75 book-length issues of ... "",""title"":""https://literature.bard.edu/faculty/""},{""docid"":""73821"",""score"":22.079881534468413,""snippet"":"" ... Asian fiction, and was a finalist for both the Man Booker prize and the National Book Award in fiction.\n\nLahiri's first book written in Italian, In Altre Parole, later published in English as In Other Words, explores the often emotionally fraught links between identity and language. Her ... "",""title"":""https://carolinaperformingarts.org/events/jaipur-literature-festival-usa/""},{""docid"":""11091"",""score"":22.043228202851576,""snippet"":"" ... He serves on the advisory boards of the Man Asian Literary Prize, the Indo-US Commission on Museums and Culture, the German Research Foundation, and the Graduate School of North American Studies and the International Research Center \""Interweaving Performance Cultures\"" at Free University Berlin. He has received honorary ... "",""title"":""https://www.infosysprize.org/about-the-prize/categories/humanities.html""},{""docid"":""49894"",""score"":22.000105144044465,""snippet"":"" ... The book was longlisted for the Man Asian Literary Prize in 2011. However, after the 2012 anti-Japanese demonstrations in China, Murakami's books were removed from sale there, along with those of other Japanese authors. Murakami criticized the China–Japan political territorial dispute, characterizing the overwrought nationalistic ... "",""title"":""https://en.wikipedia.org/wiki/Haruki_Murakami""}]"
5,139,2026-09-15T12:52:30.790403+00:00,Jan Michalski Prize winners list 2010s,"[""jan"",""michalski"",""prize"",""winners"",""list"",""2010s""]","""jan"" OR ""michalski"" OR ""prize"" OR ""winners"" OR ""list"" OR ""2010s""",8,4933f639b84bc41b6a16a2417a90212cef8d42d8d72e6cb5e5312646b65fe632,6d3fb2070f2d899432e25d314f735d779f3fe3a3ebd2e4d951ac6e8c81e904de,False,"[""d63"",""d64"",""d41"",""d65"",""d66"",""d67"",""d68"",""d69""]","[""74546"",""67981"",""23230"",""83615"",""5349"",""12093"",""68777"",""22768""]","[{""docid"":""74546"",""score"":20.346517856702725,""snippet"":"" ... 2002-12-17\n---\nThis is a partial list of notable Polish or Polish-speaking or -writing people. People of partial Polish heritage have their respective ancestries credited.\n\nPhysics\n\n*Miedziak Antal\n* Czesław Białobrzeski\n* Andrzej Buras\n* Georges Charpak, 1995 Nobel Prize\n* Jan Kazimierz Danysz\n* Marian Danysz\n* Tomasz Dietl\n* Maria Dworzecka ... "",""title"":""https://en.wikipedia.org/wiki/List_of_Polish_people""},{""docid"":""67981"",""score"":19.88490785794673,""snippet"":"" ... webinar on Tuesday 21 May at 15:00 BST (\n\nLast year, almost 290 papers were eligible for this prize and the editor team whittled this down to a shortlist of 16 (listed below); from these, we selected two joint winners and a runner-up. We felt these best ... "",""title"":""https://journals.biologists.com/dev/article/151/8/dev202948/347021/Development-s-2023-Outstanding-Paper-Prize""},{""docid"":""23230"",""score"":18.7770407675069,""snippet"":"" ... Dark (Northwestern University Press, 2012), winner of the Cave Canem Northwestern University Press Poetry Prize; and Blue-Tail Fly (Wayne State University Press, 2006). Her work has appeared in numerous print and online journals, textbooks, and anthologies, including Poetry, Best American Poetry 2010, 2014, 2017, 2019, and Angles ... "",""title"":""https://artsandsciences.syracuse.edu/english-department/creative-writing-mf-program/raymond-carver-reading-series/previous-raymond-carver-reading-series/""},{""docid"":""83615"",""score"":18.562300413233622,""snippet"":"" ... She is a recipient of the Rome Prize in Literature as well as fellowships from the Lannan, Jan Michalski and Santa Maddalena Foundations. She teaches in the creative writing program at New York University. Her new novel, Audition, will be published by Riverhead Books in 2025.\n\nShe will ... "",""title"":""https://manor-mill.com/prose-authors""},{""docid"":""5349"",""score"":18.288718202506445,""snippet"":"" ... 2024-05-22\n---\nOn challenging preconceived notions\n\nPrelude\n\nJennifer Croft is an author, critic, and translator of Polish, Ukrainian, and Argentine Spanish, and winner of the International Man Booker Prize for her translation of the Nobel Prize-winning Polish novelist Olga Tokarczuk. She lives in Tulsa, Oklahoma, with ... "",""title"":""https://thecreativeindependent.com/people/author-and-translator-jennifer-croft-on-challenging-preconceived-notions/""},{""docid"":""12093"",""score"":17.814648479185394,""snippet"":"" ... 2020)\n\n- Jul 13 Donal Michalsky, American composer, born in Pasadena, California (d. 1975)\n\n- Jul 13 Leroy Vinnegar, American jazz and session bassist (Shelly Manne; Teddy Edwards; Les McCann), born in Indianapolis, Indiana (d. 1999)\n\n- Jul 14 Ole Schmidt, Danish composer and conductor, born in Copenhagen, Denmark (d. 2010 ... "",""title"":""https://www.onthisday.com/music/birthdays/date/1928""},{""docid"":""68777"",""score"":17.4585188498595,""snippet"":"" ... 2021-10-21\n---\nAnnouncing the Winners of the 90th Annual Writer's Digest Writing Competition\n\nCongratulations to the winners of the 90th Annual Writer's Digest Writing Competition!\n\nCongratulations to the winners of the 90th Annual Writer's Digest Writing Competition! For an interview with the Grand Prize ... "",""title"":""https://www.writersdigest.com/wd-competitions/announcing-the-winners-of-the-90th-annual-writers-digest-writing-competition""},{""docid"":""22768"",""score"":16.355476058795553,""snippet"":"" ... She has been a Miles Morland Foundation Writing Scholar (UK), a Writer-in-Residence at the Jan Michalski Foundation for Writing and Literature (Switzerland), a Maison Baldwin St. Paul de Vence Writer-in-Residence (France), an Austrian Federal Chancellery/KulturKontakt Artist-in-Residence (Austria), and has held fellowships ... "",""title"":""https://cmsw.mit.edu/people/lecturers/""}]"
5,149,2026-09-15T12:52:31.592155+00:00,Jan Michalski Prize for Literature founded 2009,"[""jan"",""michalski"",""prize"",""for"",""literature"",""founded"",""2009""]","""jan"" OR ""michalski"" OR ""prize"" OR ""for"" OR ""literature"" OR ""founded"" OR ""2009""",8,3e941f472488f6fccf4b045e8a0402b2f71d8e1ca4a43513beb177dce3faa4d7,7c965d75aecf8d53b340bf56c605e08a36b070f1b021e9a528899d238e6688e0,False,"[""d63"",""d69"",""d66"",""d65"",""d48"",""d64"",""d67"",""d41""]","[""74546"",""22768"",""5349"",""83615"",""41360"",""67981"",""12093"",""23230""]","[{""docid"":""74546"",""score"":20.347077909047066,""snippet"":"" ... Jan Kasprowicz\n* Jan Kochanowski\n* Feliks Konarski\n* Maria Konopnicka\n* Julian Kornhauser\n* Urszula Kozioł\n* Ignacy Krasicki\n* Zygmunt Krasiński\n* Andrzej Krzycki\n* Paweł Kubisz\n* Jalu Kurek\n* Stanisław Jerzy Lec\n* Jan Lechoń\n* Bolesław Leśmian\n* Ewa Lipska\n* Henryka Łazowertówna\n* Tadeusz Miciński\n* Adam Mickiewicz\n* Grazyna Miller, translation\n* Czesław Miłosz, 1980 Nobel Prize in Literature\n* Andrzej ... "",""title"":""https://en.wikipedia.org/wiki/List_of_Polish_people""},{""docid"":""22768"",""score"":19.56006042522943,""snippet"":"" ... She has been a Miles Morland Foundation Writing Scholar (UK), a Writer-in-Residence at the Jan Michalski Foundation for Writing and Literature (Switzerland), a Maison Baldwin St. Paul de Vence Writer-in-Residence (France), an Austrian Federal Chancellery/KulturKontakt Artist-in-Residence (Austria), and has held fellowships ... "",""title"":""https://cmsw.mit.edu/people/lecturers/""},{""docid"":""5349"",""score"":19.22110083205901,""snippet"":"" ... I mean, I love them for other reasons. I've made really great friends, met artists that I wouldn't have otherwise. But the ideal space would be this luxury treehouse, at the Jan Michalski Foundation. That's literally the ideal for most people, I would think. Anything ... "",""title"":""https://thecreativeindependent.com/people/author-and-translator-jennifer-croft-on-challenging-preconceived-notions/""},{""docid"":""83615"",""score"":18.808791384273512,""snippet"":"" ... Her work has been translated into over 20 languages and is being adapted for film and television. She is a recipient of the Rome Prize in Literature as well as fellowships from the Lannan, Jan Michalski and Santa Maddalena Foundations. She teaches in the creative writing program at ... "",""title"":""https://manor-mill.com/prose-authors""},{""docid"":""41360"",""score"":18.14591762448021,""snippet"":"" ... Her debut novel We That Are Young won the 2018 Desmond Elliott Prize and was also nominated for international awards including the Rathbones Folio Prize, the Jan Michalski Prize and the Shakti Bhatt First Book Award. It was a Book of the Decade in The Hindu, a top ... "",""title"":""https://www.andotherstories.org/about-us/""},{""docid"":""67981"",""score"":17.730501482979424,""snippet"":"" ... associated with heterozygosity for specific C-terminal FZD2 variants. Although loss-of-function fzd2 mice have previously been found to partially recapitulate the human syndrome – characterised by craniofacial dysmorphism and shortened limbs – this collaborative study, spearheaded by co-first authors Ryan Liegel, Megan Michalski and Sanika Vaidya, not ... "",""title"":""https://journals.biologists.com/dev/article/151/8/dev202948/347021/Development-s-2023-Outstanding-Paper-Prize""},{""docid"":""12093"",""score"":17.48026617969537,""snippet"":"" ... 2008)\n\n- Jan 16 Ezra Sims, American composer of microtonal music, born in Birmingham, Alabama (d. 2015)\n\n- Jan 16 Pilar Lorengar [Lorenza Pilar García], Aragones soprano, born in El Gancho, Zaragoza, Spain (d. 1996)\n\n- Jan 17 Jean Barraqué, French composer, born in Hauts-de-Seine, France (d. 1973)\n\n- Jan ... "",""title"":""https://www.onthisday.com/music/birthdays/date/1928""},{""docid"":""23230"",""score"":17.39007223281351,""snippet"":"" ... It was named a Best Book of 2017 by The San Francisco Chronicle and one of Electric Literature's 15 Best Short Story Collections of 2017. It was also shortlisted for the 2018 Saroyan Prize and longlisted for the 2018 PEN/Robert Bingham Prize for Debut Fiction and ... "",""title"":""https://artsandsciences.syracuse.edu/english-department/creative-writing-mf-program/raymond-carver-reading-series/previous-raymond-carver-reading-series/""}]"
5,152,2026-09-15T12:52:33.062832+00:00,Jan Michalski Prize shortlist translated 25 languages,"[""jan"",""michalski"",""prize"",""shortlist"",""translated"",""25"",""languages""]","""jan"" OR ""michalski"" OR ""prize"" OR ""shortlist"" OR ""translated"" OR ""25"" OR ""languages""",8,8b3f7c51b97f320d25aaee7a607c4d9139928c9312ec2d865c4345e0613969aa,5846be5d07374a72362c020bae06451a50840ae7fbfbbee8becb9186448c54f2,False,"[""d48"",""d64"",""d41"",""d20"",""d3"",""d6"",""d29"",""d66""]","[""41360"",""67981"",""23230"",""18890"",""56350"",""3002"",""38708"",""5349""]","[{""docid"":""41360"",""score"":27.95547061915709,""snippet"":"" ... prize more than once), Praiseworthy wins the UK's James Tait Black Prize and is shortlisted for the Dublin Literary Award and the Climate Fiction Prize, among others. Marosia Castaldi's The Hunger of Women wins the ALTA Prize for Prose (for the best translation from any language ... "",""title"":""https://www.andotherstories.org/about-us/""},{""docid"":""67981"",""score"":27.565761923318448,""snippet"":"" ... webinar on Tuesday 21 May at 15:00 BST (\n\nLast year, almost 290 papers were eligible for this prize and the editor team whittled this down to a shortlist of 16 (listed below); from these, we selected two joint winners and a runner-up. We felt these best ... "",""title"":""https://journals.biologists.com/dev/article/151/8/dev202948/347021/Development-s-2023-Outstanding-Paper-Prize""},{""docid"":""23230"",""score"":24.756573117480936,""snippet"":"" ... Her work has been translated into 21 languages and is being adapted for film and television. A recipient of fellowships from the Lannan, Santa Maddalena, and Jan Michalski foundations, Katie has written for publications including The New York Times Book Review, The Guardian, Granta, BOMB, Triple Canopy, and ... "",""title"":""https://artsandsciences.syracuse.edu/english-department/creative-writing-mf-program/raymond-carver-reading-series/previous-raymond-carver-reading-series/""},{""docid"":""18890"",""score"":23.585614469967588,""snippet"":"" ... Her books have been published in 18 countries and translated into 14 languages and she was named by the jury of the prestigious Orange Prize as one of 21 writers to watch in the new century.\n\nJan. 5 Richard Wagamese - Ragged Company\n\nRichard Wagamese is a proud member ... "",""title"":""https://www.yorku.ca/laps/huma/canadian-writers/""},{""docid"":""56350"",""score"":22.74560893402744,""snippet"":"" ... Her books have been translated into more than fifty languages and have won dozens of international awards, including the Orange Prize, the Guardian Fiction Prize, the Lannan Award for Fiction, and the Commonwealth Poetry Prize for the Americas. Among many other honours, she is a Royal … Read More ... "",""title"":""https://griffinpoetryprize.com/judges/""},{""docid"":""3002"",""score"":22.639477787440022,""snippet"":"" ... Each of the shortlisted authors receives £2,500 and a specially bound edition of their book.\n\nThe original Booker Prize trophy was designed by the artist Jan Pieńkowski and the design was revived for the 2023 prize.\n\n1969–1979\n\nThe first winner of the Booker Prize was P ... "",""title"":""https://en.wikipedia.org/wiki/Booker_Prize""},{""docid"":""38708"",""score"":22.095779797722788,""snippet"":"" ... translated into) the English language.\n\nThere have been three special awards celebrating the Booker's history. In 1993, the \""Booker of Bookers\"" prize was awarded to Salman Rushdie for Midnight's Children (the 1981 winner) as the best novel to win the award in its first 25 years ... "",""title"":""https://en.wikipedia.org/wiki/List_of_winners_and_nominated_authors_of_the_Booker_Prize""},{""docid"":""5349"",""score"":21.841274388784342,""snippet"":"" ... treehouse, at the Jan Michalski Foundation. That's literally the ideal for most people, I would think. Anything that has a little bit of access to nature so that you can take a walk when you need a break.\n\nYou're married to another translator, right? The dynamic ... "",""title"":""https://thecreativeindependent.com/people/author-and-translator-jennifer-croft-on-challenging-preconceived-notions/""}]"
6,164,2026-09-15T12:52:39.404109+00:00,Man Asian Literary Prize Wikipedia winners shortlist,"[""man"",""asian"",""literary"",""prize"",""wikipedia"",""winners"",""shortlist""]","""man"" OR ""asian"" OR ""literary"" OR ""prize"" OR ""wikipedia"" OR ""winners"" OR ""shortlist""",10,aa9714f8e8506b258ed92ddc1a35b880234035348445db715b3e5238df9b306a,e92c032d7d726c8023b2650bbc626fceea8fca5e0b098010f1baeb82eb2376c0,False,"[""d6"",""d53"",""d70"",""d71"",""d39"",""d72"",""d20"",""d3"",""d73"",""d74""]","[""3002"",""6058"",""16447"",""26680"",""14924"",""60594"",""18890"",""56350"",""61601"",""94048""]","[{""docid"":""3002"",""score"":30.04862502387624,""snippet"":"" ... A Russian version of the Booker Prize was created in 1992 called the Booker-Open Russia Literary Prize, also known as the Russian Booker Prize. In 2007, Man Group plc established the Man Asian Literary Prize, an annual literary award given to the best novel by an Asian ... "",""title"":""https://en.wikipedia.org/wiki/Booker_Prize""},{""docid"":""6058"",""score"":26.934078866037105,""snippet"":"" ... In 2015, Mabanckou was a finalist for the Man Booker International Prize.\n\nThe Refugees by Viet Thanh Nguyen\n\nViet Thanh Nguyen's novel The Sympathizer is a New York Times best seller and won the Pulitzer Prize for Fiction. Other honors include the Dayton Literary Peace Prize, the ... "",""title"":""https://www.aspeninstitute.org/blog-posts/20-new-works-fiction-social-impact/""},{""docid"":""16447"",""score"":26.36910760462063,""snippet"":"" ... The Stella Prize was created in 2013 as a reaction to the supposed under-representation of women as winners of literary prizes, in particular the 2011 Miles Franklin Award shortlist. However, since 2013, only one man (A. S. Patrić in 2016) has won the Miles Franklin Award.\n\nRepeat ... "",""title"":""https://en.wikipedia.org/wiki/Miles_Franklin_Award""},{""docid"":""26680"",""score"":25.97344062585679,""snippet"":"" ... Winners and shortlists\n\n1990s\n\n**Table 1**: 1990s Samuel Johnson Prize winners and shortlists\n\n| Year | Author | Title | Result | Ref. |\n|---|---|---|---|---|\n| 1999 | | Stalingrad | | |\n| 1999 | | Hitler 1889–1936: Hubris (about Adolf Hitler) | | |\n| 1999 | | Pilate: The Biography of an Invented Man (about Pontius Pilate) | | |\n| 1999 | | C: Because Cowards Get Cancer Too | | |\n| 1999 | | Coleridge ... "",""title"":""https://en.wikipedia.org/wiki/Baillie_Gifford_Prize""},{""docid"":""14924"",""score"":25.93682209619962,""snippet"":"" ... Austrian State Prize for European Literature\n*2004: Commandeur de L'Ordre des Arts et des Lettres (Chevalier, 1988).\n*2008: San Clemente Literary Prize\n*2011: David Cohen Prize for Literature\n*2011: Man Booker Prize, winner, The Sense of an Ending\n*2011 Costa Book Awards, shortlist, The Sense of an ... "",""title"":""https://en.wikipedia.org/wiki/Julian_Barnes""},{""docid"":""60594"",""score"":25.88570254493317,""snippet"":"" ... 2014 Man Booker Prize (longlist)\n* 2014 California Book Awards Silver Medal Fiction winner for Orfeo\n* 2018 Man Booker Prize (shortlist)\n* 2019 Pulitzer Prize for Fiction\n* 2019 PEN Oakland Josephine Miles Literary Award for The Overstory\n* 2020 William Dean Howells Medal for The Overstory\n* 2021 Booker Prize (shortlist)\n* 2021 ... "",""title"":""https://en.wikipedia.org/wiki/Richard_Powers""},{""docid"":""18890"",""score"":25.884967312445976,""snippet"":"" ... Gibb was the winner of the Trillium Book Award in 2006, a Scotiabank Giller Prize short list nominee in 2005, winner of the city of Toronto Book Award in 2000 and the recipient of the CBC Canadian Literary Award for short fiction in 2001. Her books have been ... "",""title"":""https://www.yorku.ca/laps/huma/canadian-writers/""},{""docid"":""56350"",""score"":25.596449274967156,""snippet"":"" ... A selection of his poetry is collected in Desire Never … Read More\n\nColm Toíbín\n\nColm Toíbín is the author of six novels, including The Master, winner of the International IMPAC Dublin Literary Award and shortlisted for the Man Booker Prize, as well as winner of the LA Times ... "",""title"":""https://griffinpoetryprize.com/judges/""},{""docid"":""61601"",""score"":25.592331384412216,""snippet"":"" ... Mara Polgovsky Ezcurra has been shortlisted for the 2020 Association for the Study of the Arts of the Present (ASAP) Book Prize is winner of the 2019 Art Journal prize from the College Art Association.\n\nBeyond the City and the Bridge: East Asian Immigration in a New Jersey ... "",""title"":""https://www.rutgersuniversitypress.org/awards/""},{""docid"":""94048"",""score"":25.314049491462214,""snippet"":"" ... colonial photography – Shortlisted for the British Academy Book Prize for Global Cultural Understanding 2023\n\nAfrican football migration – Shortlisted for the British Society of Sports History's Lord Aberdare Literary Prize 2023\n\nWorrier state – Shortlisted for MeCCSA Monograph of the Year 2023\n\nThe ideal river – Winner of the BISA ... "",""title"":""https://manchesteruniversitypress.co.uk/award-winning-books/""}]"
6,172,2026-09-15T12:52:39.977843+00:00,Man Asian Literary Prize 2010 2011 2012 2013 2014 winner,"[""man"",""asian"",""literary"",""prize"",""2010"",""2011"",""2012"",""2013"",""2014"",""winner""]","""man"" OR ""asian"" OR ""literary"" OR ""prize"" OR ""2010"" OR ""2011"" OR ""2012"" OR ""2013"" OR ""2014"" OR ""winner""",10,2ba6d474bba6b5c9781f6a5f48f493bdf4d4a4c2cda6932c3747b85500719bd9,84844bfbf6239e8d9020a89d4d0f0f6a584b72ccff36e99cd1ce1bedadac246f,False,"[""d26"",""d40"",""d41"",""d42"",""d43"",""d6"",""d28"",""d54"",""d55"",""d56""]","[""605"",""56224"",""23230"",""81437"",""89168"",""3002"",""32938"",""3516"",""76542"",""54655""]","[{""docid"":""605"",""score"":28.978451669706438,""snippet"":"" ... International IMPAC Dublin Literary Award 2012. Retrieved 23 January 2015.\n* Financial Times 2010 Fiction of the YearBlau, Rosie (3 December 2010). FT Fiction Round-up 2010. Financial Times, Fiction Round-up 2010. Retrieved 25 January 2015.\n\nLife of Pi\n\n* Winner of the 2002 Man Booker Prize for FictionLife ... "",""title"":""https://en.wikipedia.org/wiki/Yann_Martel""},{""docid"":""56224"",""score"":28.047393562856023,""snippet"":"" ... Daqing and the Formation of the Chinese Socialist State (HYI 110)\n\nFrancis Hsu Book Prize for East Asian Anthropology (American Anthropological Association)\n\n2010: Catherine Clayton, Sovereignty at the Edge: Macau and the Question of Chineseness (HEAM 324)\n\nFranklin R. Buchanan Prize for Asia Curriculum Materials (Association of Asian ... "",""title"":""https://asiacenter.harvard.edu/publications/awards""},{""docid"":""23230"",""score"":27.75995118465687,""snippet"":"" ... Camera (winner of the 2012 Green Rose Prize in Poetry from New Issues Press), Carrier Wave (winner of the 2006 Colorado Prize for Poetry from the Center for Literary Publishing at Colorado State University), and the digital chapbook The Tallest Building in America (Floating Wolf Quarterly 2014). An ... "",""title"":""https://artsandsciences.syracuse.edu/english-department/creative-writing-mf-program/raymond-carver-reading-series/previous-raymond-carver-reading-series/""},{""docid"":""81437"",""score"":27.63453421678136,""snippet"":"" ... 20, 2014)\n\nTope Folarin is the winner of the 2013 Caine Prize for African Writing. His short story \""Miracle\"" garnered him the award in 2013 and his story \""Genesis\"" was shortlisted for the 2016 Caine Prize. Folarin's first novel, A Particular Kind of Black Man, was released ... "",""title"":""https://guides.loc.gov/african-jewish-middle-east-studies/african-studies/event-videos""},{""docid"":""89168"",""score"":27.541330332244698,""snippet"":"" ... A Life Apart (2010), which won the Writers' Guild of Great Britain Award for Best Fiction Book; The Lives of Others (2014), which was shortlisted for the Man Booker Prize and the Costa Best Novel Award, and won the Royal Society of Literature's Encore Award; and A ... "",""title"":""https://pen.org/meet-the-2021-literary-awards-judges/""},{""docid"":""3002"",""score"":27.37023831279337,""snippet"":"" ... White Tiger | Literary fiction | |\n| 2009 | Hilary Mantel | Wolf Hall | Historical fiction | |\n| 2010 | Howard Jacobson | The Finkler Question | Comic novel | |\n| 2011 | Julian Barnes | The Sense of an Ending | Literary fiction | |\n| 2012 | Hilary Mantel | Bring Up the Bodies | Historical fiction | |\n| 2013 | Eleanor Catton | The Luminaries | Historical fiction | |\n| 2014 | Richard Flanagan ... "",""title"":""https://en.wikipedia.org/wiki/Booker_Prize""},{""docid"":""32938"",""score"":27.339920884188686,""snippet"":"" ... 1935\n\nThe is a Japanese literary award presented biannually. Because of its prestige and the considerable attention the winner receives from the media, it is, along with the Naoki Prize, one of Japan's most sought after literary prizes.\n\nHistory\n\nThe Akutagawa Prize was established in 1935 by ... "",""title"":""https://en.wikipedia.org/wiki/Akutagawa_Prize""},{""docid"":""3516"",""score"":27.069308678179215,""snippet"":"" ... and trans-Asian studies; empire and postcolonial studies; critical translation theory; politics of language, literary form, genre; literatures of migration and diaspora\n\nRecent Publications\n\n- Disarming Words: Empire and the Seductions of Translation in Egypt. Berkeley: University of California Press, 2011. Honorable Mention, 2013 Harry Levin Prize of the ... "",""title"":""https://oxfordre.com/literature/page/editorial/editorial-board""},{""docid"":""76542"",""score"":26.527283913240797,""snippet"":"" ... Files\n* Luke Tasker (2013) – wide receiver for the Hamilton Tiger-Cats\n* JC Tretter (2012) – offensive guard for the Green Bay Packers (2013–2016) and Cleveland Browns (2017–2021)\n* Bryan Walters (2010) – wide receiver for the San Diego Chargers 2010–2011, Seattle Seahawks (2012–2014), Jacksonville Jaguars (2015–2016 ... "",""title"":""https://en.wikipedia.org/wiki/List_of_Cornell_University_alumni""},{""docid"":""54655"",""score"":26.12825988745032,""snippet"":"" ... Smith Editors' Prize in Poetry\n\n- Mortal Geography (Persea Books, 2010), winner of the 2009 Lexi Rudnitsky Prize and 2010 California Book Award\n\n- Poems in Best American Poetry 2009, New California Writing 2012 and 2013, The Missouri Review, The Southern Review, and The Threepenny Review\n\n- 2011 National Endowment for ... "",""title"":""https://mfa.english.ufl.edu/about-us/some-alumni-alumnae-of-mfafla/""}]"
6,175,2026-09-15T12:52:40.690795+00:00,Man Asian Literary Prize established 2007 best novel Asian writer,"[""man"",""asian"",""literary"",""prize"",""established"",""2007"",""best"",""novel"",""writer""]","""man"" OR ""asian"" OR ""literary"" OR ""prize"" OR ""established"" OR ""2007"" OR ""best"" OR ""novel"" OR ""writer""",10,f1c7b0147eab13554d3503941d1e4ab1b286def5ed5d91a6c314175fcc812901,4d53670d042afd7363d469e955c317d8710732d2e9bd079223724312f26a93ba,False,"[""d6"",""d25"",""d20"",""d28"",""d57"",""d24"",""d75"",""d62"",""d76"",""d77""]","[""3002"",""54094"",""18890"",""32938"",""76806"",""34459"",""93951"",""49894"",""87052"",""19486""]","[{""docid"":""3002"",""score"":24.340252805626612,""snippet"":"" ... In 2007, Man Group plc established the Man Asian Literary Prize, an annual literary award given to the best novel by an Asian writer, either written in English or translated into English, and published in the previous calendar year.\n\nFor many years, as part of The Times Literature ... "",""title"":""https://en.wikipedia.org/wiki/Booker_Prize""},{""docid"":""54094"",""score"":23.92096515025586,""snippet"":"" ... Among the most decorated American writers of his generation, he has won every major American literary award, including the Pulitzer Prize for his major novel American Pastoral (1997).\n\nIn the realm of African-American literature, Ralph Ellison's 1952 novel Invisible Man was instantly recognized as among the ... "",""title"":""https://en.wikipedia.org/wiki/American_literature""},{""docid"":""18890"",""score"":23.870353406138104,""snippet"":"" ... 21 David Chariandy - Soucouyan (Arsenal Pulp Press, 2007)\n\nDavid Chariandy's debut novel Soucouyant (Arsenal Pulp Press, 2007) was a finalist for five prizes including the 2007 Governor-General's Award, the 2008 Commonwealth Writer's Prize for Best First Book (Canada and the Caribbean) and the 2008 ... "",""title"":""https://www.yorku.ca/laps/huma/canadian-writers/""},{""docid"":""32938"",""score"":23.38316162740365,""snippet"":"" ... History\n\nThe Akutagawa Prize was established in 1935 by Kan Kikuchi, then-editor of Bungeishunjū magazine, in memory of author Ryūnosuke Akutagawa. It is sponsored by the Society for the Promotion of Japanese Literature, and is awarded in January and July to the best serious literary story published ... "",""title"":""https://en.wikipedia.org/wiki/Akutagawa_Prize""},{""docid"":""76806"",""score"":22.608439133189286,""snippet"":"" ... including the Gregory Kolovakas Prize for Outstanding New Literary Press, the American Book Award, the Association for Asian American Studies Book Award, the PEN Beyond Margins Open Book Prize, the Asian American Writers' Workshop Award, and the PEN Oakland Josephine Miles Prize.\n\nMAGAZINES/BEST DEBUT: SISTORIES\n\nFrom the ... "",""title"":""https://www.clmp.org/programs-opportunities/firecracker/firecracker-awards-winners-archive/""},{""docid"":""34459"",""score"":22.53921114757128,""snippet"":"" ... Established by Barbara Kingsolver in 2000 and funded entirely by her, it is awarded biennially to the author of a previously unpublished novel of high literary caliber that exemplifies the prize's founding principles.\n\nThe PEN/Faulkner Award for Fiction is a national prize which honors the best ... "",""title"":""https://americanwritersmuseum.org/literary-links/literary-awards/?srsltid=AfmBOooYIGTV-EUbGd9xDLmBUtcV_Ts9VM7oqhh4K0lfwTLcUoKmITFg""},{""docid"":""93951"",""score"":22.41811581246429,""snippet"":"" ... Her novel The Sleepwalker's Guide to Dancing was a Barnes & Noble Discover New Writers pick, shortlisted for India's Tata Literature Life First Book Award, longlisted for the Brooklyn Public Library Book Prize and named one of the best books of 2014 by Kirkus Reviews, the Boston ... "",""title"":""https://authorsguild.org/about/team/council-bios/""},{""docid"":""49894"",""score"":22.326629688192025,""snippet"":"" ... Shinchosha Publishing published Murakami's novel 1Q84 in Japan on May 29, 2009. 1Q84 is pronounced \""ichi kyū hachi yon\"", the same as 1984, as 9 is also pronounced \""kyū\"" in Japanese. The book was longlisted for the Man Asian Literary Prize in 2011. However, after the 2012 ... "",""title"":""https://en.wikipedia.org/wiki/Haruki_Murakami""},{""docid"":""87052"",""score"":22.259633313035984,""snippet"":"" ... She has received fellowships from the Vermont Studio Center and the Writers Grotto, and she is working on her first novel.\n\nTammy Delatorre has been recognized with numerous literary awards, including the Payton Prize, the Slippery Elm Prose Prize, CutBank's Montana Prize for Nonfiction, and Columbia Journal ... "",""title"":""https://www.sjsu.edu/steinbeck/awards-fellowships/steinbeck-fellowship/fellows/index.php""},{""docid"":""19486"",""score"":22.155574549276345,""snippet"":"" ... Anne Enright's novel, The Gathering, had sold 2,500 copies before winning the Booker Prize in 2007, and its current sales total stands at over 250,000 copies. Similarly, Alexis Wright's Carpentaria, which won (among other prizes) the 2007 Miles Franklin Literary Award, ALS Gold Medal ... "",""title"":""https://giramondopublishing.com/heat/archive/beth-driscoll-how-prizes-work-in-the-literary-economy/""}]"
7,190,2026-09-15T12:52:46.019700+00:00,Man Asian Literary Prize Wikipedia,"[""man"",""asian"",""literary"",""prize"",""wikipedia""]","""man"" OR ""asian"" OR ""literary"" OR ""prize"" OR ""wikipedia""",10,aeeb89676415a37e00f3295d6c66082a96d8e983774b07a40e01989e3caabca8,066fa16c1e6310d352c42ed414761691fb79882bc32c6580d52dab9fe20aba5b,True,"[""d28"",""d6"",""d49"",""d26"",""d25"",""d50"",""d51"",""d52"",""d53"",""d24""]","[""32938"",""3002"",""96517"",""605"",""54094"",""3542"",""25454"",""80942"",""6058"",""34459""]","[{""docid"":""32938"",""score"":17.089445114989296,""snippet"":"" ... Akutagawa Prize - Wikipedia\nauthor: Authority control databases National France BnF data Japan\ndate: 2004-01-20\n---\nname: Akutagawa Prize\nsubheader: 芥川龍之介賞 (Akutagawa Ryūnosuke Shō)\nawarded_for: Best published literary story by a rising author\npresenter: Society for the Promotion of Japanese Literature\ncountry: Japan\ndate: 10 08 1935 ... "",""title"":""https://en.wikipedia.org/wiki/Akutagawa_Prize""},{""docid"":""3002"",""score"":16.827539437357,""snippet"":"" ... A Russian version of the Booker Prize was created in 1992 called the Booker-Open Russia Literary Prize, also known as the Russian Booker Prize. In 2007, Man Group plc established the Man Asian Literary Prize, an annual literary award given to the best novel by an Asian ... "",""title"":""https://en.wikipedia.org/wiki/Booker_Prize""},{""docid"":""96517"",""score"":16.75118395066134,""snippet"":"" ... The Asian/Pacific American Awards for Literature are administered by the Asian/Pacific American Librarians Association to honor outstanding literary works by or about Asian/Pacific Americans. Books in various genres written by or about Asian/Pacific Americans are eligible.\n\n31. Aspen Words Literary Prize:\n\nThe Aspen Words ... "",""title"":""https://mybookcave.com/authorpost/the-ultimate-list-of-book-awards-and-author-recognitions-part-one-american-awards/""},{""docid"":""605"",""score"":16.581281691036246,""snippet"":"" ... International IMPAC Dublin Literary Award 2012. Retrieved 23 January 2015.\n* Financial Times 2010 Fiction of the YearBlau, Rosie (3 December 2010). FT Fiction Round-up 2010. Financial Times, Fiction Round-up 2010. Retrieved 25 January 2015.\n\nLife of Pi\n\n* Winner of the 2002 Man Booker Prize for FictionLife ... "",""title"":""https://en.wikipedia.org/wiki/Yann_Martel""},{""docid"":""54094"",""score"":15.672636665468133,""snippet"":"" ... Among the most decorated American writers of his generation, he has won every major American literary award, including the Pulitzer Prize for his major novel American Pastoral (1997).\n\nIn the realm of African-American literature, Ralph Ellison's 1952 novel Invisible Man was instantly recognized as among the ... "",""title"":""https://en.wikipedia.org/wiki/American_literature""},{""docid"":""3542"",""score"":15.631760434997837,""snippet"":"" ... The English translation of the novel appeared in the long list of Man Asian Literary Prize 2012 and in the short list of the DSC Prize for South Asian Literature 2013. It won the Kerala Sahitya Akademi Award for Novel for Benyamin in 2009.\n\nSynopsis\n\nThe book is ... "",""title"":""https://en.wikipedia.org/wiki/Aadujeevitham""},{""docid"":""25454"",""score"":15.445091736432937,""snippet"":"" ... 2006, Asian/Pacific American Awards for Literature Honorable Mention for Saving Fish From Drowning\n* The Joy Luck Club selected for the National Endowment for the Arts' Big Read\n* The New York Times Notable Book\n* Booklist Editors Choice\n* Finalist for the Orange Prize\n* Nominated for the Orange Prize\n* Nominated ... "",""title"":""https://en.wikipedia.org/wiki/Amy_Tan""},{""docid"":""80942"",""score"":15.390434296795723,""snippet"":"" ... His acclaimed new novel, Between Clay and Dust, was shortlisted for The Man Asian Literary Prize 2012 and longlisted for the 2013 DSC Prize for South Asian Literature. Farooqi's second novel, The Story of a Widow, was shortlisted for the DSC Prize for South Asian Literature 2011 ... "",""title"":""https://lithub.com/20-writers-from-around-the-world-on-the-olympics/""},{""docid"":""6058"",""score"":15.108412384586078,""snippet"":"" ... In 2015, Mabanckou was a finalist for the Man Booker International Prize.\n\nThe Refugees by Viet Thanh Nguyen\n\nViet Thanh Nguyen's novel The Sympathizer is a New York Times best seller and won the Pulitzer Prize for Fiction. Other honors include the Dayton Literary Peace Prize, the ... "",""title"":""https://www.aspeninstitute.org/blog-posts/20-new-works-fiction-social-impact/""},{""docid"":""34459"",""score"":14.956238187947548,""snippet"":"" ... The APAALs honor books about Asian/Pacific Americans, their history and culture. Categories have included fiction and non-fiction for adults, picture/illustrated books, and children's/young-adult literature.\n\nThe Aspen Words Literary Prize is a $35,000 annual award for an influential work of fiction that ... "",""title"":""https://americanwritersmuseum.org/literary-links/literary-awards/?srsltid=AfmBOooYIGTV-EUbGd9xDLmBUtcV_Ts9VM7oqhh4K0lfwTLcUoKmITFg""}]"
7,191,2026-09-15T12:52:46.040390+00:00,Man Asian Literary Prize winners list 2010 2011 2012 2013 2014,"[""man"",""asian"",""literary"",""prize"",""winners"",""list"",""2010"",""2011"",""2012"",""2013"",""2014""]","""man"" OR ""asian"" OR ""literary"" OR ""prize"" OR ""winners"" OR ""list"" OR ""2010"" OR ""2011"" OR ""2012"" OR ""2013"" OR ""2014""",10,be878777a6e91d8545540993b744ecd4840199d2bd44b4dc8e2021143d9a1516,dc62433e4a1265911b460c5e07e233b4696e93f24d0437cf4ba20c68b0b836ee,False,"[""d26"",""d40"",""d41"",""d42"",""d43"",""d6"",""d28"",""d54"",""d55"",""d56""]","[""605"",""56224"",""23230"",""81437"",""89168"",""3002"",""32938"",""3516"",""76542"",""54655""]","[{""docid"":""605"",""score"":29.781338181574203,""snippet"":"" ... List 2012 . International IMPAC Dublin Literary Award 2012. Retrieved 23 January 2015.\n* Financial Times 2010 Fiction of the YearBlau, Rosie (3 December 2010). FT Fiction Round-up 2010. Financial Times, Fiction Round-up 2010. Retrieved 25 January 2015.\n\nLife of Pi\n\n* Winner of the 2002 Man Booker Prize ... "",""title"":""https://en.wikipedia.org/wiki/Yann_Martel""},{""docid"":""56224"",""score"":28.876727921835503,""snippet"":"" ... Recent prize winners are listed below.\n\nAlice Davis Hitchcock Book Award (Society of Architectural Historians)\n\n2004: Jordan Sand, House and Home in Modern Japan: Architecture, Domestic Space, and Bourgeois Culture, 1880–1930 (HEAM 223)\n\nAldo and Jeanne Scaglione Prize for East Asian Studies (Modern Language Association of America ... "",""title"":""https://asiacenter.harvard.edu/publications/awards""},{""docid"":""23230"",""score"":28.31224728731423,""snippet"":"" ... Camera (winner of the 2012 Green Rose Prize in Poetry from New Issues Press), Carrier Wave (winner of the 2006 Colorado Prize for Poetry from the Center for Literary Publishing at Colorado State University), and the digital chapbook The Tallest Building in America (Floating Wolf Quarterly 2014). An ... "",""title"":""https://artsandsciences.syracuse.edu/english-department/creative-writing-mf-program/raymond-carver-reading-series/previous-raymond-carver-reading-series/""},{""docid"":""81437"",""score"":28.275606711797174,""snippet"":"" ... 20, 2014)\n\nTope Folarin is the winner of the 2013 Caine Prize for African Writing. His short story \""Miracle\"" garnered him the award in 2013 and his story \""Genesis\"" was shortlisted for the 2016 Caine Prize. Folarin's first novel, A Particular Kind of Black Man, was released ... "",""title"":""https://guides.loc.gov/african-jewish-middle-east-studies/african-studies/event-videos""},{""docid"":""89168"",""score"":28.0193617219224,""snippet"":"" ... A Life Apart (2010), which won the Writers' Guild of Great Britain Award for Best Fiction Book; The Lives of Others (2014), which was shortlisted for the Man Booker Prize and the Costa Best Novel Award, and won the Royal Society of Literature's Encore Award; and A ... "",""title"":""https://pen.org/meet-the-2021-literary-awards-judges/""},{""docid"":""3002"",""score"":28.016785717772684,""snippet"":"" ... White Tiger | Literary fiction | |\n| 2009 | Hilary Mantel | Wolf Hall | Historical fiction | |\n| 2010 | Howard Jacobson | The Finkler Question | Comic novel | |\n| 2011 | Julian Barnes | The Sense of an Ending | Literary fiction | |\n| 2012 | Hilary Mantel | Bring Up the Bodies | Historical fiction | |\n| 2013 | Eleanor Catton | The Luminaries | Historical fiction | |\n| 2014 | Richard Flanagan ... "",""title"":""https://en.wikipedia.org/wiki/Booker_Prize""},{""docid"":""32938"",""score"":27.973290015094076,""snippet"":"" ... Jesse Kirkwood, Penguin, 2025)\n\nCurrent members of the selection committee and year appointed\n\n*Amy Yamada, 2003\n*Hiromi Kawakami, 2007\n*Yōko Ogawa, 2007\n*Masahiko Shimada, 2010\n*Hikaru Okuizumi, 2012\n*Shuichi Yoshida, 2016\n*Hisaki Matsuura, 2019\n*Keiichiro Hirano, 2020\n*Mieko Kawakami, 2024\n\nSee also\n\n* List of Japanese literary awards\n\nReferences ... "",""title"":""https://en.wikipedia.org/wiki/Akutagawa_Prize""},{""docid"":""3516"",""score"":27.069308678179212,""snippet"":"" ... and trans-Asian studies; empire and postcolonial studies; critical translation theory; politics of language, literary form, genre; literatures of migration and diaspora\n\nRecent Publications\n\n- Disarming Words: Empire and the Seductions of Translation in Egypt. Berkeley: University of California Press, 2011. Honorable Mention, 2013 Harry Levin Prize of the ... "",""title"":""https://oxfordre.com/literature/page/editorial/editorial-board""},{""docid"":""76542"",""score"":27.06157759516131,""snippet"":"" ... Files\n* Luke Tasker (2013) – wide receiver for the Hamilton Tiger-Cats\n* JC Tretter (2012) – offensive guard for the Green Bay Packers (2013–2016) and Cleveland Browns (2017–2021)\n* Bryan Walters (2010) – wide receiver for the San Diego Chargers 2010–2011, Seattle Seahawks (2012–2014), Jacksonville Jaguars (2015–2016 ... "",""title"":""https://en.wikipedia.org/wiki/List_of_Cornell_University_alumni""},{""docid"":""54655"",""score"":26.809555562823718,""snippet"":"" ... Smith Editors' Prize in Poetry\n\n- Mortal Geography (Persea Books, 2010), winner of the 2009 Lexi Rudnitsky Prize and 2010 California Book Award\n\n- Poems in Best American Poetry 2009, New California Writing 2012 and 2013, The Missouri Review, The Southern Review, and The Threepenny Review\n\n- 2011 National Endowment for ... "",""title"":""https://mfa.english.ufl.edu/about-us/some-alumni-alumnae-of-mfafla/""}]"
7,194,2026-09-15T12:52:46.793928+00:00,Man Asian Literary Prize shortlist 2012 2013 2014,"[""man"",""asian"",""literary"",""prize"",""shortlist"",""2012"",""2013"",""2014""]","""man"" OR ""asian"" OR ""literary"" OR ""prize"" OR ""shortlist"" OR ""2012"" OR ""2013"" OR ""2014""",10,bf83d5d42a79dca76dce5655404a241c50a311590b5cb0724ef91e2ec29aaf03,f5499e86c7e1079cbdc511b2341cfd8e3b40aa0ee328b5e82d6f54e0de487448,False,"[""d6"",""d3"",""d40"",""d48"",""d53"",""d75"",""d70"",""d43"",""d41"",""d78""]","[""3002"",""56350"",""56224"",""41360"",""6058"",""93951"",""16447"",""89168"",""23230"",""59739""]","[{""docid"":""3002"",""score"":28.842598060418002,""snippet"":"" ... A Russian version of the Booker Prize was created in 1992 called the Booker-Open Russia Literary Prize, also known as the Russian Booker Prize. In 2007, Man Group plc established the Man Asian Literary Prize, an annual literary award given to the best novel by an Asian ... "",""title"":""https://en.wikipedia.org/wiki/Booker_Prize""},{""docid"":""56350"",""score"":27.856841969311787,""snippet"":"" ... A selection of his poetry is collected in Desire Never … Read More\n\nColm Toíbín\n\nColm Toíbín is the author of six novels, including The Master, winner of the International IMPAC Dublin Literary Award and shortlisted for the Man Booker Prize, as well as winner of the LA Times ... "",""title"":""https://griffinpoetryprize.com/judges/""},{""docid"":""56224"",""score"":27.310306078406178,""snippet"":"" ... Fairbank Prize in East Asia History (American Historical Association)\n\n2013: Barbara Mittler, A Continuous Revolution: Making Sense of Cultural Revolution Culture (HEAM 343)\n\n2012: Jun Uchida, Brokers of Empire: Japanese Settler Colonialism in Korea, 1876-1945 (HEAM 337)\n\n2004: Jordan Sand, House and Home in Modern Japan: Architecture ... "",""title"":""https://asiacenter.harvard.edu/publications/awards""},{""docid"":""41360"",""score"":27.292291293108583,""snippet"":"" ... 2012\n\nLevy's Swimming Home made it to the 2012 Man Booker Prize shortlist, relaunching her career. Delighted readers send us presents, including a set of coloured spoons.\n\n2013\n\nWe set up office in the US, run initially by Sarah Russo, and started publicising and publishing many of ... "",""title"":""https://www.andotherstories.org/about-us/""},{""docid"":""6058"",""score"":27.195970831518714,""snippet"":"" ... In 2015, Mabanckou was a finalist for the Man Booker International Prize.\n\nThe Refugees by Viet Thanh Nguyen\n\nViet Thanh Nguyen's novel The Sympathizer is a New York Times best seller and won the Pulitzer Prize for Fiction. Other honors include the Dayton Literary Peace Prize, the ... "",""title"":""https://www.aspeninstitute.org/blog-posts/20-new-works-fiction-social-impact/""},{""docid"":""93951"",""score"":26.766130693904746,""snippet"":"" ... Lanier's books have won varied awards, including the 2014 Peace Prize of the German Book Trade, Harvard's Goldsmith Book Prize, and best book of the year at literary events such as the San Francisco Book Festival. His writing has appeared in The New York Times, Discover ... "",""title"":""https://authorsguild.org/about/team/council-bios/""},{""docid"":""16447"",""score"":26.680610225435125,""snippet"":"" ... The Stella Prize was created in 2013 as a reaction to the supposed under-representation of women as winners of literary prizes, in particular the 2011 Miles Franklin Award shortlist. However, since 2013, only one man (A. S. Patrić in 2016) has won the Miles Franklin Award.\n\nRepeat ... "",""title"":""https://en.wikipedia.org/wiki/Miles_Franklin_Award""},{""docid"":""89168"",""score"":26.5388117596974,""snippet"":"" ... Lambda Literary Award-winning debut memoir, Man Alive (City Lights, 2014) was named one of the best books of the year by NPR Books, BuzzFeed, Kirkus, and Publisher's Weekly. His follow-up, Amateur (Scribner, 2018), was shortlisted for the U.K.'s Baillie-Gifford Book Prize for ... "",""title"":""https://pen.org/meet-the-2021-literary-awards-judges/""},{""docid"":""23230"",""score"":26.23059362769628,""snippet"":"" ... of the 2012 Green Rose Prize in Poetry from New Issues Press), Carrier Wave (winner of the 2006 Colorado Prize for Poetry from the Center for Literary Publishing at Colorado State University), and the digital chapbook The Tallest Building in America (Floating Wolf Quarterly 2014). An international edition ... "",""title"":""https://artsandsciences.syracuse.edu/english-department/creative-writing-mf-program/raymond-carver-reading-series/previous-raymond-carver-reading-series/""},{""docid"":""59739"",""score"":26.168888118351028,""snippet"":"" ... His published works include Vanity Bagh (winner of The Hindu Literary Prize for Best Fiction 2013), The Blind Lady's Descendants (winner of the Raymond Crossword Book Award for Best Fiction 2014 and the Kendra Sahitya Akademi Award 2018), The Small-town Sea (winner of the Atta Galatta ... "",""title"":""https://www.hhousebooks.com/authors/""}]"
8,207,2026-09-15T12:52:52.727446+00:00,Man Asian Literary Prize Wikipedia,"[""man"",""asian"",""literary"",""prize"",""wikipedia""]","""man"" OR ""asian"" OR ""literary"" OR ""prize"" OR ""wikipedia""",10,aeeb89676415a37e00f3295d6c66082a96d8e983774b07a40e01989e3caabca8,066fa16c1e6310d352c42ed414761691fb79882bc32c6580d52dab9fe20aba5b,True,"[""d28"",""d6"",""d49"",""d26"",""d25"",""d50"",""d51"",""d52"",""d53"",""d24""]","[""32938"",""3002"",""96517"",""605"",""54094"",""3542"",""25454"",""80942"",""6058"",""34459""]","[{""docid"":""32938"",""score"":17.089445114989296,""snippet"":"" ... Akutagawa Prize - Wikipedia\nauthor: Authority control databases National France BnF data Japan\ndate: 2004-01-20\n---\nname: Akutagawa Prize\nsubheader: 芥川龍之介賞 (Akutagawa Ryūnosuke Shō)\nawarded_for: Best published literary story by a rising author\npresenter: Society for the Promotion of Japanese Literature\ncountry: Japan\ndate: 10 08 1935 ... "",""title"":""https://en.wikipedia.org/wiki/Akutagawa_Prize""},{""docid"":""3002"",""score"":16.827539437357,""snippet"":"" ... A Russian version of the Booker Prize was created in 1992 called the Booker-Open Russia Literary Prize, also known as the Russian Booker Prize. In 2007, Man Group plc established the Man Asian Literary Prize, an annual literary award given to the best novel by an Asian ... "",""title"":""https://en.wikipedia.org/wiki/Booker_Prize""},{""docid"":""96517"",""score"":16.75118395066134,""snippet"":"" ... The Asian/Pacific American Awards for Literature are administered by the Asian/Pacific American Librarians Association to honor outstanding literary works by or about Asian/Pacific Americans. Books in various genres written by or about Asian/Pacific Americans are eligible.\n\n31. Aspen Words Literary Prize:\n\nThe Aspen Words ... "",""title"":""https://mybookcave.com/authorpost/the-ultimate-list-of-book-awards-and-author-recognitions-part-one-american-awards/""},{""docid"":""605"",""score"":16.581281691036246,""snippet"":"" ... International IMPAC Dublin Literary Award 2012. Retrieved 23 January 2015.\n* Financial Times 2010 Fiction of the YearBlau, Rosie (3 December 2010). FT Fiction Round-up 2010. Financial Times, Fiction Round-up 2010. Retrieved 25 January 2015.\n\nLife of Pi\n\n* Winner of the 2002 Man Booker Prize for FictionLife ... "",""title"":""https://en.wikipedia.org/wiki/Yann_Martel""},{""docid"":""54094"",""score"":15.672636665468133,""snippet"":"" ... Among the most decorated American writers of his generation, he has won every major American literary award, including the Pulitzer Prize for his major novel American Pastoral (1997).\n\nIn the realm of African-American literature, Ralph Ellison's 1952 novel Invisible Man was instantly recognized as among the ... "",""title"":""https://en.wikipedia.org/wiki/American_literature""},{""docid"":""3542"",""score"":15.631760434997837,""snippet"":"" ... The English translation of the novel appeared in the long list of Man Asian Literary Prize 2012 and in the short list of the DSC Prize for South Asian Literature 2013. It won the Kerala Sahitya Akademi Award for Novel for Benyamin in 2009.\n\nSynopsis\n\nThe book is ... "",""title"":""https://en.wikipedia.org/wiki/Aadujeevitham""},{""docid"":""25454"",""score"":15.445091736432937,""snippet"":"" ... 2006, Asian/Pacific American Awards for Literature Honorable Mention for Saving Fish From Drowning\n* The Joy Luck Club selected for the National Endowment for the Arts' Big Read\n* The New York Times Notable Book\n* Booklist Editors Choice\n* Finalist for the Orange Prize\n* Nominated for the Orange Prize\n* Nominated ... "",""title"":""https://en.wikipedia.org/wiki/Amy_Tan""},{""docid"":""80942"",""score"":15.390434296795723,""snippet"":"" ... His acclaimed new novel, Between Clay and Dust, was shortlisted for The Man Asian Literary Prize 2012 and longlisted for the 2013 DSC Prize for South Asian Literature. Farooqi's second novel, The Story of a Widow, was shortlisted for the DSC Prize for South Asian Literature 2011 ... "",""title"":""https://lithub.com/20-writers-from-around-the-world-on-the-olympics/""},{""docid"":""6058"",""score"":15.108412384586078,""snippet"":"" ... In 2015, Mabanckou was a finalist for the Man Booker International Prize.\n\nThe Refugees by Viet Thanh Nguyen\n\nViet Thanh Nguyen's novel The Sympathizer is a New York Times best seller and won the Pulitzer Prize for Fiction. Other honors include the Dayton Literary Peace Prize, the ... "",""title"":""https://www.aspeninstitute.org/blog-posts/20-new-works-fiction-social-impact/""},{""docid"":""34459"",""score"":14.956238187947548,""snippet"":"" ... The APAALs honor books about Asian/Pacific Americans, their history and culture. Categories have included fiction and non-fiction for adults, picture/illustrated books, and children's/young-adult literature.\n\nThe Aspen Words Literary Prize is a $35,000 annual award for an influential work of fiction that ... "",""title"":""https://americanwritersmuseum.org/literary-links/literary-awards/?srsltid=AfmBOooYIGTV-EUbGd9xDLmBUtcV_Ts9VM7oqhh4K0lfwTLcUoKmITFg""}]"
8,208,2026-09-15T12:52:52.748752+00:00,Man Asian Literary Prize winners 2010 2011 2012 2013 2014,"[""man"",""asian"",""literary"",""prize"",""winners"",""2010"",""2011"",""2012"",""2013"",""2014""]","""man"" OR ""asian"" OR ""literary"" OR ""prize"" OR ""winners"" OR ""2010"" OR ""2011"" OR ""2012"" OR ""2013"" OR ""2014""",10,8900c3fd9c6a0593ac34f95471deac530eb1c9e259e80ee14bb0369fa153f087,d1b4869d21033b0b9ce8612664ebb35b84271563dabd80a37967b45151c7ff89,True,"[""d26"",""d40"",""d41"",""d42"",""d43"",""d6"",""d28"",""d54"",""d55"",""d56""]","[""605"",""56224"",""23230"",""81437"",""89168"",""3002"",""32938"",""3516"",""76542"",""54655""]","[{""docid"":""605"",""score"":28.978451669706438,""snippet"":"" ... International IMPAC Dublin Literary Award 2012. Retrieved 23 January 2015.\n* Financial Times 2010 Fiction of the YearBlau, Rosie (3 December 2010). FT Fiction Round-up 2010. Financial Times, Fiction Round-up 2010. Retrieved 25 January 2015.\n\nLife of Pi\n\n* Winner of the 2002 Man Booker Prize for FictionLife ... "",""title"":""https://en.wikipedia.org/wiki/Yann_Martel""},{""docid"":""56224"",""score"":28.047393562856023,""snippet"":"" ... Daqing and the Formation of the Chinese Socialist State (HYI 110)\n\nFrancis Hsu Book Prize for East Asian Anthropology (American Anthropological Association)\n\n2010: Catherine Clayton, Sovereignty at the Edge: Macau and the Question of Chineseness (HEAM 324)\n\nFranklin R. Buchanan Prize for Asia Curriculum Materials (Association of Asian ... "",""title"":""https://asiacenter.harvard.edu/publications/awards""},{""docid"":""23230"",""score"":27.75995118465687,""snippet"":"" ... Camera (winner of the 2012 Green Rose Prize in Poetry from New Issues Press), Carrier Wave (winner of the 2006 Colorado Prize for Poetry from the Center for Literary Publishing at Colorado State University), and the digital chapbook The Tallest Building in America (Floating Wolf Quarterly 2014). An ... "",""title"":""https://artsandsciences.syracuse.edu/english-department/creative-writing-mf-program/raymond-carver-reading-series/previous-raymond-carver-reading-series/""},{""docid"":""81437"",""score"":27.63453421678136,""snippet"":"" ... 20, 2014)\n\nTope Folarin is the winner of the 2013 Caine Prize for African Writing. His short story \""Miracle\"" garnered him the award in 2013 and his story \""Genesis\"" was shortlisted for the 2016 Caine Prize. Folarin's first novel, A Particular Kind of Black Man, was released ... "",""title"":""https://guides.loc.gov/african-jewish-middle-east-studies/african-studies/event-videos""},{""docid"":""89168"",""score"":27.541330332244698,""snippet"":"" ... A Life Apart (2010), which won the Writers' Guild of Great Britain Award for Best Fiction Book; The Lives of Others (2014), which was shortlisted for the Man Booker Prize and the Costa Best Novel Award, and won the Royal Society of Literature's Encore Award; and A ... "",""title"":""https://pen.org/meet-the-2021-literary-awards-judges/""},{""docid"":""3002"",""score"":27.37023831279337,""snippet"":"" ... White Tiger | Literary fiction | |\n| 2009 | Hilary Mantel | Wolf Hall | Historical fiction | |\n| 2010 | Howard Jacobson | The Finkler Question | Comic novel | |\n| 2011 | Julian Barnes | The Sense of an Ending | Literary fiction | |\n| 2012 | Hilary Mantel | Bring Up the Bodies | Historical fiction | |\n| 2013 | Eleanor Catton | The Luminaries | Historical fiction | |\n| 2014 | Richard Flanagan ... "",""title"":""https://en.wikipedia.org/wiki/Booker_Prize""},{""docid"":""32938"",""score"":27.33992088418869,""snippet"":"" ... 1935\n\nThe is a Japanese literary award presented biannually. Because of its prestige and the considerable attention the winner receives from the media, it is, along with the Naoki Prize, one of Japan's most sought after literary prizes.\n\nHistory\n\nThe Akutagawa Prize was established in 1935 by ... "",""title"":""https://en.wikipedia.org/wiki/Akutagawa_Prize""},{""docid"":""3516"",""score"":27.069308678179212,""snippet"":"" ... and trans-Asian studies; empire and postcolonial studies; critical translation theory; politics of language, literary form, genre; literatures of migration and diaspora\n\nRecent Publications\n\n- Disarming Words: Empire and the Seductions of Translation in Egypt. Berkeley: University of California Press, 2011. Honorable Mention, 2013 Harry Levin Prize of the ... "",""title"":""https://oxfordre.com/literature/page/editorial/editorial-board""},{""docid"":""76542"",""score"":26.527283913240797,""snippet"":"" ... Files\n* Luke Tasker (2013) – wide receiver for the Hamilton Tiger-Cats\n* JC Tretter (2012) – offensive guard for the Green Bay Packers (2013–2016) and Cleveland Browns (2017–2021)\n* Bryan Walters (2010) – wide receiver for the San Diego Chargers 2010–2011, Seattle Seahawks (2012–2014), Jacksonville Jaguars (2015–2016 ... "",""title"":""https://en.wikipedia.org/wiki/List_of_Cornell_University_alumni""},{""docid"":""54655"",""score"":26.12825988745032,""snippet"":"" ... Smith Editors' Prize in Poetry\n\n- Mortal Geography (Persea Books, 2010), winner of the 2009 Lexi Rudnitsky Prize and 2010 California Book Award\n\n- Poems in Best American Poetry 2009, New California Writing 2012 and 2013, The Missouri Review, The Southern Review, and The Threepenny Review\n\n- 2011 National Endowment for ... "",""title"":""https://mfa.english.ufl.edu/about-us/some-alumni-alumnae-of-mfafla/""}]"
8,209,2026-09-15T12:52:52.769124+00:00,Man Asian Literary Prize shortlist 2012 2013 2014,"[""man"",""asian"",""literary"",""prize"",""shortlist"",""2012"",""2013"",""2014""]","""man"" OR ""asian"" OR ""literary"" OR ""prize"" OR ""shortlist"" OR ""2012"" OR ""2013"" OR ""2014""",10,bf83d5d42a79dca76dce5655404a241c50a311590b5cb0724ef91e2ec29aaf03,f5499e86c7e1079cbdc511b2341cfd8e3b40aa0ee328b5e82d6f54e0de487448,True,"[""d6"",""d3"",""d40"",""d48"",""d53"",""d75"",""d70"",""d43"",""d41"",""d78""]","[""3002"",""56350"",""56224"",""41360"",""6058"",""93951"",""16447"",""89168"",""23230"",""59739""]","[{""docid"":""3002"",""score"":28.842598060418002,""snippet"":"" ... A Russian version of the Booker Prize was created in 1992 called the Booker-Open Russia Literary Prize, also known as the Russian Booker Prize. In 2007, Man Group plc established the Man Asian Literary Prize, an annual literary award given to the best novel by an Asian ... "",""title"":""https://en.wikipedia.org/wiki/Booker_Prize""},{""docid"":""56350"",""score"":27.856841969311787,""snippet"":"" ... A selection of his poetry is collected in Desire Never … Read More\n\nColm Toíbín\n\nColm Toíbín is the author of six novels, including The Master, winner of the International IMPAC Dublin Literary Award and shortlisted for the Man Booker Prize, as well as winner of the LA Times ... "",""title"":""https://griffinpoetryprize.com/judges/""},{""docid"":""56224"",""score"":27.310306078406178,""snippet"":"" ... Fairbank Prize in East Asia History (American Historical Association)\n\n2013: Barbara Mittler, A Continuous Revolution: Making Sense of Cultural Revolution Culture (HEAM 343)\n\n2012: Jun Uchida, Brokers of Empire: Japanese Settler Colonialism in Korea, 1876-1945 (HEAM 337)\n\n2004: Jordan Sand, House and Home in Modern Japan: Architecture ... "",""title"":""https://asiacenter.harvard.edu/publications/awards""},{""docid"":""41360"",""score"":27.292291293108583,""snippet"":"" ... 2012\n\nLevy's Swimming Home made it to the 2012 Man Booker Prize shortlist, relaunching her career. Delighted readers send us presents, including a set of coloured spoons.\n\n2013\n\nWe set up office in the US, run initially by Sarah Russo, and started publicising and publishing many of ... "",""title"":""https://www.andotherstories.org/about-us/""},{""docid"":""6058"",""score"":27.195970831518714,""snippet"":"" ... In 2015, Mabanckou was a finalist for the Man Booker International Prize.\n\nThe Refugees by Viet Thanh Nguyen\n\nViet Thanh Nguyen's novel The Sympathizer is a New York Times best seller and won the Pulitzer Prize for Fiction. Other honors include the Dayton Literary Peace Prize, the ... "",""title"":""https://www.aspeninstitute.org/blog-posts/20-new-works-fiction-social-impact/""},{""docid"":""93951"",""score"":26.766130693904746,""snippet"":"" ... Lanier's books have won varied awards, including the 2014 Peace Prize of the German Book Trade, Harvard's Goldsmith Book Prize, and best book of the year at literary events such as the San Francisco Book Festival. His writing has appeared in The New York Times, Discover ... "",""title"":""https://authorsguild.org/about/team/council-bios/""},{""docid"":""16447"",""score"":26.680610225435125,""snippet"":"" ... The Stella Prize was created in 2013 as a reaction to the supposed under-representation of women as winners of literary prizes, in particular the 2011 Miles Franklin Award shortlist. However, since 2013, only one man (A. S. Patrić in 2016) has won the Miles Franklin Award.\n\nRepeat ... "",""title"":""https://en.wikipedia.org/wiki/Miles_Franklin_Award""},{""docid"":""89168"",""score"":26.5388117596974,""snippet"":"" ... Lambda Literary Award-winning debut memoir, Man Alive (City Lights, 2014) was named one of the best books of the year by NPR Books, BuzzFeed, Kirkus, and Publisher's Weekly. His follow-up, Amateur (Scribner, 2018), was shortlisted for the U.K.'s Baillie-Gifford Book Prize for ... "",""title"":""https://pen.org/meet-the-2021-literary-awards-judges/""},{""docid"":""23230"",""score"":26.23059362769628,""snippet"":"" ... of the 2012 Green Rose Prize in Poetry from New Issues Press), Carrier Wave (winner of the 2006 Colorado Prize for Poetry from the Center for Literary Publishing at Colorado State University), and the digital chapbook The Tallest Building in America (Floating Wolf Quarterly 2014). An international edition ... "",""title"":""https://artsandsciences.syracuse.edu/english-department/creative-writing-mf-program/raymond-carver-reading-series/previous-raymond-carver-reading-series/""},{""docid"":""59739"",""score"":26.168888118351028,""snippet"":"" ... His published works include Vanity Bagh (winner of The Hindu Literary Prize for Best Fiction 2013), The Blind Lady's Descendants (winner of the Raymond Crossword Book Award for Best Fiction 2014 and the Kendra Sahitya Akademi Award 2018), The Small-town Sea (winner of the Atta Galatta ... "",""title"":""https://www.hhousebooks.com/authors/""}]"
9,218,2026-09-15T12:52:57.079254+00:00,Man Asian Literary Prize Wikipedia,"[""man"",""asian"",""literary"",""prize"",""wikipedia""]","""man"" OR ""asian"" OR ""literary"" OR ""prize"" OR ""wikipedia""",10,aeeb89676415a37e00f3295d6c66082a96d8e983774b07a40e01989e3caabca8,066fa16c1e6310d352c42ed414761691fb79882bc32c6580d52dab9fe20aba5b,True,"[""d28"",""d6"",""d49"",""d26"",""d25"",""d50"",""d51"",""d52"",""d53"",""d24""]","[""32938"",""3002"",""96517"",""605"",""54094"",""3542"",""25454"",""80942"",""6058"",""34459""]","[{""docid"":""32938"",""score"":17.089445114989296,""snippet"":"" ... Akutagawa Prize - Wikipedia\nauthor: Authority control databases National France BnF data Japan\ndate: 2004-01-20\n---\nname: Akutagawa Prize\nsubheader: 芥川龍之介賞 (Akutagawa Ryūnosuke Shō)\nawarded_for: Best published literary story by a rising author\npresenter: Society for the Promotion of Japanese Literature\ncountry: Japan\ndate: 10 08 1935 ... "",""title"":""https://en.wikipedia.org/wiki/Akutagawa_Prize""},{""docid"":""3002"",""score"":16.827539437357,""snippet"":"" ... A Russian version of the Booker Prize was created in 1992 called the Booker-Open Russia Literary Prize, also known as the Russian Booker Prize. In 2007, Man Group plc established the Man Asian Literary Prize, an annual literary award given to the best novel by an Asian ... "",""title"":""https://en.wikipedia.org/wiki/Booker_Prize""},{""docid"":""96517"",""score"":16.75118395066134,""snippet"":"" ... The Asian/Pacific American Awards for Literature are administered by the Asian/Pacific American Librarians Association to honor outstanding literary works by or about Asian/Pacific Americans. Books in various genres written by or about Asian/Pacific Americans are eligible.\n\n31. Aspen Words Literary Prize:\n\nThe Aspen Words ... "",""title"":""https://mybookcave.com/authorpost/the-ultimate-list-of-book-awards-and-author-recognitions-part-one-american-awards/""},{""docid"":""605"",""score"":16.581281691036246,""snippet"":"" ... International IMPAC Dublin Literary Award 2012. Retrieved 23 January 2015.\n* Financial Times 2010 Fiction of the YearBlau, Rosie (3 December 2010). FT Fiction Round-up 2010. Financial Times, Fiction Round-up 2010. Retrieved 25 January 2015.\n\nLife of Pi\n\n* Winner of the 2002 Man Booker Prize for FictionLife ... "",""title"":""https://en.wikipedia.org/wiki/Yann_Martel""},{""docid"":""54094"",""score"":15.672636665468133,""snippet"":"" ... Among the most decorated American writers of his generation, he has won every major American literary award, including the Pulitzer Prize for his major novel American Pastoral (1997).\n\nIn the realm of African-American literature, Ralph Ellison's 1952 novel Invisible Man was instantly recognized as among the ... "",""title"":""https://en.wikipedia.org/wiki/American_literature""},{""docid"":""3542"",""score"":15.631760434997837,""snippet"":"" ... The English translation of the novel appeared in the long list of Man Asian Literary Prize 2012 and in the short list of the DSC Prize for South Asian Literature 2013. It won the Kerala Sahitya Akademi Award for Novel for Benyamin in 2009.\n\nSynopsis\n\nThe book is ... "",""title"":""https://en.wikipedia.org/wiki/Aadujeevitham""},{""docid"":""25454"",""score"":15.445091736432937,""snippet"":"" ... 2006, Asian/Pacific American Awards for Literature Honorable Mention for Saving Fish From Drowning\n* The Joy Luck Club selected for the National Endowment for the Arts' Big Read\n* The New York Times Notable Book\n* Booklist Editors Choice\n* Finalist for the Orange Prize\n* Nominated for the Orange Prize\n* Nominated ... "",""title"":""https://en.wikipedia.org/wiki/Amy_Tan""},{""docid"":""80942"",""score"":15.390434296795723,""snippet"":"" ... His acclaimed new novel, Between Clay and Dust, was shortlisted for The Man Asian Literary Prize 2012 and longlisted for the 2013 DSC Prize for South Asian Literature. Farooqi's second novel, The Story of a Widow, was shortlisted for the DSC Prize for South Asian Literature 2011 ... "",""title"":""https://lithub.com/20-writers-from-around-the-world-on-the-olympics/""},{""docid"":""6058"",""score"":15.108412384586078,""snippet"":"" ... In 2015, Mabanckou was a finalist for the Man Booker International Prize.\n\nThe Refugees by Viet Thanh Nguyen\n\nViet Thanh Nguyen's novel The Sympathizer is a New York Times best seller and won the Pulitzer Prize for Fiction. Other honors include the Dayton Literary Peace Prize, the ... "",""title"":""https://www.aspeninstitute.org/blog-posts/20-new-works-fiction-social-impact/""},{""docid"":""34459"",""score"":14.956238187947548,""snippet"":"" ... The APAALs honor books about Asian/Pacific Americans, their history and culture. Categories have included fiction and non-fiction for adults, picture/illustrated books, and children's/young-adult literature.\n\nThe Aspen Words Literary Prize is a $35,000 annual award for an influential work of fiction that ... "",""title"":""https://americanwritersmuseum.org/literary-links/literary-awards/?srsltid=AfmBOooYIGTV-EUbGd9xDLmBUtcV_Ts9VM7oqhh4K0lfwTLcUoKmITFg""}]"
9,219,2026-09-15T12:52:57.100476+00:00,Man Asian Literary Prize winners 2010 2011 2012 2013 2014,"[""man"",""asian"",""literary"",""prize"",""winners"",""2010"",""2011"",""2012"",""2013"",""2014""]","""man"" OR ""asian"" OR ""literary"" OR ""prize"" OR ""winners"" OR ""2010"" OR ""2011"" OR ""2012"" OR ""2013"" OR ""2014""",10,8900c3fd9c6a0593ac34f95471deac530eb1c9e259e80ee14bb0369fa153f087,d1b4869d21033b0b9ce8612664ebb35b84271563dabd80a37967b45151c7ff89,True,"[""d26"",""d40"",""d41"",""d42"",""d43"",""d6"",""d28"",""d54"",""d55"",""d56""]","[""605"",""56224"",""23230"",""81437"",""89168"",""3002"",""32938"",""3516"",""76542"",""54655""]","[{""docid"":""605"",""score"":28.978451669706438,""snippet"":"" ... International IMPAC Dublin Literary Award 2012. Retrieved 23 January 2015.\n* Financial Times 2010 Fiction of the YearBlau, Rosie (3 December 2010). FT Fiction Round-up 2010. Financial Times, Fiction Round-up 2010. Retrieved 25 January 2015.\n\nLife of Pi\n\n* Winner of the 2002 Man Booker Prize for FictionLife ... "",""title"":""https://en.wikipedia.org/wiki/Yann_Martel""},{""docid"":""56224"",""score"":28.047393562856023,""snippet"":"" ... Daqing and the Formation of the Chinese Socialist State (HYI 110)\n\nFrancis Hsu Book Prize for East Asian Anthropology (American Anthropological Association)\n\n2010: Catherine Clayton, Sovereignty at the Edge: Macau and the Question of Chineseness (HEAM 324)\n\nFranklin R. Buchanan Prize for Asia Curriculum Materials (Association of Asian ... "",""title"":""https://asiacenter.harvard.edu/publications/awards""},{""docid"":""23230"",""score"":27.75995118465687,""snippet"":"" ... Camera (winner of the 2012 Green Rose Prize in Poetry from New Issues Press), Carrier Wave (winner of the 2006 Colorado Prize for Poetry from the Center for Literary Publishing at Colorado State University), and the digital chapbook The Tallest Building in America (Floating Wolf Quarterly 2014). An ... "",""title"":""https://artsandsciences.syracuse.edu/english-department/creative-writing-mf-program/raymond-carver-reading-series/previous-raymond-carver-reading-series/""},{""docid"":""81437"",""score"":27.63453421678136,""snippet"":"" ... 20, 2014)\n\nTope Folarin is the winner of the 2013 Caine Prize for African Writing. His short story \""Miracle\"" garnered him the award in 2013 and his story \""Genesis\"" was shortlisted for the 2016 Caine Prize. Folarin's first novel, A Particular Kind of Black Man, was released ... "",""title"":""https://guides.loc.gov/african-jewish-middle-east-studies/african-studies/event-videos""},{""docid"":""89168"",""score"":27.541330332244698,""snippet"":"" ... A Life Apart (2010), which won the Writers' Guild of Great Britain Award for Best Fiction Book; The Lives of Others (2014), which was shortlisted for the Man Booker Prize and the Costa Best Novel Award, and won the Royal Society of Literature's Encore Award; and A ... "",""title"":""https://pen.org/meet-the-2021-literary-awards-judges/""},{""docid"":""3002"",""score"":27.37023831279337,""snippet"":"" ... White Tiger | Literary fiction | |\n| 2009 | Hilary Mantel | Wolf Hall | Historical fiction | |\n| 2010 | Howard Jacobson | The Finkler Question | Comic novel | |\n| 2011 | Julian Barnes | The Sense of an Ending | Literary fiction | |\n| 2012 | Hilary Mantel | Bring Up the Bodies | Historical fiction | |\n| 2013 | Eleanor Catton | The Luminaries | Historical fiction | |\n| 2014 | Richard Flanagan ... "",""title"":""https://en.wikipedia.org/wiki/Booker_Prize""},{""docid"":""32938"",""score"":27.33992088418869,""snippet"":"" ... 1935\n\nThe is a Japanese literary award presented biannually. Because of its prestige and the considerable attention the winner receives from the media, it is, along with the Naoki Prize, one of Japan's most sought after literary prizes.\n\nHistory\n\nThe Akutagawa Prize was established in 1935 by ... "",""title"":""https://en.wikipedia.org/wiki/Akutagawa_Prize""},{""docid"":""3516"",""score"":27.069308678179212,""snippet"":"" ... and trans-Asian studies; empire and postcolonial studies; critical translation theory; politics of language, literary form, genre; literatures of migration and diaspora\n\nRecent Publications\n\n- Disarming Words: Empire and the Seductions of Translation in Egypt. Berkeley: University of California Press, 2011. Honorable Mention, 2013 Harry Levin Prize of the ... "",""title"":""https://oxfordre.com/literature/page/editorial/editorial-board""},{""docid"":""76542"",""score"":26.527283913240797,""snippet"":"" ... Files\n* Luke Tasker (2013) – wide receiver for the Hamilton Tiger-Cats\n* JC Tretter (2012) – offensive guard for the Green Bay Packers (2013–2016) and Cleveland Browns (2017–2021)\n* Bryan Walters (2010) – wide receiver for the San Diego Chargers 2010–2011, Seattle Seahawks (2012–2014), Jacksonville Jaguars (2015–2016 ... "",""title"":""https://en.wikipedia.org/wiki/List_of_Cornell_University_alumni""},{""docid"":""54655"",""score"":26.12825988745032,""snippet"":"" ... Smith Editors' Prize in Poetry\n\n- Mortal Geography (Persea Books, 2010), winner of the 2009 Lexi Rudnitsky Prize and 2010 California Book Award\n\n- Poems in Best American Poetry 2009, New California Writing 2012 and 2013, The Missouri Review, The Southern Review, and The Threepenny Review\n\n- 2011 National Endowment for ... "",""title"":""https://mfa.english.ufl.edu/about-us/some-alumni-alumnae-of-mfafla/""}]"
9,220,2026-09-15T12:52:57.124629+00:00,Man Asian Literary Prize shortlist 2012 2013 2014,"[""man"",""asian"",""literary"",""prize"",""shortlist"",""2012"",""2013"",""2014""]","""man"" OR ""asian"" OR ""literary"" OR ""prize"" OR ""shortlist"" OR ""2012"" OR ""2013"" OR ""2014""",10,bf83d5d42a79dca76dce5655404a241c50a311590b5cb0724ef91e2ec29aaf03,f5499e86c7e1079cbdc511b2341cfd8e3b40aa0ee328b5e82d6f54e0de487448,True,"[""d6"",""d3"",""d40"",""d48"",""d53"",""d75"",""d70"",""d43"",""d41"",""d78""]","[""3002"",""56350"",""56224"",""41360"",""6058"",""93951"",""16447"",""89168"",""23230"",""59739""]","[{""docid"":""3002"",""score"":28.842598060418002,""snippet"":"" ... A Russian version of the Booker Prize was created in 1992 called the Booker-Open Russia Literary Prize, also known as the Russian Booker Prize. In 2007, Man Group plc established the Man Asian Literary Prize, an annual literary award given to the best novel by an Asian ... "",""title"":""https://en.wikipedia.org/wiki/Booker_Prize""},{""docid"":""56350"",""score"":27.856841969311787,""snippet"":"" ... A selection of his poetry is collected in Desire Never … Read More\n\nColm Toíbín\n\nColm Toíbín is the author of six novels, including The Master, winner of the International IMPAC Dublin Literary Award and shortlisted for the Man Booker Prize, as well as winner of the LA Times ... "",""title"":""https://griffinpoetryprize.com/judges/""},{""docid"":""56224"",""score"":27.310306078406178,""snippet"":"" ... Fairbank Prize in East Asia History (American Historical Association)\n\n2013: Barbara Mittler, A Continuous Revolution: Making Sense of Cultural Revolution Culture (HEAM 343)\n\n2012: Jun Uchida, Brokers of Empire: Japanese Settler Colonialism in Korea, 1876-1945 (HEAM 337)\n\n2004: Jordan Sand, House and Home in Modern Japan: Architecture ... "",""title"":""https://asiacenter.harvard.edu/publications/awards""},{""docid"":""41360"",""score"":27.292291293108583,""snippet"":"" ... 2012\n\nLevy's Swimming Home made it to the 2012 Man Booker Prize shortlist, relaunching her career. Delighted readers send us presents, including a set of coloured spoons.\n\n2013\n\nWe set up office in the US, run initially by Sarah Russo, and started publicising and publishing many of ... "",""title"":""https://www.andotherstories.org/about-us/""},{""docid"":""6058"",""score"":27.195970831518714,""snippet"":"" ... In 2015, Mabanckou was a finalist for the Man Booker International Prize.\n\nThe Refugees by Viet Thanh Nguyen\n\nViet Thanh Nguyen's novel The Sympathizer is a New York Times best seller and won the Pulitzer Prize for Fiction. Other honors include the Dayton Literary Peace Prize, the ... "",""title"":""https://www.aspeninstitute.org/blog-posts/20-new-works-fiction-social-impact/""},{""docid"":""93951"",""score"":26.766130693904746,""snippet"":"" ... Lanier's books have won varied awards, including the 2014 Peace Prize of the German Book Trade, Harvard's Goldsmith Book Prize, and best book of the year at literary events such as the San Francisco Book Festival. His writing has appeared in The New York Times, Discover ... "",""title"":""https://authorsguild.org/about/team/council-bios/""},{""docid"":""16447"",""score"":26.680610225435125,""snippet"":"" ... The Stella Prize was created in 2013 as a reaction to the supposed under-representation of women as winners of literary prizes, in particular the 2011 Miles Franklin Award shortlist. However, since 2013, only one man (A. S. Patrić in 2016) has won the Miles Franklin Award.\n\nRepeat ... "",""title"":""https://en.wikipedia.org/wiki/Miles_Franklin_Award""},{""docid"":""89168"",""score"":26.5388117596974,""snippet"":"" ... Lambda Literary Award-winning debut memoir, Man Alive (City Lights, 2014) was named one of the best books of the year by NPR Books, BuzzFeed, Kirkus, and Publisher's Weekly. His follow-up, Amateur (Scribner, 2018), was shortlisted for the U.K.'s Baillie-Gifford Book Prize for ... "",""title"":""https://pen.org/meet-the-2021-literary-awards-judges/""},{""docid"":""23230"",""score"":26.23059362769628,""snippet"":"" ... of the 2012 Green Rose Prize in Poetry from New Issues Press), Carrier Wave (winner of the 2006 Colorado Prize for Poetry from the Center for Literary Publishing at Colorado State University), and the digital chapbook The Tallest Building in America (Floating Wolf Quarterly 2014). An international edition ... "",""title"":""https://artsandsciences.syracuse.edu/english-department/creative-writing-mf-program/raymond-carver-reading-series/previous-raymond-carver-reading-series/""},{""docid"":""59739"",""score"":26.168888118351028,""snippet"":"" ... His published works include Vanity Bagh (winner of The Hindu Literary Prize for Best Fiction 2013), The Blind Lady's Descendants (winner of the Raymond Crossword Book Award for Best Fiction 2014 and the Kendra Sahitya Akademi Award 2018), The Small-town Sea (winner of the Atta Galatta ... "",""title"":""https://www.hhousebooks.com/authors/""}]"
