round,seq,utc,query,terms,expression,top_k,equivalence_key,cache_key,cached,returned_dN,returned_docids,result_docs
1,6,2026-09-15T13:15:36.841263+00:00,literary award created 2000s translated over twenty five languages,"[""literary"",""award"",""created"",""2000s"",""translated"",""over"",""twenty"",""five"",""languages""]","""literary"" OR ""award"" OR ""created"" OR ""2000s"" OR ""translated"" OR ""over"" OR ""twenty"" OR ""five"" OR ""languages""",8,6e3d46b94297e57d91956d779807d8601f5423dbba38aab869f3836a3b2fe45c,cb1507cf1cfa6d5ea158c683e0f492bd1c575f83a402ecc16d646ae5936d7cd5,False,"[""d1"",""d2"",""d3"",""d4"",""d5"",""d6"",""d7"",""d8""]","[""26607"",""57021"",""56350"",""56736"",""84033"",""3002"",""52908"",""81265""]","[{""docid"":""26607"",""score"":19.040129484489164,""snippet"":"" ... Additionally, they have also created the Worth Sharing and Lifelong Favorites publications, which I mentioned previously, with the hopes of reaching as many international publishers as possible to further their mission.\n\nRegarding foreign language translation and publishing in Japan's current literary ecosystem, we feel that the challenge ... "",""title"":""https://www.asymptotejournal.com/interview/an-interview-with-shun-inoue-from-the-japan-foundation/""},{""docid"":""57021"",""score"":18.766971015825096,""snippet"":"" ... She has translated three novels by the Italian writer Domenico Starnone, and is the editor of The Penguin Book of Italian Short Stories. A contributor for over twenty-five years toThe New Yorker magazine, she has published critical essays on authors including Ovid, Dante, Primo Levi, Alessandro Manzoni ... "",""title"":""https://barnard.edu/profiles/jhumpa-lahiri""},{""docid"":""56350"",""score"":18.4755346984686,""snippet"":"" ... She is the author of over 60 volumes of poetry, poetics, and anthologies including The Iovis Trilogy: Colors in The Mechanism of Concealment which won the PEN Center Literary Award. Waldman has read in the streets as … Read More\n\n2023 Judges\n\nNikola Madzirov\n\nNikola Madzirov (poet, essayist, translator ... "",""title"":""https://griffinpoetryprize.com/judges/""},{""docid"":""56736"",""score"":18.07729848261383,""snippet"":"" ... She is the author of Call Me Zebra, named a Best Book of the Year by over twenty publications and the winner of the 2019 PEN/Faulkner Award, the John Gardner Award, and long listed for the PEN/Open Book Award. Her other novels include Savage Tongues and ... "",""title"":""https://english.nd.edu/people/faculty/""},{""docid"":""84033"",""score"":18.064099875886374,""snippet"":"" ... Now living in Montreal, she works as a language professional in cinema, education, and literary translation. Arielle translated 21 Days in October a YA novel by Magali Favre.\n\nPeter McCambridge is a full-time, award-winning literary translator. Originally from Ireland, Peter holds a BA in modern languages ... "",""title"":""https://www.barakabooks.com/authors/""},{""docid"":""3002"",""score"":17.722061506547313,""snippet"":"" ... created in 1992 called the Booker-Open Russia Literary Prize, also known as the Russian Booker Prize. In 2007, Man Group plc established the Man Asian Literary Prize, an annual literary award given to the best novel by an Asian writer, either written in English or translated into ... "",""title"":""https://en.wikipedia.org/wiki/Booker_Prize""},{""docid"":""52908"",""score"":17.71040354661431,""snippet"":"" ... The Story of Jibanananda), Sahaduzzaman\n\nAwards on Jibanananda\n\nThe Kolkata Poetry Confluence in collaboration with Bhasha Samsad has instituted the Jibanananda Das Award for poetry translation. Jibanananda Das awards for translation were given away in ten different languages.\n\nA literary award named Jibanananda Puroshkar, also known as Jibanananda ... "",""title"":""https://en.wikipedia.org/wiki/Jibanananda_Das""},{""docid"":""81265"",""score"":17.698233768011292,""snippet"":"" ... Eritrean literature and translation; African language literary translation; poetry\n\nPeriod: Twentieth-Century (1900-2000), Twenty-first Century (2000-present)\n\nLanguages: English (native fluency), French (good), Italian (good)\n\nPosition: University professor at Penn State Schuylkill\n\nCountry: From United States; living in United States\n\nProfessor Charles Cantalupo is Distinguished Professor ... "",""title"":""https://wendybelcher.com/african-literature/ethiopianists/""}]"
1,17,2026-09-15T13:15:49.550047+00:00,book award founded 2000s international translated many languages contender,"[""book"",""award"",""founded"",""2000s"",""international"",""translated"",""many"",""languages"",""contender""]","""book"" OR ""award"" OR ""founded"" OR ""2000s"" OR ""international"" OR ""translated"" OR ""many"" OR ""languages"" OR ""contender""",8,c98714452d6c138d15ca1b010511b6c75a9f124806c4940e48d43e8b96f4b660,ce5e9a40de36107061eb7f2e173ac763b7ca3ed6249f64f1151df3fd66995a8b,False,"[""d9"",""d10"",""d11"",""d12"",""d13"",""d14"",""d15"",""d16""]","[""43558"",""58691"",""11229"",""46767"",""38155"",""13228"",""913"",""32505""]","[{""docid"":""43558"",""score"":15.2564937467914,""snippet"":"" ... and custodians of the unlooked for.\""\n\nAs a translator, Heaney's most famous work is the translation of the epic Anglo-Saxon poem Beowulf (2000). Considered groundbreaking because of the freedom he took in using modern language, the book is largely credited with revitalizing what had become something ... "",""title"":""https://www.poetryfoundation.org/poets/seamus-heaney""},{""docid"":""58691"",""score"":15.068359690513365,""snippet"":"" ... The prize previously awarded $65,000 to two works of English-language poetry from the previous year — one Canadian and one international.\n\nThe change for the prize program was designed to emphasize the international nature of poetry, the importance of translations and the fact that previous Canadian winners ... "",""title"":""https://www.cbc.ca/books/american-poet-roger-reeves-wins-130k-griffin-poetry-prize-for-best-poetry-book-in-the-world-1.6868466""},{""docid"":""11229"",""score"":14.589178995430455,""snippet"":"" ... The 2019 National Book Awards Longlist: Translated Literature\nauthor: The New Yorker\ndate: 2019-09-17\n---\nThis week, The New Yorker will be announcing the longlists for the 2019 National Book Awards. This morning, we present the ten contenders in the category of Translated Literature. Check back tomorrow ... "",""title"":""https://www.newyorker.com/books/page-turner/the-2019-national-book-awards-longlist-translated-literature""},{""docid"":""46767"",""score"":14.295884960009943,""snippet"":"" ... It has been translated into 50 languages. The most for any author, dead or alive.\n\nIn 2005, Time magazine named the \""milestone in African literature\"", Achebe's magnum opus, one of the 'best 100 English language novels written since 1923' — the year Time was founded.\n\nThings Fall Apart ... "",""title"":""https://paanluelwel.com/2011/10/21/prof-taban-lo-liyong-south-sudanese-literary-icon-and-an-african-philosopher/""},{""docid"":""38155"",""score"":14.18248419783329,""snippet"":"" ... She was shortlisted for the 2016 Scotiabank Giller Prize for The Party Wall, which is an English translation of her French-language short story collection Le mur mitoyen. Leroux won the 2019 Governor General's Literary Award for English to French translation for her translation of Do Not ... "",""title"":""https://www.cbc.ca/books/the-top-20-canadian-books-of-2024-so-far-1.7252475""},{""docid"":""13228"",""score"":13.92065739896607,""snippet"":"" ... Eco-Translation: Translation and Ecology in the Age of the Anthropocene.\n\nLondon and New York: Routledge, 2016.\n\nCronin, Michael. The Expanding World: Towards a Politics of Microspection. Winchester and\n\nWashington: Zero Books, 2012.\n\nCronin, Michael. Translation and Identity. London and New York: Routledge, 2013.\n\nDamrosch, David. What is ... "",""title"":""https://www.researchgate.net/publication/327409406_Planetary_Figurations_Intensive_Genre_in_World_Literature""},{""docid"":""913"",""score"":13.914689206165821,""snippet"":"" ... The 2022 National Book Awards Longlist: Translated Literature\nauthor: The New Yorker\ndate: 2022-09-14\n---\nThis week, The New Yorker will be announcing the longlists for the 2022 National Book Awards. This morning, we presented the ten contenders in the category of Young People's Literature. Check ... "",""title"":""https://www.newyorker.com/books/page-turner/the-2022-national-book-awards-longlist-translated-literature""},{""docid"":""32505"",""score"":13.84845712771357,""snippet"":"" ... Books of 1998\"" (year-end best-of) | |\n| Dec2009 | Planisphere | \""Editors' Choice\"" (recent books of interest) | |\n| Jun2011 | Illuminations | \""Editors' Choice\"" (recent books of interest) | |\n\nOxford-Weidenfeld Translation Prize\n\nThe annual Oxford-Weidenfeld Translation Prize is an award recognizing \""book-length literary translations into English from any living European language ... "",""title"":""https://en.wikipedia.org/wiki/List_of_awards_and_honors_received_by_John_Ashbery""}]"
2,36,2026-09-15T13:15:54.559398+00:00,Man Asian Literary Prize winner 2010s,"[""man"",""asian"",""literary"",""prize"",""winner"",""2010s""]","""man"" OR ""asian"" OR ""literary"" OR ""prize"" OR ""winner"" OR ""2010s""",8,19f794f2a6d9218be1fdcc045c227c628e2f90275d15f89434fe42f3cb17d4c7,9ca2c4cbb13cb16bdd4e7f2e96b96a9fe0fa695264fed263e6030d3adf618888,False,"[""d6"",""d17"",""d18"",""d19"",""d20"",""d21"",""d22"",""d23""]","[""3002"",""605"",""56224"",""32938"",""18890"",""9796"",""23230"",""89168""]","[{""docid"":""3002"",""score"":20.458149131166923,""snippet"":"" ... A Russian version of the Booker Prize was created in 1992 called the Booker-Open Russia Literary Prize, also known as the Russian Booker Prize. In 2007, Man Group plc established the Man Asian Literary Prize, an annual literary award given to the best novel by an Asian ... "",""title"":""https://en.wikipedia.org/wiki/Booker_Prize""},{""docid"":""605"",""score"":20.190013607040378,""snippet"":"" ... International IMPAC Dublin Literary Award 2012. Retrieved 23 January 2015.\n* Financial Times 2010 Fiction of the YearBlau, Rosie (3 December 2010). FT Fiction Round-up 2010. Financial Times, Fiction Round-up 2010. Retrieved 25 January 2015.\n\nLife of Pi\n\n* Winner of the 2002 Man Booker Prize for FictionLife ... "",""title"":""https://en.wikipedia.org/wiki/Yann_Martel""},{""docid"":""56224"",""score"":19.61297668401867,""snippet"":"" ... Daqing and the Formation of the Chinese Socialist State (HYI 110)\n\nFrancis Hsu Book Prize for East Asian Anthropology (American Anthropological Association)\n\n2010: Catherine Clayton, Sovereignty at the Edge: Macau and the Question of Chineseness (HEAM 324)\n\nFranklin R. Buchanan Prize for Asia Curriculum Materials (Association of Asian ... "",""title"":""https://asiacenter.harvard.edu/publications/awards""},{""docid"":""32938"",""score"":19.57732360107075,""snippet"":"" ... 1935\n\nThe is a Japanese literary award presented biannually. Because of its prestige and the considerable attention the winner receives from the media, it is, along with the Naoki Prize, one of Japan's most sought after literary prizes.\n\nHistory\n\nThe Akutagawa Prize was established in 1935 by ... "",""title"":""https://en.wikipedia.org/wiki/Akutagawa_Prize""},{""docid"":""18890"",""score"":19.563072829796834,""snippet"":"" ... 2010)as well as numerous short stories, articles and reviews. Gibb was the winner of the Trillium Book Award in 2006, a Scotiabank Giller Prize short list nominee in 2005, winner of the city of Toronto Book Award in 2000 and the recipient of the CBC Canadian Literary ... "",""title"":""https://www.yorku.ca/laps/huma/canadian-writers/""},{""docid"":""9796"",""score"":19.408855416079913,""snippet"":"" ... the Pulitzer Prize in 2010. Read a selection of her work.\n\nUC Santa Barbara\n\nShirley Geok-lin Lim — a professor emerita of English and two-time American Book Award winner, Lim is known for her poems as well as her scholarship on Asian and Asian American literature. Read ... "",""title"":""https://www.universityofcalifornia.edu/news/ucs-rich-and-thriving-poetic-tradition-goes-back-100-years-and-will-keep-you-reading-all-year""},{""docid"":""23230"",""score"":19.25187914692,""snippet"":"" ... His previous collections include Phantom Camera (winner of the 2012 Green Rose Prize in Poetry from New Issues Press), Carrier Wave (winner of the 2006 Colorado Prize for Poetry from the Center for Literary Publishing at Colorado State University), and the digital chapbook The Tallest Building in America ... "",""title"":""https://artsandsciences.syracuse.edu/english-department/creative-writing-mf-program/raymond-carver-reading-series/previous-raymond-carver-reading-series/""},{""docid"":""89168"",""score"":18.980827125123934,""snippet"":"" ... The winner of the 2010 Asian American Short Story Award, Yapa's fiction and nonfiction have appeared in American Short Fiction; Guernica; Hyphen; Literary Hub; The Margins; O, The Oprah Magazine; Poets & Writers; Slice; and others. He lives in New York City and teaches online and in the ... "",""title"":""https://pen.org/meet-the-2021-literary-awards-judges/""}]"
2,46,2026-09-15T13:15:55.394562+00:00,Man Asian Literary Prize shortlist book translated 25 languages,"[""man"",""asian"",""literary"",""prize"",""shortlist"",""book"",""translated"",""25"",""languages""]","""man"" OR ""asian"" OR ""literary"" OR ""prize"" OR ""shortlist"" OR ""book"" OR ""translated"" OR ""25"" OR ""languages""",8,5b01dad4852332864390a88f13f730373f7be29cabd401b0007996fec77fef5e,e0e6126dd57d32dca4991d924d83ade78442e675643052407ee58c64418b56a8,False,"[""d6"",""d24"",""d25"",""d20"",""d3"",""d23"",""d26"",""d27""]","[""3002"",""41360"",""6058"",""18890"",""56350"",""89168"",""90942"",""93951""]","[{""docid"":""3002"",""score"":31.16515136194199,""snippet"":"" ... In 2007, Man Group plc established the Man Asian Literary Prize, an annual literary award given to the best novel by an Asian writer, either written in English or translated into English, and published in the previous calendar year.\n\nFor many years, as part of The Times Literature ... "",""title"":""https://en.wikipedia.org/wiki/Booker_Prize""},{""docid"":""41360"",""score"":29.81891173162939,""snippet"":"" ... Tait Black Prize and is shortlisted for the Dublin Literary Award and the Climate Fiction Prize, among others. Marosia Castaldi's The Hunger of Women wins the ALTA Prize for Prose (for the best translation from any language), Phantom Pain Wings wins the 2024 National Book Critics Circle ... "",""title"":""https://www.andotherstories.org/about-us/""},{""docid"":""6058"",""score"":29.817770282972845,""snippet"":"" ... His award-winning novels have been adapted for the cinema, shortlisted for the Man Booker Prize, and translated into more than thirty languages. His essays and short stories have appeared in The New York Times, The Washington Post, and The New Yorker, among many other publications. Hamid now ... "",""title"":""https://www.aspeninstitute.org/blog-posts/20-new-works-fiction-social-impact/""},{""docid"":""18890"",""score"":29.111779302194414,""snippet"":"" ... Scotiabank Giller Prize short list nominee in 2005, winner of the city of Toronto Book Award in 2000 and the recipient of the CBC Canadian Literary Award for short fiction in 2001. Her books have been published in 18 countries and translated into 14 languages and she was ... "",""title"":""https://www.yorku.ca/laps/huma/canadian-writers/""},{""docid"":""56350"",""score"":28.686405755117363,""snippet"":"" ... Dublin Literary Award and shortlisted for the Man Booker Prize, as well as winner of the LA Times Novel of the Year and the Meilleur Livre Etranger in France, and Brooklyn, winner of the Costa Prize for … Read More\n\nChase Twichell\n\nChase Twichell has published seven books of ... "",""title"":""https://griffinpoetryprize.com/judges/""},{""docid"":""89168"",""score"":28.250516512607252,""snippet"":"" ... Lambda Literary Award-winning debut memoir, Man Alive (City Lights, 2014) was named one of the best books of the year by NPR Books, BuzzFeed, Kirkus, and Publisher's Weekly. His follow-up, Amateur (Scribner, 2018), was shortlisted for the U.K.'s Baillie-Gifford Book Prize for ... "",""title"":""https://pen.org/meet-the-2021-literary-awards-judges/""},{""docid"":""90942"",""score"":28.20386875955888,""snippet"":"" ... His collection Killdeer won the 2011 Governor General's Literary Award for poetry and the 2012 Trillium Book Award. It was also shortlisted for the 2012 Griffin Poetry Prize. His other collections include Trouble Sleeping, An Oak Hunch, The Small Nouns Crying Faith and Notes from Gethsemani.\n\neat ... "",""title"":""https://www.cbc.ca/books/37-canadian-poetry-collections-to-watch-for-in-fall-2020-1.5716100""},{""docid"":""93951"",""score"":27.94607132890913,""snippet"":"" ... Her work has been translated into over thirty languages. She lives in Gainesville, Florida.\n\nMira Jacob\n\nMira Jacob is a novelist, memoirist, illustrator, and cultural critic. Her graphic memoir Good Talk: A Memoir in Conversations was shortlisted for the National Book Critics Circle Award, longlisted for the PEN ... "",""title"":""https://authorsguild.org/about/team/council-bios/""}]"
2,53,2026-09-15T13:15:56.185756+00:00,Man Asian Literary Prize 2007 founded,"[""man"",""asian"",""literary"",""prize"",""2007"",""founded""]","""man"" OR ""asian"" OR ""literary"" OR ""prize"" OR ""2007"" OR ""founded""",8,87b775868a8c5e6e365cbad6a82bd964c8482721c0f09ebdad1ca1e05b4c1072,540cf1e1ae775928e17fd47322c41e7bd63eaa5e986309ea66f9faefe0d1c0ee,False,"[""d19"",""d6"",""d20"",""d28"",""d29"",""d27"",""d17"",""d30""]","[""32938"",""3002"",""18890"",""11091"",""54094"",""93951"",""605"",""96129""]","[{""docid"":""32938"",""score"":16.914690218678565,""snippet"":"" ... 1935\n\nThe is a Japanese literary award presented biannually. Because of its prestige and the considerable attention the winner receives from the media, it is, along with the Naoki Prize, one of Japan's most sought after literary prizes.\n\nHistory\n\nThe Akutagawa Prize was established in 1935 by ... "",""title"":""https://en.wikipedia.org/wiki/Akutagawa_Prize""},{""docid"":""3002"",""score"":16.853552435212336,""snippet"":"" ... A Russian version of the Booker Prize was created in 1992 called the Booker-Open Russia Literary Prize, also known as the Russian Booker Prize. In 2007, Man Group plc established the Man Asian Literary Prize, an annual literary award given to the best novel by an Asian ... "",""title"":""https://en.wikipedia.org/wiki/Booker_Prize""},{""docid"":""18890"",""score"":16.660293186006182,""snippet"":"" ... Mothering (2007) and Red Silk: An Anthology of South Asian Canadian Women Poets (Mansfield, 2004). She is Coordinator of the Creative Writing Program at York University and the founding editor of the international poetry journal Studio. She was also a finalist for the CBC Canada Council Literary Awards ... "",""title"":""https://www.yorku.ca/laps/huma/canadian-writers/""},{""docid"":""11091"",""score"":16.549718516806422,""snippet"":"" ... He serves on the advisory boards of the Man Asian Literary Prize, the Indo-US Commission on Museums and Culture, the German Research Foundation, and the Graduate School of North American Studies and the International Research Center \""Interweaving Performance Cultures\"" at Free University Berlin. He has received honorary ... "",""title"":""https://www.infosysprize.org/about-the-prize/categories/humanities.html""},{""docid"":""54094"",""score"":16.539330464916066,""snippet"":"" ... Among the most decorated American writers of his generation, he has won every major American literary award, including the Pulitzer Prize for his major novel American Pastoral (1997).\n\nIn the realm of African-American literature, Ralph Ellison's 1952 novel Invisible Man was instantly recognized as among the ... "",""title"":""https://en.wikipedia.org/wiki/American_literature""},{""docid"":""93951"",""score"":16.28113515630594,""snippet"":"" ... Stephen Hong Sohn\n\nStephen Hong Sohn, a former University of California President's Postdoctoral fellow (2006–2007), has edited or co-edited a number of different works and special issues, including Transnational Asian American Literature: Sites and Transits (Temple University Press, 2006); Studies in the Literary Imagination (SLI ... "",""title"":""https://authorsguild.org/about/team/council-bios/""},{""docid"":""605"",""score"":16.137512057146502,""snippet"":"" ... International IMPAC Dublin Literary Award 2012. Retrieved 23 January 2015.\n* Financial Times 2010 Fiction of the YearBlau, Rosie (3 December 2010). FT Fiction Round-up 2010. Financial Times, Fiction Round-up 2010. Retrieved 25 January 2015.\n\nLife of Pi\n\n* Winner of the 2002 Man Booker Prize for FictionLife ... "",""title"":""https://en.wikipedia.org/wiki/Yann_Martel""},{""docid"":""96129"",""score"":16.03605906226554,""snippet"":"" ... Brown Prize for Excellence in Teaching.\n\n1962, Semi-Centennial of Rice is celebrated with the Academic Festival, drawing 20 world-renowned scholars to campus for the \""Man, Science, Learning, and Education\"" lecture series.\n\n1963, J.S. Fulton appointed interim dean of the School of Humanities.\n\n1963, Katherine Tsanoff ... "",""title"":""https://humanities.rice.edu/history-school-humanities""}]"
3,67,2026-09-15T13:15:59.803499+00:00,Man Asian Literary Prize Wikipedia winners list,"[""man"",""asian"",""literary"",""prize"",""wikipedia"",""winners"",""list""]","""man"" OR ""asian"" OR ""literary"" OR ""prize"" OR ""wikipedia"" OR ""winners"" OR ""list""",8,bd130f7e497909b54ca5035f19c15953b102ef9dfaef68896bf7085dde89d1fc,1fe676583e6cbbea04f17a225e76ce39732192d9066c2d3ec45e13e31f20017a,False,"[""d19"",""d6"",""d17"",""d25"",""d29"",""d31"",""d32"",""d20""]","[""32938"",""3002"",""605"",""6058"",""54094"",""71991"",""51004"",""18890""]","[{""docid"":""32938"",""score"":21.53685232951854,""snippet"":"" ... 1935\n\nThe is a Japanese literary award presented biannually. Because of its prestige and the considerable attention the winner receives from the media, it is, along with the Naoki Prize, one of Japan's most sought after literary prizes.\n\nHistory\n\nThe Akutagawa Prize was established in 1935 by ... "",""title"":""https://en.wikipedia.org/wiki/Akutagawa_Prize""},{""docid"":""3002"",""score"":21.512093466418342,""snippet"":"" ... A Russian version of the Booker Prize was created in 1992 called the Booker-Open Russia Literary Prize, also known as the Russian Booker Prize. In 2007, Man Group plc established the Man Asian Literary Prize, an annual literary award given to the best novel by an Asian ... "",""title"":""https://en.wikipedia.org/wiki/Booker_Prize""},{""docid"":""605"",""score"":21.189392653582523,""snippet"":"" ... List 2012 . International IMPAC Dublin Literary Award 2012. Retrieved 23 January 2015.\n* Financial Times 2010 Fiction of the YearBlau, Rosie (3 December 2010). FT Fiction Round-up 2010. Financial Times, Fiction Round-up 2010. Retrieved 25 January 2015.\n\nLife of Pi\n\n* Winner of the 2002 Man Booker Prize ... "",""title"":""https://en.wikipedia.org/wiki/Yann_Martel""},{""docid"":""6058"",""score"":19.27276719159235,""snippet"":"" ... In 2015, Mabanckou was a finalist for the Man Booker International Prize.\n\nThe Refugees by Viet Thanh Nguyen\n\nViet Thanh Nguyen's novel The Sympathizer is a New York Times best seller and won the Pulitzer Prize for Fiction. Other honors include the Dayton Literary Peace Prize, the ... "",""title"":""https://www.aspeninstitute.org/blog-posts/20-new-works-fiction-social-impact/""},{""docid"":""54094"",""score"":19.061155677078215,""snippet"":"" ... Among the most decorated American writers of his generation, he has won every major American literary award, including the Pulitzer Prize for his major novel American Pastoral (1997).\n\nIn the realm of African-American literature, Ralph Ellison's 1952 novel Invisible Man was instantly recognized as among the ... "",""title"":""https://en.wikipedia.org/wiki/American_literature""},{""docid"":""71991"",""score"":19.029659048638386,""snippet"":"" ... List of Asian Americans - Wikipedia\ndate: 2006-09-07\n---\nNotable Asian Americans include:\n\nAcademia\n\n*Manjul Bhargava, mathematician\n*Raj Chetty, professor of economics\n*Leon O. Chua, computer scientist\n*Margaret Chung, first female Chinese physician in the United States\n*S. I. Hayakawa, professor of English, president of San Francisco State ... "",""title"":""https://en.wikipedia.org/wiki/List_of_Asian_Americans""},{""docid"":""51004"",""score"":18.92173381528512,""snippet"":"" ... Here's how:\n\n-\n\nVisit NoveList, log in with your library card\n\n-\n\nIn the Main Menu, click Browse By > Award Winners\n\n-\n\nBrowse the lists\n\n-\n\nFound a book you want? Click the Check the library catalog link and place a hold in the SAILS catalog\n\nLiterary Awards & Prizes\n\nBrowse these ... "",""title"":""https://www.bridgewaterpubliclibrary.org/award-winners""},{""docid"":""18890"",""score"":18.431892154435115,""snippet"":"" ... Gibb was the winner of the Trillium Book Award in 2006, a Scotiabank Giller Prize short list nominee in 2005, winner of the city of Toronto Book Award in 2000 and the recipient of the CBC Canadian Literary Award for short fiction in 2001. Her books have been ... "",""title"":""https://www.yorku.ca/laps/huma/canadian-writers/""}]"
3,72,2026-09-15T13:16:00.476588+00:00,Man Asian Literary Prize shortlist 2010 2011 2012 2013,"[""man"",""asian"",""literary"",""prize"",""shortlist"",""2010"",""2011"",""2012"",""2013""]","""man"" OR ""asian"" OR ""literary"" OR ""prize"" OR ""shortlist"" OR ""2010"" OR ""2011"" OR ""2012"" OR ""2013""",8,4a92ad5710c718585954b527dcdd12aaf105167f8154517d38e13d14e6e124be,af517b79ae0295428245311ea153895ff128f5455cce90c35f0d2607f12fa028,False,"[""d6"",""d18"",""d33"",""d3"",""d27"",""d22"",""d24"",""d34""]","[""3002"",""56224"",""16447"",""56350"",""93951"",""23230"",""41360"",""26680""]","[{""docid"":""3002"",""score"":30.561095216802375,""snippet"":"" ... Gathering | Literary fiction | |\n| 2008 | Aravind Adiga | The White Tiger | Literary fiction | |\n| 2009 | Hilary Mantel | Wolf Hall | Historical fiction | |\n| 2010 | Howard Jacobson | The Finkler Question | Comic novel | |\n| 2011 | Julian Barnes | The Sense of an Ending | Literary fiction | |\n| 2012 | Hilary Mantel | Bring Up the Bodies | Historical fiction | |\n| 2013 | Eleanor Catton ... "",""title"":""https://en.wikipedia.org/wiki/Booker_Prize""},{""docid"":""56224"",""score"":30.045970519672682,""snippet"":"" ... Daqing and the Formation of the Chinese Socialist State (HYI 110)\n\nFrancis Hsu Book Prize for East Asian Anthropology (American Anthropological Association)\n\n2010: Catherine Clayton, Sovereignty at the Edge: Macau and the Question of Chineseness (HEAM 324)\n\nFranklin R. Buchanan Prize for Asia Curriculum Materials (Association of Asian ... "",""title"":""https://asiacenter.harvard.edu/publications/awards""},{""docid"":""16447"",""score"":29.09274924588706,""snippet"":"" ... The Stella Prize was created in 2013 as a reaction to the supposed under-representation of women as winners of literary prizes, in particular the 2011 Miles Franklin Award shortlist. However, since 2013, only one man (A. S. Patrić in 2016) has won the Miles Franklin Award.\n\nRepeat ... "",""title"":""https://en.wikipedia.org/wiki/Miles_Franklin_Award""},{""docid"":""56350"",""score"":28.869156672803882,""snippet"":"" ... A selection of his poetry is collected in Desire Never … Read More\n\nColm Toíbín\n\nColm Toíbín is the author of six novels, including The Master, winner of the International IMPAC Dublin Literary Award and shortlisted for the Man Booker Prize, as well as winner of the LA Times ... "",""title"":""https://griffinpoetryprize.com/judges/""},{""docid"":""93951"",""score"":28.645711983272665,""snippet"":"" ... Sites and Transits (Temple University Press, 2006); Studies in the Literary Imagination (SLI, Vol. 37.1, Spring 2004) on Asian American Literature; MELUS (Winter 2008) on the topic of \""Alien/Asian\""; and Modern Fiction Studies on the topic of \""Theorizing Asian American Fiction\"" (2010). Articles have appeared or ... "",""title"":""https://authorsguild.org/about/team/council-bios/""},{""docid"":""23230"",""score"":28.59236256548031,""snippet"":"" ... Prize and the 2016 Phillis Wheatley Book Award in Poetry; The Requited Distance (Sheep Meadow Press, 2011); Mule & Pear (New Issues Poetry & Prose, 2011), which was selected for the 2012 Inaugural Poetry Award by the Black Caucus of the American Library Association; and Miracle Arrhythmia (Willow Books 2010 ... "",""title"":""https://artsandsciences.syracuse.edu/english-department/creative-writing-mf-program/raymond-carver-reading-series/previous-raymond-carver-reading-series/""},{""docid"":""41360"",""score"":28.579710651899248,""snippet"":"" ... 2012\n\nLevy's Swimming Home made it to the 2012 Man Booker Prize shortlist, relaunching her career. Delighted readers send us presents, including a set of coloured spoons.\n\n2013\n\nWe set up office in the US, run initially by Sarah Russo, and started publicising and publishing many of ... "",""title"":""https://www.andotherstories.org/about-us/""},{""docid"":""26680"",""score"":28.55451186016079,""snippet"":"" ... Life, Death and Hope in a Mumbai Slum | | |\n| 2012 | | ' | | |\n| 2012 | | ' | | |\n| 2012 | | ' | | |\n| 2012 | | Strindberg: A Life (about August Strindberg) | | |\n| 2013 | | ' | | |\n| 2013 | | Empires of the Dead: How One Man's Vision led to the Creation of WWI's World Graves | | |\n| 2013 | | Return of a King: The Battle for Afghanistan | | |\n| 2013 ... "",""title"":""https://en.wikipedia.org/wiki/Baillie_Gifford_Prize""}]"
4,85,2026-09-15T13:16:02.741141+00:00,Man Asian Literary Prize Wikipedia,"[""man"",""asian"",""literary"",""prize"",""wikipedia""]","""man"" OR ""asian"" OR ""literary"" OR ""prize"" OR ""wikipedia""",8,8a8636c1105d33471cd9a3e443710eb30d620359f1d2689b8f31d8569a30cee4,0d1bc4acd045a81dc0373ab19162543b52b13a401b63ba77cb77de7d689ff5bb,False,"[""d19"",""d6"",""d35"",""d17"",""d29"",""d36"",""d37"",""d38""]","[""32938"",""3002"",""96517"",""605"",""54094"",""3542"",""25454"",""80942""]","[{""docid"":""32938"",""score"":17.089445114989296,""snippet"":"" ... Akutagawa Prize - Wikipedia\nauthor: Authority control databases National France BnF data Japan\ndate: 2004-01-20\n---\nname: Akutagawa Prize\nsubheader: 芥川龍之介賞 (Akutagawa Ryūnosuke Shō)\nawarded_for: Best published literary story by a rising author\npresenter: Society for the Promotion of Japanese Literature\ncountry: Japan\ndate: 10 08 1935 ... "",""title"":""https://en.wikipedia.org/wiki/Akutagawa_Prize""},{""docid"":""3002"",""score"":16.827539437357,""snippet"":"" ... A Russian version of the Booker Prize was created in 1992 called the Booker-Open Russia Literary Prize, also known as the Russian Booker Prize. In 2007, Man Group plc established the Man Asian Literary Prize, an annual literary award given to the best novel by an Asian ... "",""title"":""https://en.wikipedia.org/wiki/Booker_Prize""},{""docid"":""96517"",""score"":16.75118395066134,""snippet"":"" ... The Asian/Pacific American Awards for Literature are administered by the Asian/Pacific American Librarians Association to honor outstanding literary works by or about Asian/Pacific Americans. Books in various genres written by or about Asian/Pacific Americans are eligible.\n\n31. Aspen Words Literary Prize:\n\nThe Aspen Words ... "",""title"":""https://mybookcave.com/authorpost/the-ultimate-list-of-book-awards-and-author-recognitions-part-one-american-awards/""},{""docid"":""605"",""score"":16.581281691036246,""snippet"":"" ... International IMPAC Dublin Literary Award 2012. Retrieved 23 January 2015.\n* Financial Times 2010 Fiction of the YearBlau, Rosie (3 December 2010). FT Fiction Round-up 2010. Financial Times, Fiction Round-up 2010. Retrieved 25 January 2015.\n\nLife of Pi\n\n* Winner of the 2002 Man Booker Prize for FictionLife ... "",""title"":""https://en.wikipedia.org/wiki/Yann_Martel""},{""docid"":""54094"",""score"":15.672636665468133,""snippet"":"" ... Among the most decorated American writers of his generation, he has won every major American literary award, including the Pulitzer Prize for his major novel American Pastoral (1997).\n\nIn the realm of African-American literature, Ralph Ellison's 1952 novel Invisible Man was instantly recognized as among the ... "",""title"":""https://en.wikipedia.org/wiki/American_literature""},{""docid"":""3542"",""score"":15.631760434997837,""snippet"":"" ... The English translation of the novel appeared in the long list of Man Asian Literary Prize 2012 and in the short list of the DSC Prize for South Asian Literature 2013. It won the Kerala Sahitya Akademi Award for Novel for Benyamin in 2009.\n\nSynopsis\n\nThe book is ... "",""title"":""https://en.wikipedia.org/wiki/Aadujeevitham""},{""docid"":""25454"",""score"":15.445091736432937,""snippet"":"" ... 2006, Asian/Pacific American Awards for Literature Honorable Mention for Saving Fish From Drowning\n* The Joy Luck Club selected for the National Endowment for the Arts' Big Read\n* The New York Times Notable Book\n* Booklist Editors Choice\n* Finalist for the Orange Prize\n* Nominated for the Orange Prize\n* Nominated ... "",""title"":""https://en.wikipedia.org/wiki/Amy_Tan""},{""docid"":""80942"",""score"":15.390434296795723,""snippet"":"" ... His acclaimed new novel, Between Clay and Dust, was shortlisted for The Man Asian Literary Prize 2012 and longlisted for the 2013 DSC Prize for South Asian Literature. Farooqi's second novel, The Story of a Widow, was shortlisted for the DSC Prize for South Asian Literature 2011 ... "",""title"":""https://lithub.com/20-writers-from-around-the-world-on-the-olympics/""}]"
4,92,2026-09-15T13:16:03.186047+00:00,Man Asian Literary Prize winners shortlist 2010 2011 2012,"[""man"",""asian"",""literary"",""prize"",""winners"",""shortlist"",""2010"",""2011"",""2012""]","""man"" OR ""asian"" OR ""literary"" OR ""prize"" OR ""winners"" OR ""shortlist"" OR ""2010"" OR ""2011"" OR ""2012""",8,b6d61d1f7e4c324ad6ae2c7db720a46d03f158ab4278738e52e992d7a49e4cc4,edd50ab93c438bd80ba53a1975454720c737b9d63e5a017341095577b1cd57b4,False,"[""d6"",""d18"",""d25"",""d33"",""d3"",""d22"",""d23"",""d34""]","[""3002"",""56224"",""6058"",""16447"",""56350"",""23230"",""89168"",""26680""]","[{""docid"":""3002"",""score"":32.686827546821824,""snippet"":"" ... A Russian version of the Booker Prize was created in 1992 called the Booker-Open Russia Literary Prize, also known as the Russian Booker Prize. In 2007, Man Group plc established the Man Asian Literary Prize, an annual literary award given to the best novel by an Asian ... "",""title"":""https://en.wikipedia.org/wiki/Booker_Prize""},{""docid"":""56224"",""score"":31.78519105862905,""snippet"":"" ... Daqing and the Formation of the Chinese Socialist State (HYI 110)\n\nFrancis Hsu Book Prize for East Asian Anthropology (American Anthropological Association)\n\n2010: Catherine Clayton, Sovereignty at the Edge: Macau and the Question of Chineseness (HEAM 324)\n\nFranklin R. Buchanan Prize for Asia Curriculum Materials (Association of Asian ... "",""title"":""https://asiacenter.harvard.edu/publications/awards""},{""docid"":""6058"",""score"":31.180322629445318,""snippet"":"" ... His novel The Privileges was a finalist for the 2011 Pulitzer Prize and winner of the 2011 Prix Fitzgerald and the St. Francis College Literary Prize. A former contributing writer for The New York Times Magazine, a senior editor of The Paris Review, and a National Magazine Award ... "",""title"":""https://www.aspeninstitute.org/blog-posts/20-new-works-fiction-social-impact/""},{""docid"":""16447"",""score"":30.814161029559056,""snippet"":"" ... Miles Franklin Literary Award honorees (2010–2019)\n\n| Year | Author | Title | Result |\n|---|---|---|---|\n| 2010 | | Truth | Winner |\n| 2010 | | ' | Shortlist |\n| 2010 | | ' | Shortlist |\n| 2010 | | Butterfly | Shortlist |\n| 2010 | | Jasper Jones | Shortlist |\n| 2010 | | Lovesong | Shortlist |\n| 2011 | | That Deadman Dance | Winner |\n| 2011 | | Bereft | Shortlist |\n| 2011 | | When Colts Ran | Shortlist |\n| 2012 | | All That I Am | Winner |\n| 2012 ... "",""title"":""https://en.wikipedia.org/wiki/Miles_Franklin_Award""},{""docid"":""56350"",""score"":30.66523507638772,""snippet"":"" ... A selection of his poetry is collected in Desire Never … Read More\n\nColm Toíbín\n\nColm Toíbín is the author of six novels, including The Master, winner of the International IMPAC Dublin Literary Award and shortlisted for the Man Booker Prize, as well as winner of the LA Times ... "",""title"":""https://griffinpoetryprize.com/judges/""},{""docid"":""23230"",""score"":30.448843883677856,""snippet"":"" ... His previous collections include Phantom Camera (winner of the 2012 Green Rose Prize in Poetry from New Issues Press), Carrier Wave (winner of the 2006 Colorado Prize for Poetry from the Center for Literary Publishing at Colorado State University), and the digital chapbook The Tallest Building in America ... "",""title"":""https://artsandsciences.syracuse.edu/english-department/creative-writing-mf-program/raymond-carver-reading-series/previous-raymond-carver-reading-series/""},{""docid"":""89168"",""score"":30.25353650372491,""snippet"":"" ... A Life Apart (2010), which won the Writers' Guild of Great Britain Award for Best Fiction Book; The Lives of Others (2014), which was shortlisted for the Man Booker Prize and the Costa Best Novel Award, and won the Royal Society of Literature's Encore Award; and A ... "",""title"":""https://pen.org/meet-the-2021-literary-awards-judges/""},{""docid"":""26680"",""score"":30.216210250226037,""snippet"":"" ... 2010s Baillie Gifford Prize winner and shortlist\n\n| Year | Author | Title | Result | Ref. |\n|---|---|---|---|---|\n| 2010 | | Nothing to Envy: Ordinary Lives in North Korea | | |\n| 2010 | | Alex's Adventures in Numberland: Dispatches from the Wonderful World of Mathematics | | |\n| 2010 | | Blood Knots: On Fathers, Friendship and Fishing | | |\n| 2010 | | Too Big to Fail: The ... "",""title"":""https://en.wikipedia.org/wiki/Baillie_Gifford_Prize""}]"
5,103,2026-09-15T13:16:05.975548+00:00,Man Asian Literary Prize site wikipedia.org,"[""man"",""asian"",""literary"",""prize"",""site"",""wikipedia"",""org""]","""man"" OR ""asian"" OR ""literary"" OR ""prize"" OR ""site"" OR ""wikipedia"" OR ""org""",8,1a4bb143f2c3ee94d903f21a960d16f8ec40d937610635ecaf4414bb78d9c0b8,29020bad08af6bca0dfb294b995551ba6292585851e710afd6c8668ac109a7b3,False,"[""d17"",""d39"",""d40"",""d41"",""d42"",""d43"",""d44"",""d45""]","[""605"",""61315"",""17746"",""16967"",""37956"",""21658"",""29969"",""59213""]","[{""docid"":""605"",""score"":22.11325859111397,""snippet"":"" ... International IMPAC Dublin Literary Award 2012. Retrieved 23 January 2015.\n* Financial Times 2010 Fiction of the YearBlau, Rosie (3 December 2010). FT Fiction Round-up 2010. Financial Times, Fiction Round-up 2010. Retrieved 25 January 2015.\n\nLife of Pi\n\n* Winner of the 2002 Man Booker Prize for FictionLife ... "",""title"":""https://en.wikipedia.org/wiki/Yann_Martel""},{""docid"":""61315"",""score"":20.46093581407022,""snippet"":"" ... By using this site, you agree to the Terms of Use and Privacy Policy. Wikipedia® is a registered trademark of the Wikimedia Foundation, Inc., a non-profit organization.\nPrivacy policyAbout WikipediaDisclaimersContact WikipediaCode of ConductDevelopersStatisticsCookie statementMobile view\nWikimedia Foundation\nPowered by MediaWiki"",""title"":""https://en.wikipedia.org/wiki/Christopher_Atwood""},{""docid"":""17746"",""score"":19.789984065159807,""snippet"":"" ... Prize; MLA Prize in United States Latina and Latino and Chicana and Chicano Literary and Cultural Studies; Matei Calinescu Prize; MLA Prize for an Edited Collection; Aldo and Jeanne Scaglione Prize for African Studies; Aldo and Jeanne Scaglione Prize for East Asian Studies; Aldo and Jeanne Scaglione Prize ... "",""title"":""https://www.cambridge.org/core/journals/pmla/article/program/780F9405D933EC623EC16B14AD1FB42B""},{""docid"":""16967"",""score"":19.09511605811228,""snippet"":"" ... Her famous works include La Place (\""A Man's Place\"", 1983), L'événement (\""Happening\"", 2000), Se perdre (\""Getting Lost\"", 2001), L'Occupation (\""The Possession\"", 2002), and Les Années (\""The Years\"", 2008).Annie Ernaux annie-ernaux.org\n\nPrize announcement\n\nFollowing the announcement, Carin Klaesson interviewed Nobel Committee chairman Anders ... "",""title"":""https://en.wikipedia.org/wiki/2022_Nobel_Prize_in_Literature""},{""docid"":""37956"",""score"":19.080244038716152,""snippet"":"" ... His poems appear in Eastlit, Asian American Literary Review, TAYO Literary Magazine, and Cha: An Asian Literary Journal. He holds an MFA from Emerson College and works at a public library.\n\nERIC ROY's poems have appeared or are forthcoming from Bennington Review, Green Mountains Review, Salamander, Salt ... "",""title"":""https://lilypoetryreview.blog/issue-six-contributors/""},{""docid"":""21658"",""score"":18.884224143551904,""snippet"":"" ... Henry James said \""Kipling strikes me personally as the most complete man of genius, as distinct from fine intelligence, that I have ever known.\"" In 1907, he was awarded the Nobel Prize in Literature, as the first English-language writer to receive the prize, and at 41, its ... "",""title"":""https://en.wikipedia.org/wiki/Rudyard_Kipling""},{""docid"":""29969"",""score"":18.660832566646,""snippet"":"" ... Robert Lowell and Robert Pinsky.[241] During John Silber's tenure as president, he recruited two Nobel Prize–winning literary figures to the university's faculty: Elie Wiesel, winner of the 1986 Nobel Peace Prize, and Saul Bellow, winner of the 1976 Nobel Prize in Literature.[241] Another ... "",""title"":""https://en.wikipedia.org/wiki/Boston_University""},{""docid"":""59213"",""score"":18.504172875294632,""snippet"":"" ... Sharon Olds - Wikipedia\ndate: 2005-01-28\n---\nname: Sharon Olds\nimage_upright: 0.9\nbirth_date: 19 November 1942\nbirth_place: San Francisco, California, U.S.\neducation: Stanford University (BA)Columbia University (MA, PhD)\noccupation: Poet\nawards: Pulitzer Prize in Poetry, T. S. Eliot Prize, National Book Critics ... "",""title"":""https://en.wikipedia.org/wiki/Sharon_Olds""}]"
5,113,2026-09-15T13:16:06.621219+00:00,Man Asian Literary Prize 2010 winner shortlist,"[""man"",""asian"",""literary"",""prize"",""2010"",""winner"",""shortlist""]","""man"" OR ""asian"" OR ""literary"" OR ""prize"" OR ""2010"" OR ""winner"" OR ""shortlist""",8,b7c22b312b95b9622a2afdc00a268be34d62fa542fbbb9db0bab1ea68fa1e944,3bbd33edee86e3d81755275404eb2e882b8e895d77f1de9c5b245de74bb97a51,False,"[""d6"",""d20"",""d18"",""d25"",""d3"",""d22"",""d33"",""d46""]","[""3002"",""18890"",""56224"",""6058"",""56350"",""23230"",""16447"",""54683""]","[{""docid"":""3002"",""score"":29.641228093604138,""snippet"":"" ... A Russian version of the Booker Prize was created in 1992 called the Booker-Open Russia Literary Prize, also known as the Russian Booker Prize. In 2007, Man Group plc established the Man Asian Literary Prize, an annual literary award given to the best novel by an Asian ... "",""title"":""https://en.wikipedia.org/wiki/Booker_Prize""},{""docid"":""18890"",""score"":27.750674351960647,""snippet"":"" ... 2010)as well as numerous short stories, articles and reviews. Gibb was the winner of the Trillium Book Award in 2006, a Scotiabank Giller Prize short list nominee in 2005, winner of the city of Toronto Book Award in 2000 and the recipient of the CBC Canadian Literary ... "",""title"":""https://www.yorku.ca/laps/huma/canadian-writers/""},{""docid"":""56224"",""score"":27.26497999548056,""snippet"":"" ... Daqing and the Formation of the Chinese Socialist State (HYI 110)\n\nFrancis Hsu Book Prize for East Asian Anthropology (American Anthropological Association)\n\n2010: Catherine Clayton, Sovereignty at the Edge: Macau and the Question of Chineseness (HEAM 324)\n\nFranklin R. Buchanan Prize for Asia Curriculum Materials (Association of Asian ... "",""title"":""https://asiacenter.harvard.edu/publications/awards""},{""docid"":""6058"",""score"":26.934078866037105,""snippet"":"" ... In 2015, Mabanckou was a finalist for the Man Booker International Prize.\n\nThe Refugees by Viet Thanh Nguyen\n\nViet Thanh Nguyen's novel The Sympathizer is a New York Times best seller and won the Pulitzer Prize for Fiction. Other honors include the Dayton Literary Peace Prize, the ... "",""title"":""https://www.aspeninstitute.org/blog-posts/20-new-works-fiction-social-impact/""},{""docid"":""56350"",""score"":26.751415326912184,""snippet"":"" ... A selection of his poetry is collected in Desire Never … Read More\n\nColm Toíbín\n\nColm Toíbín is the author of six novels, including The Master, winner of the International IMPAC Dublin Literary Award and shortlisted for the Man Booker Prize, as well as winner of the LA Times ... "",""title"":""https://griffinpoetryprize.com/judges/""},{""docid"":""23230"",""score"":26.128703463201404,""snippet"":"" ... His previous collections include Phantom Camera (winner of the 2012 Green Rose Prize in Poetry from New Issues Press), Carrier Wave (winner of the 2006 Colorado Prize for Poetry from the Center for Literary Publishing at Colorado State University), and the digital chapbook The Tallest Building in America ... "",""title"":""https://artsandsciences.syracuse.edu/english-department/creative-writing-mf-program/raymond-carver-reading-series/previous-raymond-carver-reading-series/""},{""docid"":""16447"",""score"":26.102986732520904,""snippet"":"" ... The Stella Prize was created in 2013 as a reaction to the supposed under-representation of women as winners of literary prizes, in particular the 2011 Miles Franklin Award shortlist. However, since 2013, only one man (A. S. Patrić in 2016) has won the Miles Franklin Award.\n\nRepeat ... "",""title"":""https://en.wikipedia.org/wiki/Miles_Franklin_Award""},{""docid"":""54683"",""score"":26.016316459613435,""snippet"":"" ... and Schilke 2014; Thompson 2010), such that, as Laws (1975:51–52) notes, some \""advantages\"" were conferred both for \""the dominant group and for the individual who is chosen to serve as Token.\"" While this does not mean that non-white literary prize-winners were free from constrained ... "",""title"":""https://pmc.ncbi.nlm.nih.gov/articles/PMC10837049/""}]"
5,117,2026-09-15T13:16:07.122831+00:00,Man Asian Literary Prize 2011 winner shortlist,"[""man"",""asian"",""literary"",""prize"",""2011"",""winner"",""shortlist""]","""man"" OR ""asian"" OR ""literary"" OR ""prize"" OR ""2011"" OR ""winner"" OR ""shortlist""",8,ce82bc846fb3b6fcec975646efda058a2ea5f666e2bb9173e682bdd77f0129ef,8937f23c7c0eb3c60853c7f26fe055a2d2a613669e97cb26edf33358cdeb816c,False,"[""d6"",""d25"",""d18"",""d3"",""d20"",""d22"",""d33"",""d23""]","[""3002"",""6058"",""56224"",""56350"",""18890"",""23230"",""16447"",""89168""]","[{""docid"":""3002"",""score"":29.52290814409619,""snippet"":"" ... A Russian version of the Booker Prize was created in 1992 called the Booker-Open Russia Literary Prize, also known as the Russian Booker Prize. In 2007, Man Group plc established the Man Asian Literary Prize, an annual literary award given to the best novel by an Asian ... "",""title"":""https://en.wikipedia.org/wiki/Booker_Prize""},{""docid"":""6058"",""score"":29.18696742711303,""snippet"":"" ... His novel The Privileges was a finalist for the 2011 Pulitzer Prize and winner of the 2011 Prix Fitzgerald and the St. Francis College Literary Prize. A former contributing writer for The New York Times Magazine, a senior editor of The Paris Review, and a National Magazine Award ... "",""title"":""https://www.aspeninstitute.org/blog-posts/20-new-works-fiction-social-impact/""},{""docid"":""56224"",""score"":27.623967226459058,""snippet"":"" ... Recent prize winners are listed below.\n\nAlice Davis Hitchcock Book Award (Society of Architectural Historians)\n\n2004: Jordan Sand, House and Home in Modern Japan: Architecture, Domestic Space, and Bourgeois Culture, 1880–1930 (HEAM 223)\n\nAldo and Jeanne Scaglione Prize for East Asian Studies (Modern Language Association of America ... "",""title"":""https://asiacenter.harvard.edu/publications/awards""},{""docid"":""56350"",""score"":27.593709751746157,""snippet"":"" ... A selection of his poetry is collected in Desire Never … Read More\n\nColm Toíbín\n\nColm Toíbín is the author of six novels, including The Master, winner of the International IMPAC Dublin Literary Award and shortlisted for the Man Booker Prize, as well as winner of the LA Times ... "",""title"":""https://griffinpoetryprize.com/judges/""},{""docid"":""18890"",""score"":27.156740746224855,""snippet"":"" ... Gibb was the winner of the Trillium Book Award in 2006, a Scotiabank Giller Prize short list nominee in 2005, winner of the city of Toronto Book Award in 2000 and the recipient of the CBC Canadian Literary Award for short fiction in 2001. Her books have been ... "",""title"":""https://www.yorku.ca/laps/huma/canadian-writers/""},{""docid"":""23230"",""score"":26.48106550572593,""snippet"":"" ... Wayward (2021), Innocents and Others (2016), winner of the St. Francis College Literary Prize and a finalist for the Los Angeles Times Book Prize; Stone Arabia (2011), which was a finalist for the National Book Critics Circle Award; Eat the Document (2006), which was a finalist for the ... "",""title"":""https://artsandsciences.syracuse.edu/english-department/creative-writing-mf-program/raymond-carver-reading-series/previous-raymond-carver-reading-series/""},{""docid"":""16447"",""score"":26.27949398225465,""snippet"":"" ... The Stella Prize was created in 2013 as a reaction to the supposed under-representation of women as winners of literary prizes, in particular the 2011 Miles Franklin Award shortlist. However, since 2013, only one man (A. S. Patrić in 2016) has won the Miles Franklin Award.\n\nRepeat ... "",""title"":""https://en.wikipedia.org/wiki/Miles_Franklin_Award""},{""docid"":""89168"",""score"":26.277324565048932,""snippet"":"" ... Lambda Literary Award-winning debut memoir, Man Alive (City Lights, 2014) was named one of the best books of the year by NPR Books, BuzzFeed, Kirkus, and Publisher's Weekly. His follow-up, Amateur (Scribner, 2018), was shortlisted for the U.K.'s Baillie-Gifford Book Prize for ... "",""title"":""https://pen.org/meet-the-2021-literary-awards-judges/""}]"
6,128,2026-09-15T13:16:11.695364+00:00,Man Asian Literary Prize Wikipedia winners list,"[""man"",""asian"",""literary"",""prize"",""wikipedia"",""winners"",""list""]","""man"" OR ""asian"" OR ""literary"" OR ""prize"" OR ""wikipedia"" OR ""winners"" OR ""list""",8,bd130f7e497909b54ca5035f19c15953b102ef9dfaef68896bf7085dde89d1fc,1fe676583e6cbbea04f17a225e76ce39732192d9066c2d3ec45e13e31f20017a,True,"[""d19"",""d6"",""d17"",""d25"",""d29"",""d31"",""d32"",""d20""]","[""32938"",""3002"",""605"",""6058"",""54094"",""71991"",""51004"",""18890""]","[{""docid"":""32938"",""score"":21.53685232951854,""snippet"":"" ... 1935\n\nThe is a Japanese literary award presented biannually. Because of its prestige and the considerable attention the winner receives from the media, it is, along with the Naoki Prize, one of Japan's most sought after literary prizes.\n\nHistory\n\nThe Akutagawa Prize was established in 1935 by ... "",""title"":""https://en.wikipedia.org/wiki/Akutagawa_Prize""},{""docid"":""3002"",""score"":21.512093466418342,""snippet"":"" ... A Russian version of the Booker Prize was created in 1992 called the Booker-Open Russia Literary Prize, also known as the Russian Booker Prize. In 2007, Man Group plc established the Man Asian Literary Prize, an annual literary award given to the best novel by an Asian ... "",""title"":""https://en.wikipedia.org/wiki/Booker_Prize""},{""docid"":""605"",""score"":21.189392653582523,""snippet"":"" ... List 2012 . International IMPAC Dublin Literary Award 2012. Retrieved 23 January 2015.\n* Financial Times 2010 Fiction of the YearBlau, Rosie (3 December 2010). FT Fiction Round-up 2010. Financial Times, Fiction Round-up 2010. Retrieved 25 January 2015.\n\nLife of Pi\n\n* Winner of the 2002 Man Booker Prize ... "",""title"":""https://en.wikipedia.org/wiki/Yann_Martel""},{""docid"":""6058"",""score"":19.27276719159235,""snippet"":"" ... In 2015, Mabanckou was a finalist for the Man Booker International Prize.\n\nThe Refugees by Viet Thanh Nguyen\n\nViet Thanh Nguyen's novel The Sympathizer is a New York Times best seller and won the Pulitzer Prize for Fiction. Other honors include the Dayton Literary Peace Prize, the ... "",""title"":""https://www.aspeninstitute.org/blog-posts/20-new-works-fiction-social-impact/""},{""docid"":""54094"",""score"":19.061155677078215,""snippet"":"" ... Among the most decorated American writers of his generation, he has won every major American literary award, including the Pulitzer Prize for his major novel American Pastoral (1997).\n\nIn the realm of African-American literature, Ralph Ellison's 1952 novel Invisible Man was instantly recognized as among the ... "",""title"":""https://en.wikipedia.org/wiki/American_literature""},{""docid"":""71991"",""score"":19.029659048638386,""snippet"":"" ... List of Asian Americans - Wikipedia\ndate: 2006-09-07\n---\nNotable Asian Americans include:\n\nAcademia\n\n*Manjul Bhargava, mathematician\n*Raj Chetty, professor of economics\n*Leon O. Chua, computer scientist\n*Margaret Chung, first female Chinese physician in the United States\n*S. I. Hayakawa, professor of English, president of San Francisco State ... "",""title"":""https://en.wikipedia.org/wiki/List_of_Asian_Americans""},{""docid"":""51004"",""score"":18.92173381528512,""snippet"":"" ... Here's how:\n\n-\n\nVisit NoveList, log in with your library card\n\n-\n\nIn the Main Menu, click Browse By > Award Winners\n\n-\n\nBrowse the lists\n\n-\n\nFound a book you want? Click the Check the library catalog link and place a hold in the SAILS catalog\n\nLiterary Awards & Prizes\n\nBrowse these ... "",""title"":""https://www.bridgewaterpubliclibrary.org/award-winners""},{""docid"":""18890"",""score"":18.431892154435115,""snippet"":"" ... Gibb was the winner of the Trillium Book Award in 2006, a Scotiabank Giller Prize short list nominee in 2005, winner of the city of Toronto Book Award in 2000 and the recipient of the CBC Canadian Literary Award for short fiction in 2001. Her books have been ... "",""title"":""https://www.yorku.ca/laps/huma/canadian-writers/""}]"
6,129,2026-09-15T13:16:11.709049+00:00,Man Asian Literary Prize 2010 2011 2012 winner shortlist,"[""man"",""asian"",""literary"",""prize"",""2010"",""2011"",""2012"",""winner"",""shortlist""]","""man"" OR ""asian"" OR ""literary"" OR ""prize"" OR ""2010"" OR ""2011"" OR ""2012"" OR ""winner"" OR ""shortlist""",8,eddca1e6e8e84d942e551d5504ead1d80482be0169772aa80a126b3f2a8db8ce,4a7a9779b97d4972ceb3d99041fb7bb2fcb51ad5940be3c9bb2a2eb5015f9fed,False,"[""d6"",""d18"",""d25"",""d33"",""d3"",""d22"",""d23"",""d34""]","[""3002"",""56224"",""6058"",""16447"",""56350"",""23230"",""89168"",""26680""]","[{""docid"":""3002"",""score"":32.68682754682182,""snippet"":"" ... A Russian version of the Booker Prize was created in 1992 called the Booker-Open Russia Literary Prize, also known as the Russian Booker Prize. In 2007, Man Group plc established the Man Asian Literary Prize, an annual literary award given to the best novel by an Asian ... "",""title"":""https://en.wikipedia.org/wiki/Booker_Prize""},{""docid"":""56224"",""score"":31.78519105862905,""snippet"":"" ... Daqing and the Formation of the Chinese Socialist State (HYI 110)\n\nFrancis Hsu Book Prize for East Asian Anthropology (American Anthropological Association)\n\n2010: Catherine Clayton, Sovereignty at the Edge: Macau and the Question of Chineseness (HEAM 324)\n\nFranklin R. Buchanan Prize for Asia Curriculum Materials (Association of Asian ... "",""title"":""https://asiacenter.harvard.edu/publications/awards""},{""docid"":""6058"",""score"":31.180322629445318,""snippet"":"" ... His novel The Privileges was a finalist for the 2011 Pulitzer Prize and winner of the 2011 Prix Fitzgerald and the St. Francis College Literary Prize. A former contributing writer for The New York Times Magazine, a senior editor of The Paris Review, and a National Magazine Award ... "",""title"":""https://www.aspeninstitute.org/blog-posts/20-new-works-fiction-social-impact/""},{""docid"":""16447"",""score"":30.81416102955906,""snippet"":"" ... Miles Franklin Literary Award honorees (2010–2019)\n\n| Year | Author | Title | Result |\n|---|---|---|---|\n| 2010 | | Truth | Winner |\n| 2010 | | ' | Shortlist |\n| 2010 | | ' | Shortlist |\n| 2010 | | Butterfly | Shortlist |\n| 2010 | | Jasper Jones | Shortlist |\n| 2010 | | Lovesong | Shortlist |\n| 2011 | | That Deadman Dance | Winner |\n| 2011 | | Bereft | Shortlist |\n| 2011 | | When Colts Ran | Shortlist |\n| 2012 | | All That I Am | Winner |\n| 2012 ... "",""title"":""https://en.wikipedia.org/wiki/Miles_Franklin_Award""},{""docid"":""56350"",""score"":30.66523507638772,""snippet"":"" ... A selection of his poetry is collected in Desire Never … Read More\n\nColm Toíbín\n\nColm Toíbín is the author of six novels, including The Master, winner of the International IMPAC Dublin Literary Award and shortlisted for the Man Booker Prize, as well as winner of the LA Times ... "",""title"":""https://griffinpoetryprize.com/judges/""},{""docid"":""23230"",""score"":30.44884388367786,""snippet"":"" ... His previous collections include Phantom Camera (winner of the 2012 Green Rose Prize in Poetry from New Issues Press), Carrier Wave (winner of the 2006 Colorado Prize for Poetry from the Center for Literary Publishing at Colorado State University), and the digital chapbook The Tallest Building in America ... "",""title"":""https://artsandsciences.syracuse.edu/english-department/creative-writing-mf-program/raymond-carver-reading-series/previous-raymond-carver-reading-series/""},{""docid"":""89168"",""score"":30.25353650372491,""snippet"":"" ... A Life Apart (2010), which won the Writers' Guild of Great Britain Award for Best Fiction Book; The Lives of Others (2014), which was shortlisted for the Man Booker Prize and the Costa Best Novel Award, and won the Royal Society of Literature's Encore Award; and A ... "",""title"":""https://pen.org/meet-the-2021-literary-awards-judges/""},{""docid"":""26680"",""score"":30.21621025022604,""snippet"":"" ... 2010s Baillie Gifford Prize winner and shortlist\n\n| Year | Author | Title | Result | Ref. |\n|---|---|---|---|---|\n| 2010 | | Nothing to Envy: Ordinary Lives in North Korea | | |\n| 2010 | | Alex's Adventures in Numberland: Dispatches from the Wonderful World of Mathematics | | |\n| 2010 | | Blood Knots: On Fathers, Friendship and Fishing | | |\n| 2010 | | Too Big to Fail: The ... "",""title"":""https://en.wikipedia.org/wiki/Baillie_Gifford_Prize""}]"
6,132,2026-09-15T13:16:12.252964+00:00,Man Asian Literary Prize history winners by year,"[""man"",""asian"",""literary"",""prize"",""history"",""winners"",""by"",""year""]","""man"" OR ""asian"" OR ""literary"" OR ""prize"" OR ""history"" OR ""winners"" OR ""by"" OR ""year""",8,68aecc0fbf2c468ee393c97108f78c8850baf5a6a7e90126b125f6e822e0d14d,5917ba9e139300dec93b0dfc2f683b7945954ed1922f7a7e6c7578895e038480,False,"[""d25"",""d6"",""d19"",""d32"",""d47"",""d20"",""d21"",""d17""]","[""6058"",""3002"",""32938"",""51004"",""82520"",""18890"",""9796"",""605""]","[{""docid"":""6058"",""score"":18.94404140640028,""snippet"":"" ... In 2015, Mabanckou was a finalist for the Man Booker International Prize.\n\nThe Refugees by Viet Thanh Nguyen\n\nViet Thanh Nguyen's novel The Sympathizer is a New York Times best seller and won the Pulitzer Prize for Fiction. Other honors include the Dayton Literary Peace Prize, the ... "",""title"":""https://www.aspeninstitute.org/blog-posts/20-new-works-fiction-social-impact/""},{""docid"":""3002"",""score"":18.866428890195667,""snippet"":"" ... In 2007, Man Group plc established the Man Asian Literary Prize, an annual literary award given to the best novel by an Asian writer, either written in English or translated into English, and published in the previous calendar year.\n\nFor many years, as part of The Times Literature ... "",""title"":""https://en.wikipedia.org/wiki/Booker_Prize""},{""docid"":""32938"",""score"":18.464299563031247,""snippet"":"" ... 1935\n\nThe is a Japanese literary award presented biannually. Because of its prestige and the considerable attention the winner receives from the media, it is, along with the Naoki Prize, one of Japan's most sought after literary prizes.\n\nHistory\n\nThe Akutagawa Prize was established in 1935 by ... "",""title"":""https://en.wikipedia.org/wiki/Akutagawa_Prize""},{""docid"":""51004"",""score"":18.318343128093456,""snippet"":"" ... Six literary prizes are awarded annually by the Pulitzer Prize Board in the following categories:\n\n- Pulitzer Prize for Biography\n\n- Pulitzer Prize for Fiction\n\n- Pulitzer Prize for General Nonfiction\n\n- Pulitzer Prize for History\n\n- Pulitzer Prize for Memoir or Autobiography\n\n- Pulitzer Prize for Poetry\n\nSophie Brody Medal is given to ... "",""title"":""https://www.bridgewaterpubliclibrary.org/award-winners""},{""docid"":""82520"",""score"":18.074191209448074,""snippet"":"" ... connect with readers, and advance the literary community. Each prize includes an outright grant in the first year followed by matching grants in the next two years as well as a portfolio of professional development opportunities. read more >\n\n2023\n\nGuernica\n\n2023 Winner\n\nGuernica is a digital magazine with ... "",""title"":""https://www.whiting.org/writers/whiting-literary-magazine-prizes/current""},{""docid"":""18890"",""score"":17.965270893386496,""snippet"":"" ... Prize short list nominee in 2005, winner of the city of Toronto Book Award in 2000 and the recipient of the CBC Canadian Literary Award for short fiction in 2001. Her books have been published in 18 countries and translated into 14 languages and she was named by ... "",""title"":""https://www.yorku.ca/laps/huma/canadian-writers/""},{""docid"":""9796"",""score"":17.942128024675345,""snippet"":"" ... At UC Berkeley this year, student Carli Torres organized the first Undergraduate Poetry Festival with fellow classmates; speakers included a range of prize-winning poets, among them Shelley Wong, alum and UCSF staffer, whose first book \""As She Appears\"" won the 2023 Lambda Literary Award for Lesbian Poetry ... "",""title"":""https://www.universityofcalifornia.edu/news/ucs-rich-and-thriving-poetic-tradition-goes-back-100-years-and-will-keep-you-reading-all-year""},{""docid"":""605"",""score"":17.86643274351966,""snippet"":"" ... International IMPAC Dublin Literary Award 2012. Retrieved 23 January 2015.\n* Financial Times 2010 Fiction of the YearBlau, Rosie (3 December 2010). FT Fiction Round-up 2010. Financial Times, Fiction Round-up 2010. Retrieved 25 January 2015.\n\nLife of Pi\n\n* Winner of the 2002 Man Booker Prize for FictionLife ... "",""title"":""https://en.wikipedia.org/wiki/Yann_Martel""}]"
7,144,2026-09-15T13:16:16.560398+00:00,Man Asian Literary Prize Wikipedia,"[""man"",""asian"",""literary"",""prize"",""wikipedia""]","""man"" OR ""asian"" OR ""literary"" OR ""prize"" OR ""wikipedia""",8,8a8636c1105d33471cd9a3e443710eb30d620359f1d2689b8f31d8569a30cee4,0d1bc4acd045a81dc0373ab19162543b52b13a401b63ba77cb77de7d689ff5bb,True,"[""d19"",""d6"",""d35"",""d17"",""d29"",""d36"",""d37"",""d38""]","[""32938"",""3002"",""96517"",""605"",""54094"",""3542"",""25454"",""80942""]","[{""docid"":""32938"",""score"":17.089445114989296,""snippet"":"" ... Akutagawa Prize - Wikipedia\nauthor: Authority control databases National France BnF data Japan\ndate: 2004-01-20\n---\nname: Akutagawa Prize\nsubheader: 芥川龍之介賞 (Akutagawa Ryūnosuke Shō)\nawarded_for: Best published literary story by a rising author\npresenter: Society for the Promotion of Japanese Literature\ncountry: Japan\ndate: 10 08 1935 ... "",""title"":""https://en.wikipedia.org/wiki/Akutagawa_Prize""},{""docid"":""3002"",""score"":16.827539437357,""snippet"":"" ... A Russian version of the Booker Prize was created in 1992 called the Booker-Open Russia Literary Prize, also known as the Russian Booker Prize. In 2007, Man Group plc established the Man Asian Literary Prize, an annual literary award given to the best novel by an Asian ... "",""title"":""https://en.wikipedia.org/wiki/Booker_Prize""},{""docid"":""96517"",""score"":16.75118395066134,""snippet"":"" ... The Asian/Pacific American Awards for Literature are administered by the Asian/Pacific American Librarians Association to honor outstanding literary works by or about Asian/Pacific Americans. Books in various genres written by or about Asian/Pacific Americans are eligible.\n\n31. Aspen Words Literary Prize:\n\nThe Aspen Words ... "",""title"":""https://mybookcave.com/authorpost/the-ultimate-list-of-book-awards-and-author-recognitions-part-one-american-awards/""},{""docid"":""605"",""score"":16.581281691036246,""snippet"":"" ... International IMPAC Dublin Literary Award 2012. Retrieved 23 January 2015.\n* Financial Times 2010 Fiction of the YearBlau, Rosie (3 December 2010). FT Fiction Round-up 2010. Financial Times, Fiction Round-up 2010. Retrieved 25 January 2015.\n\nLife of Pi\n\n* Winner of the 2002 Man Booker Prize for FictionLife ... "",""title"":""https://en.wikipedia.org/wiki/Yann_Martel""},{""docid"":""54094"",""score"":15.672636665468133,""snippet"":"" ... Among the most decorated American writers of his generation, he has won every major American literary award, including the Pulitzer Prize for his major novel American Pastoral (1997).\n\nIn the realm of African-American literature, Ralph Ellison's 1952 novel Invisible Man was instantly recognized as among the ... "",""title"":""https://en.wikipedia.org/wiki/American_literature""},{""docid"":""3542"",""score"":15.631760434997837,""snippet"":"" ... The English translation of the novel appeared in the long list of Man Asian Literary Prize 2012 and in the short list of the DSC Prize for South Asian Literature 2013. It won the Kerala Sahitya Akademi Award for Novel for Benyamin in 2009.\n\nSynopsis\n\nThe book is ... "",""title"":""https://en.wikipedia.org/wiki/Aadujeevitham""},{""docid"":""25454"",""score"":15.445091736432937,""snippet"":"" ... 2006, Asian/Pacific American Awards for Literature Honorable Mention for Saving Fish From Drowning\n* The Joy Luck Club selected for the National Endowment for the Arts' Big Read\n* The New York Times Notable Book\n* Booklist Editors Choice\n* Finalist for the Orange Prize\n* Nominated for the Orange Prize\n* Nominated ... "",""title"":""https://en.wikipedia.org/wiki/Amy_Tan""},{""docid"":""80942"",""score"":15.390434296795723,""snippet"":"" ... His acclaimed new novel, Between Clay and Dust, was shortlisted for The Man Asian Literary Prize 2012 and longlisted for the 2013 DSC Prize for South Asian Literature. Farooqi's second novel, The Story of a Widow, was shortlisted for the DSC Prize for South Asian Literature 2011 ... "",""title"":""https://lithub.com/20-writers-from-around-the-world-on-the-olympics/""}]"
7,145,2026-09-15T13:16:16.576687+00:00,Man Asian Literary Prize 2010 winner Bi Feiyu Three Sisters,"[""man"",""asian"",""literary"",""prize"",""2010"",""winner"",""bi"",""feiyu"",""three"",""sisters""]","""man"" OR ""asian"" OR ""literary"" OR ""prize"" OR ""2010"" OR ""winner"" OR ""bi"" OR ""feiyu"" OR ""three"" OR ""sisters""",8,cecebc39d52d92578e954f0647567abdde003a566ccf2c1e2583cb9e9818e1a1,d2d82ba9c83c50b9ab419731d3d7bd0818d955638e51bbacc1955701947b5aeb,False,"[""d48"",""d49"",""d50"",""d20"",""d6"",""d51"",""d52"",""d21""]","[""76924"",""44961"",""75485"",""18890"",""3002"",""81437"",""19175"",""9796""]","[{""docid"":""76924"",""score"":30.472006337026404,""snippet"":"" ... Book Award, the Man Asian Prize (also available to works written in English), the Dublin IMPAC Prize, and more. But the only U.S. prize in which the translation is first checked for accuracy is the Translation of the Year Award from the American Literary Translators Association. That ... "",""title"":""https://lareviewofbooks.org/article/translating-mo-yan-an-interview-with-howard-goldblatt""},{""docid"":""44961"",""score"":25.451442163654846,""snippet"":"" ... Cooper, Eliza David, Li Di An, Joseph Dobrian, Michelle Edwards, Nathan Englander, Lori Erickson, Bi Feiyu, Jin Feng, Julia Fierro, Ed Folsom, Melissa Fraterrigo, Alberto Fuguet, Kaori Fujino, Kathryn Gamble, Enza Garcia Arreaza, Ted Genoways, Erin Gitchell, Lorna Goodison, Garth Greenwell, Barbara Hall, Ya Hsien, John Ira Thomas ... "",""title"":""https://www.iowacityofliterature.org/icbf/""},{""docid"":""75485"",""score"":23.329212771373264,""snippet"":"" ... Airlie Prize: Airlie Press\n\nAirlie Press is a nonprofit poetry collective based in the Pacific Northwest. The winner of their annual Airlie Prize receives book publication and a $1,000 prize upon publication of the winning book. Any poet writing in English is eligible to enter, regardless of ... "",""title"":""https://authorspublish.com/opportunities-for-historically-underrepresented-writers-march-2025/""},{""docid"":""18890"",""score"":22.8989557904237,""snippet"":"" ... She is the author of three novels, Frog Moon (1994), translated into French as Kaki (1997), The Jasmine Man (2001), and her most recent novel, The Other Sister (2008). She is also the author of several poetry collections and works of literary criticism, and has translated the works ... "",""title"":""https://www.yorku.ca/laps/huma/canadian-writers/""},{""docid"":""3002"",""score"":22.419169458546662,""snippet"":"" ... A Russian version of the Booker Prize was created in 1992 called the Booker-Open Russia Literary Prize, also known as the Russian Booker Prize. In 2007, Man Group plc established the Man Asian Literary Prize, an annual literary award given to the best novel by an Asian ... "",""title"":""https://en.wikipedia.org/wiki/Booker_Prize""},{""docid"":""81437"",""score"":22.23719914601391,""snippet"":"" ... Patel was one of a group of Mauritian writers who founded the literary journal Tracés.\n\nNamwali Serpell, Zambia (March 14, 2016)\n\nNamwali Serpell is the winner of the 2015 Caine Prize for African Writing. Serpell 's first novel, The Old Drift won the 2020 Anisfield-Wolf Book prize ... "",""title"":""https://guides.loc.gov/african-jewish-middle-east-studies/african-studies/event-videos""},{""docid"":""19175"",""score"":22.06585758708489,""snippet"":"" ... Robert Olen Butler\n\nAuthor of the Pulitzer Prize winning short story collection Good Scent From a Strange Mountain (1992), Robert Olen Butler's work has confounded readers and critics for years. Known as something of a shapeshifter in terms of literary styles and aesthetics, Butler's characters and ... "",""title"":""https://blog.bookstellyouwhy.com/eight-short-story-writers-you-should-be-reading-right-now""},{""docid"":""9796"",""score"":21.709398048814595,""snippet"":"" ... the Pulitzer Prize in 2010. Read a selection of her work.\n\nUC Santa Barbara\n\nShirley Geok-lin Lim — a professor emerita of English and two-time American Book Award winner, Lim is known for her poems as well as her scholarship on Asian and Asian American literature. Read ... "",""title"":""https://www.universityofcalifornia.edu/news/ucs-rich-and-thriving-poetic-tradition-goes-back-100-years-and-will-keep-you-reading-all-year""}]"
7,153,2026-09-15T13:16:17.462568+00:00,Man Asian Literary Prize 2011 winner shortlist,"[""man"",""asian"",""literary"",""prize"",""2011"",""winner"",""shortlist""]","""man"" OR ""asian"" OR ""literary"" OR ""prize"" OR ""2011"" OR ""winner"" OR ""shortlist""",8,ce82bc846fb3b6fcec975646efda058a2ea5f666e2bb9173e682bdd77f0129ef,8937f23c7c0eb3c60853c7f26fe055a2d2a613669e97cb26edf33358cdeb816c,True,"[""d6"",""d25"",""d18"",""d3"",""d20"",""d22"",""d33"",""d23""]","[""3002"",""6058"",""56224"",""56350"",""18890"",""23230"",""16447"",""89168""]","[{""docid"":""3002"",""score"":29.52290814409619,""snippet"":"" ... A Russian version of the Booker Prize was created in 1992 called the Booker-Open Russia Literary Prize, also known as the Russian Booker Prize. In 2007, Man Group plc established the Man Asian Literary Prize, an annual literary award given to the best novel by an Asian ... "",""title"":""https://en.wikipedia.org/wiki/Booker_Prize""},{""docid"":""6058"",""score"":29.18696742711303,""snippet"":"" ... His novel The Privileges was a finalist for the 2011 Pulitzer Prize and winner of the 2011 Prix Fitzgerald and the St. Francis College Literary Prize. A former contributing writer for The New York Times Magazine, a senior editor of The Paris Review, and a National Magazine Award ... "",""title"":""https://www.aspeninstitute.org/blog-posts/20-new-works-fiction-social-impact/""},{""docid"":""56224"",""score"":27.623967226459058,""snippet"":"" ... Recent prize winners are listed below.\n\nAlice Davis Hitchcock Book Award (Society of Architectural Historians)\n\n2004: Jordan Sand, House and Home in Modern Japan: Architecture, Domestic Space, and Bourgeois Culture, 1880–1930 (HEAM 223)\n\nAldo and Jeanne Scaglione Prize for East Asian Studies (Modern Language Association of America ... "",""title"":""https://asiacenter.harvard.edu/publications/awards""},{""docid"":""56350"",""score"":27.593709751746157,""snippet"":"" ... A selection of his poetry is collected in Desire Never … Read More\n\nColm Toíbín\n\nColm Toíbín is the author of six novels, including The Master, winner of the International IMPAC Dublin Literary Award and shortlisted for the Man Booker Prize, as well as winner of the LA Times ... "",""title"":""https://griffinpoetryprize.com/judges/""},{""docid"":""18890"",""score"":27.156740746224855,""snippet"":"" ... Gibb was the winner of the Trillium Book Award in 2006, a Scotiabank Giller Prize short list nominee in 2005, winner of the city of Toronto Book Award in 2000 and the recipient of the CBC Canadian Literary Award for short fiction in 2001. Her books have been ... "",""title"":""https://www.yorku.ca/laps/huma/canadian-writers/""},{""docid"":""23230"",""score"":26.48106550572593,""snippet"":"" ... Wayward (2021), Innocents and Others (2016), winner of the St. Francis College Literary Prize and a finalist for the Los Angeles Times Book Prize; Stone Arabia (2011), which was a finalist for the National Book Critics Circle Award; Eat the Document (2006), which was a finalist for the ... "",""title"":""https://artsandsciences.syracuse.edu/english-department/creative-writing-mf-program/raymond-carver-reading-series/previous-raymond-carver-reading-series/""},{""docid"":""16447"",""score"":26.27949398225465,""snippet"":"" ... The Stella Prize was created in 2013 as a reaction to the supposed under-representation of women as winners of literary prizes, in particular the 2011 Miles Franklin Award shortlist. However, since 2013, only one man (A. S. Patrić in 2016) has won the Miles Franklin Award.\n\nRepeat ... "",""title"":""https://en.wikipedia.org/wiki/Miles_Franklin_Award""},{""docid"":""89168"",""score"":26.277324565048932,""snippet"":"" ... Lambda Literary Award-winning debut memoir, Man Alive (City Lights, 2014) was named one of the best books of the year by NPR Books, BuzzFeed, Kirkus, and Publisher's Weekly. His follow-up, Amateur (Scribner, 2018), was shortlisted for the U.K.'s Baillie-Gifford Book Prize for ... "",""title"":""https://pen.org/meet-the-2021-literary-awards-judges/""}]"
8,162,2026-09-15T13:16:21.045010+00:00,Man Asian Literary Prize Wikipedia,"[""man"",""asian"",""literary"",""prize"",""wikipedia""]","""man"" OR ""asian"" OR ""literary"" OR ""prize"" OR ""wikipedia""",8,8a8636c1105d33471cd9a3e443710eb30d620359f1d2689b8f31d8569a30cee4,0d1bc4acd045a81dc0373ab19162543b52b13a401b63ba77cb77de7d689ff5bb,True,"[""d19"",""d6"",""d35"",""d17"",""d29"",""d36"",""d37"",""d38""]","[""32938"",""3002"",""96517"",""605"",""54094"",""3542"",""25454"",""80942""]","[{""docid"":""32938"",""score"":17.089445114989296,""snippet"":"" ... Akutagawa Prize - Wikipedia\nauthor: Authority control databases National France BnF data Japan\ndate: 2004-01-20\n---\nname: Akutagawa Prize\nsubheader: 芥川龍之介賞 (Akutagawa Ryūnosuke Shō)\nawarded_for: Best published literary story by a rising author\npresenter: Society for the Promotion of Japanese Literature\ncountry: Japan\ndate: 10 08 1935 ... "",""title"":""https://en.wikipedia.org/wiki/Akutagawa_Prize""},{""docid"":""3002"",""score"":16.827539437357,""snippet"":"" ... A Russian version of the Booker Prize was created in 1992 called the Booker-Open Russia Literary Prize, also known as the Russian Booker Prize. In 2007, Man Group plc established the Man Asian Literary Prize, an annual literary award given to the best novel by an Asian ... "",""title"":""https://en.wikipedia.org/wiki/Booker_Prize""},{""docid"":""96517"",""score"":16.75118395066134,""snippet"":"" ... The Asian/Pacific American Awards for Literature are administered by the Asian/Pacific American Librarians Association to honor outstanding literary works by or about Asian/Pacific Americans. Books in various genres written by or about Asian/Pacific Americans are eligible.\n\n31. Aspen Words Literary Prize:\n\nThe Aspen Words ... "",""title"":""https://mybookcave.com/authorpost/the-ultimate-list-of-book-awards-and-author-recognitions-part-one-american-awards/""},{""docid"":""605"",""score"":16.581281691036246,""snippet"":"" ... International IMPAC Dublin Literary Award 2012. Retrieved 23 January 2015.\n* Financial Times 2010 Fiction of the YearBlau, Rosie (3 December 2010). FT Fiction Round-up 2010. Financial Times, Fiction Round-up 2010. Retrieved 25 January 2015.\n\nLife of Pi\n\n* Winner of the 2002 Man Booker Prize for FictionLife ... "",""title"":""https://en.wikipedia.org/wiki/Yann_Martel""},{""docid"":""54094"",""score"":15.672636665468133,""snippet"":"" ... Among the most decorated American writers of his generation, he has won every major American literary award, including the Pulitzer Prize for his major novel American Pastoral (1997).\n\nIn the realm of African-American literature, Ralph Ellison's 1952 novel Invisible Man was instantly recognized as among the ... "",""title"":""https://en.wikipedia.org/wiki/American_literature""},{""docid"":""3542"",""score"":15.631760434997837,""snippet"":"" ... The English translation of the novel appeared in the long list of Man Asian Literary Prize 2012 and in the short list of the DSC Prize for South Asian Literature 2013. It won the Kerala Sahitya Akademi Award for Novel for Benyamin in 2009.\n\nSynopsis\n\nThe book is ... "",""title"":""https://en.wikipedia.org/wiki/Aadujeevitham""},{""docid"":""25454"",""score"":15.445091736432937,""snippet"":"" ... 2006, Asian/Pacific American Awards for Literature Honorable Mention for Saving Fish From Drowning\n* The Joy Luck Club selected for the National Endowment for the Arts' Big Read\n* The New York Times Notable Book\n* Booklist Editors Choice\n* Finalist for the Orange Prize\n* Nominated for the Orange Prize\n* Nominated ... "",""title"":""https://en.wikipedia.org/wiki/Amy_Tan""},{""docid"":""80942"",""score"":15.390434296795723,""snippet"":"" ... His acclaimed new novel, Between Clay and Dust, was shortlisted for The Man Asian Literary Prize 2012 and longlisted for the 2013 DSC Prize for South Asian Literature. Farooqi's second novel, The Story of a Widow, was shortlisted for the DSC Prize for South Asian Literature 2011 ... "",""title"":""https://lithub.com/20-writers-from-around-the-world-on-the-olympics/""}]"
8,163,2026-09-15T13:16:21.062982+00:00,Man Asian Literary Prize 2010 winner Bi Feiyu,"[""man"",""asian"",""literary"",""prize"",""2010"",""winner"",""bi"",""feiyu""]","""man"" OR ""asian"" OR ""literary"" OR ""prize"" OR ""2010"" OR ""winner"" OR ""bi"" OR ""feiyu""",8,6c011bad759d5a98ecfeb71ed6b863f391288317d79551d1758ee1faad4bc097,eb06b7b677a38b5d9cba0b8bfd09409f88116147fac43395ba5244d83e748172,False,"[""d48"",""d49"",""d51"",""d50"",""d6"",""d53"",""d17"",""d54""]","[""76924"",""44961"",""81437"",""75485"",""3002"",""34808"",""605"",""67997""]","[{""docid"":""76924"",""score"":30.472004728110278,""snippet"":"" ... Book Award, the Man Asian Prize (also available to works written in English), the Dublin IMPAC Prize, and more. But the only U.S. prize in which the translation is first checked for accuracy is the Translation of the Year Award from the American Literary Translators Association. That ... "",""title"":""https://lareviewofbooks.org/article/translating-mo-yan-an-interview-with-howard-goldblatt""},{""docid"":""44961"",""score"":25.451442163654846,""snippet"":"" ... Cooper, Eliza David, Li Di An, Joseph Dobrian, Michelle Edwards, Nathan Englander, Lori Erickson, Bi Feiyu, Jin Feng, Julia Fierro, Ed Folsom, Melissa Fraterrigo, Alberto Fuguet, Kaori Fujino, Kathryn Gamble, Enza Garcia Arreaza, Ted Genoways, Erin Gitchell, Lorna Goodison, Garth Greenwell, Barbara Hall, Ya Hsien, John Ira Thomas ... "",""title"":""https://www.iowacityofliterature.org/icbf/""},{""docid"":""81437"",""score"":22.237197466907965,""snippet"":"" ... Patel was one of a group of Mauritian writers who founded the literary journal Tracés.\n\nNamwali Serpell, Zambia (March 14, 2016)\n\nNamwali Serpell is the winner of the 2015 Caine Prize for African Writing. Serpell 's first novel, The Old Drift won the 2020 Anisfield-Wolf Book prize ... "",""title"":""https://guides.loc.gov/african-jewish-middle-east-studies/african-studies/event-videos""},{""docid"":""75485"",""score"":21.586569102570877,""snippet"":"" ... Airlie Prize: Airlie Press\n\nAirlie Press is a nonprofit poetry collective based in the Pacific Northwest. The winner of their annual Airlie Prize receives book publication and a $1,000 prize upon publication of the winning book. Any poet writing in English is eligible to enter, regardless of ... "",""title"":""https://authorspublish.com/opportunities-for-historically-underrepresented-writers-march-2025/""},{""docid"":""3002"",""score"":20.458149131166923,""snippet"":"" ... A Russian version of the Booker Prize was created in 1992 called the Booker-Open Russia Literary Prize, also known as the Russian Booker Prize. In 2007, Man Group plc established the Man Asian Literary Prize, an annual literary award given to the best novel by an Asian ... "",""title"":""https://en.wikipedia.org/wiki/Booker_Prize""},{""docid"":""34808"",""score"":20.451758168770517,""snippet"":"" ... We publish fiction, poetry, and creative nonfiction of both contest winners and other writers in May of each year.\n\nSubmission Guidelines\n\nDriftwood\n\nDriftwood Press is a bi-annual literary magazine founded in Tampa, FL in 2013. While our focus is on fiction, poetry, photography, graphic narrative, and interviews ... "",""title"":""https://nonconformist-mag.com/the-big-big-list-of-literary-magazines-and-journals/""},{""docid"":""605"",""score"":20.190013607040378,""snippet"":"" ... International IMPAC Dublin Literary Award 2012. Retrieved 23 January 2015.\n* Financial Times 2010 Fiction of the YearBlau, Rosie (3 December 2010). FT Fiction Round-up 2010. Financial Times, Fiction Round-up 2010. Retrieved 25 January 2015.\n\nLife of Pi\n\n* Winner of the 2002 Man Booker Prize for FictionLife ... "",""title"":""https://en.wikipedia.org/wiki/Yann_Martel""},{""docid"":""67997"",""score"":19.80858939604474,""snippet"":"" ... South African poet and writer Breyten Breytenbach won the prize in 2010.\n\nIn 2017, Palestinian historian Maher Charif, Egyptian novelist and critic Salwa Bakr, and Indian novelist and activist Arundhati Roy were co-winners of the prize.\n\nControversies in Israel\n\n\""Those Who Pass Between Fleeting Words\""\n\nIn 1988 ... "",""title"":""https://en.wikipedia.org/wiki/Mahmoud_Darwish""}]"
8,168,2026-09-15T13:16:21.647159+00:00,Man Asian Literary Prize 2011 winner shortlist,"[""man"",""asian"",""literary"",""prize"",""2011"",""winner"",""shortlist""]","""man"" OR ""asian"" OR ""literary"" OR ""prize"" OR ""2011"" OR ""winner"" OR ""shortlist""",8,ce82bc846fb3b6fcec975646efda058a2ea5f666e2bb9173e682bdd77f0129ef,8937f23c7c0eb3c60853c7f26fe055a2d2a613669e97cb26edf33358cdeb816c,True,"[""d6"",""d25"",""d18"",""d3"",""d20"",""d22"",""d33"",""d23""]","[""3002"",""6058"",""56224"",""56350"",""18890"",""23230"",""16447"",""89168""]","[{""docid"":""3002"",""score"":29.52290814409619,""snippet"":"" ... A Russian version of the Booker Prize was created in 1992 called the Booker-Open Russia Literary Prize, also known as the Russian Booker Prize. In 2007, Man Group plc established the Man Asian Literary Prize, an annual literary award given to the best novel by an Asian ... "",""title"":""https://en.wikipedia.org/wiki/Booker_Prize""},{""docid"":""6058"",""score"":29.18696742711303,""snippet"":"" ... His novel The Privileges was a finalist for the 2011 Pulitzer Prize and winner of the 2011 Prix Fitzgerald and the St. Francis College Literary Prize. A former contributing writer for The New York Times Magazine, a senior editor of The Paris Review, and a National Magazine Award ... "",""title"":""https://www.aspeninstitute.org/blog-posts/20-new-works-fiction-social-impact/""},{""docid"":""56224"",""score"":27.623967226459058,""snippet"":"" ... Recent prize winners are listed below.\n\nAlice Davis Hitchcock Book Award (Society of Architectural Historians)\n\n2004: Jordan Sand, House and Home in Modern Japan: Architecture, Domestic Space, and Bourgeois Culture, 1880–1930 (HEAM 223)\n\nAldo and Jeanne Scaglione Prize for East Asian Studies (Modern Language Association of America ... "",""title"":""https://asiacenter.harvard.edu/publications/awards""},{""docid"":""56350"",""score"":27.593709751746157,""snippet"":"" ... A selection of his poetry is collected in Desire Never … Read More\n\nColm Toíbín\n\nColm Toíbín is the author of six novels, including The Master, winner of the International IMPAC Dublin Literary Award and shortlisted for the Man Booker Prize, as well as winner of the LA Times ... "",""title"":""https://griffinpoetryprize.com/judges/""},{""docid"":""18890"",""score"":27.156740746224855,""snippet"":"" ... Gibb was the winner of the Trillium Book Award in 2006, a Scotiabank Giller Prize short list nominee in 2005, winner of the city of Toronto Book Award in 2000 and the recipient of the CBC Canadian Literary Award for short fiction in 2001. Her books have been ... "",""title"":""https://www.yorku.ca/laps/huma/canadian-writers/""},{""docid"":""23230"",""score"":26.48106550572593,""snippet"":"" ... Wayward (2021), Innocents and Others (2016), winner of the St. Francis College Literary Prize and a finalist for the Los Angeles Times Book Prize; Stone Arabia (2011), which was a finalist for the National Book Critics Circle Award; Eat the Document (2006), which was a finalist for the ... "",""title"":""https://artsandsciences.syracuse.edu/english-department/creative-writing-mf-program/raymond-carver-reading-series/previous-raymond-carver-reading-series/""},{""docid"":""16447"",""score"":26.27949398225465,""snippet"":"" ... The Stella Prize was created in 2013 as a reaction to the supposed under-representation of women as winners of literary prizes, in particular the 2011 Miles Franklin Award shortlist. However, since 2013, only one man (A. S. Patrić in 2016) has won the Miles Franklin Award.\n\nRepeat ... "",""title"":""https://en.wikipedia.org/wiki/Miles_Franklin_Award""},{""docid"":""89168"",""score"":26.277324565048932,""snippet"":"" ... Lambda Literary Award-winning debut memoir, Man Alive (City Lights, 2014) was named one of the best books of the year by NPR Books, BuzzFeed, Kirkus, and Publisher's Weekly. His follow-up, Amateur (Scribner, 2018), was shortlisted for the U.K.'s Baillie-Gifford Book Prize for ... "",""title"":""https://pen.org/meet-the-2021-literary-awards-judges/""}]"
9,177,2026-09-15T13:16:25.671530+00:00,Man Asian Literary Prize Wikipedia,"[""man"",""asian"",""literary"",""prize"",""wikipedia""]","""man"" OR ""asian"" OR ""literary"" OR ""prize"" OR ""wikipedia""",8,8a8636c1105d33471cd9a3e443710eb30d620359f1d2689b8f31d8569a30cee4,0d1bc4acd045a81dc0373ab19162543b52b13a401b63ba77cb77de7d689ff5bb,True,"[""d19"",""d6"",""d35"",""d17"",""d29"",""d36"",""d37"",""d38""]","[""32938"",""3002"",""96517"",""605"",""54094"",""3542"",""25454"",""80942""]","[{""docid"":""32938"",""score"":17.089445114989296,""snippet"":"" ... Akutagawa Prize - Wikipedia\nauthor: Authority control databases National France BnF data Japan\ndate: 2004-01-20\n---\nname: Akutagawa Prize\nsubheader: 芥川龍之介賞 (Akutagawa Ryūnosuke Shō)\nawarded_for: Best published literary story by a rising author\npresenter: Society for the Promotion of Japanese Literature\ncountry: Japan\ndate: 10 08 1935 ... "",""title"":""https://en.wikipedia.org/wiki/Akutagawa_Prize""},{""docid"":""3002"",""score"":16.827539437357,""snippet"":"" ... A Russian version of the Booker Prize was created in 1992 called the Booker-Open Russia Literary Prize, also known as the Russian Booker Prize. In 2007, Man Group plc established the Man Asian Literary Prize, an annual literary award given to the best novel by an Asian ... "",""title"":""https://en.wikipedia.org/wiki/Booker_Prize""},{""docid"":""96517"",""score"":16.75118395066134,""snippet"":"" ... The Asian/Pacific American Awards for Literature are administered by the Asian/Pacific American Librarians Association to honor outstanding literary works by or about Asian/Pacific Americans. Books in various genres written by or about Asian/Pacific Americans are eligible.\n\n31. Aspen Words Literary Prize:\n\nThe Aspen Words ... "",""title"":""https://mybookcave.com/authorpost/the-ultimate-list-of-book-awards-and-author-recognitions-part-one-american-awards/""},{""docid"":""605"",""score"":16.581281691036246,""snippet"":"" ... International IMPAC Dublin Literary Award 2012. Retrieved 23 January 2015.\n* Financial Times 2010 Fiction of the YearBlau, Rosie (3 December 2010). FT Fiction Round-up 2010. Financial Times, Fiction Round-up 2010. Retrieved 25 January 2015.\n\nLife of Pi\n\n* Winner of the 2002 Man Booker Prize for FictionLife ... "",""title"":""https://en.wikipedia.org/wiki/Yann_Martel""},{""docid"":""54094"",""score"":15.672636665468133,""snippet"":"" ... Among the most decorated American writers of his generation, he has won every major American literary award, including the Pulitzer Prize for his major novel American Pastoral (1997).\n\nIn the realm of African-American literature, Ralph Ellison's 1952 novel Invisible Man was instantly recognized as among the ... "",""title"":""https://en.wikipedia.org/wiki/American_literature""},{""docid"":""3542"",""score"":15.631760434997837,""snippet"":"" ... The English translation of the novel appeared in the long list of Man Asian Literary Prize 2012 and in the short list of the DSC Prize for South Asian Literature 2013. It won the Kerala Sahitya Akademi Award for Novel for Benyamin in 2009.\n\nSynopsis\n\nThe book is ... "",""title"":""https://en.wikipedia.org/wiki/Aadujeevitham""},{""docid"":""25454"",""score"":15.445091736432937,""snippet"":"" ... 2006, Asian/Pacific American Awards for Literature Honorable Mention for Saving Fish From Drowning\n* The Joy Luck Club selected for the National Endowment for the Arts' Big Read\n* The New York Times Notable Book\n* Booklist Editors Choice\n* Finalist for the Orange Prize\n* Nominated for the Orange Prize\n* Nominated ... "",""title"":""https://en.wikipedia.org/wiki/Amy_Tan""},{""docid"":""80942"",""score"":15.390434296795723,""snippet"":"" ... His acclaimed new novel, Between Clay and Dust, was shortlisted for The Man Asian Literary Prize 2012 and longlisted for the 2013 DSC Prize for South Asian Literature. Farooqi's second novel, The Story of a Widow, was shortlisted for the DSC Prize for South Asian Literature 2011 ... "",""title"":""https://lithub.com/20-writers-from-around-the-world-on-the-olympics/""}]"
9,178,2026-09-15T13:16:25.692167+00:00,Man Asian Literary Prize 2010 winner Bi Feiyu,"[""man"",""asian"",""literary"",""prize"",""2010"",""winner"",""bi"",""feiyu""]","""man"" OR ""asian"" OR ""literary"" OR ""prize"" OR ""2010"" OR ""winner"" OR ""bi"" OR ""feiyu""",8,6c011bad759d5a98ecfeb71ed6b863f391288317d79551d1758ee1faad4bc097,eb06b7b677a38b5d9cba0b8bfd09409f88116147fac43395ba5244d83e748172,True,"[""d48"",""d49"",""d51"",""d50"",""d6"",""d53"",""d17"",""d54""]","[""76924"",""44961"",""81437"",""75485"",""3002"",""34808"",""605"",""67997""]","[{""docid"":""76924"",""score"":30.472004728110278,""snippet"":"" ... Book Award, the Man Asian Prize (also available to works written in English), the Dublin IMPAC Prize, and more. But the only U.S. prize in which the translation is first checked for accuracy is the Translation of the Year Award from the American Literary Translators Association. That ... "",""title"":""https://lareviewofbooks.org/article/translating-mo-yan-an-interview-with-howard-goldblatt""},{""docid"":""44961"",""score"":25.451442163654846,""snippet"":"" ... Cooper, Eliza David, Li Di An, Joseph Dobrian, Michelle Edwards, Nathan Englander, Lori Erickson, Bi Feiyu, Jin Feng, Julia Fierro, Ed Folsom, Melissa Fraterrigo, Alberto Fuguet, Kaori Fujino, Kathryn Gamble, Enza Garcia Arreaza, Ted Genoways, Erin Gitchell, Lorna Goodison, Garth Greenwell, Barbara Hall, Ya Hsien, John Ira Thomas ... "",""title"":""https://www.iowacityofliterature.org/icbf/""},{""docid"":""81437"",""score"":22.237197466907965,""snippet"":"" ... Patel was one of a group of Mauritian writers who founded the literary journal Tracés.\n\nNamwali Serpell, Zambia (March 14, 2016)\n\nNamwali Serpell is the winner of the 2015 Caine Prize for African Writing. Serpell 's first novel, The Old Drift won the 2020 Anisfield-Wolf Book prize ... "",""title"":""https://guides.loc.gov/african-jewish-middle-east-studies/african-studies/event-videos""},{""docid"":""75485"",""score"":21.586569102570877,""snippet"":"" ... Airlie Prize: Airlie Press\n\nAirlie Press is a nonprofit poetry collective based in the Pacific Northwest. The winner of their annual Airlie Prize receives book publication and a $1,000 prize upon publication of the winning book. Any poet writing in English is eligible to enter, regardless of ... "",""title"":""https://authorspublish.com/opportunities-for-historically-underrepresented-writers-march-2025/""},{""docid"":""3002"",""score"":20.458149131166923,""snippet"":"" ... A Russian version of the Booker Prize was created in 1992 called the Booker-Open Russia Literary Prize, also known as the Russian Booker Prize. In 2007, Man Group plc established the Man Asian Literary Prize, an annual literary award given to the best novel by an Asian ... "",""title"":""https://en.wikipedia.org/wiki/Booker_Prize""},{""docid"":""34808"",""score"":20.451758168770517,""snippet"":"" ... We publish fiction, poetry, and creative nonfiction of both contest winners and other writers in May of each year.\n\nSubmission Guidelines\n\nDriftwood\n\nDriftwood Press is a bi-annual literary magazine founded in Tampa, FL in 2013. While our focus is on fiction, poetry, photography, graphic narrative, and interviews ... "",""title"":""https://nonconformist-mag.com/the-big-big-list-of-literary-magazines-and-journals/""},{""docid"":""605"",""score"":20.190013607040378,""snippet"":"" ... International IMPAC Dublin Literary Award 2012. Retrieved 23 January 2015.\n* Financial Times 2010 Fiction of the YearBlau, Rosie (3 December 2010). FT Fiction Round-up 2010. Financial Times, Fiction Round-up 2010. Retrieved 25 January 2015.\n\nLife of Pi\n\n* Winner of the 2002 Man Booker Prize for FictionLife ... "",""title"":""https://en.wikipedia.org/wiki/Yann_Martel""},{""docid"":""67997"",""score"":19.80858939604474,""snippet"":"" ... South African poet and writer Breyten Breytenbach won the prize in 2010.\n\nIn 2017, Palestinian historian Maher Charif, Egyptian novelist and critic Salwa Bakr, and Indian novelist and activist Arundhati Roy were co-winners of the prize.\n\nControversies in Israel\n\n\""Those Who Pass Between Fleeting Words\""\n\nIn 1988 ... "",""title"":""https://en.wikipedia.org/wiki/Mahmoud_Darwish""}]"
9,179,2026-09-15T13:16:25.710486+00:00,Man Asian Literary Prize 2011 winner shortlist,"[""man"",""asian"",""literary"",""prize"",""2011"",""winner"",""shortlist""]","""man"" OR ""asian"" OR ""literary"" OR ""prize"" OR ""2011"" OR ""winner"" OR ""shortlist""",8,ce82bc846fb3b6fcec975646efda058a2ea5f666e2bb9173e682bdd77f0129ef,8937f23c7c0eb3c60853c7f26fe055a2d2a613669e97cb26edf33358cdeb816c,True,"[""d6"",""d25"",""d18"",""d3"",""d20"",""d22"",""d33"",""d23""]","[""3002"",""6058"",""56224"",""56350"",""18890"",""23230"",""16447"",""89168""]","[{""docid"":""3002"",""score"":29.52290814409619,""snippet"":"" ... A Russian version of the Booker Prize was created in 1992 called the Booker-Open Russia Literary Prize, also known as the Russian Booker Prize. In 2007, Man Group plc established the Man Asian Literary Prize, an annual literary award given to the best novel by an Asian ... "",""title"":""https://en.wikipedia.org/wiki/Booker_Prize""},{""docid"":""6058"",""score"":29.18696742711303,""snippet"":"" ... His novel The Privileges was a finalist for the 2011 Pulitzer Prize and winner of the 2011 Prix Fitzgerald and the St. Francis College Literary Prize. A former contributing writer for The New York Times Magazine, a senior editor of The Paris Review, and a National Magazine Award ... "",""title"":""https://www.aspeninstitute.org/blog-posts/20-new-works-fiction-social-impact/""},{""docid"":""56224"",""score"":27.623967226459058,""snippet"":"" ... Recent prize winners are listed below.\n\nAlice Davis Hitchcock Book Award (Society of Architectural Historians)\n\n2004: Jordan Sand, House and Home in Modern Japan: Architecture, Domestic Space, and Bourgeois Culture, 1880–1930 (HEAM 223)\n\nAldo and Jeanne Scaglione Prize for East Asian Studies (Modern Language Association of America ... "",""title"":""https://asiacenter.harvard.edu/publications/awards""},{""docid"":""56350"",""score"":27.593709751746157,""snippet"":"" ... A selection of his poetry is collected in Desire Never … Read More\n\nColm Toíbín\n\nColm Toíbín is the author of six novels, including The Master, winner of the International IMPAC Dublin Literary Award and shortlisted for the Man Booker Prize, as well as winner of the LA Times ... "",""title"":""https://griffinpoetryprize.com/judges/""},{""docid"":""18890"",""score"":27.156740746224855,""snippet"":"" ... Gibb was the winner of the Trillium Book Award in 2006, a Scotiabank Giller Prize short list nominee in 2005, winner of the city of Toronto Book Award in 2000 and the recipient of the CBC Canadian Literary Award for short fiction in 2001. Her books have been ... "",""title"":""https://www.yorku.ca/laps/huma/canadian-writers/""},{""docid"":""23230"",""score"":26.48106550572593,""snippet"":"" ... Wayward (2021), Innocents and Others (2016), winner of the St. Francis College Literary Prize and a finalist for the Los Angeles Times Book Prize; Stone Arabia (2011), which was a finalist for the National Book Critics Circle Award; Eat the Document (2006), which was a finalist for the ... "",""title"":""https://artsandsciences.syracuse.edu/english-department/creative-writing-mf-program/raymond-carver-reading-series/previous-raymond-carver-reading-series/""},{""docid"":""16447"",""score"":26.27949398225465,""snippet"":"" ... The Stella Prize was created in 2013 as a reaction to the supposed under-representation of women as winners of literary prizes, in particular the 2011 Miles Franklin Award shortlist. However, since 2013, only one man (A. S. Patrić in 2016) has won the Miles Franklin Award.\n\nRepeat ... "",""title"":""https://en.wikipedia.org/wiki/Miles_Franklin_Award""},{""docid"":""89168"",""score"":26.277324565048932,""snippet"":"" ... Lambda Literary Award-winning debut memoir, Man Alive (City Lights, 2014) was named one of the best books of the year by NPR Books, BuzzFeed, Kirkus, and Publisher's Weekly. His follow-up, Amateur (Scribner, 2018), was shortlisted for the U.K.'s Baillie-Gifford Book Prize for ... "",""title"":""https://pen.org/meet-the-2021-literary-awards-judges/""}]"
10,187,2026-09-15T13:16:28.445863+00:00,Man Asian Literary Prize Wikipedia,"[""man"",""asian"",""literary"",""prize"",""wikipedia""]","""man"" OR ""asian"" OR ""literary"" OR ""prize"" OR ""wikipedia""",8,8a8636c1105d33471cd9a3e443710eb30d620359f1d2689b8f31d8569a30cee4,0d1bc4acd045a81dc0373ab19162543b52b13a401b63ba77cb77de7d689ff5bb,True,"[""d19"",""d6"",""d35"",""d17"",""d29"",""d36"",""d37"",""d38""]","[""32938"",""3002"",""96517"",""605"",""54094"",""3542"",""25454"",""80942""]","[{""docid"":""32938"",""score"":17.089445114989296,""snippet"":"" ... Akutagawa Prize - Wikipedia\nauthor: Authority control databases National France BnF data Japan\ndate: 2004-01-20\n---\nname: Akutagawa Prize\nsubheader: 芥川龍之介賞 (Akutagawa Ryūnosuke Shō)\nawarded_for: Best published literary story by a rising author\npresenter: Society for the Promotion of Japanese Literature\ncountry: Japan\ndate: 10 08 1935 ... "",""title"":""https://en.wikipedia.org/wiki/Akutagawa_Prize""},{""docid"":""3002"",""score"":16.827539437357,""snippet"":"" ... A Russian version of the Booker Prize was created in 1992 called the Booker-Open Russia Literary Prize, also known as the Russian Booker Prize. In 2007, Man Group plc established the Man Asian Literary Prize, an annual literary award given to the best novel by an Asian ... "",""title"":""https://en.wikipedia.org/wiki/Booker_Prize""},{""docid"":""96517"",""score"":16.75118395066134,""snippet"":"" ... The Asian/Pacific American Awards for Literature are administered by the Asian/Pacific American Librarians Association to honor outstanding literary works by or about Asian/Pacific Americans. Books in various genres written by or about Asian/Pacific Americans are eligible.\n\n31. Aspen Words Literary Prize:\n\nThe Aspen Words ... "",""title"":""https://mybookcave.com/authorpost/the-ultimate-list-of-book-awards-and-author-recognitions-part-one-american-awards/""},{""docid"":""605"",""score"":16.581281691036246,""snippet"":"" ... International IMPAC Dublin Literary Award 2012. Retrieved 23 January 2015.\n* Financial Times 2010 Fiction of the YearBlau, Rosie (3 December 2010). FT Fiction Round-up 2010. Financial Times, Fiction Round-up 2010. Retrieved 25 January 2015.\n\nLife of Pi\n\n* Winner of the 2002 Man Booker Prize for FictionLife ... "",""title"":""https://en.wikipedia.org/wiki/Yann_Martel""},{""docid"":""54094"",""score"":15.672636665468133,""snippet"":"" ... Among the most decorated American writers of his generation, he has won every major American literary award, including the Pulitzer Prize for his major novel American Pastoral (1997).\n\nIn the realm of African-American literature, Ralph Ellison's 1952 novel Invisible Man was instantly recognized as among the ... "",""title"":""https://en.wikipedia.org/wiki/American_literature""},{""docid"":""3542"",""score"":15.631760434997837,""snippet"":"" ... The English translation of the novel appeared in the long list of Man Asian Literary Prize 2012 and in the short list of the DSC Prize for South Asian Literature 2013. It won the Kerala Sahitya Akademi Award for Novel for Benyamin in 2009.\n\nSynopsis\n\nThe book is ... "",""title"":""https://en.wikipedia.org/wiki/Aadujeevitham""},{""docid"":""25454"",""score"":15.445091736432937,""snippet"":"" ... 2006, Asian/Pacific American Awards for Literature Honorable Mention for Saving Fish From Drowning\n* The Joy Luck Club selected for the National Endowment for the Arts' Big Read\n* The New York Times Notable Book\n* Booklist Editors Choice\n* Finalist for the Orange Prize\n* Nominated for the Orange Prize\n* Nominated ... "",""title"":""https://en.wikipedia.org/wiki/Amy_Tan""},{""docid"":""80942"",""score"":15.390434296795723,""snippet"":"" ... His acclaimed new novel, Between Clay and Dust, was shortlisted for The Man Asian Literary Prize 2012 and longlisted for the 2013 DSC Prize for South Asian Literature. Farooqi's second novel, The Story of a Widow, was shortlisted for the DSC Prize for South Asian Literature 2011 ... "",""title"":""https://lithub.com/20-writers-from-around-the-world-on-the-olympics/""}]"
10,188,2026-09-15T13:16:28.467075+00:00,Man Asian Literary Prize 2010 winner Bi Feiyu,"[""man"",""asian"",""literary"",""prize"",""2010"",""winner"",""bi"",""feiyu""]","""man"" OR ""asian"" OR ""literary"" OR ""prize"" OR ""2010"" OR ""winner"" OR ""bi"" OR ""feiyu""",8,6c011bad759d5a98ecfeb71ed6b863f391288317d79551d1758ee1faad4bc097,eb06b7b677a38b5d9cba0b8bfd09409f88116147fac43395ba5244d83e748172,True,"[""d48"",""d49"",""d51"",""d50"",""d6"",""d53"",""d17"",""d54""]","[""76924"",""44961"",""81437"",""75485"",""3002"",""34808"",""605"",""67997""]","[{""docid"":""76924"",""score"":30.472004728110278,""snippet"":"" ... Book Award, the Man Asian Prize (also available to works written in English), the Dublin IMPAC Prize, and more. But the only U.S. prize in which the translation is first checked for accuracy is the Translation of the Year Award from the American Literary Translators Association. That ... "",""title"":""https://lareviewofbooks.org/article/translating-mo-yan-an-interview-with-howard-goldblatt""},{""docid"":""44961"",""score"":25.451442163654846,""snippet"":"" ... Cooper, Eliza David, Li Di An, Joseph Dobrian, Michelle Edwards, Nathan Englander, Lori Erickson, Bi Feiyu, Jin Feng, Julia Fierro, Ed Folsom, Melissa Fraterrigo, Alberto Fuguet, Kaori Fujino, Kathryn Gamble, Enza Garcia Arreaza, Ted Genoways, Erin Gitchell, Lorna Goodison, Garth Greenwell, Barbara Hall, Ya Hsien, John Ira Thomas ... "",""title"":""https://www.iowacityofliterature.org/icbf/""},{""docid"":""81437"",""score"":22.237197466907965,""snippet"":"" ... Patel was one of a group of Mauritian writers who founded the literary journal Tracés.\n\nNamwali Serpell, Zambia (March 14, 2016)\n\nNamwali Serpell is the winner of the 2015 Caine Prize for African Writing. Serpell 's first novel, The Old Drift won the 2020 Anisfield-Wolf Book prize ... "",""title"":""https://guides.loc.gov/african-jewish-middle-east-studies/african-studies/event-videos""},{""docid"":""75485"",""score"":21.586569102570877,""snippet"":"" ... Airlie Prize: Airlie Press\n\nAirlie Press is a nonprofit poetry collective based in the Pacific Northwest. The winner of their annual Airlie Prize receives book publication and a $1,000 prize upon publication of the winning book. Any poet writing in English is eligible to enter, regardless of ... "",""title"":""https://authorspublish.com/opportunities-for-historically-underrepresented-writers-march-2025/""},{""docid"":""3002"",""score"":20.458149131166923,""snippet"":"" ... A Russian version of the Booker Prize was created in 1992 called the Booker-Open Russia Literary Prize, also known as the Russian Booker Prize. In 2007, Man Group plc established the Man Asian Literary Prize, an annual literary award given to the best novel by an Asian ... "",""title"":""https://en.wikipedia.org/wiki/Booker_Prize""},{""docid"":""34808"",""score"":20.451758168770517,""snippet"":"" ... We publish fiction, poetry, and creative nonfiction of both contest winners and other writers in May of each year.\n\nSubmission Guidelines\n\nDriftwood\n\nDriftwood Press is a bi-annual literary magazine founded in Tampa, FL in 2013. While our focus is on fiction, poetry, photography, graphic narrative, and interviews ... "",""title"":""https://nonconformist-mag.com/the-big-big-list-of-literary-magazines-and-journals/""},{""docid"":""605"",""score"":20.190013607040378,""snippet"":"" ... International IMPAC Dublin Literary Award 2012. Retrieved 23 January 2015.\n* Financial Times 2010 Fiction of the YearBlau, Rosie (3 December 2010). FT Fiction Round-up 2010. Financial Times, Fiction Round-up 2010. Retrieved 25 January 2015.\n\nLife of Pi\n\n* Winner of the 2002 Man Booker Prize for FictionLife ... "",""title"":""https://en.wikipedia.org/wiki/Yann_Martel""},{""docid"":""67997"",""score"":19.80858939604474,""snippet"":"" ... South African poet and writer Breyten Breytenbach won the prize in 2010.\n\nIn 2017, Palestinian historian Maher Charif, Egyptian novelist and critic Salwa Bakr, and Indian novelist and activist Arundhati Roy were co-winners of the prize.\n\nControversies in Israel\n\n\""Those Who Pass Between Fleeting Words\""\n\nIn 1988 ... "",""title"":""https://en.wikipedia.org/wiki/Mahmoud_Darwish""}]"
10,189,2026-09-15T13:16:28.485113+00:00,Man Asian Literary Prize 2011 winner shortlist,"[""man"",""asian"",""literary"",""prize"",""2011"",""winner"",""shortlist""]","""man"" OR ""asian"" OR ""literary"" OR ""prize"" OR ""2011"" OR ""winner"" OR ""shortlist""",8,ce82bc846fb3b6fcec975646efda058a2ea5f666e2bb9173e682bdd77f0129ef,8937f23c7c0eb3c60853c7f26fe055a2d2a613669e97cb26edf33358cdeb816c,True,"[""d6"",""d25"",""d18"",""d3"",""d20"",""d22"",""d33"",""d23""]","[""3002"",""6058"",""56224"",""56350"",""18890"",""23230"",""16447"",""89168""]","[{""docid"":""3002"",""score"":29.52290814409619,""snippet"":"" ... A Russian version of the Booker Prize was created in 1992 called the Booker-Open Russia Literary Prize, also known as the Russian Booker Prize. In 2007, Man Group plc established the Man Asian Literary Prize, an annual literary award given to the best novel by an Asian ... "",""title"":""https://en.wikipedia.org/wiki/Booker_Prize""},{""docid"":""6058"",""score"":29.18696742711303,""snippet"":"" ... His novel The Privileges was a finalist for the 2011 Pulitzer Prize and winner of the 2011 Prix Fitzgerald and the St. Francis College Literary Prize. A former contributing writer for The New York Times Magazine, a senior editor of The Paris Review, and a National Magazine Award ... "",""title"":""https://www.aspeninstitute.org/blog-posts/20-new-works-fiction-social-impact/""},{""docid"":""56224"",""score"":27.623967226459058,""snippet"":"" ... Recent prize winners are listed below.\n\nAlice Davis Hitchcock Book Award (Society of Architectural Historians)\n\n2004: Jordan Sand, House and Home in Modern Japan: Architecture, Domestic Space, and Bourgeois Culture, 1880–1930 (HEAM 223)\n\nAldo and Jeanne Scaglione Prize for East Asian Studies (Modern Language Association of America ... "",""title"":""https://asiacenter.harvard.edu/publications/awards""},{""docid"":""56350"",""score"":27.593709751746157,""snippet"":"" ... A selection of his poetry is collected in Desire Never … Read More\n\nColm Toíbín\n\nColm Toíbín is the author of six novels, including The Master, winner of the International IMPAC Dublin Literary Award and shortlisted for the Man Booker Prize, as well as winner of the LA Times ... "",""title"":""https://griffinpoetryprize.com/judges/""},{""docid"":""18890"",""score"":27.156740746224855,""snippet"":"" ... Gibb was the winner of the Trillium Book Award in 2006, a Scotiabank Giller Prize short list nominee in 2005, winner of the city of Toronto Book Award in 2000 and the recipient of the CBC Canadian Literary Award for short fiction in 2001. Her books have been ... "",""title"":""https://www.yorku.ca/laps/huma/canadian-writers/""},{""docid"":""23230"",""score"":26.48106550572593,""snippet"":"" ... Wayward (2021), Innocents and Others (2016), winner of the St. Francis College Literary Prize and a finalist for the Los Angeles Times Book Prize; Stone Arabia (2011), which was a finalist for the National Book Critics Circle Award; Eat the Document (2006), which was a finalist for the ... "",""title"":""https://artsandsciences.syracuse.edu/english-department/creative-writing-mf-program/raymond-carver-reading-series/previous-raymond-carver-reading-series/""},{""docid"":""16447"",""score"":26.27949398225465,""snippet"":"" ... The Stella Prize was created in 2013 as a reaction to the supposed under-representation of women as winners of literary prizes, in particular the 2011 Miles Franklin Award shortlist. However, since 2013, only one man (A. S. Patrić in 2016) has won the Miles Franklin Award.\n\nRepeat ... "",""title"":""https://en.wikipedia.org/wiki/Miles_Franklin_Award""},{""docid"":""89168"",""score"":26.277324565048932,""snippet"":"" ... Lambda Literary Award-winning debut memoir, Man Alive (City Lights, 2014) was named one of the best books of the year by NPR Books, BuzzFeed, Kirkus, and Publisher's Weekly. His follow-up, Amateur (Scribner, 2018), was shortlisted for the U.K.'s Baillie-Gifford Book Prize for ... "",""title"":""https://pen.org/meet-the-2021-literary-awards-judges/""}]"
