round,seq,utc,query,terms,expression,top_k,equivalence_key,cache_key,cached,returned_dN,returned_docids,result_docs
1,6,2026-09-15T12:55:18.844661+00:00,actor plays alongside real life relative TV series character married multiple times,"[""actor"",""plays"",""alongside"",""real"",""life"",""relative"",""tv"",""series"",""character"",""married"",""multiple"",""times""]","""actor"" OR ""plays"" OR ""alongside"" OR ""real"" OR ""life"" OR ""relative"" OR ""tv"" OR ""series"" OR ""character"" OR ""married"" OR ""multiple"" OR ""times""",5,323033e39dc9332f0e1cce2a28800249e5fa2166e374fa3ca6e9a29cf938350f,e4b9a7f24e22b5208c1712d192d167ce188f13dc8ca8447377e95d31782d5084,False,"[""d1"",""d2"",""d3"",""d4"",""d5""]","[""73100"",""81882"",""68181"",""32118"",""77683""]","[{""docid"":""73100"",""score"":20.6154668935253,""snippet"":"" ... of the Iowa City West High School volleyball team, Hunt played Kathy Bresnahan, a volleyball coach. In 2019, Hunt appeared in the BBC series World on Fire as journalist Nancy Campbell, a character inspired by real-life war correspondent Clare Hollingworth, and reprised the role of Jamie Buchman ... "",""title"":""https://en.wikipedia.org/wiki/Helen_Hunt""},{""docid"":""81882"",""score"":20.600519712350618,""snippet"":"" ... He made his first appearance with Gene Wilder in the very popular action/comedy Silver Streak (1976), played three different characters in Which Way Is Up? (1977) and portrayed real-life stock-car driver \""Wendell Scott\"" in Greased Lightning (1977). Proving he was more than just a comedian ... "",""title"":""https://m.imdb.com/search/name/?death_date=2005&ref_=nmbio""},{""docid"":""68181"",""score"":20.59732476572501,""snippet"":"" ... In 2013, Canto made his debut in American television, playing the role of Paul Torres on the Fox drama series, The Following. In 2015 Canto played real life politician Rodrigo Lara Bonia in Netflix drama series Narcos. In 2016, he was cast in the ABC political drama series ... "",""title"":""https://m.imdb.com/search/name/?death_date=2024&ref_=nmbio""},{""docid"":""32118"",""score"":20.161091968880136,""snippet"":"" ... In 2000, Margaret earned a Saturn Award for Best Genre TV Actress for her role as Lisa Wiseman in the series Now and Again (1999). From 2007 to 2013, she played Eleanor Waldorf in the series Gossip Girl (2007).\n\n- Actor\n\n- Writer\n\n- Art Department\n\nPeter Wilton Cushing was born ... "",""title"":""https://www.imdb.com/date/05-26""},{""docid"":""77683"",""score"":20.130828796768498,""snippet"":"" ... Beauty on the Vine, playing three characters. She was also in The Death and Life of Bobby Z (2007) and the short-lived drama television series The Black Donnellys (2007). In September 2007, she joined the cast of the medical drama TV series House as Remy \""Thirteen\"" Hadley ... "",""title"":""https://en.wikipedia.org/wiki/Olivia_Wilde""}]"
1,14,2026-09-15T12:55:20.134076+00:00,TV character married more than twice one child survives series,"[""tv"",""character"",""married"",""more"",""than"",""twice"",""one"",""child"",""survives"",""series""]","""tv"" OR ""character"" OR ""married"" OR ""more"" OR ""than"" OR ""twice"" OR ""one"" OR ""child"" OR ""survives"" OR ""series""",5,518a960fc694e99efe367fef4cfa67b975718f9265cc707cb3c8c142387dad30,10fe29227fa2b1e971c42866ea302b915cdc0215c7271e36d6a8751b15017afb,False,"[""d6"",""d7"",""d8"",""d9"",""d10""]","[""71307"",""45036"",""94964"",""93526"",""9215""]","[{""docid"":""71307"",""score"":16.250151702152145,""snippet"":"" ... a mission, or possibly the bit character he has a fling with before the mission even starts and is only present in that one scene. More often than not, the first woman he sleeps with is killed while the second survives. As an overall statistic, as of No ... "",""title"":""https://tvtropes.org/pmwiki/pmwiki.php/Main/CartwrightCurse""},{""docid"":""45036"",""score"":16.213748711302685,""snippet"":"" ... While co-starring with Hollywood's hunkiest best, including Paul Newman, Dale Robertson, Glenn Ford and Cornel Wilde, her roles still emphasized more her glam appeal than her acting capabilities. In the 1960s, Anne began refocusing strongly on the smaller screen, finding a comfortable niche on television series ... "",""title"":""https://www.imdb.com/search/name/?birth_year=1930""},{""docid"":""94964"",""score"":16.193841357809028,""snippet"":"" ... Maloney has had roles in many a British TV series, from a character in Season 3 of All Creatures Great and Small on MASTERPIECE to Midsomer Murders, and The Crown. His film credits include The Young Victoria and Kenneth Branagh's adaptation of Henry V.\n\n- 5.\n\nAlexandros Logothetis ... "",""title"":""https://www.pbs.org/wgbh/masterpiece/specialfeatures/get-to-know-the-cast-of-magpie-murders/""},{""docid"":""93526"",""score"":16.054575140417548,""snippet"":"" ... 48 people survive, but the show centers around 14, all with secrets. At first, there is confusion. But as the show goes on, friendships develop, and we learn that there is more to the island than what it seems...\n\nThe characters are fantastic--don't pay any attention ... "",""title"":""https://www.imdb.com/title/tt0411008/""},{""docid"":""9215"",""score"":16.028818547940986,""snippet"":"" ... more-layered-than-meets-the-eye colleague of Sutton Foster's 40-year-old posing as a millennial in the critically acclaimed TV Land series, which is due to return for a seventh season. And though the prospect of a spin-off centered on Duff's Younger character ... "",""title"":""https://www.eonline.com/photos/9198/child-stars-who-turned-out-all-right""}]"
1,22,2026-09-15T12:55:21.656310+00:00,entertainer height 1.65 1.70 real life relative same series,"[""entertainer"",""height"",""1"",""65"",""70"",""real"",""life"",""relative"",""same"",""series""]","""entertainer"" OR ""height"" OR ""1"" OR ""65"" OR ""70"" OR ""real"" OR ""life"" OR ""relative"" OR ""same"" OR ""series""",5,b6ef86279e47b36ae59af5ae8d98366e4458c3cbe69b900c3c234c2d47e49c7d,0ad42e351d99334e4074340b5854afbde6d0fd1d3f1f61f5068bae64d39e9e69,False,"[""d11"",""d12"",""d13"",""d14"",""d15""]","[""60750"",""85281"",""79088"",""32495"",""91653""]","[{""docid"":""60750"",""score"":16.272237437876523,""snippet"":"" ... The Daily\"",\""descriptionText\"":\""Stay informed, and entertained, with the Bay Area's best free local newsletter.\"",\""sailthruSignupLists\"":{\""newsletter sfg news\"":1,\""Email_Master\"":1},\""sailthruSource\"":\""BC_SSM_Homepage_SFG_dynamic\"",\""sailthruSignupListForBC\"":[\""newsletter sfg news\""],\""termOfUseUrl\"":\""/terms/\"",\""privacyPolicyUrl\"":\""/privacy-policy/\"",\""successMessage\"":\""Thank you for signing up!\"",\""emailInputFieldPlaceholderText\"":\""Enter your ... "",""title"":""https://www.sfgate.com/entertainment/article/fall-tv-preview-heaven-can-wait-stage-actor-2807280.php""},{""docid"":""85281"",""score"":14.782770336897642,""snippet"":"" ... FAA height limits\n\nOne Bayfront Plaza was for many years the tallest building ever to be approved for construction in the city, at the maximum FAA height limit of 1,049 feet (320 m), though several other buildings were approved at similar heights in the mid-2010s. It ... "",""title"":""https://kids.kiddle.co/List_of_tallest_buildings_in_Miami""},{""docid"":""79088"",""score"":14.776577691122657,""snippet"":"" ... even at the same site if the software on the machine has been updated.\n\nTable 2.\n\n| Real World DXA Data | |||||\n\n|---|---|---|---|---|---|\n\n| Participant & DXA Characteristics | Multi-ethnic backgrounds, Females, Soccer Players (n = 5), Age: 25 ± 5 years, Height: 167.5 ± 4.0 cm | ||||\n\n| SCAN 1: QDR Series Discovery A, Hologic ... "",""title"":""https://pmc.ncbi.nlm.nih.gov/articles/PMC8065383/""},{""docid"":""32495"",""score"":14.525882433485709,""snippet"":"" ... At the height of the COVID-19 pandemic, in 2020, four of the five major components of spending on out-of-town trips (food, alcohol, lodging, and entertainment) declined between 49 and 54 percent. However, the transportation component was the hardest hit, falling 65 percent in 2020. Similarly ... "",""title"":""https://www.bls.gov/opub/reports/consumer-expenditures/2022/""},{""docid"":""91653"",""score"":14.486789225617704,""snippet"":"" ... These proportions were the same for both boys and girls.\n\n70% of children (aged 2-15) were of healthy weight.\n\nThe proportion of children in the healthy weight range decreased by age; this pattern was more pronounced for girls.\n\n7 Obesity\n\nIsla Dougall\n\n7.1 Introduction\n\nWorldwide obesity ... "",""title"":""https://www.gov.scot/publications/scottish-health-survey-2018-volume-1-main-report/pages/62/""}]"
2,38,2026-09-15T12:55:28.012710+00:00,Grey's Anatomy character married three times one child survives,"[""grey"",""s"",""anatomy"",""character"",""married"",""three"",""times"",""one"",""child"",""survives""]","""grey"" OR ""s"" OR ""anatomy"" OR ""character"" OR ""married"" OR ""three"" OR ""times"" OR ""one"" OR ""child"" OR ""survives""",5,d7af7215e1099c9388c09069d524260f696346b92f686fc427f6e614ff36926a,48c4f4de0347c94864d3fd93a19d0777ad34318a67c06e9979cc752155df96d2,False,"[""d16"",""d17"",""d18"",""d19"",""d20""]","[""61137"",""68225"",""32709"",""93432"",""3878""]","[{""docid"":""61137"",""score"":19.989495647416888,""snippet"":"" ... ABC's medical drama Grey's Anatomy is embarking on its 20th season, and the animated series Family Guy was renewed for its 23rd, appearing on Fox since 1999.\n\nThere's no exact formula for television longevity. Still, sticking around for decades means a show can reach millions ... "",""title"":""https://www.bbc.com/culture/article/20240318-longest-running-tv-shows-programmes-series-ever""},{""docid"":""68225"",""score"":19.89138422265001,""snippet"":"" ... All the Times Meredith Grey Almost Died (or Suffered Another Trauma)\nauthor: Dan Clarendon\ndate: 2020-12-24\n---\nAll the Times Meredith Grey Almost Died (or Suffered Another Trauma)\n\nWe know there'd be no Grey's Anatomy without Meredith Grey … especially because creator Shonda Rhimes has said ... "",""title"":""https://www.tvinsider.com/979458/greys-anatomy-meredith-covid-near-death-traumas/""},{""docid"":""32709"",""score"":18.930393430782186,""snippet"":"" ... The incarnation was short-lived, with the block ending for the third time on September 27, 2019.\n\nHistory\n\nABC Friday-night legacy: 1950s to 1970s\n\nFamily-friendly comedies, which featured families with children as major characters, were a staple of ABC's programming dating back to the network ... "",""title"":""https://en.wikipedia.org/wiki/TGIF_(TV_programming_block)""},{""docid"":""93432"",""score"":18.542454429296345,""snippet"":"" ... As the characters and universe of The Walking Dead live on in the new series, it's unlikely that the original show will be forgotten anytime soon.\n\n|\n\nTItle |\n\nRotten Tomatoes Critic Score |\n\nRotten Tomatoes Audience Score |\n\n|\n\nThe Walking Dead (2010–2022) |\n\n79% |\n\n78% |\n\n3 Grey's Anatomy (2005 ... "",""title"":""https://screenrant.com/tv-shows-ruled-world-airing-list/""},{""docid"":""3878"",""score"":18.53081962161172,""snippet"":"" ... MIKE HALE\n\nStream on Amazon.\n\n2005-present\n\nGrey's Anatomy\n\nBecause we all need our \""person.\""\n\nMore tears have been shed over \""Grey's Anatomy\"" than any other prime time drama. It's been on longer than almost anything else, and it's also embraced tragedy, plucked heartstrings ... "",""title"":""https://www.nytimes.com/interactive/2019/arts/television/best-drama-series.html""}]"
2,46,2026-09-15T12:55:29.661604+00:00,Grey's Anatomy actor real life relative also cast member,"[""grey"",""s"",""anatomy"",""actor"",""real"",""life"",""relative"",""also"",""cast"",""member""]","""grey"" OR ""s"" OR ""anatomy"" OR ""actor"" OR ""real"" OR ""life"" OR ""relative"" OR ""also"" OR ""cast"" OR ""member""",5,c06fcd4d641604fb1cbdec4bae845c41aa10993649aa3af2ffc85ab81cbbd689,9507c949e659e252b0545233675daf8038226eb304b683c8f9368b04a9763139,False,"[""d21"",""d22"",""d23"",""d24"",""d25""]","[""7460"",""66517"",""96528"",""46"",""15009""]","[{""docid"":""7460"",""score"":22.3329978756518,""snippet"":"" ... actor who was excited to land a part in a new Grey's Anatomy spin-off titled Grey's New Orleans: Family Burn Unit. On its own, that's a fun nod to the show but it's made better by Grey's alum Jesse Williams also being ... "",""title"":""https://screenrant.com/greys-anatomy-spinoff-shows-timeline-connections-explained/""},{""docid"":""66517"",""score"":21.98485002221252,""snippet"":"" ... Grey's Anatomy introduced a level of casting diversity that had been previously unknown on prime-time television. Peopled with complex women and men from a variety of cultural backgrounds, the series drew a dedicated audience of nearly twenty million viewers.\n\nShonda Lynn Rhimes was born in Chicago ... "",""title"":""https://www.encyclopedia.com/education/news-wires-white-papers-and-books/rhimes-shonda-lynn""},{""docid"":""96528"",""score"":21.854290542016887,""snippet"":"" ... We don't know who.\""\n\nKatherine Heigl skipped out on Grey's Anatomy\n\nKatherine Heigl rose to fame playing Dr. Izzie Stevens at the height of the \""Grey's Anatomy\"" mania that afflicted nearly everyone with a television in the mid-2000s. But just three years after she ... "",""title"":""https://www.nickiswift.com/450696/tv-actors-who-said-no-to-an-episode/""},{""docid"":""46"",""score"":21.011748395137165,""snippet"":"" ... With Ellen Pompeo's Meredith Grey as the show's heart and moral compass, Grey's Anatomy successfully navigated the departures of several original cast members, including male lead Patrick Dempsey, while reinventing itself. Dempsey is back this season, helping Grey's to once again dominate the pop ... "",""title"":""https://deadline.com/2020/12/most-influential-tv-series-21st-century-so-far-deadline-list-1234662438/""},{""docid"":""15009"",""score"":20.881194037677513,""snippet"":"" ... Grey's Anatomy), Golden Globes (2006)\n\n- Outstanding Performance by a Cast in a Motion Picture (Sideways), Screen Actors Guild (2005)\n\n- Outstanding Performance by a Female Actor in a Drama Series (Grey's Anatomy), Screen Actors Guild (2006)\n\n- Outstanding Performance by an Ensemble in a Drama Series (Grey's ... "",""title"":""https://www.thecanadianencyclopedia.ca/en/article/sandra-oh""}]"
2,54,2026-09-15T12:55:30.827169+00:00,Grey's Anatomy character marriages children died,"[""grey"",""s"",""anatomy"",""character"",""marriages"",""children"",""died""]","""grey"" OR ""s"" OR ""anatomy"" OR ""character"" OR ""marriages"" OR ""children"" OR ""died""",5,718fdb70dea94cef44e3e5fa48af5ba8ac42bd7f12c2d568734f376c03ddd07d,e4f4ce46c54c0324f52650936f474ea200c37787d67cd6dc1caad28a4992aa35,False,"[""d24"",""d26"",""d21"",""d27"",""d28""]","[""46"",""83923"",""7460"",""35496"",""72500""]","[{""docid"":""46"",""score"":18.916202480034872,""snippet"":"" ... dimensional queer characters that abandoned the tragic \""kill-your-gays\"" trope. Instead, it celebrated queer culture and shined a deserving light on talents like Mj Rodriguez, Dominique Jackson, Indya Moore and, of course, the Emmy-winning Billy Porter. – DR\n\nGrey's Anatomy (2005-Present)\n\nABC's 2005-06 ... "",""title"":""https://deadline.com/2020/12/most-influential-tv-series-21st-century-so-far-deadline-list-1234662438/""},{""docid"":""83923"",""score"":18.603808671104854,""snippet"":"" ... It's the perfect rendition of this song to match the show.\n\n7. Grey's Anatomy - Cosy In The Rocket by Psapp\n\nGrey's Anatomy is an iconic show with an iconic and recognizable theme song. The show is on season 20 and counting, and is one of ... "",""title"":""https://www.poppassionblog.com/post/top-10-tv-show-theme-songs-that-are-real-songs""},{""docid"":""7460"",""score"":18.556835775233175,""snippet"":"" ... Grey's Anatomy Is Teasing Meredith's Replacement (But It Doesn't Need One)\n\nWith Meredith Grey having left Grey's Anatomy, the series seems to be teasing a new main character to replace her, but there's no need for one.\n\nPrivate Practice (2007-2013)\n\n6 Seasons ... "",""title"":""https://screenrant.com/greys-anatomy-spinoff-shows-timeline-connections-explained/""},{""docid"":""35496"",""score"":18.422991966917145,""snippet"":"" ... Grey's Anatomy superbly portrays the effect of losing patients and the importance of attending to one's physical and mental health. Characters in Grey's Anatomy and The Resident lose loved ones to COVID-19; in the latter, this loss is also tainted with the suspicion of ... "",""title"":""https://jamanetwork.com/journals/jama/fullarticle/2787497""},{""docid"":""72500"",""score"":18.30299503620914,""snippet"":"" ... At 11, Barry Allen's life changed completely when his mother died in a freak accident and his innocent father was [More]\n\n#73\n\nSynopsis: Hundreds of cash-strapped contestants accept an invitation to compete in children's games for a tempting prize, but the stakes are [More]\n\n#74 ... "",""title"":""https://editorial.rottentomatoes.com/guide/best-netflix-shows-and-movies-to-binge-watch-now/""}]"
3,68,2026-09-15T12:55:36.297531+00:00,actor plays with real life sibling parent child same TV series unrelated characters,"[""actor"",""plays"",""with"",""real"",""life"",""sibling"",""parent"",""child"",""same"",""tv"",""series"",""unrelated"",""characters""]","""actor"" OR ""plays"" OR ""with"" OR ""real"" OR ""life"" OR ""sibling"" OR ""parent"" OR ""child"" OR ""same"" OR ""tv"" OR ""series"" OR ""unrelated"" OR ""characters""",5,40beb7aa736ae6885af7d698bc6803653607aeb1bf1146b376d63bccadb01b6b,1d430a349b865e3375de05f9801d5b87e1a48633b9f7c2f17296917c778a8798,False,"[""d29"",""d30"",""d31"",""d32"",""d33""]","[""11078"",""88468"",""56024"",""14857"",""69326""]","[{""docid"":""11078"",""score"":25.16542432201977,""snippet"":"" ... upon to cast, say, a parent and child, or two siblings, or a similar-looking stranger to an established character, or a younger and older version of the same character. And sometimes, they find someone that looks so uncannily like the original actor that it comes as a ... "",""title"":""https://tvtropes.org/pmwiki/pmwiki.php/Main/SeparatedAtBirthCasting""},{""docid"":""88468"",""score"":23.387729346648204,""snippet"":"" ... When a Real-Life Relative is recruited as a Time-Shifted Actor, to play a younger version of their older relative's character (parent-child relationships are the most common, but the trope also applies to nieces and nephews, or younger cousins and siblings).\n\n- All-Star Cast: A ... "",""title"":""https://tvtropes.org/pmwiki/pmwiki.php/Main/CharactersAndCasting""},{""docid"":""56024"",""score"":23.315046923645582,""snippet"":"" ... the series starred Bell as the seventeen year old detective Veronica, which put her alongside actors Enrico Colantoni who played her father, Jason Dohring, Percy Daggs III and Ryan Hansen. Bell noted the parallels between the character of Veronica and her own life — Bell's parents had divorced ... "",""title"":""https://unionfilms.org/films/people/kristen-bell.html""},{""docid"":""14857"",""score"":23.114098280001897,""snippet"":"" ... The show focused on all the F's (feelings, family, friendship, the unknowable future, the futility of life, and yes, football), tackling real problems like gun violence, overzealous parents, racism, and lack of public school funding. The cast was stacked with capable young actors who pulled their weight ... "",""title"":""https://www.rd.com/list/teen-tv-shows/""},{""docid"":""69326"",""score"":22.74997364022601,""snippet"":"" ... Playing more than one role is a challenge for actors, especially when done simultaneously. But when done right, it can have a marvelous effect. It is not uncommon for actors to play more than one character in a TV show or movie, with scenarios including identical twins and ... "",""title"":""https://screenrant.com/actors-multiple-characters-same-tv-show/""}]"
3,76,2026-09-15T12:55:37.677332+00:00,telenovela actor real life family member co-star same show,"[""telenovela"",""actor"",""real"",""life"",""family"",""member"",""co"",""star"",""same"",""show""]","""telenovela"" OR ""actor"" OR ""real"" OR ""life"" OR ""family"" OR ""member"" OR ""co"" OR ""star"" OR ""same"" OR ""show""",5,bd8d0778c568f99f0dac5bfd7916f98d437954c243fbc4e5b8d1bdeaf2e50f26,97525cefd33644f8166f48c8b050960327afb96a32c539e50edc0740e432ea2b,False,"[""d34"",""d35"",""d36"",""d37"",""d38""]","[""62890"",""5705"",""83860"",""15325"",""54845""]","[{""docid"":""62890"",""score"":23.090166297908834,""snippet"":"" ... Another important characteristic of Brazilian telenovelas is that they rely less on individual stars than other South American works. A Brazilian telenovela may have a permanent cast of more than 40 actors, of which some seven or eight are considered \""central\"" to the show. The chief reason for ... "",""title"":""https://en.wikipedia.org/wiki/Telenovela""},{""docid"":""5705"",""score"":21.6831558202641,""snippet"":"" ... Success continued with appearances in Dan in Real Life (2007), Scream 4 (2011), and the lead roles in two series, Lux in Life Unexpected (2010) and Cassie in The Secret Circle (2011). Britt also starred in the television film Avalon High (2010), opposite Gregg Sulkin, had a supporting ... "",""title"":""https://www.imdb.com/search/name/?birth_date=1990-01-01,1990-12-31&gender=female""},{""docid"":""83860"",""score"":20.987604214351002,""snippet"":"" ... But at the same time, these dizis opened a gate for the new ones, featuring the same lead actors, who became international stars of social media, if not the mainstream magazine press.\n\n31Since the mid 1990s, Turkey's journey with rising Islamism began to affect broadcasting trends. This ... "",""title"":""https://journals.openedition.org/tvseries/2406""},{""docid"":""15325"",""score"":20.835174939478687,""snippet"":"" ... lives in Mexico with his family. This rising star may be young, but he has already made quite a splash in the entertainment industry in Mexico.\n\nA triple threat, the singer, dancer, and actor debuted on screen in 2013 in the telenovela Porque el amor manda.\n\nOsorio was ... "",""title"":""https://www.superprof.com/blog/top-10-mexican-celebrities/""},{""docid"":""54845"",""score"":20.797743184828434,""snippet"":"" ... Story:<\\/strong> Florencia Bertotti stars in this modern version of Cinderella<\\/em> produced in Argentina. Florencia, a young orphan who works in a produce shop and sings in a band with her friends, performs at a party for the Fritzenwalden family, changing her life forever.<\\/p>\\n\\n ... "",""title"":""https://www.billboard.com/lists/best-telenovela-theme-songs/""}]"
3,84,2026-09-15T12:55:38.627026+00:00,TV series cast real life mother daughter father son unrelated characters on screen,"[""tv"",""series"",""cast"",""real"",""life"",""mother"",""daughter"",""father"",""son"",""unrelated"",""characters"",""on"",""screen""]","""tv"" OR ""series"" OR ""cast"" OR ""real"" OR ""life"" OR ""mother"" OR ""daughter"" OR ""father"" OR ""son"" OR ""unrelated"" OR ""characters"" OR ""on"" OR ""screen""",5,43d96adcee0f13217f6fe178bec92b1c3ecf0890ab1e7b6919ac35d8a9c72a65,0f74e60e9158c95168021d782b10a599624b31732b1d9c52be1f7047fe314608,False,"[""d29"",""d39"",""d40"",""d41"",""d42""]","[""11078"",""35680"",""29417"",""55772"",""69831""]","[{""docid"":""11078"",""score"":28.715953003944815,""snippet"":"" ... and Tom Green do look like father and son in Freddy Got Fingered.\n\n- Allison Williams and Catherine Keener play daughter and mother respectively in Get Out (2017), and the casting is on point.\n\n- It's no coincidence that Raquel Alessi got cast as a young Eva Mendes in ... "",""title"":""https://tvtropes.org/pmwiki/pmwiki.php/Main/SeparatedAtBirthCasting""},{""docid"":""35680"",""score"":26.41857136983216,""snippet"":"" ... The series was commissioned in October 2019 by Apple TV+, with Sudeikis reprising the role. Television producer and Scrubs creator Bill Lawrence was brought in to work on a television series based around the character in 2017. The series is co-owned by Warner Bros. Television, where Lawrence ... "",""title"":""https://en.wikipedia.org/wiki/Ted_Lasso""},{""docid"":""29417"",""score"":26.27957908458224,""snippet"":"" ... His life later extends to the young men who are married to or dating his daughters.\n\nEpisodes\n\nCast and characters\n\nMain\n\n* Tim Allen as Mike Baxter: Mike is a father of three daughters and the director of marketing for the Outdoor Man chain of sporting goods stores. Mike ... "",""title"":""https://en.wikipedia.org/wiki/Last_Man_Standing_(American_TV_series)""},{""docid"":""55772"",""score"":26.0873504402198,""snippet"":"" ... real-life version of what John Wayne had been on the screen. He had been a Brigadier General in the Air Force, a Senior Pilot with Pan American, and held many incredible record-breaking aeronautic achievements. Maureen happily retired from films in 1973 after making the TV movie ... "",""title"":""https://www.imdb.com/search/name/?birth_year=1920""},{""docid"":""69831"",""score"":25.916207531684016,""snippet"":"" ... We've compiled 35 of the most egregious parent-child age gaps in Hollywood history, including an on-screen mom who is years younger than her on-screen sons and an on-screen mother and son who were so close in age they began dating in real life ... "",""title"":""https://www.businessinsider.com/age-difference-tv-movie-parents-kids-2018-5""}]"
4,99,2026-09-15T12:55:44.143803+00:00,Jane the Virgin character married multiple times children died,"[""jane"",""the"",""virgin"",""character"",""married"",""multiple"",""times"",""children"",""died""]","""jane"" OR ""the"" OR ""virgin"" OR ""character"" OR ""married"" OR ""multiple"" OR ""times"" OR ""children"" OR ""died""",5,36dd127852ac8d542f97a1b7d74d24ae0f210776f53a2d0b49871ca3c644ea0e,cbb3e956fd3b6d3c9bb446eb9a15eec694b61d63232bd8d3e4fb8c4dcf15fa92,False,"[""d43"",""d44"",""d45"",""d46"",""d47""]","[""35966"",""85777"",""96228"",""57234"",""28281""]","[{""docid"":""35966"",""score"":18.57332069142632,""snippet"":"" ... Isabella obviously cannot see how dangerous it would be to marry Heathcliff, when he appears wearing the mask of a gentleman. She does not possess the ability to doubt male intentions and as such fulfils the type of the Gothic virgin, while also emphasising Catherine's greater understanding ... "",""title"":""https://journals.openedition.org/lisa/3496?lang=en""},{""docid"":""85777"",""score"":18.484805459888175,""snippet"":"" ... t necessarily appreciate them at the time.\n\nJane Austen\n\nMost people associate Jane Austen's books with love and romance, but unlike many of the characters in her novels, she never married. It's not as though she didn't have the opportunity to wed: Austen actually had ... "",""title"":""https://www.rd.com/list/famous-people-who-chose-to-stay-single/""},{""docid"":""96228"",""score"":17.969246604470527,""snippet"":"" ... 14), easing the burden of the infant's household on the Duchess. The last mention of Mary Seymour on record is on her second birthday, and although stories circulated that she eventually married and had children, most historians believe she died as a child at Grimsthorpe Castle in ... "",""title"":""https://en.wikipedia.org/wiki/Catherine_Parr""},{""docid"":""57234"",""score"":17.955720842895417,""snippet"":"" ... The book contains elements of social criticism with a strong sense of Christian morality at its core, and it is considered by many to be ahead of its time because of Jane's individualistic character and how the novel approaches the topics of class, sexuality, religion and feminism ... "",""title"":""https://en.wikipedia.org/wiki/Jane_Eyre""},{""docid"":""28281"",""score"":17.94459467419881,""snippet"":"" ... Her sister Katharine (1906–1907) died at the age of nine months. That was a traumatic event for Mead, who had named the girl, and thoughts of her lost sister permeated her daydreams for many years.Howard, Jane. (1984). Margaret Mead: A Life, New York: Simon and Schuster ... "",""title"":""https://en.wikipedia.org/wiki/Margaret_Mead""}]"
4,107,2026-09-15T12:55:46.122750+00:00,This Is Us character married three times one child survives,"[""this"",""is"",""us"",""character"",""married"",""three"",""times"",""one"",""child"",""survives""]","""this"" OR ""is"" OR ""us"" OR ""character"" OR ""married"" OR ""three"" OR ""times"" OR ""one"" OR ""child"" OR ""survives""",5,ecca15ec9c39ca237e8cbbcc5f4e0599908328d65549dd324b6105ebf613190a,4fd0bc5f4ae42bb01ad873a60e72ab5101b3f94fe14c4045cb5937112bd54290,False,"[""d48"",""d6"",""d49"",""d50"",""d51""]","[""50562"",""71307"",""73217"",""91648"",""41823""]","[{""docid"":""50562"",""score"":10.829842028547727,""snippet"":"" ... is forced to marry Rasheed in order to protect herself and her unborn child after the death of her parents and supposed death of Tariq. This initially causes resentment from Mariam, who \""[feels] her territory infringed upon\"". Despite this, \""Laila becomes her daughter for all practical purposes\"" on ... "",""title"":""https://en.wikipedia.org/wiki/A_Thousand_Splendid_Suns""},{""docid"":""71307"",""score"":10.631064039888324,""snippet"":"" ... based on tabloid headlines, one of which is \""Every Man She Kisses Dies.\""\n\n- Joe Pickett: Every woman who gets involved with Nate Romanowski - the series' resident badass - meets an untimely end.\n\n- The Cat Who... Series: Supporting character Iris Cobb was married three times, and all three of her ... "",""title"":""https://tvtropes.org/pmwiki/pmwiki.php/Main/CartwrightCurse""},{""docid"":""73217"",""score"":10.607063925346177,""snippet"":"" ... high on anything new from this lady. No disappointments here! Great story - great imagery - sizzling dialog - wonderful character work from a top-notch cast. Where are all these brilliant new kid actors coming from? Atticus Shaffer is simply miraculous in his role as the ... \""unusual child\"". There was ... "",""title"":""https://www.imdb.com/title/tt1442464/""},{""docid"":""91648"",""score"":10.50720306388407,""snippet"":"" ... Katie becomes pregnant just before Johnny dies and survives on her own until she agrees to marry Sergeant Michael McShane, a pipe-smoking local policeman-turned-politician.\n\nSissy Rommely is Katie's oldest sister and one of Francie's three aunts. Because of her parents' immigration and lack ... "",""title"":""https://en.wikipedia.org/wiki/A_Tree_Grows_in_Brooklyn_(novel)""},{""docid"":""41823"",""score"":10.4295421751555,""snippet"":"" ... This time Montgomery's lance struck the king's helmet sending three splinters into his head, including one which pierced his eye and brain.\n\nSomehow, Henry maintained consciousness enough to pardon Montgomery. He also survived the procedures to remove the splinters and it was hoped that the worst ... "",""title"":""https://thehistoricalnovel.com/2021/11/02/everything-wrong-with-reign-season-1/""}]"
4,114,2026-09-15T12:55:48.285957+00:00,telenovela character married four times lost children one survives,"[""telenovela"",""character"",""married"",""four"",""times"",""lost"",""children"",""one"",""survives""]","""telenovela"" OR ""character"" OR ""married"" OR ""four"" OR ""times"" OR ""lost"" OR ""children"" OR ""one"" OR ""survives""",5,931060c9f24b1e3884b7dcbeaf878d2865c611938a64b129dcce117388c417c0,85cd0f671ae752f9716447082773a9b3b53417da0c0b6e4e1510794d6e42da2a,False,"[""d35"",""d20"",""d52"",""d53"",""d54""]","[""5705"",""3878"",""36741"",""256"",""99719""]","[{""docid"":""5705"",""score"":19.702524013631347,""snippet"":"" ... family of four children, having two brothers and one sister. She graduated from Somerset College in Mudgeeraba, Queensland, Australia, a suburb in the Gold Coast hinterland of South East Queensland, where she and her siblings were raised by their mother and spent much of her time at the ... "",""title"":""https://www.imdb.com/search/name/?birth_date=1990-01-01,1990-12-31&gender=female""},{""docid"":""3878"",""score"":19.410676420453026,""snippet"":"" ... and epic tale of survival that for several seasons was a seamless combination of large-scale action, close-quarters character drama and pop-political philosophy.\n\nThe premise would have been provocative at any time: A bitter race of robots gets the drop on humanity (with the help of ... "",""title"":""https://www.nytimes.com/interactive/2019/arts/television/best-drama-series.html""},{""docid"":""36741"",""score"":19.371910229693594,""snippet"":"" ... focus more on their five children. The Edge of Night featured as its central character Mike Karr, a police detective (later an attorney), and largely dealt with organized crime. The Young and the Restless first focused on two families, the prosperous Brooks family with four daughters, and the ... "",""title"":""https://en.wikipedia.org/wiki/Soap_opera""},{""docid"":""256"",""score"":18.809590209535685,""snippet"":"" ... drama | Telemundo | United States | Selected territories | | | |\n| Surviving Escobar: Alias JJ | Biographical crime telenovela | Caracol Televisión | Colombia | Selected territories | | | |\n| The Barrier | Dystopian drama | Antena 3 | Spain | Selected territories | | | |\n| The Cook of Castamar | Period drama | Atresplayer Premium | Spain | Selected territories | | | |\n| The Department of Time | Science fiction drama | La 1 TVE ... "",""title"":""https://en.wikipedia.org/wiki/List_of_Netflix_exclusive_international_distribution_TV_shows""},{""docid"":""99719"",""score"":18.44001564047374,""snippet"":"" ... family of four children, having two brothers and one sister. She graduated from Somerset College in Mudgeeraba, Queensland, Australia, a suburb in the Gold Coast hinterland of South East Queensland, where she and her siblings were raised by their mother and spent much of her time at the ... "",""title"":""https://www.imdb.com/search/name/?birth_year=1990""}]"
5,128,2026-09-15T12:55:54.247560+00:00,Jane the Virgin cast real life family member co-star,"[""jane"",""the"",""virgin"",""cast"",""real"",""life"",""family"",""member"",""co"",""star""]","""jane"" OR ""the"" OR ""virgin"" OR ""cast"" OR ""real"" OR ""life"" OR ""family"" OR ""member"" OR ""co"" OR ""star""",5,9bad715d7b80077306af556c316167fd3b2b2bd54a7326807a38757297564957,77413789b2430d8b8cd32f1fe9655abccedf21a88b3ff4ab5cb1716823d18d1c,False,"[""d55"",""d56"",""d57"",""d58"",""d59""]","[""18001"",""32098"",""10828"",""57574"",""40267""]","[{""docid"":""18001"",""score"":19.958492312223058,""snippet"":"" ... Very loosely adapting the 1990 Ron Howard\\/Steve Martin film, this NBC family drama from <\\/span>Friday Night Lights <\\/span><\\/i>showrunner Jason Katims could feel like a competitive crying event, for both viewers and the deep, versatile cast playing the huge but pathologically close-knit members of ... "",""title"":""https://www.rollingstone.com/tv-movies/tv-movie-lists/50-best-tv-shows-of-decade-2010s-914737/""},{""docid"":""32098"",""score"":19.24945001716442,""snippet"":"" ... sex life in his middle age.\n\nBanks plays Beth, a bookstore clerk who is intoxicated by Andy, though she scares him with her unexpectedly wild side in bed when he hoped she would be the one to take his virginity. Also a part of the cast is Paul ... "",""title"":""https://www.yahoo.com/entertainment/articles/12-elizabeth-banks-movies-deserve-120040220.html""},{""docid"":""10828"",""score"":18.408913319511232,""snippet"":"" ... The 60th anniversary specials premiered on 25 November 2023 with \""The Star Beast\"" directed by Rachel Talalay. It features the first full adventure of David Tennant as the Fourteenth Doctor, and the return of Catherine Tate as Donna Noble. They are also joined by returning cast members Jacqueline ... "",""title"":""https://en.wikipedia.org/wiki/History_of_Doctor_Who""},{""docid"":""57574"",""score"":18.240245712245972,""snippet"":"" ... The Crown<\\/em> boasts casting, art design and photography that suggests no expense has been spared in re-creating the entire second half of the 20th century \\u2014 one can only imagine the wig budget alone. Sumptuous visuals accompany an intricate soap opera in which real-life family ... "",""title"":""https://www.hollywoodreporter.com/lists/best-tv-shows-21st-century/""},{""docid"":""40267"",""score"":18.173963216901154,""snippet"":"" ... During the hiatus, fan efforts were launched to get the show back sooner. These included the recording of a charity record called \""Doctor in Distress\"" by cast members. BBC Radio tried to fill the void by producing the first made-for-radio Doctor Who serial, Slipback, starring Colin ... "",""title"":""https://tardis.fandom.com/wiki/Doctor_Who""}]"
5,136,2026-09-15T12:55:57.555321+00:00,Gina Rodriguez real life relative Jane the Virgin,"[""gina"",""rodriguez"",""real"",""life"",""relative"",""jane"",""the"",""virgin""]","""gina"" OR ""rodriguez"" OR ""real"" OR ""life"" OR ""relative"" OR ""jane"" OR ""the"" OR ""virgin""",5,a79536d9402c83fc74cf0fb09c4c658ea89982438271471d6a20efb786c1b6cb,f427f0fc1564e2f8226f26a5744a448f52a4b2ef2979c96a4ae60cf82abb1e4e,False,"[""d60"",""d61"",""d62"",""d55"",""d63""]","[""18929"",""87588"",""74759"",""18001"",""97522""]","[{""docid"":""18929"",""score"":26.08433823331072,""snippet"":"" ... In Orange Is the New Black, Elizabeth Rodriguez played Dascha Polanco's mother even though they have a two-year age gap.\n\n7.Gina Rodriguez was 29 when Jane the Virgin started filming.\n\nAndrea Navedo was 36 when it started filming.\n\nIn Jane the Virgin, Andrea Navedo and ... "",""title"":""https://www.buzzfeed.com/ajanibazile/parent-child-actor-age-gaps""},{""docid"":""87588"",""score"":25.978820033023542,""snippet"":"" ... In Orange Is the New Black, Elizabeth Rodriguez played Dascha Polanco's mother even though they have a two-year age gap.\n\n7.Gina Rodriguez was 29 when Jane the Virgin started filming.\n\nAndrea Navedo was 36 when it started filming.\n\nIn Jane the Virgin, Andrea Navedo and ... "",""title"":""https://www.yahoo.com/entertainment/25-age-gaps-between-actors-142149944.html""},{""docid"":""74759"",""score"":25.80032592635576,""snippet"":"" ... Jane Villanueva — Spanish\n\nJane the Virgin is the CW's modern remake of a classic Venezuelan telenovela, Juana la Virgen. The CW version, which has become very popular in the United States, stars Gina Rodriguez as the titular character, Jane Villanueva.\n\nJane is fully bilingual in Spanish and ... "",""title"":""https://www.babbel.com/en/magazine/fictional-characters-language/""},{""docid"":""18001"",""score"":25.33826994589942,""snippet"":"" ... title\"":\""'Jane the Virgin'\"",\""subtitle\"":null,\""slug\"":\""44-jane-the-virgin-914780\"",\""caption\"":\""\"",\""description\"":\""\\n\\t\\t\\t\\t\n\n\\nStreaming on Netflix\\u00a0<\\/em><\\/span><\\/p>\\n<\\/div>\"",\""alt\"":\""Jane The Virgin -- \\\""Chapter Eighty-Six\\\"" -- Image Number: JAV505a_0356.jpg -- Pictured (L-R): Gina Rodriguez as Jane and ... "",""title"":""https://www.rollingstone.com/tv-movies/tv-movie-lists/50-best-tv-shows-of-decade-2010s-914737/""},{""docid"":""97522"",""score"":25.02008516121165,""snippet"":"" ... Gina Rodriguez\n\nWhen Gina Rodriguez won her first Emmy for her role in Jane the Virgin, she decided to pay the prize money forward. She ended up donating the winnings to fund a full college scholarship for an undocumented high school student.\n\nRodriguez partnered with Big Brothers Big ... "",""title"":""https://www.globalcitizen.org/en/content/celebrities-who-fought-for-education-2018/""}]"
5,143,2026-09-15T12:55:59.102217+00:00,Yael Grobglas real life sibling Jane Virgin,"[""yael"",""grobglas"",""real"",""life"",""sibling"",""jane"",""virgin""]","""yael"" OR ""grobglas"" OR ""real"" OR ""life"" OR ""sibling"" OR ""jane"" OR ""virgin""",5,96aa91056f71cbf3b47a24f959842c8d719e81159c75c6555cb3119e5e3c7fa8,ab99ad0f5c0b7a9a207dc575005c445dcbd88eae858599156ae9661426957dea,False,"[""d64"",""d65"",""d66"",""d67"",""d68""]","[""67017"",""499"",""88650"",""62671"",""49741""]","[{""docid"":""67017"",""score"":42.34715045486263,""snippet"":"" ... 9 Yael Grobglas (Jane the Virgin)\n\nYael Grobglas added her spin to the twin storyline in the extremely binge-worthy sitcom Jane the Virgin. Petra and Aneszka were polar opposites, both in appearance as well as personality. Petra was a polished, fashionable socialite, while her twin was a ... "",""title"":""https://www.cbr.com/10-actors-multiple-roles-same-show/""},{""docid"":""499"",""score"":24.93615179299556,""snippet"":"" ... American | Holy Rollers, Nick and Norah's Infinite Playlist, Whip It | |\n| Eva Green | 1980– | French | The Dreamers, Casino Royale | |\n| Yael Grobglas | 1984– | French-born Israeli | Reign, Jane the Virgin, JeruZalem | |\n| Jake Gyllenhaal | 1980– | American | Donnie Darko, Brokeback Mountain, The Day After Tomorrow | |\n| Erin Heatherton | 1989– | American | | |\n| Simon Helberg ... "",""title"":""https://en.wikipedia.org/wiki/List_of_Jewish_actors""},{""docid"":""88650"",""score"":18.804702163459368,""snippet"":"" ... Jane the Virgin\n\nCreated by: Jennie Snyder Urman\n\nStars: Gina Rodriguez, Andrea Navedo, Yael Grobglas, Ivonne Coll, Jamie Camil, Justin Baldoni\n\nOriginal Network: CW, 2014-2019\n\nDespite the wild surrealism of its original premise—a devoutly Catholic twentysomething virgin is accidentally artificially inseminated by her ex-crush/current ... "",""title"":""https://www.pastemagazine.com/tv/best-of-the-decade/best-tv-shows-2010s""},{""docid"":""62671"",""score"":16.894035551462963,""snippet"":"" ... 2018-07-03\n---\nSubmissions from 2020\n\nThe Project Talent Twin and Sibling Study: Zygosity and New Data Collection, Carol A. Prescott, Ellen E. Walters, Thalida Em Arpawong, Catalina Zavala, Tara L. Gruenewald, and Margaret Gatz\n\nDevelopment and Initial Validation of a Brief Questionnaire on the Patients' View of ... "",""title"":""https://digitalcommons.chapman.edu/psychology_articles/index.3.html""},{""docid"":""49741"",""score"":16.404511481548248,""snippet"":"" ... Tracee Ellis Ross\n\nActor Tracee Ellis Ross has spoken very highly of her mom, singer Diana Ross. \""My mom was extremely present,\"" she said. \""Waking us up for school, sitting for dinner with us, and giving us a genuine, anchored, real family life and home life. The most ... "",""title"":""https://www.marieclaire.com/celebrity/celebrities-from-famous-families/""}]"
5,152,2026-09-15T12:55:59.671097+00:00,TV show actor real life mother daughter play unrelated characters,"[""tv"",""show"",""actor"",""real"",""life"",""mother"",""daughter"",""play"",""unrelated"",""characters""]","""tv"" OR ""show"" OR ""actor"" OR ""real"" OR ""life"" OR ""mother"" OR ""daughter"" OR ""play"" OR ""unrelated"" OR ""characters""",5,300a83acc76e409f6377e770e45fddb9eaf0f32c27b1429eab911a5e09df7e02,49c5832c4f4256197fd1c64c4f41e92b264406fcb73d236a744db468bdd2afe0,False,"[""d29"",""d31"",""d40"",""d69"",""d39""]","[""11078"",""56024"",""29417"",""62963"",""35680""]","[{""docid"":""11078"",""score"":19.720616755043476,""snippet"":"" ... Fisher looks enough like Howard's real-life daughters Bryce Dallas Howard and Paige Carlyle Howard that it makes it look believable.\n\n- On the short-lived show Back to You, Laura Marano was very believable as Kelsey Grammer's daughter. However, the character was later recast with someone ... "",""title"":""https://tvtropes.org/pmwiki/pmwiki.php/Main/SeparatedAtBirthCasting""},{""docid"":""56024"",""score"":19.203028461636105,""snippet"":"" ... Created by Rob Thomas, the series starred Bell as the seventeen year old detective Veronica, which put her alongside actors Enrico Colantoni who played her father, Jason Dohring, Percy Daggs III and Ryan Hansen. Bell noted the parallels between the character of Veronica and her own life — Bell ... "",""title"":""https://unionfilms.org/films/people/kristen-bell.html""},{""docid"":""29417"",""score"":19.038909039535152,""snippet"":"" ... His home life is initially filled with his wife and three daughters (hence the \""last man\"" in the show's title), along with a grandson. His life later extends to the young men who are married to or dating his daughters.\n\nEpisodes\n\nCast and characters\n\nMain\n\n* Tim Allen ... "",""title"":""https://en.wikipedia.org/wiki/Last_Man_Standing_(American_TV_series)""},{""docid"":""62963"",""score"":18.966614069761228,""snippet"":"" ... Actors who are siblings in real life are commonly cast to play siblings on television. After all, that's the best way to make it seem like the relationship is an authentic one. In the case of Jessica and Richard Harmon, though, the siblings actually play unrelated characters ... "",""title"":""https://screenrant.com/cw-stars-family/""},{""docid"":""35680"",""score"":18.890076367015197,""snippet"":"" ... were used in season 1 to pass off as fellow Premier League ground Goodison Park when AFC Richmond played away at Everton. Wembley Stadium was used in season 2 to portray the FA Cup semi-final with Manchester City.\n\nThe show incorporates many real-life members of the ... "",""title"":""https://en.wikipedia.org/wiki/Ted_Lasso""}]"
5,156,2026-09-15T12:56:00.413796+00:00,real life sisters play unrelated characters same TV series,"[""real"",""life"",""sisters"",""play"",""unrelated"",""characters"",""same"",""tv"",""series""]","""real"" OR ""life"" OR ""sisters"" OR ""play"" OR ""unrelated"" OR ""characters"" OR ""same"" OR ""tv"" OR ""series""",5,5dc2b752c3980ebec2cc631571418eddfaff2210cabe4ae2679a2f54b3337779,8d40d709ed86e01af0f94bf9896d484b41736691607f824921f47d0f6e000aa5,False,"[""d70"",""d33"",""d71"",""d64"",""d72""]","[""5054"",""69326"",""32179"",""67017"",""10136""]","[{""docid"":""5054"",""score"":15.669640849869335,""snippet"":"" ... The exterior of Pawnee City Hall is a real city hall building.\n\nIn reality, Pawnee City Hall is actually Pasadena City Hall in California. The building has also appeared in Charlie Chaplin's classic movie \""The Great Dictator,\"" and on other TV shows like the \""Mission: Impossible\"" series ... "",""title"":""https://www.businessinsider.com/things-fun-facts-you-didnt-know-about-parks-and-recreation""},{""docid"":""69326"",""score"":15.609032389540348,""snippet"":"" ... to play multiple versions of their characters who exist across the multiverse. However, there have been occasions in TV shows where an actor was recast in a completely unrelated role without the audience even noticing.\n\n12 Patton Oswalt (Agents of S.H.I.E.L.D.)\n\nPlayed identical ... "",""title"":""https://screenrant.com/actors-multiple-characters-same-tv-show/""},{""docid"":""32179"",""score"":15.531649245623115,""snippet"":"" ... Matlock - From an episode titled \""Her Sister's Shadow,\"" Jan's line of \""Marcia, Marcia, Marcia!\"" is one of the most famous lines from what classic TV series?\n\nAnswer: The Brady Bunch - What man with a quirky delivery, who later played the mayor on \""Family Guy\"", portrayed Batman ... "",""title"":""https://www.watercoolertrivia.com/trivia-questions/classic-tv-trivia-questions""},{""docid"":""67017"",""score"":15.473093442532488,""snippet"":"" ... Some actors take this a step further when they play more than one role in the same TV show. Dual roles are not a new phenomenon, and if added deliberately, they can make a series much more engaging than before. Sometimes, they are just casting errors.\n\nShows like ... "",""title"":""https://www.cbr.com/10-actors-multiple-roles-same-show/""},{""docid"":""10136"",""score"":15.192384843585376,""snippet"":"" ... But the 1980s Jem cartoon series returned to TV in 2011, thanks to The Hub Network, a collaboration between Hasbro and Discovery Communications, and a Canadian channel called Teletoon Retro. The same year a \""Jem and the Holograms\"" complete series box set was released on DVD. And the ... "",""title"":""https://medium.com/lisa-hix/jem-the-truly-outrageous-triple-platinum-80s-rocker-who-nearly-took-down-barbie-309f423a928b""}]"
5,162,2026-09-15T12:56:01.137084+00:00,actor and real life sibling different last name same TV show,"[""actor"",""and"",""real"",""life"",""sibling"",""different"",""last"",""name"",""same"",""tv"",""show""]","""actor"" OR ""and"" OR ""real"" OR ""life"" OR ""sibling"" OR ""different"" OR ""last"" OR ""name"" OR ""same"" OR ""tv"" OR ""show""",5,ab3ab3b39c7f86257523bb326c4d0c697eed92ff4bfefbbb47f4627ba5b07ca0,5e288e538a773c96abacda41330ed168dc1680393963db8ed7b2f67ff60465a6,False,"[""d73"",""d74"",""d75"",""d76"",""d77""]","[""21517"",""97719"",""87594"",""11809"",""26285""]","[{""docid"":""21517"",""score"":14.26244644802614,""snippet"":"" ... s reality show back in the early 2000s and leads a quiet life out of the public eye.\n\nLuke and Owen Wilson have an older brother named Andrew, who is also an actor as well as a director. He's starred in some of the same movies as ... "",""title"":""https://www.popsugar.com/celebrity/celebrities-siblings-pictures-36093166""},{""docid"":""97719"",""score"":14.114313269336758,""snippet"":"" ... The Next Level,\"" and \""Bad Education.\"" Nat appeared in \""The Fault in Our Stars,\"" \""The Intern,\"" and starred in the TV series \""The Stand.\""\n\nLaura and Vanessa Marano both got their starts as young actors on television.\n\nLaura and Vanessa played siblings in the TV show \""Without a ... "",""title"":""https://www.businessinsider.com/child-star-siblings-actors-where-are-they-now-2020-11""},{""docid"":""87594"",""score"":14.069276993391231,""snippet"":"" ... Blanket, now known as Bigi, enjoys a life far from the cameras.\n\nJake And Maggie Gyllenhaal\n\nThese Hollywood A-list actors are siblings but also each other's biggest fans. Maggie is the older sister and gained superstar fame in Secretary and The Lost Daughter. Jake has become ... "",""title"":""https://www.theshot.com/actors/hollywoods-famous-siblings""},{""docid"":""11809"",""score"":13.924502110449597,""snippet"":"" ... rising actor whose roles have included Sky Forster in the TV show Grown-ish, Ariel in Disney's live-action movie The Little Mermaid, and a supporting part in 2023's The Color Purple, based on the 1982 novel by Alice Walker.\n\nQuick Facts\n\nFULL NAME: Halle Lynn ... "",""title"":""https://www.biography.com/musicians/a46551458/halle-bailey""},{""docid"":""26285"",""score"":13.749401134314821,""snippet"":"" ... Brian And Domhnall Gleeson (Mother!)\n\nFittingly, Brian and Domhnall Gleason's character names in Mother!—the 2017 psychological horror flick from Darren Aronofsky—are \""younger bro\"" and \""oldest son,\"" respectively. The Irish lads are real-life siblings, along with novelist-screenwriter Rory and fellow actor Fergus, and they ... "",""title"":""https://www.cinemablend.com/movies/times-real-siblings-showed-up-in-the-same-movie""}]"
6,179,2026-09-15T12:56:09.262007+00:00,TV character married three times one child died one survives drama series,"[""tv"",""character"",""married"",""three"",""times"",""one"",""child"",""died"",""survives"",""drama"",""series""]","""tv"" OR ""character"" OR ""married"" OR ""three"" OR ""times"" OR ""one"" OR ""child"" OR ""died"" OR ""survives"" OR ""drama"" OR ""series""",5,2002e3f627e4f2ebcb4565fa401bcf525cd4805d91c31016c307f635067b5223,0a720c8d25a3bda5c440703b30395af47cce47dd99398b00c86926bba236de1d,False,"[""d78"",""d79"",""d80"",""d81"",""d82""]","[""3161"",""85765"",""32327"",""4035"",""5965""]","[{""docid"":""3161"",""score"":20.273476563069103,""snippet"":"" ... died in California on June 29, 2023 at the age of 89. He is survived by his three sons - Adam, Matthew, and Anthony Dana Arkin, and with Dana, Alan Arkin is survived by third wife, Suzanne Newlander Arkin, whom he married in 1999.- Actor\n\n- Soundtrack\n\nPopular British character ... "",""title"":""https://m.imdb.com/search/name/?death_date=2023&ref_=nmbio_dth_yr""},{""docid"":""85765"",""score"":20.26757244939449,""snippet"":"" ... A drama teacher and vocal coach in later years, Harris died of a blood clot to the heart on November 3, 2002, just three days before his 88th birthday. He was survived by his long-time wife (from 1938), Gertrude Bregman, and son Richard (born 1942). He was ... "",""title"":""https://www.imdb.com/search/name/?death_date=2002""},{""docid"":""32327"",""score"":20.14650379327752,""snippet"":"" ... Married three times, she has two children, Kimberley and William, from her former husband, British actor Geoffrey Horne, and one child, Michael, from the marriage to Scott Paxton. She died of brain cancer at her North Carolina home in Highlands on October 14, 2009. She was 74.- Actress ... "",""title"":""https://m.imdb.com/search/name/?death_date=2009&ref_=nm_ov_dth_year""},{""docid"":""4035"",""score"":20.086544211204433,""snippet"":"" ... He was married to Star Herrmann and Leigh Curran. He died on 31 December 2014 in New York City, New York, USA.- Actor\n\n- Producer\n\n- Additional Crew\n\nOne of Hollywood's finest character / \""Method\"" actors, Eli Wallach was in demand for over 60 years (first film/TV role was ... "",""title"":""https://www.imdb.com/search/name/?death_date=2014""},{""docid"":""5965"",""score"":20.056551173028744,""snippet"":"" ... nominated 2011 drama The Help and on three separate seasons of FX's long-running anthology series American Horror Story.\n\nMichael Kopsa\n\nMichael Kopsa, a prolific character and voice actor whose work spanned Beast on X-Men: Evolution to Captain Windmark on Fringe, died on Oct. 23 of ... "",""title"":""https://ew.com/celebrity/stars-we-lost-in-2022/?srsltid=AfmBOoqgtseDJPvB8Bamfe3oZlhWJZaiC5kf4fxP0pjffkBximQEpPNy""}]"
6,187,2026-09-15T12:56:10.501552+00:00,long running drama series character multiple marriages lost child,"[""long"",""running"",""drama"",""series"",""character"",""multiple"",""marriages"",""lost"",""child""]","""long"" OR ""running"" OR ""drama"" OR ""series"" OR ""character"" OR ""multiple"" OR ""marriages"" OR ""lost"" OR ""child""",5,b45180d3fa3c79a44c3acf16465d17525baf6dbfb4c10afbfeeeae2e6bd161c1,47d090a082d30c6dba0ad6a89596da528fb20e6ba75644d774f34158263caf2b,False,"[""d5"",""d83"",""d31"",""d84"",""d85""]","[""77683"",""42460"",""56024"",""60248"",""49471""]","[{""docid"":""77683"",""score"":17.264710057987553,""snippet"":"" ... Early work and House\n\nWilde appeared as Jewel Goldman on the short-lived television series Skin (2003–2004). She gained attention for her recurring role as bisexual bar owner Alex Kelly, who dates both characters played by Adam Brody and Mischa Barton on the teen drama TV series ... "",""title"":""https://en.wikipedia.org/wiki/Olivia_Wilde""},{""docid"":""42460"",""score"":17.002296255513496,""snippet"":"" ... Bell guest-starred on the HBO period drama series Deadwood, in a two-episode story arc (\""Bullock Returns to the Camp\"" and \""Suffer the Little Children\"").\n\nAt 24, she won the role of the title character in the UPN noir drama series Veronica Mars, which was launched in ... "",""title"":""https://en.wikipedia.org/wiki/Kristen_Bell""},{""docid"":""56024"",""score"":16.97311547119938,""snippet"":"" ... At 24 she won the role of the title character in UPN's drama Veronica Mars, which was launched in the fall of 2004. Created by Rob Thomas, the series starred Bell as the seventeen year old detective Veronica, which put her alongside actors Enrico Colantoni who played ... "",""title"":""https://unionfilms.org/films/people/kristen-bell.html""},{""docid"":""60248"",""score"":16.90867439822169,""snippet"":"" ... Along with the marriages, the character is also given a number of other love interests. The motivation behind the multiple romances stems from the character's need to fill the void her father left when he abandoned her.\n\nAs the series begins, Erica's romantic role is as ... "",""title"":""https://en.wikipedia.org/wiki/Erica_Kane""},{""docid"":""49471"",""score"":16.85450031777761,""snippet"":"" ... portraying the series' protagonist Victoria Lord in March 1971 and played the character continuously for the rest of the show's run on ABC Daytime, winning a record six Daytime Emmy Awards for the role. In 2002, the series won an Emmy for Outstanding Drama Series.\n\nOn September ... "",""title"":""https://en.wikipedia.org/wiki/One_Life_to_Live""}]"
6,193,2026-09-15T12:56:11.324527+00:00,TV series character widowed remarried several times child died,"[""tv"",""series"",""character"",""widowed"",""remarried"",""several"",""times"",""child"",""died""]","""tv"" OR ""series"" OR ""character"" OR ""widowed"" OR ""remarried"" OR ""several"" OR ""times"" OR ""child"" OR ""died""",5,2444fe576bf3751d1c9c6b64b05f5ca113adc4344514e27e1ea63cbd96a4a6f5,0bd7bdfd1af629532dc15656a21935f3dbd7922b0d6bc5d9e0fab03537ec22ee,False,"[""d86"",""d87"",""d88"",""d89"",""d90""]","[""33765"",""31217"",""58261"",""10418"",""64176""]","[{""docid"":""33765"",""score"":21.677306676655732,""snippet"":"" ... son Brian Roy (born 1960) and daughter Melanie Roy-Friedman, born after her parents remarried. From 1993 until his death, Dangerfield was married to Joan Child, whom he met in 1983 at a flower shop she owned in Santa Monica, California.\n\nAt the time of a People magazine ... "",""title"":""https://en.wikipedia.org/wiki/Rodney_Dangerfield""},{""docid"":""31217"",""score"":21.619478802180648,""snippet"":"" ... sitcoms in TV history, the affable MacMurray shines as the widowed father of three young boys. In its 12-year run, the boys inevitably grow up and marry (one even has triplets!), and Steve adopts Ernie, an orphaned friend of his youngest son, and eventually remarries, becoming stepdad ... "",""title"":""https://www.goldderby.com/gallery/best-tv-fathers-greatest-dads-ranked/""},{""docid"":""58261"",""score"":21.069827001327447,""snippet"":"" ... Ultimately the Duchess is put to death for remarrying into a lower class.\n\nObjectification\n\nThe Duchess is often criticised (Clifford Leech condemned her for her 'irresponsible overturning of a social code') for stepping out of the societal expectations of a widow in sixteenth century England. As a widow ... "",""title"":""https://en.wikipedia.org/wiki/The_Duchess_of_Malfi""},{""docid"":""10418"",""score"":20.992109342547327,""snippet"":"" ... For example, your spouse died in 2024, and you do not remarry before January 1, 2027.\n\n- You have a child or stepchild (not a foster child), you can claim as a dependent EXCEPT that 1) the child has a gross income of $5,050 or more 2) the ... "",""title"":""https://www.efile.com/qualifying-surviving-spouse/""},{""docid"":""64176"",""score"":20.796607341491843,""snippet"":"" ... and father's religious affiliation, birth order, number of siblings, and then the central variables of the child's age when the mother and father died and whether they remarried. For the full sample, this model is expanded to:\n\n| (2) |\n\nwhere X2 represents adult variables measuring whether the ... "",""title"":""https://pmc.ncbi.nlm.nih.gov/articles/PMC4087105/""}]"
6,202,2026-09-15T12:56:12.558729+00:00,actor real life daughter plays unrelated character same TV series drama,"[""actor"",""real"",""life"",""daughter"",""plays"",""unrelated"",""character"",""same"",""tv"",""series"",""drama""]","""actor"" OR ""real"" OR ""life"" OR ""daughter"" OR ""plays"" OR ""unrelated"" OR ""character"" OR ""same"" OR ""tv"" OR ""series"" OR ""drama""",5,6e729411c481b3d019f7ecc83735a91909edddc6ff240908e28959276c3282d9,f2208e1f11e0811503f7335c11835fde2fd194f66ba73f918aaf1607dfbf87ff,False,"[""d39"",""d31"",""d91"",""d92"",""d83""]","[""35680"",""56024"",""52483"",""42395"",""42460""]","[{""docid"":""35680"",""score"":21.897345028482764,""snippet"":"" ... Apple TV+\nfirst_aired: 14 August 2020\nlast_aired: present\n\nTed Lasso ( ) is an American sports comedy-drama television series developed by Jason Sudeikis, Bill Lawrence, Brendan Hunt, and Joe Kelly. It is based on a character Sudeikis portrayed in a series of promotional media for NBC Sports ... "",""title"":""https://en.wikipedia.org/wiki/Ted_Lasso""},{""docid"":""56024"",""score"":21.850616296578597,""snippet"":"" ... At 24 she won the role of the title character in UPN's drama Veronica Mars, which was launched in the fall of 2004. Created by Rob Thomas, the series starred Bell as the seventeen year old detective Veronica, which put her alongside actors Enrico Colantoni who played ... "",""title"":""https://unionfilms.org/films/people/kristen-bell.html""},{""docid"":""52483"",""score"":21.085667933962366,""snippet"":"" ... Kiarostami and his star Mania Akbari conjure knotty drama out of a series of conversations about marriage, family, religion and sex. AP\n\nRead the review\n\n75\n\nPhilomena (2013)\n\nStephen Frears brings tonal tact and unobtrusive genius to this wonderfully funny and touching real-life tale of an Irish ... "",""title"":""https://www.theguardian.com/film/2019/sep/13/100-best-films-movies-of-the-21st-century""},{""docid"":""42395"",""score"":20.688953485910375,""snippet"":"" ... Hall is probably best known for playing the titular serial killer on what Showtime drama that ran from 2006 to 2013?\n\nAnswer: Dexter - What Will Wright created video game series released in 2000 (with sequels in 2004, 2009, and 2014) saw players watching and directing characters to mundane ... "",""title"":""https://www.watercoolertrivia.com/trivia-questions/2000s-pop-culture-trivia""},{""docid"":""42460"",""score"":20.65304676909546,""snippet"":"" ... drama series Veronica Mars, which was launched in the fall of 2004. Created by Rob Thomas, the series starred Bell as the seventeen-year-old anti-establishment high school student and private detective. Bell drew on the parallels between the character of Veronica and her own life, since ... "",""title"":""https://en.wikipedia.org/wiki/Kristen_Bell""}]"
6,207,2026-09-15T12:56:13.349553+00:00,actor and real life son different characters same show,"[""actor"",""and"",""real"",""life"",""son"",""different"",""characters"",""same"",""show""]","""actor"" OR ""and"" OR ""real"" OR ""life"" OR ""son"" OR ""different"" OR ""characters"" OR ""same"" OR ""show""",5,7fbdeb84059792a270b230655f8ff24c8b780ab90285845a525ced410744cafd,b588fb48febc8c29e284dfc4520d57a5176d3618ea5c95b3d218781d87349ae1,False,"[""d29"",""d93"",""d94"",""d95"",""d96""]","[""11078"",""21678"",""75080"",""35266"",""78953""]","[{""docid"":""11078"",""score"":10.644588557963353,""snippet"":"" ... character, or a younger and older version of the same character. And sometimes, they find someone that looks so uncannily like the original actor that it comes as a surprise to the viewers that the two aren't actually related.\n\nNot to be confused with Real-Life Relative ... "",""title"":""https://tvtropes.org/pmwiki/pmwiki.php/Main/SeparatedAtBirthCasting""},{""docid"":""21678"",""score"":10.385498577556419,""snippet"":"" ... When the chemistry between the actors is good, when the characters are well-developed and the make-up is spot-on, who cares if the stars are of a similar age or have a thing going on in real life? If it works, it works.\n\nSally Field Was ... "",""title"":""https://www.boredpanda.com/age-difference-parent-vs-child-movies/""},{""docid"":""75080"",""score"":10.224243524711865,""snippet"":"" ... Joshua Morrow Nick Newman's love life has always been complicated, but the same can't be said for Joshua Morrow . The actor has been married to his wife, Tobe, since 2001. They have four children: three sons, Cooper, Crew, and Cash, as well as daughter Charlie Jo ... "",""title"":""https://www.swooon.com/gallery/young-and-the-restless-stars-real-life-relationships-couples-dating-history/""},{""docid"":""35266"",""score"":10.187310338865336,""snippet"":"" ... struggle and eventual success showcases his versatility as an actor, as he convincingly portrays the character's transformation from a struggling father to a determined and ambitious individual.\n\nThe film features other talented actors who contribute to the overall voice work. Jaden Smith, the real-life son of ... "",""title"":""https://www.languageacademia.com/post/mastering-regional-accents-a-guide-for-actors-2""},{""docid"":""78953"",""score"":10.154785580073426,""snippet"":"" ... In 1991, Pesci earned an Oscar for Best Supporting Actor for his portrayal of real-life gangster Tommy DeVito in Goodfellas and two additional nominations in the same category for Raging Bull (1980) and The Irishman. Apart from acting, Pesci has dappled in music, having released three studio ... "",""title"":""https://people.com/movies/home-alone-cast-where-are-they-now/""}]"
6,214,2026-09-15T12:56:14.660896+00:00,father daughter actors same TV series not related on screen,"[""father"",""daughter"",""actors"",""same"",""tv"",""series"",""not"",""related"",""on"",""screen""]","""father"" OR ""daughter"" OR ""actors"" OR ""same"" OR ""tv"" OR ""series"" OR ""not"" OR ""related"" OR ""on"" OR ""screen""",5,a937bb1704a78a2984be73f897c8e023e0b2bf4672e5cb656ee92339f611dda0,329f48858ce0da5265dac64afe0705c94d21cf3a8e5667efb25e74afe8dcfcde,False,"[""d97"",""d2"",""d98"",""d99"",""d100""]","[""91261"",""81882"",""1494"",""77304"",""53321""]","[{""docid"":""91261"",""score"":17.54668201514115,""snippet"":"" ... Then in one dizzying sweep, the heavily eyebrowed pair not only became the first father-son duo to win Emmys in the same year, they won big in 2020 — Outstanding Lead Actor in a Comedy (Eugene); Supporting Actor, writing, and co-directing the series finale (Dan); and together ... "",""title"":""https://ew.com/awards/emmys/emmy-winning-parents-and-children/?srsltid=AfmBOoo5T9c9PpIIqo7MXise5jC8NnSByqh3rwtglcy-FqhWX_Za_j17""},{""docid"":""81882"",""score"":17.32039028639017,""snippet"":"" ... the Ewing family matriarch on the long-running TV series Dallas (1978), Barbara Bel Geddes had earlier scored success on stage and screen long before gaining more lasting fame on television. She was born in New York City on Halloween Day 1922, the daughter of noted theatrical and ... "",""title"":""https://m.imdb.com/search/name/?death_date=2005&ref_=nmbio""},{""docid"":""1494"",""score"":17.23660039262512,""snippet"":"" ... Sarah's grandfather and Kiefer's father, Donald, is also an actor. He played President Snow in the \""The Hunger Games\"" film series.\n\n\""Fifty Shades of Grey\"" star Dakota Johnson is the daughter of actors Don Johnson and Melanie Griffith.\n\nDon is well known for his role on ... "",""title"":""https://www.businessinsider.com/celebrities-have-famous-parents-2017-11""},{""docid"":""77304"",""score"":17.02802458494224,""snippet"":"" ... Maude got an early start playing the onscreen daughter of Mann in her father's films Knocked Up (2007), Funny People (2009), and This Is 40 (2012).\n\nShe's struck out on her own appearing on the TV series Euphoria and Hollywood, but she's still in the ... "",""title"":""https://ew.com/famous-dads-and-celebrity-children-11701035?srsltid=AfmBOoqIXOLjSWQy09KyKtRnYMEYbj2sYRGONX_D4KJ05O04MdBOL7lD""},{""docid"":""53321"",""score"":16.987773848876444,""snippet"":"" ... s Super Story series Oh Father, Oh Daughter, Yemi Lawrence Adeyemi passed away on September 24, 2023. The veteran actor's son shared the sad news with fans who had not seen much of him since he featured in the popular 2001 TV series.\n\nTolani Quadri Oyebamiji\n\nPhoto ... "",""title"":""https://www.zikoko.com/pop/20-late-nollywood-actors-and-actresses-we-wont-forget-in-a-while/""}]"
7,230,2026-09-15T12:56:20.590263+00:00,Nashville TV series character married multiple times children died,"[""nashville"",""tv"",""series"",""character"",""married"",""multiple"",""times"",""children"",""died""]","""nashville"" OR ""tv"" OR ""series"" OR ""character"" OR ""married"" OR ""multiple"" OR ""times"" OR ""children"" OR ""died""",5,3d639bfb21462a9a924e390d7ce560373b08fdfd3014440b2c61c6b868265614,aff88f67d110a33f56b722b6fc700479da9de84b86dd32adf33d9c167afaf82e,False,"[""d101"",""d102"",""d103"",""d104"",""d105""]","[""59390"",""88630"",""84802"",""44335"",""65139""]","[{""docid"":""59390"",""score"":20.410109182398433,""snippet"":"" ... McLaglen, son of Academy Award-winning character actor Victor McLaglen. At that time Andrew was a CBS staff director, helming such notable western TV series such as Have Gun - Will Travel (1957), Gunsmoke (1955) and Rawhide (1959). McLaglen was aware of \""Have Gun - Will Travel\"" star Richard Boone ... "",""title"":""https://www.imdb.com/date/02-29/births""},{""docid"":""88630"",""score"":19.65369219172453,""snippet"":"" ... Jim Abrahams\n\nWriter, director and producer Jim Abrahams is remembered for his comedy movies that he co-wrote and produced with brothers Jerry and David Zucker, including Airplane, Top Secret, the Naked Gun series, Hot Shots! and Ruthless People.\n\nAbrahams was married with three children. He died of ... "",""title"":""https://parade.com/celebrities/celebrity-deaths-2024""},{""docid"":""84802"",""score"":19.559995176306334,""snippet"":"" ... During that time, Ripa landed roles outside of the show including one of the titular characters in Hope & Faith from 2003 to 2006.\n\nSince All My Children, Ripa has had her fair share of guest spots on television shows, often appearing as herself, on series like Hannah Montana ... "",""title"":""https://people.com/all-my-children-cast-where-are-they-now-8402531""},{""docid"":""44335"",""score"":19.230449294051315,""snippet"":"" ... children by choice. In a 2019 interview, she said she feels a maternal connection through the work of the Oprah Winfrey Leadership Academy.\n\nWinfrey currently owns or has owned multiple homes, including in Montecito, California; Rolling Prairie, Indiana; Telluride, Colorado; and Kula, Hawaii.\n\nWinfrey's mother died on ... "",""title"":""https://www.biography.com/movies-tv/oprah-winfrey""},{""docid"":""65139"",""score"":19.1641664948482,""snippet"":"" ... Freeman first appeared on TV screens as several characters including \""Easy Reader\"", \""Mel Mounds\"" and \""Count Dracula\"" on the Children's Television Workshop (now Sesame Workshop) show The Electric Company (1971). He then moved into feature film with another children's adventure, Who Says I Can't Ride ... "",""title"":""https://m.imdb.com/search/name/?birth_place=Tennessee%2C%20USA&ref_=nmbio""}]"
7,238,2026-09-15T12:56:21.580794+00:00,Rayna James Nashville marriages children,"[""rayna"",""james"",""nashville"",""marriages"",""children""]","""rayna"" OR ""james"" OR ""nashville"" OR ""marriages"" OR ""children""",5,5f1a2ef2cee927a0726e2313755409b27e272653fb2ccc00b8efc867046847fd,1a6296b9cb3671b50016ffb10dc5613094ca542b6b0af9ae50ad8d7059e9c6f6,False,"[""d106"",""d107"",""d108"",""d109"",""d110""]","[""94578"",""10610"",""78472"",""76302"",""14993""]","[{""docid"":""94578"",""score"":20.64934717922122,""snippet"":"" ... As the co-lead of \""Nashville\"" (ABC, 2012-), Britton played Rayna Jaymes, a fading country music diva forced to share the limelight with an aggressive, much younger up-and-comer (Hayden Panettiere). A combination of music and melodrama, the show's premiere in the fall of 2012 garnered ... "",""title"":""https://tv.apple.com/us/person/connie-britton/umc.cpc.5czbe8e7it97jix1m6r3j0aji""},{""docid"":""10610"",""score"":18.609486687458695,""snippet"":"" ... In an unusual demonstration of life imitating art, actress Connie Britton sent condolences to fans on the death of her \""Nashville\"" character, Rayna James, on Instagram.\n\nOver the past decade, social media has challenged and transformed the social and emotional norms of Western society, as theologian Nathan Warne ... "",""title"":""https://lareviewofbooks.org/blog/essays/life-death-2-0-grandmother-dies-online/""},{""docid"":""78472"",""score"":18.304496968984985,""snippet"":"" ... Everwood couple\n\nAlso Max & Liz original Roswell\n\nDeacon and Rayna – Nashville\n\nSome of these I would have preferred if they stayed friends. I was rooting for them at first but over time I realised they had such a beautiful friendship. It kind of sucks they didn't stay ... "",""title"":""https://tvline.com/lists/best-slow-burn-romances-tv-shows/""},{""docid"":""76302"",""score"":18.12362713799067,""snippet"":"" ... Robin Givens (1988-1989), Monica Turner (1997-2003), and Lakiha Spicer (2009-present)\n\nCHILDREN: Mikey, Rayna, Amir, Miguel, Exodus, Milan, and Morocco\n\nASTROLOGICAL SIGN: Cancer\n\nWhere Is Mike Tyson From?\n\nMichael Gerard Tyson was born on June 30, 1966, in Brooklyn, New York, to parents Jimmy Kirkpatrick and ... "",""title"":""https://www.biography.com/athletes/mike-tyson""},{""docid"":""14993"",""score"":17.441233653670118,""snippet"":"" ... Rayna and Deacon\n\nNashville\n\nCan someone have more than one true love? If you're Connie Britton, yes, you can. Defying all logic that anything could follow the epic love between her and Kyle Chandler's Tami and Eric Taylor (who take the No. 2 spot on our ... "",""title"":""https://ew.com/tv/100-best-tv-romances-of-all-time/?srsltid=AfmBOorBz6c44DhCHqhwGYuQq9UpvlPhTmHRebEWDilnTpIU9OeCjzRn""}]"
7,246,2026-09-15T12:56:22.207127+00:00,Nashville ABC series cast real life family members co-stars,"[""nashville"",""abc"",""series"",""cast"",""real"",""life"",""family"",""members"",""co"",""stars""]","""nashville"" OR ""abc"" OR ""series"" OR ""cast"" OR ""real"" OR ""life"" OR ""family"" OR ""members"" OR ""co"" OR ""stars""",5,9a9c6ae9144bb21dfe68363d32d97bdd5fa11afd8c51dd3df2453c3ca12cf0c4,95d167c9025007f4449ec8a1f9a8c8134487dfaca268607f58b813f89fb2a160,False,"[""d111"",""d112"",""d113"",""d106"",""d114""]","[""77616"",""72451"",""11185"",""94578"",""19544""]","[{""docid"":""77616"",""score"":22.857964330379172,""snippet"":"" ... Denton ended 2002 with a two-part guest-starring role on\n\nThe Drew Carey Show (1995).\n\nDenton returned as a guest star on\n\nJAG (1995) in 2003, and pilot season landed him the opportunity to once again head up the cast of an ABC series in\n\nThreat Matrix ... "",""title"":""https://www.imdb.com/list/ls033158255/""},{""docid"":""72451"",""score"":21.78674466714662,""snippet"":"" ... After five seasons as a regular, Kim Richards departs the Bravo reality series The Real Housewives of Beverly Hills to seek rehabilitation for alcoholism. Although she would no longer serve as a full-time cast member, conflicting reports suggest the possibility of Richards making special appearances in future ... "",""title"":""https://en.wikipedia.org/wiki/2015_in_American_television""},{""docid"":""11185"",""score"":21.55757266969562,""snippet"":"" ... program) | WWOR-TV |\n| July 16 | Into the Night starring Rick Dees | ABC |\n| July 17 | Real Life with Jane Pauley | NBC |\n| July 27 | Swamp Thing | USA Network |\n| July 29 | Tim Conway's Funny America | ABC |\n| August 8 | New Attitude | ABC |\n| August 13 | Outta Here! | Nickelodeon |\n| August 20 | Parenthood | NBC ... "",""title"":""https://en.wikipedia.org/wiki/1990_in_American_television""},{""docid"":""94578"",""score"":21.09859753936428,""snippet"":"" ... Following a small turn in the Steve Carell-Keira Knightley romantic comedy \""Seeking a Friend for the End of the World\"" (2012), the actress dove into her next leading role on a network television series. As the co-lead of \""Nashville\"" (ABC, 2012-), Britton played Rayna Jaymes, a ... "",""title"":""https://tv.apple.com/us/person/connie-britton/umc.cpc.5czbe8e7it97jix1m6r3j0aji""},{""docid"":""19544"",""score"":20.52061661906159,""snippet"":"" ... In 2023, Hough returned to Dancing with the Stars as co-host, alongside main host Alfonso Ribeiro.\n\nEarly life\n\nHough was born in Orem, Utah, the youngest of five children in a Mormon family. Her parents are Bruce and Marianne Hough; her father was twice chairman of the ... "",""title"":""https://en.wikipedia.org/wiki/Julianne_Hough""}]"
7,254,2026-09-15T12:56:23.172407+00:00,Grey's Anatomy character married three times one child survives,"[""grey"",""s"",""anatomy"",""character"",""married"",""three"",""times"",""one"",""child"",""survives""]","""grey"" OR ""s"" OR ""anatomy"" OR ""character"" OR ""married"" OR ""three"" OR ""times"" OR ""one"" OR ""child"" OR ""survives""",5,d7af7215e1099c9388c09069d524260f696346b92f686fc427f6e614ff36926a,48c4f4de0347c94864d3fd93a19d0777ad34318a67c06e9979cc752155df96d2,True,"[""d16"",""d17"",""d18"",""d19"",""d20""]","[""61137"",""68225"",""32709"",""93432"",""3878""]","[{""docid"":""61137"",""score"":19.989495647416888,""snippet"":"" ... ABC's medical drama Grey's Anatomy is embarking on its 20th season, and the animated series Family Guy was renewed for its 23rd, appearing on Fox since 1999.\n\nThere's no exact formula for television longevity. Still, sticking around for decades means a show can reach millions ... "",""title"":""https://www.bbc.com/culture/article/20240318-longest-running-tv-shows-programmes-series-ever""},{""docid"":""68225"",""score"":19.89138422265001,""snippet"":"" ... All the Times Meredith Grey Almost Died (or Suffered Another Trauma)\nauthor: Dan Clarendon\ndate: 2020-12-24\n---\nAll the Times Meredith Grey Almost Died (or Suffered Another Trauma)\n\nWe know there'd be no Grey's Anatomy without Meredith Grey … especially because creator Shonda Rhimes has said ... "",""title"":""https://www.tvinsider.com/979458/greys-anatomy-meredith-covid-near-death-traumas/""},{""docid"":""32709"",""score"":18.930393430782186,""snippet"":"" ... The incarnation was short-lived, with the block ending for the third time on September 27, 2019.\n\nHistory\n\nABC Friday-night legacy: 1950s to 1970s\n\nFamily-friendly comedies, which featured families with children as major characters, were a staple of ABC's programming dating back to the network ... "",""title"":""https://en.wikipedia.org/wiki/TGIF_(TV_programming_block)""},{""docid"":""93432"",""score"":18.542454429296345,""snippet"":"" ... As the characters and universe of The Walking Dead live on in the new series, it's unlikely that the original show will be forgotten anytime soon.\n\n|\n\nTItle |\n\nRotten Tomatoes Critic Score |\n\nRotten Tomatoes Audience Score |\n\n|\n\nThe Walking Dead (2010–2022) |\n\n79% |\n\n78% |\n\n3 Grey's Anatomy (2005 ... "",""title"":""https://screenrant.com/tv-shows-ruled-world-airing-list/""},{""docid"":""3878"",""score"":18.53081962161172,""snippet"":"" ... MIKE HALE\n\nStream on Amazon.\n\n2005-present\n\nGrey's Anatomy\n\nBecause we all need our \""person.\""\n\nMore tears have been shed over \""Grey's Anatomy\"" than any other prime time drama. It's been on longer than almost anything else, and it's also embraced tragedy, plucked heartstrings ... "",""title"":""https://www.nytimes.com/interactive/2019/arts/television/best-drama-series.html""}]"
7,255,2026-09-15T12:56:23.190669+00:00,Grey's Anatomy cast real life relative co-star same show,"[""grey"",""s"",""anatomy"",""cast"",""real"",""life"",""relative"",""co"",""star"",""same"",""show""]","""grey"" OR ""s"" OR ""anatomy"" OR ""cast"" OR ""real"" OR ""life"" OR ""relative"" OR ""co"" OR ""star"" OR ""same"" OR ""show""",5,732bfac6f6c8e3c1de1d5a3bc8ac51a102e8865d15867d8fada90563a038bb66,ff0894de76305f17b290dd315850c7bc4b5573cee77ffdbaab5b6a99d384bc59,False,"[""d25"",""d24"",""d21"",""d115"",""d116""]","[""15009"",""46"",""7460"",""5959"",""28387""]","[{""docid"":""15009"",""score"":21.484811401529566,""snippet"":"" ... Oh's career got a major boost in 2004 when she co-starred, to much critical acclaim, in the seriocomic Sideways as a winery employee who becomes romantically entangled with a libidinous bridegroom on a pre-wedding road trip.\n\nGrey's Anatomy (2005–14)\n\nFrom 2005 to 2014 ... "",""title"":""https://www.thecanadianencyclopedia.ca/en/article/sandra-oh""},{""docid"":""46"",""score"":21.412075827259468,""snippet"":"" ... With Ellen Pompeo's Meredith Grey as the show's heart and moral compass, Grey's Anatomy successfully navigated the departures of several original cast members, including male lead Patrick Dempsey, while reinventing itself. Dempsey is back this season, helping Grey's to once again dominate the pop ... "",""title"":""https://deadline.com/2020/12/most-influential-tv-series-21st-century-so-far-deadline-list-1234662438/""},{""docid"":""7460"",""score"":21.31895710254052,""snippet"":"" ... Crossovers Between Grey's Anatomy and Private Practice:\n\n|\n\nShow |\n\nEpisode Number |\n\nEpisode Title |\n\n|\n\nGrey's Anatomy |\n\n3x23 & 3x24 |\n\n\""The Other Side of This Life\"" |\n\n|\n\nPrivate Practice |\n\n1x01 |\n\n\""In Which We Meet Addison, a Nice Girl From Somewhere Else\"" |\n\n|\n\nGrey's Anatomy |\n\n4x13 |\n\n\""Piece of My Heart\"" |\n\n|\n\nGrey's ... "",""title"":""https://screenrant.com/greys-anatomy-spinoff-shows-timeline-connections-explained/""},{""docid"":""5959"",""score"":21.144323683330107,""snippet"":"" ... cast with Ellen Pompeo serving as titular character Meredith Grey, who provides narration for a majority of the series' episodes.\n\nIn 2007, Rhimes created and produced the Grey's Anatomy spin-off series Private Practice, which debuted September 26, 2007, on ABC. The show chronicles the life of ... "",""title"":""https://en.wikipedia.org/wiki/Shonda_Rhimes""},{""docid"":""28387"",""score"":21.043300980275323,""snippet"":"" ... The Daily Show\n\n- Release Date\n\n- July 22, 1996\n\n- Network\n\n- Comedy Central\n\n- Cast\n\n- Jon Stewart, Trevor Noah, Michael Showalter, Nancy Carell, Brian Unger, Rachael Harris, Samantha Bee, Matt Walsh\n\n- Directors\n\n- Chuck O'Neil\n\n- Seasons\n\n- 30\n\n- Creator(s)\n\n- Lizz Winstead\n\n7 'Grey's Anatomy' (2005-)\n\nCreated by Shonda Rhimes & Michelle ... "",""title"":""https://collider.com/shows-that-defined-the-2000s/""}]"
7,260,2026-09-15T12:56:24.233976+00:00,Cristina Yang Meredith Grey marriages children,"[""cristina"",""yang"",""meredith"",""grey"",""marriages"",""children""]","""cristina"" OR ""yang"" OR ""meredith"" OR ""grey"" OR ""marriages"" OR ""children""",5,22238835899dcf02175f1d63945d2f6ca47aa8e548814400ea6ad2c611484202,e1a13b05bf6586610a2084d8638f6e9fa6b62cd578b8febe58a2d4a37e1db1d7,False,"[""d117"",""d17"",""d118"",""d25"",""d119""]","[""16726"",""68225"",""79490"",""15009"",""71073""]","[{""docid"":""16726"",""score"":27.337796766258897,""snippet"":"" ... The woman now known as Meredith Grey once starred alongside Jake Gyllenhaal and Dustin Hoffman in 2002's Moonlight Mile, and went on to appear in Catch Me if You Can and Old School.\n\nNow: Ellen Pompeo's been at the center of Grey's since it first ... "",""title"":""https://ew.com/gallery/greys-anatomy-cast-before-they-were-stars/?srsltid=AfmBOop9veMvemNQBxOptWObS-iC49SGiFhqZjNBzk87cYVuzqnbjT2L""},{""docid"":""68225"",""score"":25.27610005843517,""snippet"":"" ... All the Times Meredith Grey Almost Died (or Suffered Another Trauma)\nauthor: Dan Clarendon\ndate: 2020-12-24\n---\nAll the Times Meredith Grey Almost Died (or Suffered Another Trauma)\n\nWe know there'd be no Grey's Anatomy without Meredith Grey … especially because creator Shonda Rhimes has said ... "",""title"":""https://www.tvinsider.com/979458/greys-anatomy-meredith-covid-near-death-traumas/""},{""docid"":""79490"",""score"":23.45620556287319,""snippet"":"" ... Cristina Yang, Grey's Anatomy\n\nTalk about layers! With wit by the bucketload, Cristina was never afraid to tell us all exactly what she was thinking – and we loved her for it. Her fierce friendship with Meredith was one of support and protection, and fans continued to root ... "",""title"":""https://www.digitalspy.com/tv/a39556965/greatest-female-tv-characters-21st-century/""},{""docid"":""15009"",""score"":21.933735954222236,""snippet"":"" ... Cristina Yang in the ABC medical drama series Grey's Anatomy. Oh's portrayal of the pragmatic, ambitious Yang earned her five Primetime Emmy nominations for Best Supporting Actress in a Drama Series. She was one of the most beloved stars in the series and helped it consistently ... "",""title"":""https://www.thecanadianencyclopedia.ca/en/article/sandra-oh""},{""docid"":""71073"",""score"":20.37049822678394,""snippet"":"" ... Cristina Yang from Grey's Anatomy\n\n4. Buffy Summers from Buffy the Vampire Slayer\n\n5. Olivia Pope from Scandal\n\n6. Rosa Diaz from Brooklyn Nine-Nine\n\n7. Callie Torres from Grey's Anatomy\n\n8. Kate Pearson from This Is Us\n\n9. Jane Villanueva from Jane the Virgin\n\n10 ... "",""title"":""https://www.buzzfeed.com/noradominick/female-tv-characters-that-inspire-us""}]"
8,275,2026-09-15T12:56:32.343815+00:00,The Royals TV series character married multiple times children,"[""the"",""royals"",""tv"",""series"",""character"",""married"",""multiple"",""times"",""children""]","""the"" OR ""royals"" OR ""tv"" OR ""series"" OR ""character"" OR ""married"" OR ""multiple"" OR ""times"" OR ""children""",5,5a3b0c3f719417c47619c829a354990bebfa8992b144d5b481cb5a59e15e0d21,ee7cde92f6397c77dae8207198651508d4bf161911c7c2a6be04a448c4fbd90a,False,"[""d120"",""d2"",""d121"",""d122"",""d123""]","[""64548"",""81882"",""72319"",""90793"",""78151""]","[{""docid"":""64548"",""score"":16.153119146785563,""snippet"":"" ... Elsewhere,\"" \""The Bold and the Beautiful,\"" \""The Nanny\"" and \""Diagnosis Murder.\"" Steady roles on prime-time TV series would include a recurring part as Nurse Chambers on the medical program Medical Center (1969), as well as regular roles on the sitcoms It's Not Easy (1982) and High ... "",""title"":""https://www.imdb.com/date/09-27/""},{""docid"":""81882"",""score"":15.868221599987969,""snippet"":"" ... He was married a total of seven times, and fathered eight children.\n\nAfter long battles with ill health, Richard Pryor passed away on December 10th, 2005.- Vincent Schiavelli, selected in 1997 by Vanity Fair as one of the best character actors in America, had made over 120 film ... "",""title"":""https://m.imdb.com/search/name/?death_date=2005&ref_=nmbio""},{""docid"":""72319"",""score"":15.713649602509417,""snippet"":"" ... The 35 Best LGBTQ+ TV Shows of All Time\n\nFrom laugh-out-loud comedies to poignant dramas, these shows will stand the test of time\n\nLGBTQ+ representation in media has certainly come a long way. It wasn't until 1971 that the first gay character appeared on prime ... "",""title"":""https://www.harpersbazaar.com/culture/film-tv/g44360919/best-lgbtq-shows/""},{""docid"":""90793"",""score"":15.512335086442235,""snippet"":"" ... She had one last hurrah, winning a Golden Globe nomination in 1970 as best lead actress for her role in the TV series Bracken's World (1969), but unfortunately times had changed during the tumultuous 1960s. Her last film role was in a Farrah Fawcett bomb, Sunburn (1979 ... "",""title"":""https://m.imdb.com/search/name/?death_date=2013&ref_=nmbio_dth_yr""},{""docid"":""78151"",""score"":15.507620216383758,""snippet"":"" ... During this time Burnett was the first celebrity to appear on the children's series Sesame Street, appearing on that series' first episode on November 10, 1969. She also made occasional returns to the stage in the 1970s and 1980s. In 1974, she appeared at the Muny Theatre ... "",""title"":""https://en.wikipedia.org/wiki/Carol_Burnett""}]"
8,282,2026-09-15T12:56:34.246061+00:00,The Royals E! series cast real life family members co-stars,"[""the"",""royals"",""e"",""series"",""cast"",""real"",""life"",""family"",""members"",""co"",""stars""]","""the"" OR ""royals"" OR ""e"" OR ""series"" OR ""cast"" OR ""real"" OR ""life"" OR ""family"" OR ""members"" OR ""co"" OR ""stars""",5,917d4fdac1f100ef6b65330fc789110e8753885398c6cd5853bb5b0e5f3b5b95,f6aa5f5149ce1e0213f17f691c8234d4c3cfc80578a488cadd6ab69bae9f1aa1,False,"[""d124"",""d125"",""d126"",""d127"",""d128""]","[""35123"",""2676"",""77649"",""5743"",""62645""]","[{""docid"":""35123"",""score"":15.324575680953444,""snippet"":"" ... Grace McInerny\n\nC12 Casting, also serves as Casting Director, Co-Head for the Roundabout Theatre Company. Broadway: The Humans, American Idiot, Spring Awakening, Sunday in the Park, Bloody, Bloody Andrew Jackson, All My Sons, Bernhardt/Hamlet, Significant Other, Long Day's Journey, The Real Thing, Violet, Rocky, Machinal ... "",""title"":""https://thebookofmormonmusical.com/london/show/""},{""docid"":""2676"",""score"":15.143009397498036,""snippet"":"" ... Wheeldon now serves as Artistic Associate of The Royal Ballet. As Artistic Associate, Mr. Wheeldon has created many works for the company, including the full-length Alice's Adventures in Wonderland and The Winter's Tale, both of which were co-productions with The National Ballet of Canada ... "",""title"":""https://newyork.mjthemusical.com/cast-creative/""},{""docid"":""77649"",""score"":15.028285787201032,""snippet"":"" ... Phoebe Waller-Bridge described her former co-star as \""completely brilliant... unbelievably charismatic in real life and so energetic\"", \""Jonny operates at a different voltage. He's a meteorite of fun with an incredible amount of energy and playfulness.\"" Director Marianne Elliott expressed that Bailey is \""the nicest ... "",""title"":""https://en.wikipedia.org/wiki/Jonathan_Bailey""},{""docid"":""5743"",""score"":15.022560855566574,""snippet"":"" ... The project was set up by York Theatre Royal, and involved its younger members (Youth Theatre) in the production.York Theatre Royal production. Yorktheatreroyal.co.uk. Retrieved on 18 June 2016.British Theatre Guide review. Britishtheatreguide.info. Retrieved on 18 June 2016. This adaptation then transferred for two ... "",""title"":""https://en.wikipedia.org/wiki/The_Railway_Children""},{""docid"":""62645"",""score"":14.892622687904893,""snippet"":"" ... She trained at Camberwell College of Arts, University of Brighton & The Royal College of Art and was an Artsadmin early career bursary recipient. She works with performers both professional and street cast, improvisation as much as scripts, and her work blends real life with the wildly imaginary.\n\nHer ... "",""title"":""https://www.nyt.org.uk/news/new-news-article-17?url=%2Fnews%2Fnew-news-article-17%2F""}]"
8,290,2026-09-15T12:56:38.132102+00:00,Helena The Royals character marriages children,"[""helena"",""the"",""royals"",""character"",""marriages"",""children""]","""helena"" OR ""the"" OR ""royals"" OR ""character"" OR ""marriages"" OR ""children""",5,7109258c43ba01ab1b63a303fdc165e53c2767cb880e59f92dff56d4ab645331,db09a6d9f24c917299ae9d95a4a7951af4118484ae0ffefcd8846dd4d1cdf31c,False,"[""d129"",""d130"",""d131"",""d132"",""d133""]","[""8813"",""18216"",""77765"",""17960"",""85698""]","[{""docid"":""8813"",""score"":18.890856167851236,""snippet"":"" ... She was creative, too, and became the founding member of the Royal School of Needlework.\n\nHelena and her husband Christian are said to have had a very happy marriage together. Sadly, Christian died in 1917, shortly after their fiftieth wedding anniversary. Helena herself died six years later, on ... "",""title"":""https://www.natgeokids.com/uk/discover/history/monarchy/queen-victoria-children/""},{""docid"":""18216"",""score"":18.327967368596568,""snippet"":"" ... The star-crossed lovers are played by Mickey Mouse (Lysander), Minnie Mouse (Hermia), Donald Duck (Demetrius), and Daisy Duck (Helena). The character based on Theseus is played by Ludwig Von Drake, and the character based on Egeus by Scrooge McDuck. Goofy appears as an accident-prone Puck. The ... "",""title"":""https://en.wikipedia.org/wiki/A_Midsummer_Night%27s_Dream""},{""docid"":""77765"",""score"":17.495717127065095,""snippet"":"" ... 8 milestones in their marriage\n\n- Who is Princess Anne, daughter of Queen Elizabeth II?\n\nWhat's the real history behind The Crown season 2?\n\nSeries two pulled no punches in putting the royal marriage at the centre of the drama right from the start. The action opened on ... "",""title"":""https://www.historyextra.com/period/20th-century/real-history-netflix-the-crown-series-queen-elizabeth-prince-philip-charles-camilla-what-really-happened/""},{""docid"":""17960"",""score"":16.94763191871805,""snippet"":"" ... Marriages |\n\n|\n\n| | |\n\n|\n\nMarriages 21 Brigade R.A.\n\n|\n\n5 records |\n\n|\n\n| Education & Work\n\n> Apprentice & College\n\n|\n\n|\n\nGrant Medical College, Bombay - 1848 to 1859 |\n\n|\n\n| | |\n\n|\n\nGrant Medical College Students 1848-1859\n\n|\n\n304 records |\n\n|\n\n|\n\nThe Royal Indian Engineering College - Coopers Hill |\n\n|\n\n| | |\n\n|\n\nCaptains of Rugby Football 1871-1903 - RIEC Coopers Hill\n\n|\n\n28 records |\n\n|\n\n|\n\nInternational Caps for ... "",""title"":""https://search.fibis.org/bin/recordslist.php""},{""docid"":""85698"",""score"":16.86733844375179,""snippet"":"" ... Garrick in the character of Lord Chalkstone in the Farce of Lethe. Engraving, 1756. Call number: Uncat. Garrickiana Maggs no.157 and LUNA Digital Image.\n\nThe Clandestine Marriage\n\nThe Clandestine Marriage, co-authored by David Garrick and George Colman, was one of the great comedies of the 18th ... "",""title"":""https://folgerpedia.folger.edu/David_Garrick,_1717%E2%80%931779:_A_Theatrical_Life_exhibition_material""}]"
8,299,2026-09-15T12:56:39.861714+00:00,TV show actor plays alongside real life sibling unrelated characters series,"[""tv"",""show"",""actor"",""plays"",""alongside"",""real"",""life"",""sibling"",""unrelated"",""characters"",""series""]","""tv"" OR ""show"" OR ""actor"" OR ""plays"" OR ""alongside"" OR ""real"" OR ""life"" OR ""sibling"" OR ""unrelated"" OR ""characters"" OR ""series""",5,365d564a460640605cc1edfc9b4f676af541341819a067fdf0057b9d8f172450,67b2fda496d8d0608c8425ecd2c9b77d1b5ddc62e0fbaf30c932e1b83f5acb55,False,"[""d69"",""d31"",""d24"",""d29"",""d83""]","[""62963"",""56024"",""46"",""11078"",""42460""]","[{""docid"":""62963"",""score"":23.008610838006867,""snippet"":"" ... Actors who are siblings in real life are commonly cast to play siblings on television. After all, that's the best way to make it seem like the relationship is an authentic one. In the case of Jessica and Richard Harmon, though, the siblings actually play unrelated characters ... "",""title"":""https://screenrant.com/cw-stars-family/""},{""docid"":""56024"",""score"":22.682104585471,""snippet"":"" ... Created by Rob Thomas, the series starred Bell as the seventeen year old detective Veronica, which put her alongside actors Enrico Colantoni who played her father, Jason Dohring, Percy Daggs III and Ryan Hansen. Bell noted the parallels between the character of Veronica and her own life — Bell ... "",""title"":""https://unionfilms.org/films/people/kristen-bell.html""},{""docid"":""46"",""score"":22.3416566664842,""snippet"":"" ... Maybe the sprawling and yet so specific tales that ex-reporter David Simon and ex-detective Ed Burns told of the institutions of modern life and their underbellies were just too real for America then. Now heralded as the greatest TV series ever in prestigious circles, maybe the ... "",""title"":""https://deadline.com/2020/12/most-influential-tv-series-21st-century-so-far-deadline-list-1234662438/""},{""docid"":""11078"",""score"":21.65195970793603,""snippet"":"" ... It gets even more impressive when Dichen Lachmann's character shows up very much alive (if not unharmed) in the present and you get to see her acting alongside her kid. The resemblance between her and Skye is uncanny. Chloe Bennet, who's mixed-race in real life ... "",""title"":""https://tvtropes.org/pmwiki/pmwiki.php/Main/SeparatedAtBirthCasting""},{""docid"":""42460"",""score"":21.224491724269786,""snippet"":"" ... president, acting alongside Val Kilmer. Bell guest-starred on the HBO period drama series Deadwood, in a two-episode story arc (\""Bullock Returns to the Camp\"" and \""Suffer the Little Children\"").\n\nAt 24, she won the role of the title character in the UPN noir drama series Veronica ... "",""title"":""https://en.wikipedia.org/wiki/Kristen_Bell""}]"
8,302,2026-09-15T12:56:40.574178+00:00,real life brother sister actors same TV show not related on screen drama,"[""real"",""life"",""brother"",""sister"",""actors"",""same"",""tv"",""show"",""not"",""related"",""on"",""screen"",""drama""]","""real"" OR ""life"" OR ""brother"" OR ""sister"" OR ""actors"" OR ""same"" OR ""tv"" OR ""show"" OR ""not"" OR ""related"" OR ""on"" OR ""screen"" OR ""drama""",5,dc76dda14c1ba392e3505ae6c26fbe1c99f2cd84419029b4a0fb19a4a6190e45,636d43d98938bc0185614a17c919b2eebb7de910ecde14e3063e4af614a32381,False,"[""d75"",""d54"",""d134"",""d135"",""d136""]","[""87594"",""99719"",""51239"",""28982"",""79922""]","[{""docid"":""87594"",""score"":22.538191079155087,""snippet"":"" ... Real Housewives of New Jersey, are more than just castmates—they're brother and sister. The on- and off-screen relationship hasn't been an easy one Teresa, known for her extravagant lifestyle, has clashed with Joe and his wife Melissa over family loyalty and reality TV drama ... "",""title"":""https://www.theshot.com/actors/hollywoods-famous-siblings""},{""docid"":""99719"",""score"":21.84454165787045,""snippet"":"" ... before taking on a recurring character role on the soap opera Neighbours (1985), in which his brother Luke had also appeared. Roles on TV shows The Elephant Princess (2008) and Satisfaction (2007) followed before Liam moved to the United States to pursue a big-screen career.\n\nAfter suffering ... "",""title"":""https://www.imdb.com/search/name/?birth_year=1990""},{""docid"":""51239"",""score"":21.67543925185998,""snippet"":"" ... And like her TV brothers and sisters, Plumb went on to play the character on \""The Brady Kids\"" and several subsequent spinoffs. In the '70s, the actor stayed busy doing TV shows and TV movies, taking on the starring role in \""Dawn: Portrait of a Teenage Runaway\"" and ... "",""title"":""https://stacker.com/stories/celebrities/iconic-child-stars-70s""},{""docid"":""28982"",""score"":21.496170881210972,""snippet"":"" ... She was later accepted by London's Guildhall School of Music and Drama. She performed on stage in England's National Theatre company, which led to a role on the British TV drama Hamish Macbeth (1995) with future Trainspotting (1996) co-star Robert Carlyle.\n\n- Actor\n\n- Producer\n\n- Additional Crew ... "",""title"":""https://www.imdb.com/search/name/?birth_date=1960-01-01%2C1969-12-31""},{""docid"":""79922"",""score"":21.298621865041266,""snippet"":"" ... While twin actors such as Cole and Dylan Sprouse or Tia and Tamera Mowry are famous for acting alongside their real-life siblings, twins are not always portrayed by two actors.\n\nTwins often portrayed by the same actor. This provides a challenge for the actor's abilities, as ... "",""title"":""https://www.cbr.com/times-twins-played-by-same-actor/""}]"
8,308,2026-09-15T12:56:41.901481+00:00,actor real life relative co-star same series different characters,"[""actor"",""real"",""life"",""relative"",""co"",""star"",""same"",""series"",""different"",""characters""]","""actor"" OR ""real"" OR ""life"" OR ""relative"" OR ""co"" OR ""star"" OR ""same"" OR ""series"" OR ""different"" OR ""characters""",5,1fcb6c0879f5021a392adf838f589741a55a42fb6026a5ca9d34821442794cff,d2230097d85df94b2f281bd7a913ee2417d12011aa653c2462db48cb35bf3723,False,"[""d137"",""d138"",""d93"",""d139"",""d140""]","[""88549"",""70710"",""21678"",""94643"",""3737""]","[{""docid"":""88549"",""score"":14.755733078766593,""snippet"":"" ... And then Dot was coming to life.… It's kind of funny sounding, oh yeah,\"" she added, noting that \""it took me a minute\"" to get her latest character's accent just right.\n\n8. Some stars got their kicks in the real world of soccer\n\nWhile many of ... "",""title"":""https://www.firstforwomen.com/entertainment/movies-shows/ted-lasso-cast""},{""docid"":""70710"",""score"":14.40099590077564,""snippet"":"" ... did not win any, mainly due to his co-star Michael Richards winning for his role as Cosmo Kramer. He did, however, win the 1995 Screen Actors Guild Award for Outstanding Performance by a Male Actor in a Comedy Series.\n\nConcurrently with his Seinfeld role, he had a ... "",""title"":""https://en.wikipedia.org/wiki/Jason_Alexander""},{""docid"":""21678"",""score"":14.385353019553284,""snippet"":"" ... When the chemistry between the actors is good, when the characters are well-developed and the make-up is spot-on, who cares if the stars are of a similar age or have a thing going on in real life? If it works, it works.\n\nSally Field Was ... "",""title"":""https://www.boredpanda.com/age-difference-parent-vs-child-movies/""},{""docid"":""94643"",""score"":14.25431392513105,""snippet"":"" ... The same year, he co-directed India's first Netflix Original series, the crime thriller Sacred Games, based on Vikram Chandra's novel of the same name and the romantic drama Manmarziyaan. He is also the co-founder of a film production company, Good Bad Films.\n\nEarly life ... "",""title"":""https://en.wikipedia.org/wiki/Anurag_Kashyap""},{""docid"":""3737"",""score"":14.225845199310633,""snippet"":"" ... cameo appearances and character parts, McShane's busy career (which dates back to 1962) also includes three very different starring roles on the big screen. He was seen alongside David Harbour in Neil Marshall's reimagined comic book epic, \""Hellboy.\"" McShane also co-starred with Gary Carr in ... "",""title"":""https://www.imdb.com/search/name/?birth_date=1940-01-01%2C1949-12-31""}]"
11,343,2026-09-15T12:56:52.943128+00:00,The 100 TV series seasons premiere date 2014 how many seasons,"[""the"",""100"",""tv"",""series"",""seasons"",""premiere"",""date"",""2014"",""how"",""many""]","""the"" OR ""100"" OR ""tv"" OR ""series"" OR ""seasons"" OR ""premiere"" OR ""date"" OR ""2014"" OR ""how"" OR ""many""",5,15e60166c26cfb72a908932c81426602169c11cc6b688489345e9e3c2b444a55,cac19bb6ab1ac03d84280e20fa3a64e2c1f0ea228cc0ed5f5cc77e8b619c8c3a,False,"[""d141"",""d40"",""d142"",""d143"",""d144""]","[""50077"",""29417"",""73815"",""34472"",""67790""]","[{""docid"":""50077"",""score"":15.83476119237987,""snippet"":"" ... the 2014–2015 television season. The first-season finale was also the highest rated debut season finale since May 2005, when Grey's Anatomy ended its first season. Empire's season one finale grew 82 percent from its series premiere, making it the show that has grown the ... "",""title"":""https://en.wikipedia.org/wiki/Empire_(2015_TV_series)""},{""docid"":""29417"",""score"":15.728152870992837,""snippet"":"" ... On May 10, 2013, the series was renewed for a third season, which premiered on September 20, 2013, and ended on April 25, 2014, after 22 episodes.\n\nOn May 10, 2014, ABC renewed Last Man Standing for a fourth season, which premiered on October 3, 2014. Allen and ... "",""title"":""https://en.wikipedia.org/wiki/Last_Man_Standing_(American_TV_series)""},{""docid"":""73815"",""score"":15.666042581674299,""snippet"":"" ... The show premiered on October 23, 2009, on USA Network, and aired six complete seasons, concluding on December 18, 2014.\n\nIn June 2024, after four years of stops and starts, it was announced that a reboot with many members of the original cast is in the works.\n\nPremise ... "",""title"":""https://en.wikipedia.org/wiki/White_Collar_(TV_series)""},{""docid"":""34472"",""score"":15.62037523551627,""snippet"":"" ... David Lynch's TV series Twin Peaks and the follow-up film Twin Peaks: Fire Walk with Me, and compared and contrasted Sud and Lynch's works.\n\nSeason 1\n\nThe series premiere was praised by most critics. Metacritic gave it a score of 84/100 based on reviews ... "",""title"":""https://en.wikipedia.org/wiki/The_Killing_(American_TV_series)""},{""docid"":""67790"",""score"":15.58146242509302,""snippet"":"" ... The second season premiered on June 30, 2014, with King making a cameo appearance in the episode, as a customer in the Sweetbriar Rose diner. The second season ended on September 22, 2014.\n\nOn October 9, 2014, the series was renewed for a third season. During a CBS ... "",""title"":""https://en.wikipedia.org/wiki/Under_the_Dome_(TV_series)""}]"
11,350,2026-09-15T12:56:55.108011+00:00,John Murphy The 100 character marriages wives children,"[""john"",""murphy"",""the"",""100"",""character"",""marriages"",""wives"",""children""]","""john"" OR ""murphy"" OR ""the"" OR ""100"" OR ""character"" OR ""marriages"" OR ""wives"" OR ""children""",5,0b35a7456f3b72efb010a99e000afa6420fa780a91489e91ae00dd76f9adb664,0b22651c07cccb1e5cee7f124c242bcc3d2235037768c1c19c0ad9fae1d42c7f,False,"[""d145"",""d146"",""d147"",""d148"",""d149""]","[""29966"",""34482"",""37135"",""63357"",""72486""]","[{""docid"":""29966"",""score"":18.925360228349632,""snippet"":"" ... These included not only cousin marriages but also uncle-niece unions. Reportedly, it is a custom that in such marriages at least one spouse must be a relative, and generally such spouses were the preferred or favorite wives in the marriage and gave birth to more children. However ... "",""title"":""https://en.wikipedia.org/wiki/Cousin_marriage""},{""docid"":""34482"",""score"":17.35203814023057,""snippet"":"" ... Ideas of marriage, if not the legal realities, began to change. The late eighteenth and early nineteenth century marked the beginning of the shift from \""institutional\"" to \""companionate\"" marriage.43 Institutional marriages were primarily labor arrangements that maximized the couple's and their children's chances of surviving ... "",""title"":""http://www.americanyawp.com/text/08-the-market-revolution/""},{""docid"":""37135"",""score"":17.26947316072468,""snippet"":"" ... Set in 19th century England, the period drama stars Murphy as Tommy Shelby, the cunning yet reserved boss of the Peaky Blinders crime family, who oversees operations as they ascend to the top of the criminal underworld in post-World War I Birmingham. As the gang expands, so ... "",""title"":""https://www.netflix.com/tudum/articles/drama-series""},{""docid"":""63357"",""score"":17.006887509366646,""snippet"":"" ... character with a heart of gold. The premise is that a group of friends has one female who has the attention of all the men, and all the stares of the women. One day when the three wives are working on a volunteer project with some children when ... "",""title"":""https://www.imdb.com/title/tt0041587/""},{""docid"":""72486"",""score"":16.94427810574751,""snippet"":"" ... Surname laws vary around the world. Traditionally in many European countries for the past few hundred years, it was the custom or the law for a woman, upon marriage, to use her husband's surname and for any children born to bear the father's surname. If a ... "",""title"":""https://en.wikipedia.org/wiki/Surname""}]"
11,358,2026-09-15T12:57:00.089908+00:00,Niylah The 100 character Jessica Harmon,"[""niylah"",""the"",""100"",""character"",""jessica"",""harmon""]","""niylah"" OR ""the"" OR ""100"" OR ""character"" OR ""jessica"" OR ""harmon""",5,bf654c6adf1a06b8c909b7003295e8a7d2969d50c618553c91c0e31a296de382,ddd6389cec07bd5cb9396adb0572f68fb177730527b241dd7e55dc0f4bf8e5ee,False,"[""d69"",""d150"",""d151"",""d152"",""d153""]","[""62963"",""39829"",""55197"",""65386"",""47966""]","[{""docid"":""62963"",""score"":30.76092079221923,""snippet"":"" ... After all, that's the best way to make it seem like the relationship is an authentic one. In the case of Jessica and Richard Harmon, though, the siblings actually play unrelated characters in the world of The 100.\n\nJessica plays Niylah, a character who shows up in ... "",""title"":""https://screenrant.com/cw-stars-family/""},{""docid"":""39829"",""score"":17.77985283824701,""snippet"":"" ... as a recurring character in the first season. She is portrayed by starring cast member Lindsey Morgan and debuts in \""Earth Skills\"".\n\nWhile on Earth, Raven was the primary mechanic and explosives expert for the Delinquents. Raven is not part of the original the 100, however, she barters ... "",""title"":""https://the100.fandom.com/wiki/Raven_Reyes""},{""docid"":""55197"",""score"":15.12903957977453,""snippet"":"" ... The first actor to take over from Roiland in a non-Rick or Morty capacity in Jon Allen as long-running tertiary character Mr. Poopybutthole. Allen is a prolific voice actor with nearly 100 credits to his name\n\nFamous Guest Actors\n\nDana Carvey\n\nLeonard Smith\n\nThe voice of ... "",""title"":""https://www.denofgeek.com/tv/rick-and-morty-voice-actors-guide/""},{""docid"":""65386"",""score"":14.93543760660291,""snippet"":"" ... I find that Richard Harmon has given depth to his character and shows great comedy skills too. Davida Williams was perfect. She is so much in the character. I really loved her work and the chemistry the leads get to build between their characters. This Is a process ... "",""title"":""https://www.imdb.com/title/tt20116668/""},{""docid"":""47966"",""score"":13.706573973848693,""snippet"":"" ... And the bitterness followed Chase so closely that Harmon had him booted from the show after that season! Per Deadline, tensions had been high between Chase and Harmon for a while as the production of the third season got into the swing of things. That included multiple prior ... "",""title"":""https://listverse.com/2024/10/15/10-actors-who-infamously-stormed-off-set-while-filming/""}]"
11,366,2026-09-15T12:57:01.671794+00:00,Richard Harmon height actor The 100,"[""richard"",""harmon"",""height"",""actor"",""the"",""100""]","""richard"" OR ""harmon"" OR ""height"" OR ""actor"" OR ""the"" OR ""100""",5,94c0793b8e9d881a4ced5f9b8a6b1d7bef8107486983a15b75b388309e26dd91,888ecfabbe71083f2ded2d325fb13c03bd5e09d2951e873acdb914dc920b853d,False,"[""d154"",""d155"",""d156"",""d152"",""d151""]","[""6506"",""21478"",""18284"",""65386"",""55197""]","[{""docid"":""6506"",""score"":17.212903323295443,""snippet"":"" ... Here's NCIS star Mark Harmon & wife Pam Dawber in 2011\n\nBEFORE THEY WERE FAMOUS: MODELS OF THE 1980s\n\nChild actor/model Jason Hervey\n\nBy the time he was known for his role as Wayne Arnold on the TV series The Wonder Years, Jason Hervey's face was ... "",""title"":""https://clickamericana.com/topics/celebrities-famous-people/model-to-actor-before-they-were-famous""},{""docid"":""21478"",""score"":15.30366412749103,""snippet"":"" ... Before this, Harmon received an Emmy nomination for Outstanding Supporting Actor in a Miniseries or a Movie for his performance as Robert Dunlap in the television film Eleanor and Franklin: The White House Years. In 1978, he appeared in three episodes of the mini-series, Centennial, as Captain ... "",""title"":""https://en.wikipedia.org/wiki/Mark_Harmon""},{""docid"":""18284"",""score"":15.148858720592498,""snippet"":"" ... 2013)\n\n- Aug 23 Richard Sanders, American actor (WKRP in Cincinnati - \""Les Nessman\""), born in Harrisburg, Pennsylvania\n\n- Aug 23 Tom Baker, American actor (I, a Man), born in West Virginia (d. 1982)\n\n- Aug 23 Tony Bill, American actor (What Really Happened to the Class of '65), born in San ... "",""title"":""https://www.onthisday.com/film-tv/birthdays/date/1940""},{""docid"":""65386"",""score"":14.777766364933635,""snippet"":"" ... This one follows the pattern you would expect with a slight twist almost at the last minute.\n\nThere was some mild chemistry between Davida Williams and Richard Harmon. The acting was OK. The dialogue had a few good moments but was mostly average. Some sets were almost cheesy ... "",""title"":""https://www.imdb.com/title/tt20116668/""},{""docid"":""55197"",""score"":14.773685237479945,""snippet"":"" ... The first actor to take over from Roiland in a non-Rick or Morty capacity in Jon Allen as long-running tertiary character Mr. Poopybutthole. Allen is a prolific voice actor with nearly 100 credits to his name\n\nFamous Guest Actors\n\nDana Carvey\n\nLeonard Smith\n\nThe voice of ... "",""title"":""https://www.denofgeek.com/tv/rick-and-morty-voice-actors-guide/""}]"
11,372,2026-09-15T12:57:03.165029+00:00,Jessica Harmon height actress,"[""jessica"",""harmon"",""height"",""actress""]","""jessica"" OR ""harmon"" OR ""height"" OR ""actress""",5,62f4010183d65e6c4635e80904d3534c52755f334f93884999f5e77a7858e0f6,712f6f88c4e5bcd496bd818befa37e90b70b07b1998f2309209f0672f28351a0,False,"[""d151"",""d155"",""d69"",""d157"",""d158""]","[""55197"",""21478"",""62963"",""73927"",""88099""]","[{""docid"":""55197"",""score"":16.970517649633962,""snippet"":"" ... Chalke is still chiefly a live-action comedic actress today but has done some more voice work in the past, including on Clone High and American Dad.\n\nKari Wahlgren\n\nJessica, Cynthia, Samantha, Mother Gaia\n\nKari Wahlgren works extensively as a voice actress for animated movies, TV shows, and ... "",""title"":""https://www.denofgeek.com/tv/rick-and-morty-voice-actors-guide/""},{""docid"":""21478"",""score"":16.76734997385914,""snippet"":"" ... Personal life\n\nHarmon is the son of football player Tom Harmon and actress Elyse Knox. His sisters are Kelly, an actress and model, and Kristin, an actress and painter. Kristin died of a heart attack on April 27, 2018.\n\nHarmon has been married to actress Pam Dawber since ... "",""title"":""https://en.wikipedia.org/wiki/Mark_Harmon""},{""docid"":""62963"",""score"":16.107852894040832,""snippet"":"" ... Jessica And Richard Harmon\n\nActors who are siblings in real life are commonly cast to play siblings on television. After all, that's the best way to make it seem like the relationship is an authentic one. In the case of Jessica and Richard Harmon, though, the siblings ... "",""title"":""https://screenrant.com/cw-stars-family/""},{""docid"":""73927"",""score"":16.10782449680616,""snippet"":"" ... Megan Fox\n\nWhat actress is 5 feet 4 inches? Megan Fox is one of the actresses with these height measurements. She is an American actress who made her acting debut in the family film Holiday in the Sun.\n\nMegan Fox is known for her vampy and stylish looks ... "",""title"":""https://www.tuko.co.ke/facts-lifehacks/celebrity-biographies/512328-famous-celebrities-54-inspire-dressing/""},{""docid"":""88099"",""score"":15.772674916929303,""snippet"":"" ... Directed by Tony Award® nominee Jessica Stone (Kimberly Akimbo), with a book by three-time Tony nominee Rick Elice (Peter and the Starcatcher, Jersey Boys) adapted from Sara Gruen's novel, and a soaring score by the acclaimed PigPen Theatre Co., WATER FOR ELEPHANTS unites innovative stagecraft with ... "",""title"":""https://www.manhattantheatreclub.com/past-productions/""}]"
12,386,2026-09-15T12:57:08.460069+00:00,The 100 TV series Wikipedia seasons premiere 2014,"[""the"",""100"",""tv"",""series"",""wikipedia"",""seasons"",""premiere"",""2014""]","""the"" OR ""100"" OR ""tv"" OR ""series"" OR ""wikipedia"" OR ""seasons"" OR ""premiere"" OR ""2014""",5,b24056a309bdcb4c618858aeea67f6251987d42946b3bd1fad26ac76f3aa0592,a0e417d75aa1afeea7f181ce654cc46110e7d054c6a38365e9782fa3a5be036b,False,"[""d159"",""d142"",""d143"",""d160"",""d161""]","[""1310"",""73815"",""34472"",""46494"",""3261""]","[{""docid"":""1310"",""score"":18.602180789541897,""snippet"":"" ... The series premiered on October 8, 2014 on the Audience Network and concluded on August 2, 2017. It stars Frank Grillo, Kiele Sanchez, Matt Lauria, Jonathan Tucker, Nick Jonas, and Joanna Going. Season one consists of ten episodes.\n\nOn October 17, 2014, DirecTV announced that the series was ... "",""title"":""https://en.wikipedia.org/wiki/Kingdom_(American_TV_series)""},{""docid"":""73815"",""score"":18.50959969140136,""snippet"":"" ... It was nominated for Favorite TV Cable Drama between 2012 and 2014. Matt Bomer won the award for Favorite TV Cable Actor in 2015. Diahann Carroll was nominated for Outstanding Supporting Actress in a Drama series at the Image Awards in 2012 and 2014. At the TV Guide ... "",""title"":""https://en.wikipedia.org/wiki/White_Collar_(TV_series)""},{""docid"":""34472"",""score"":18.153348056481367,""snippet"":"" ... David Lynch's TV series Twin Peaks and the follow-up film Twin Peaks: Fire Walk with Me, and compared and contrasted Sud and Lynch's works.\n\nSeason 1\n\nThe series premiere was praised by most critics. Metacritic gave it a score of 84/100 based on reviews ... "",""title"":""https://en.wikipedia.org/wiki/The_Killing_(American_TV_series)""},{""docid"":""46494"",""score"":18.130263790369003,""snippet"":"" ... Hosted by Helen Mirren, the series spoofs celebrated documentary films by parodying the style of each documentary with a similar, but fictitious, subject.'Documentary Now' Is Pure, 100-Percent Film-Nerd Catnip – Rolling Stone The third season premiered on February 20, 2019. On April 8, 2019, the series ... "",""title"":""https://en.wikipedia.org/wiki/Documentary_Now!""},{""docid"":""3261"",""score"":18.122360055020703,""snippet"":"" ... In the United Kingdom, the series premiered on E4 on May 28, 2012, with season two returning on January 7, 2013, season three returning on January 6, 2014, and season four returning on January 5, 2015.\n\nIn the United Arab Emirates, the series premiered on October 1st, 2012 ... "",""title"":""https://en.wikipedia.org/wiki/Revenge_(TV_series)""}]"
12,392,2026-09-15T12:57:10.033158+00:00,John Murphy The 100 character wife Emori child,"[""john"",""murphy"",""the"",""100"",""character"",""wife"",""emori"",""child""]","""john"" OR ""murphy"" OR ""the"" OR ""100"" OR ""character"" OR ""wife"" OR ""emori"" OR ""child""",5,fc67d2acb28c7bfc181cc520e8d11e33ab293ae0cee3acbe1b5c8729437d903a,0188537dd248a3cd9e2e9804c6d84861742103777cb6131dab79687673064bf3,False,"[""d150"",""d162"",""d163"",""d164"",""d165""]","[""39829"",""3935"",""89744"",""36827"",""67299""]","[{""docid"":""39829"",""score"":20.710216134455386,""snippet"":"" ... for the 100, and even instructs Clarke Griffin and Jasper Jordan on how to rig the dropship to \""blast off\"" in the Season One finale.\n\nDuring the second season, Raven struggles with nerve damage in her left leg from a gunshot injury she received when John Murphy shot ... "",""title"":""https://the100.fandom.com/wiki/Raven_Reyes""},{""docid"":""3935"",""score"":18.722011192509783,""snippet"":"" ... Other painters of the time included the cousins Mary Hope Cabaniss and Lila Marguerite Cabaniss; Valerie Chisholm; impressionist landscapist Mary Comer Lane, who was instrumental in founding the Savannah Art Club; the watercolorist Christopher Patrick Hussey Murphy and his wife, Lucile Desbouillons; and the painter Hattie Saussy.\n\nLandscape ... "",""title"":""https://www.georgiaencyclopedia.org/articles/arts-culture/art-in-georgia-from-1895-to-1960/""},{""docid"":""89744"",""score"":18.705059357560216,""snippet"":"" ... John 'Jack' Carter, 77\n\nBorn in 1947, the Carters' oldest child, Jack Carter, followed his father into politics. He was the 2006 Democratic nominee for U.S. Senate in Nevada, but lost in the general election.\n\nHe had son Jason and daughter Sarah with his first wife, Judy ... "",""title"":""https://www.today.com/parents/jimmy-carter-rosalynn-carter-children-grandchildren-rcna101303""},{""docid"":""36827"",""score"":18.22033122333544,""snippet"":"" ... 26, 1971, at the age of 65. Mr. Bledsoe, who had been with the Department since 1939, is survived by his wife.\n\nJohn William Bliley, toll collector for the Richmond-Petersburg Turnpike, died on July 10 at the age of 67. Mr. Bliley, who joined the Turnpike Authority ... "",""title"":""https://www.vdot.virginia.gov/about/workers-memorial/""},{""docid"":""67299"",""score"":16.77012748320511,""snippet"":"" ... Tom Hardy is playing Demidov, Noomi Rapace plays his wife, and Gary Oldman also stars.\n\n- Release date: April 17\n\n- Watch the trailer for Child 44.\n\n35\n\n- What it's about: A young boy — the seventh son of a seventh son — is training to become an exorcist under the ... "",""title"":""https://www.popsugar.com/entertainment/books-becoming-movies-2015-36113875""}]"
12,400,2026-09-15T12:57:12.176417+00:00,TV character married three times one surviving child actor real life sibling co-star,"[""tv"",""character"",""married"",""three"",""times"",""one"",""surviving"",""child"",""actor"",""real"",""life"",""sibling"",""co"",""star""]","""tv"" OR ""character"" OR ""married"" OR ""three"" OR ""times"" OR ""one"" OR ""surviving"" OR ""child"" OR ""actor"" OR ""real"" OR ""life"" OR ""sibling"" OR ""co"" OR ""star""",5,829b6bc78c1ec7ecda908b363b148eabe4311a94c6ffc51eff3ded84bbd89339,6167c9062db54602cd4876ac68efea7c931a5fa5d639a2d99a16d26bfea93444,False,"[""d10"",""d96"",""d166"",""d167"",""d168""]","[""9215"",""78953"",""53008"",""60134"",""66096""]","[{""docid"":""9215"",""score"":24.7934521873078,""snippet"":"" ... Uptown Girls, Man on Fire, Hide and Seek, War of the Worlds, Charlotte's Web, The Secret Life of Bees, three Twilight movies, American Pastoral and Once Upon a Time...in Hollywood, playing real-life Charles Manson acolyte Lynette \""Squeaky\"" Fromme.\n\nIn addition to starring in The Nightingale ... "",""title"":""https://www.eonline.com/photos/9198/child-stars-who-turned-out-all-right""},{""docid"":""78953"",""score"":24.685223826746345,""snippet"":"" ... as on an episode of Natasha Lyonne's hit Netflix series Russian Doll. He rounded out the star-studded cast of the Jennifer Lopez-led crime dramedy Hustlers (2019) before appearing in the 2022 film Kimi.\n\nKieran Culkin as Fuller McCallister\n\nKieran, Macaulay's real-life sibling, appeared ... "",""title"":""https://people.com/movies/home-alone-cast-where-are-they-now/""},{""docid"":""53008"",""score"":24.499012200737877,""snippet"":"" ... Bridget Everett, the late actor's Somebody Somewhere co-star, announced the news on Instagram, writing, \""A beloved character actor, his love of his hometown of Chicago and his family were the cornerstones of his life... Mike, a devoted husband, is survived by his wife Mary Kathryn, his ... "",""title"":""https://www.etonline.com/gallery/stars-weve-lost-in-2022-177426""},{""docid"":""60134"",""score"":24.301934271225843,""snippet"":"" ... and co-starred in the ensemble film The Family Stone, with Sarah Jessica Parker. He was also in the film Abduction (2011) as Martin Price.\n\nIn 2003, Mulroney played Gavin Mitchell on the TV series Friends. He appeared in three episodes of the ninth season, his character briefly ... "",""title"":""https://en.wikipedia.org/wiki/Dermot_Mulroney""},{""docid"":""66096"",""score"":24.01618595954176,""snippet"":"" ... Fischer is currently the co-host of the podcast Office Ladies alongside her The Office co-star, Angela Kinsey. Fischer's first book, The Actor's Life: A Survival Guide, was published in November 2017.\n\nEarly life\n\nFischer was born in Fort Wayne, Indiana, and raised in St ... "",""title"":""https://en.wikipedia.org/wiki/Jenna_Fischer""}]"
12,406,2026-09-15T12:57:13.612529+00:00,drama series character multiple marriages one child survives actor sibling co-star,"[""drama"",""series"",""character"",""multiple"",""marriages"",""one"",""child"",""survives"",""actor"",""sibling"",""co"",""star""]","""drama"" OR ""series"" OR ""character"" OR ""multiple"" OR ""marriages"" OR ""one"" OR ""child"" OR ""survives"" OR ""actor"" OR ""sibling"" OR ""co"" OR ""star""",5,8400b98d74c230637c94d461aa71001e4c3d825cbe3b59227d11f2ebd6fd8974,b62b9c74af61567528c34513971077a602f5685e01047a6896c569d851a20b1c,False,"[""d167"",""d10"",""d169"",""d166"",""d170""]","[""60134"",""9215"",""68362"",""53008"",""64655""]","[{""docid"":""60134"",""score"":28.407025384057903,""snippet"":"" ... the second in a series of four collaborations, with the two previously appearing together on screen in Bright Angel (1990), for which Mulroney won the Jury Special Prize at the Torino International Festival of Young Cinema. Mulroney co-starred in the comedy-drama films: Staying Together (1989); The ... "",""title"":""https://en.wikipedia.org/wiki/Dermot_Mulroney""},{""docid"":""9215"",""score"":27.05222789942338,""snippet"":"" ... trail apart from her also-very-successful sibling.\n\nElle amassed the usual roles as the child of the grown-up stars in various films (Daddy Day Care, The Door in the Floor, Babel, Reservation Road) and guest-starred on multiple CSI franchises, Criminal Minds, House, Law & Order: SVU ... "",""title"":""https://www.eonline.com/photos/9198/child-stars-who-turned-out-all-right""},{""docid"":""68362"",""score"":26.827133579440627,""snippet"":"" ... The actor and comedian whose Pee-wee Herman character — an overgrown child with a tight gray suit and an unforgettable laugh — became a 1980s pop cultural phenomenon. July 30.\n\nAngus Cloud, 25. The actor who starred as the drug dealer Fezco \""Fez\"" O'Neill on the HBO series ... "",""title"":""https://www.wcnc.com/article/news/year-in-review/celebrities-entertainers-who-died-2023/507-97a8795c-d3d9-4a3e-96c5-956f87aa6ebf""},{""docid"":""53008"",""score"":26.813987158901003,""snippet"":"" ... Bridget Everett, the late actor's Somebody Somewhere co-star, announced the news on Instagram, writing, \""A beloved character actor, his love of his hometown of Chicago and his family were the cornerstones of his life... Mike, a devoted husband, is survived by his wife Mary Kathryn, his ... "",""title"":""https://www.etonline.com/gallery/stars-weve-lost-in-2022-177426""},{""docid"":""64655"",""score"":26.018944741878464,""snippet"":"" ... Her then-husband Brad Pitt was her co-star. First They Killed My Father (2017) saw Jolie adapt a Cambodian activist's memoir of being trained as a child soldier for the big screen.\n\nMore recently, Jolie wrote and directed the 2024 war drama Without Blood, based on ... "",""title"":""https://www.biography.com/actors/angelina-jolie""}]"
13,420,2026-09-15T12:57:19.106815+00:00,TV series character married four times one child survives drama,"[""tv"",""series"",""character"",""married"",""four"",""times"",""one"",""child"",""survives"",""drama""]","""tv"" OR ""series"" OR ""character"" OR ""married"" OR ""four"" OR ""times"" OR ""one"" OR ""child"" OR ""survives"" OR ""drama""",5,cf24eafc0778c42c76098d9f11db0dfe977a6f6bcd4f7dfbe921bc820c2fd90b,edb2efdbac6eddd98b1939e666aa6cf921023bfb42f0df775d3e6a0aff1768c4,False,"[""d78"",""d79"",""d2"",""d10"",""d171""]","[""3161"",""85765"",""81882"",""9215"",""8530""]","[{""docid"":""3161"",""score"":18.58924584866898,""snippet"":"" ... In the early 1970s, she landed minor roles in film and TV, and finally won a role on the series Three's Company (1976). She married Hamel in 1977. She was fired from the series after she asked for a raise at the beginning of the fifth season ... "",""title"":""https://m.imdb.com/search/name/?death_date=2023&ref_=nmbio_dth_yr""},{""docid"":""85765"",""score"":18.545368437874348,""snippet"":"" ... Violent and uncompromising, the series changed the portrayal of police work on British television and was one of the defining dramas of the 1970s.\n\nFor Inspector Morse (1987), Thaw was yet again cast as a policeman, but this time a more cultured character than Regan. The leisurely-paced ... "",""title"":""https://www.imdb.com/search/name/?death_date=2002""},{""docid"":""81882"",""score"":18.390799611215165,""snippet"":"" ... He was married a total of seven times, and fathered eight children.\n\nAfter long battles with ill health, Richard Pryor passed away on December 10th, 2005.- Vincent Schiavelli, selected in 1997 by Vanity Fair as one of the best character actors in America, had made over 120 film ... "",""title"":""https://m.imdb.com/search/name/?death_date=2005&ref_=nmbio""},{""docid"":""9215"",""score"":18.37956416634691,""snippet"":"" ... been blessed.\""\n\nThe actor soon left the series, but returned for the finale in 2015.\n\nJones, who earned a reported $350,000 per episode during his final season as a full-time cast member on the CBS sitcom, told Houston TV station KHOU that the show \""was making ... "",""title"":""https://www.eonline.com/photos/9198/child-stars-who-turned-out-all-right""},{""docid"":""8530"",""score"":18.308211436950174,""snippet"":"" ... Since then she has ventured on, an always fascinating character presence especially in elegant and period settings. She has recently been seen in a regular role as Sister Monica Joan in the historical TV series drama Call the Midwife (2012).- Actress\n\n- Soundtrack\n\nAnne was born in Newcastle Upon ... "",""title"":""https://m.imdb.com/search/name/?birth_year=1935&ref_=nmbio""}]"
13,424,2026-09-15T12:57:20.200902+00:00,soap opera character multiple marriages one surviving child actor real life sibling co-star,"[""soap"",""opera"",""character"",""multiple"",""marriages"",""one"",""surviving"",""child"",""actor"",""real"",""life"",""sibling"",""co"",""star""]","""soap"" OR ""opera"" OR ""character"" OR ""multiple"" OR ""marriages"" OR ""one"" OR ""surviving"" OR ""child"" OR ""actor"" OR ""real"" OR ""life"" OR ""sibling"" OR ""co"" OR ""star""",5,56de0e794b7781262b0681119ae0f1356f5dbe14d454d4ede0e42a3f3d691408,510ef2cba46b9722f3f298a2bfcb88e693d352d69a5e8702d4abaeb1adb44b7e,False,"[""d84"",""d172"",""d173"",""d52"",""d82""]","[""60248"",""58666"",""51230"",""36741"",""5965""]","[{""docid"":""60248"",""score"":34.07591477380374,""snippet"":"" ... Lucci was expected to guest star on Prospect Park's continuation of All My Children in 2013, but the appearance never came to fruition due to the show's second cancellation.\n\nErica is considered to be the most popular character in American soap opera history. TV Guide calls ... "",""title"":""https://en.wikipedia.org/wiki/Erica_Kane""},{""docid"":""58666"",""score"":32.712311235948654,""snippet"":"" ... character was announced on January 18, 2022, by Soaps.com. Soap Opera Digest later announced Christian's casting. Christian, best known for his Daytime Emmy Award nominated role as Derek Frye on All My Children, had a four episode guest stint in 2018. Christian was contacted by co ... "",""title"":""https://en.wikipedia.org/wiki/List_of_Days_of_Our_Lives_characters_introduced_in_the_2020s""},{""docid"":""51230"",""score"":32.20213326334947,""snippet"":"" ... In 1983, she divorced Motes, citing \""cruelty\""; she later said that marrying him was the biggest mistake of her life.\n\nCareer\n\nHe made his acting debut in 1974, appearing on the soap opera How to Survive a Marriage. He also appeared on the NBC daytime soap opera Another ... "",""title"":""https://en.wikipedia.org/wiki/Eric_Roberts""},{""docid"":""36741"",""score"":31.6582524029884,""snippet"":"" ... This allows both characters to appear together in a single shot, and with both of them facing the audience. This is unrealistic in real life and is not frequently seen in film or on television outside American daytime serials, but it is an accepted soap opera convention, sometimes ... "",""title"":""https://en.wikipedia.org/wiki/Soap_opera""},{""docid"":""5965"",""score"":31.206109539748457,""snippet"":"" ... Throughout her career, Papas also portrayed the titular character of multiple Greek tragedies, including Antigone (1961) and Electra (1964). Her final role was in the 2004 film Ecuba, which she co-directed with Giuliana Berlinguer.\n\nMark Miller\n\nMark Miller, the actor and screenwriter known for starring on the ... "",""title"":""https://ew.com/celebrity/stars-we-lost-in-2022/?srsltid=AfmBOoqgtseDJPvB8Bamfe3oZlhWJZaiC5kf4fxP0pjffkBximQEpPNy""}]"
13,430,2026-09-15T12:57:21.439282+00:00,Nashville TV series character marriages children Rayna Deacon,"[""nashville"",""tv"",""series"",""character"",""marriages"",""children"",""rayna"",""deacon""]","""nashville"" OR ""tv"" OR ""series"" OR ""character"" OR ""marriages"" OR ""children"" OR ""rayna"" OR ""deacon""",5,35543da99a4f81a0ea0f2b8017b03fe119364f3d2fd93534ea12ff336449a917,5ff10b69ee7631c3c341458444bf2d83bb051f4852817e4547202102f8aa434f,False,"[""d108"",""d110"",""d106"",""d174"",""d175""]","[""78472"",""14993"",""94578"",""32639"",""46849""]","[{""docid"":""78472"",""score"":31.46970142114973,""snippet"":"" ... But they were characters on a long-running TV series and eventually the writers run out of ideas and wind up making the male and female leads a couple. Just further proof that, as much as I loved The X-Files, the show just went on for too ... "",""title"":""https://tvline.com/lists/best-slow-burn-romances-tv-shows/""},{""docid"":""14993"",""score"":27.754279235956755,""snippet"":"" ... Rayna and Deacon\n\nNashville\n\nCan someone have more than one true love? If you're Connie Britton, yes, you can. Defying all logic that anything could follow the epic love between her and Kyle Chandler's Tami and Eric Taylor (who take the No. 2 spot on our ... "",""title"":""https://ew.com/tv/100-best-tv-romances-of-all-time/?srsltid=AfmBOorBz6c44DhCHqhwGYuQq9UpvlPhTmHRebEWDilnTpIU9OeCjzRn""},{""docid"":""94578"",""score"":26.369629200426772,""snippet"":"" ... Following a small turn in the Steve Carell-Keira Knightley romantic comedy \""Seeking a Friend for the End of the World\"" (2012), the actress dove into her next leading role on a network television series. As the co-lead of \""Nashville\"" (ABC, 2012-), Britton played Rayna Jaymes, a ... "",""title"":""https://tv.apple.com/us/person/connie-britton/umc.cpc.5czbe8e7it97jix1m6r3j0aji""},{""docid"":""32639"",""score"":22.81227642584023,""snippet"":"" ... Nashville\n\nOn rather a lighter note, Nashville is a soapy, likeable, music-heavy series following the rising and falling stars of country music.\n\nOver three seasons, all the key players are women, from Connie Britton's superstar Rayna Jaymes to the tween hit Juliette Barnes who threatens to ... "",""title"":""http://sacraparental.com/2015/04/15/13-tv-shows-you-may-have-missed-that-feature-strong-female-leads/""},{""docid"":""46849"",""score"":22.117165479284093,""snippet"":"" ... He is starring as Matt Flannery, the FBI senior negotiator, in the FOX's popular television series Standoff (2006), since the series opened in September 2006.\n\nLivingston resides in Los Angeles, California. He married actress Rosemarie DeWitt in 2009. The couple have two children.- Actor\n\n- Producer\n\n- Soundtrack\n\nGuy ... "",""title"":""https://m.imdb.com/search/name/?birth_year=1967&ref_=nmbio_bth_yr""}]"
13,435,2026-09-15T12:57:22.097892+00:00,Nashville ABC series cast real life family co-stars siblings,"[""nashville"",""abc"",""series"",""cast"",""real"",""life"",""family"",""co"",""stars"",""siblings""]","""nashville"" OR ""abc"" OR ""series"" OR ""cast"" OR ""real"" OR ""life"" OR ""family"" OR ""co"" OR ""stars"" OR ""siblings""",5,d4eef3184d851460806ab4359139e95ae6fbfecc0d4e4578735653567dc936be,47792c8e41e6c8b803d016ec4b91e627554a1d6651de65ba9524587b8e033578,False,"[""d114"",""d111"",""d141"",""d112"",""d176""]","[""19544"",""77616"",""50077"",""72451"",""79721""]","[{""docid"":""19544"",""score"":25.28276474903937,""snippet"":"" ... In 2023, Hough returned to Dancing with the Stars as co-host, alongside main host Alfonso Ribeiro.\n\nEarly life\n\nHough was born in Orem, Utah, the youngest of five children in a Mormon family. Her parents are Bruce and Marianne Hough; her father was twice chairman of the ... "",""title"":""https://en.wikipedia.org/wiki/Julianne_Hough""},{""docid"":""77616"",""score"":22.081336339978655,""snippet"":"" ... Denton ended 2002 with a two-part guest-starring role on\n\nThe Drew Carey Show (1995).\n\nDenton returned as a guest star on\n\nJAG (1995) in 2003, and pilot season landed him the opportunity to once again head up the cast of an ABC series in\n\nThreat Matrix ... "",""title"":""https://www.imdb.com/list/ls033158255/""},{""docid"":""50077"",""score"":21.327756912723046,""snippet"":"" ... It stars Terrence Howard, Taraji P. Henson, Bryshere Y. Gray, Jussie Smollett and Trai Byers as members of the Lyon Family, along with a supporting cast including Grace Byers, Kaitlin Doubleday, Gabourey Sidibe, Ta'Rhonda Jones, Serayah, Malik Yoba and Vivica A. Fox.\n\nThe series premiere attracted nearly ... "",""title"":""https://en.wikipedia.org/wiki/Empire_(2015_TV_series)""},{""docid"":""72451"",""score"":21.191180431325797,""snippet"":"" ... Friendship is Magic | Discovery Family | 100th | \""Slice of Life\"" | June 13 | |\n| Melissa & Joey | ABC Family | 100th | \""Melissa & Joey's Frozen\"" | July 8 | |\n| Power Rangers | Nickelodeon | 800th | \""Sync or Swim\"" | October 3 | |\n| Grey's Anatomy | ABC | 250th | \""Guess Who's Coming to Dinner\"" | October 22 | |\n\nEnding this year\n\n**Table ... "",""title"":""https://en.wikipedia.org/wiki/2015_in_American_television""},{""docid"":""79721"",""score"":21.10020516129751,""snippet"":"" ... He also appeared as himself in Kevin and Danielle's reality series, Married to Jonas, and currently co-hosts ABC's Claim to Fame with Kevin.\n\nHe hated being called the \""Bonus Jonas\"" growing up\n\nSince he wasn't a part of the Jonas Brothers band, Frankie was ... "",""title"":""https://people.com/all-about-frankie-jonas-7552280""}]"
14,448,2026-09-15T12:57:30.449582+00:00,actor plays alongside real life sibling relative unrelated characters TV series,"[""actor"",""plays"",""alongside"",""real"",""life"",""sibling"",""relative"",""unrelated"",""characters"",""tv"",""series""]","""actor"" OR ""plays"" OR ""alongside"" OR ""real"" OR ""life"" OR ""sibling"" OR ""relative"" OR ""unrelated"" OR ""characters"" OR ""tv"" OR ""series""",5,1bdabfaa5029207d188c471e5ec8c994ff83e4a4851096fb9e0e5be935e4b2a2,5886a2f6f24126c703529a2e06b6e7d9d5f62c1010760dd614a63556fdbf0ca4,False,"[""d69"",""d29"",""d31"",""d177"",""d24""]","[""62963"",""11078"",""56024"",""26864"",""46""]","[{""docid"":""62963"",""score"":25.220060292129368,""snippet"":"" ... Actors who are siblings in real life are commonly cast to play siblings on television. After all, that's the best way to make it seem like the relationship is an authentic one. In the case of Jessica and Richard Harmon, though, the siblings actually play unrelated characters ... "",""title"":""https://screenrant.com/cw-stars-family/""},{""docid"":""11078"",""score"":23.65922237742967,""snippet"":"" ... and Helen Slater play teenage siblings. With their blond hair, grey-blue eyes, peaches-and-cream complexions, and identical last names, coupled with the fact that both actors were relative unknowns at the time, it was unsurprising when many moviegoers assumed they were real-life brother-and-sister ... "",""title"":""https://tvtropes.org/pmwiki/pmwiki.php/Main/SeparatedAtBirthCasting""},{""docid"":""56024"",""score"":22.56188905672475,""snippet"":"" ... Created by Rob Thomas, the series starred Bell as the seventeen year old detective Veronica, which put her alongside actors Enrico Colantoni who played her father, Jason Dohring, Percy Daggs III and Ryan Hansen. Bell noted the parallels between the character of Veronica and her own life — Bell ... "",""title"":""https://unionfilms.org/films/people/kristen-bell.html""},{""docid"":""26864"",""score"":22.38272370723823,""snippet"":"" ... Since it wrapped in 2020, she's starred in two more series, Apple TV+'s \""The Essex Serpent\"" and Hulu's \""Fleishman Is in Trouble.\""\n\nRachel McAdams plays the youngest Stone sibling, the acerbic Amy.\n\nAmy is probably the most well-liked character from the film, as she ... "",""title"":""https://www.businessinsider.com/the-family-stone-cast-then-and-now""},{""docid"":""46"",""score"":22.216369025218192,""snippet"":"" ... Maybe the sprawling and yet so specific tales that ex-reporter David Simon and ex-detective Ed Burns told of the institutions of modern life and their underbellies were just too real for America then. Now heralded as the greatest TV series ever in prestigious circles, maybe the ... "",""title"":""https://deadline.com/2020/12/most-influential-tv-series-21st-century-so-far-deadline-list-1234662438/""}]"
14,452,2026-09-15T12:57:31.373011+00:00,TV show cast real life family members play unrelated characters drama,"[""tv"",""show"",""cast"",""real"",""life"",""family"",""members"",""play"",""unrelated"",""characters"",""drama""]","""tv"" OR ""show"" OR ""cast"" OR ""real"" OR ""life"" OR ""family"" OR ""members"" OR ""play"" OR ""unrelated"" OR ""characters"" OR ""drama""",5,61e8bd1fae2a41a45a4290f99bc92a2b4d14720efce3f8db40a62a440c685675,576238ecb4d5dd7f4c0b3ad4845364ce4484e9554574b1a58f7f9e1c3537eca8,False,"[""d178"",""d24"",""d179"",""d180"",""d71""]","[""57395"",""46"",""78415"",""9044"",""32179""]","[{""docid"":""57395"",""score"":20.662629804220735,""snippet"":"" ... Shows on Primetime Network TV 2005-2006\n\n- ↑ [ Top 10 Best and Worst Shows on Primetime Network TV 2002-2003\n\n- ↑ [2]\n\n- ↑ [3]\n\n- ↑ [4]\n\n- ↑ [5]\n\n- ↑ [6]\n\n- ↑ [7]\n\n- ↑ [8]\n\n- ↑ The Real CSI\n\n- ↑ 'CSI effect' has juries wanting more evidence\n\n- ↑ CSI Sensationalizes Transgender Lives\n\n- ↑ CSI's Mixed Track Record on LGBT Characters ... "",""title"":""https://csi.fandom.com/wiki/CSI:Crime_Scene_Investigation""},{""docid"":""46"",""score"":20.147456451993353,""snippet"":"" ... the FX drama Pose gives credit where credit is due while telling a story of family and identity. Created by Ryan Murphy, Brad Falchuk and Steven Canals, Pose made history with its all-inclusive cast that included trans people in the role of trans characters. On top of ... "",""title"":""https://deadline.com/2020/12/most-influential-tv-series-21st-century-so-far-deadline-list-1234662438/""},{""docid"":""78415"",""score"":19.84548910784035,""snippet"":"" ... movie follows fading TV hero Rick Dalton (Leonardo DiCaprio) and his best friend/stunt double Cliff Booth (Brad Pitt) as they navigate the changing landscape of Hollywood while also living next door to Sharon Tate (Margot Robbie).\n\nOlyphant plays one of several real-life characters in Once Upon ... "",""title"":""https://screenrant.com/timothy-olyphant-best-movies-tv-shows/""},{""docid"":""9044"",""score"":19.659468981242515,""snippet"":"" ... In addition to Roberts, it's also a TV season-long appreciation for Stephan James, who is utterly convincing as Afghanistan veteran Walter Cruz. Both give measured, naturalistic performances, alongside a supporting cast that includes Bobby Cannavale as Roberts' disreputable boss, and Shea Whigham as the unrelenting, bespectacled ... "",""title"":""https://www.indiewire.com/feature/best-tv-shows-decade-2010-2019-netflix-hbo-1202148573/""},{""docid"":""32179"",""score"":19.523956324494574,""snippet"":"" ... popular 1980s drama series about a crime-solving family? Who played the main character in the 1990s medical drama \""ER\""? These questions cover a wide range of classic TV shows, including sitcoms, dramas, and science fiction.\n\nIn addition to the technical aspects of classic TV shows, there are ... "",""title"":""https://www.watercoolertrivia.com/trivia-questions/classic-tv-trivia-questions""}]"
14,459,2026-09-15T12:57:32.294385+00:00,Empire TV series Lucious Lyon marriages wives children,"[""empire"",""tv"",""series"",""lucious"",""lyon"",""marriages"",""wives"",""children""]","""empire"" OR ""tv"" OR ""series"" OR ""lucious"" OR ""lyon"" OR ""marriages"" OR ""wives"" OR ""children""",5,5847f7e1a6fecde1edc93f120c2372d06087e6a73b311f0e54659fd0ac6e2e02,b5cc095da30308e0e6f92802b3cb7af4bdce083a7f42b27e3f54974034be5877,False,"[""d141"",""d181"",""d182"",""d183"",""d184""]","[""50077"",""23481"",""37005"",""17086"",""78043""]","[{""docid"":""50077"",""score"":38.09564040772808,""snippet"":"" ... a Contemporary Series, Limited Series or Movie | Eileen McCahill and Paolo Nieddu(\""Pilot\"") | | |\n| 2015 | Primetime Emmy Award | Outstanding Costumes for a Contemporary Series, Limited Series or Movie | Rita McGhee and Sukari McGill(\""The Lyon's Roar\"") | | |\n| 2015 | Teen Choice Award | Choice TV Show: Drama | Empire | | --> |\n| 2015 | Teen Choice ... "",""title"":""https://en.wikipedia.org/wiki/Empire_(2015_TV_series)""},{""docid"":""23481"",""score"":32.88229155398071,""snippet"":"" ... 16Lucious and Cookie Lyon\n\nGetty Images\n\nFamily drama is the hallmark of Empire, and most of it starts with Lucious and Cookie Lyon, the founders of the series' titular record label. Lucious divorced Cookie during her 17-year prison term, but since her release—which kicked off the ... "",""title"":""https://www.townandcountrymag.com/leisure/arts-and-culture/news/g2917/divorced-tv-characters/""},{""docid"":""37005"",""score"":22.798769823678093,""snippet"":"" ... No superpowers, just wit, and a taser. —Alamin Yohannes\n\nCookie Lyon (Empire)\n\nIf clothes could talk, Loretta \""Cookie\"" Lyon's (Taraji P. Henson) fashionable statements would tell an inspiring yet powerful story of a businesswoman raised in Philadelphia's harsh inner-city streets all on their own. Known ... "",""title"":""https://ew.com/tv/strong-female-tv-characters/?srsltid=AfmBOor8fnPRvQxBRrqeeODNXdOKdyFuz-If3o8WUTSmEegQUD3dwIsX""},{""docid"":""17086"",""score"":21.687268191791674,""snippet"":"" ... TV — no one is coming close!\""\n\n-\n\nJenna Lyons\n\nWhen Lyons, the famous former creative director of J. Crew, was announced as part of the rebooted cast of \""The Real Housewives of New York City,\"" people were mystified over why Lyons would want to participate in a series that ... "",""title"":""https://variety.com/lists/female-reality-stars-impact-2023/""},{""docid"":""78043"",""score"":21.655327092908646,""snippet"":"" ... I am the only man in the country not allowed to give his name to his own children.\""Brandreth, Gyles (2004). Philip and Elizabeth: Portrait of a Marriage. pp. 253–254. London: Century. \n\nOn 8 February 1960, some years after both the death of Queen Mary and the ... "",""title"":""https://en.wikipedia.org/wiki/House_of_Windsor""}]"
14,466,2026-09-15T12:57:32.972275+00:00,Empire cast real life siblings family co-stars,"[""empire"",""cast"",""real"",""life"",""siblings"",""family"",""co"",""stars""]","""empire"" OR ""cast"" OR ""real"" OR ""life"" OR ""siblings"" OR ""family"" OR ""co"" OR ""stars""",5,d41e4c41b42be27dbab09933746547d94a25c75eaebf9efabe883251205f9fa5,f28b99a7452357561557b8ac5e952afd93055963705e1f6b44108c7a7f9352b9,False,"[""d185"",""d141"",""d24"",""d54"",""d186""]","[""31971"",""50077"",""46"",""99719"",""21540""]","[{""docid"":""31971"",""score"":17.0680605458865,""snippet"":"" ... Though her first picture wasn't as successful as she might have hoped, her sitcom,\n\nRoseanne (1988), debuted in 1988 and ran for 9 seasons on ABC, co-starring\n\nJohn Goodman. It dealt with real-life issues in a lower middle-class working family. During its first season ... "",""title"":""https://www.imdb.com/list/ls051423158/""},{""docid"":""50077"",""score"":16.632506061333295,""snippet"":"" ... company Empire Entertainment, and the drama among the members of the founders' family as they fight for control of it. It stars Terrence Howard, Taraji P. Henson, Bryshere Y. Gray, Jussie Smollett and Trai Byers as members of the Lyon Family, along with a supporting cast including Grace ... "",""title"":""https://en.wikipedia.org/wiki/Empire_(2015_TV_series)""},{""docid"":""46"",""score"":16.08209370098613,""snippet"":"" ... We'll never know if Dennis Haysbert's David Palmer plowed the road for Barack Obama's real-life election, but there is no question that 24 peerlessly suspended disbelief and pulled back the veil on the cost and corruption of power in the real and fictional world ... "",""title"":""https://deadline.com/2020/12/most-influential-tv-series-21st-century-so-far-deadline-list-1234662438/""},{""docid"":""99719"",""score"":15.941836659668933,""snippet"":"" ... Brandon also starred opposite Matt Smith (The Crown) as real life artist Edward Mapplethorpe, in the film Mapplethorpe, about the life and death of controversial photographer Robert Mapplethorpe, which premiered in competition at the 2018 Tribeca Film Festival.\n\nIn 2019 Brandon filmed Lead roles in three feature films ... "",""title"":""https://www.imdb.com/search/name/?birth_year=1990""},{""docid"":""21540"",""score"":15.794546321192044,""snippet"":"" ... The real-life death of former star Chadwick Boseman has resulted in the elevation of former supporting actors Letitia Wright, Lupita Nyong'o, and Danai Gurira to starring roles, while the film will also feature the on-screen debut of Riri Williams (Dominique Thorne), aka Ironheart. Who will ... "",""title"":""https://www.polygon.com/23317910/2022-new-movies-release-schedule-upcoming-preview""}]"
15,480,2026-09-15T12:57:37.999488+00:00,TV character married three times only one child survives drama series,"[""tv"",""character"",""married"",""three"",""times"",""only"",""one"",""child"",""survives"",""drama"",""series""]","""tv"" OR ""character"" OR ""married"" OR ""three"" OR ""times"" OR ""only"" OR ""one"" OR ""child"" OR ""survives"" OR ""drama"" OR ""series""",5,c16e01ee415314651e7da39a338d2384f04cbe34090f89d37a34a4c17f8e47f8,9cc506d41c09973bd4231cb1d315aaef5ffe44f972ba8ae07bbf096b86b89be3,False,"[""d78"",""d79"",""d80"",""d81"",""d10""]","[""3161"",""85765"",""32327"",""4035"",""9215""]","[{""docid"":""3161"",""score"":18.06588064450628,""snippet"":"" ... only charged the financially struggling Somers $1 per week. She underwent therapy herself to overcome the problems of her dysfunctional childhood. In the early 1970s, she landed minor roles in film and TV, and finally won a role on the series Three's Company (1976). She married Hamel ... "",""title"":""https://m.imdb.com/search/name/?death_date=2023&ref_=nmbio_dth_yr""},{""docid"":""85765"",""score"":17.99634772234644,""snippet"":"" ... Violent and uncompromising, the series changed the portrayal of police work on British television and was one of the defining dramas of the 1970s.\n\nFor Inspector Morse (1987), Thaw was yet again cast as a policeman, but this time a more cultured character than Regan. The leisurely-paced ... "",""title"":""https://www.imdb.com/search/name/?death_date=2002""},{""docid"":""32327"",""score"":17.92903633863482,""snippet"":"" ... His wife and three children survive him, as do three grandchildren.- Actor\n\n- Soundtrack\n\nHenry Gibson was born on 21 September 1935 in Germantown, Pennsylvania. Before appearing in films and television series, he was a child star on the stage during the 1940s and during the late 1950s he ... "",""title"":""https://m.imdb.com/search/name/?death_date=2009&ref_=nm_ov_dth_year""},{""docid"":""4035"",""score"":17.807039752824622,""snippet"":"" ... One of her last roles was on the television series Matador (2014). She also found herself further down the credits in films such as On the Borderline (2001), Transamerica (2005), The Lost City (2005), Mother and Child (2009), The Perfect Family (2011), Plush (2013), and Grandma (2015). Three ... "",""title"":""https://www.imdb.com/search/name/?death_date=2014""},{""docid"":""9215"",""score"":17.79578300596047,""snippet"":"" ... been blessed.\""\n\nThe actor soon left the series, but returned for the finale in 2015.\n\nJones, who earned a reported $350,000 per episode during his final season as a full-time cast member on the CBS sitcom, told Houston TV station KHOU that the show \""was making ... "",""title"":""https://www.eonline.com/photos/9198/child-stars-who-turned-out-all-right""}]"
15,483,2026-09-15T12:57:39.255775+00:00,character four marriages one surviving child television drama,"[""character"",""four"",""marriages"",""one"",""surviving"",""child"",""television"",""drama""]","""character"" OR ""four"" OR ""marriages"" OR ""one"" OR ""surviving"" OR ""child"" OR ""television"" OR ""drama""",5,3389f2cad1c2b32c93cd5754f948007ae2d4b9e32b7f738984abe76bf0446dc2,62522fab3d87511c9abfb034169f40d44effb320c40bf4ddfe0a62981122ca7a,False,"[""d167"",""d187"",""d188"",""d189"",""d190""]","[""60134"",""45828"",""77966"",""74337"",""41035""]","[{""docid"":""60134"",""score"":17.908602071891124,""snippet"":"" ... Walter Wallace on the CBS medical drama series Pure Genius (2016–2017), as well as a recurring role as Sean Pierce on seasons 5 and 6 of the Showtime series Shameless (2015–2016).\n\nIn the 2020s, Mulroney continued his television work, with main roles as John Carmichael on ... "",""title"":""https://en.wikipedia.org/wiki/Dermot_Mulroney""},{""docid"":""45828"",""score"":17.887831195682285,""snippet"":"" ... Granada Television\nchannel: ITV\nfirst_aired: 7 April 2002\nlast_aired: 25 May 2003\n\nThe Forsyte Saga is a British drama television serial that chronicles the lives of three generations of an upper-middle-class family from the 1870s to the 1920s. The serial was based on the ... "",""title"":""https://en.wikipedia.org/wiki/The_Forsyte_Saga_(2002_TV_series)""},{""docid"":""77966"",""score"":17.831803020447776,""snippet"":"" ... in the drama film \""Jenny\"" (1970). In the film, main character Jenny Marsh (played by Marlo Thomas) was impregnated in a one-night-stand and has few options in life. Her acquaintance Delano (played by Alda) agrees to marry her and to claim the child's paternity, in ... "",""title"":""https://www.imdb.com/list/ls020245374/""},{""docid"":""74337"",""score"":17.76284513600612,""snippet"":"" ... in the drama film \""Jenny\"" (1970). In the film, main character Jenny Marsh (played by Marlo Thomas) was impregnated in a one-night-stand and has few options in life. Her acquaintance Delano (played by Alda) agrees to marry her and to claim the child's paternity, in ... "",""title"":""https://www.imdb.com/list/ls538449363/""},{""docid"":""41035"",""score"":17.51734197924444,""snippet"":"" ... in the drama film \""Jenny\"" (1970). In the film, main character Jenny Marsh (played by Marlo Thomas) was impregnated in a one-night-stand and has few options in life. Her acquaintance Delano (played by Alda) agrees to marry her and to claim the child's paternity, in ... "",""title"":""https://m.imdb.com/search/name/?birth_year=1936&ref_=nmbio_bth_yr""}]"
15,491,2026-09-15T12:57:40.356875+00:00,Jane the Virgin Petra Rafael marriages children,"[""jane"",""the"",""virgin"",""petra"",""rafael"",""marriages"",""children""]","""jane"" OR ""the"" OR ""virgin"" OR ""petra"" OR ""rafael"" OR ""marriages"" OR ""children""",5,96a1e9b5cf9e6c7c2c8659913cf6b5eac14bd15fc40ac5f80ee3ea6824e506e2,38bf9ec854a57aa9446c3f74919dad46b5c07303fc896744b4775b845a7a0161,False,"[""d191"",""d64"",""d192"",""d66"",""d193""]","[""94609"",""67017"",""9298"",""88650"",""31854""]","[{""docid"":""94609"",""score"":23.31707966724982,""snippet"":"" ... It is the adults in the movie that really drives these hated rivals together.\n\nYour comment has not been saved\n\nDirty Dancing\n\n- Release Date\n\n- August 21, 1987\n\n- Runtime\n\n- 100 minutes\n\n- Director\n\n- Emile Ardolino\n\nJane Villanueva & Rafael Solano\n\nJane The Virgin (2014–2019)\n\nJane (Gina Rodriguez) and Rafael (Justin ... "",""title"":""https://screenrant.com/best-enemies-to-lovers-couples-movies-tv/""},{""docid"":""67017"",""score"":21.419852831439872,""snippet"":"" ... 9 Yael Grobglas (Jane the Virgin)\n\nYael Grobglas added her spin to the twin storyline in the extremely binge-worthy sitcom Jane the Virgin. Petra and Aneszka were polar opposites, both in appearance as well as personality. Petra was a polished, fashionable socialite, while her twin was a ... "",""title"":""https://www.cbr.com/10-actors-multiple-roles-same-show/""},{""docid"":""9298"",""score"":21.264744670925094,""snippet"":"" ... In 2014, he joined the cast of the rom-com drama show Jane the Virgin. He played one of the main characters, Rafael Solano. He received international recognition from the show, which successfully ran for five seasons (2014–2019). Apart from that, he has also appeared in TV ... "",""title"":""https://www.soapcentral.com/entertainment/list-of-justin-baldonis-movies-and-tv-shows""},{""docid"":""88650"",""score"":18.838555552656874,""snippet"":"" ... We knew Jane the Virgin for five seasons, have loved Jane, Xo, Alba, and Michael, Rafael, Petra, and Lina, Louisa, Mateo, and the twins. We have gotten to know Miami, and gotten an inside look at running a hotel, making a telenovela and navigating the American immigration system ... "",""title"":""https://www.pastemagazine.com/tv/best-of-the-decade/best-tv-shows-2010s""},{""docid"":""31854"",""score"":18.63515201370255,""snippet"":"" ... Humayma, ancient Hawar or Hawara, began life as a small Nabataean settlement in the Hisma desert of Southern Jordan, 80 km south of Petra. Soon after the Roman conquest of the Nabataean kingdom in 106 CE, the town was incorporated into the new Provincia Arabia as Hauarra, and ... "",""title"":""https://www.asor.org/asor-publications/book-series-monographs/archaeological-reports/""}]"
15,497,2026-09-15T12:57:43.203027+00:00,Jane the Virgin cast real life siblings family co-stars,"[""jane"",""the"",""virgin"",""cast"",""real"",""life"",""siblings"",""family"",""co"",""stars""]","""jane"" OR ""the"" OR ""virgin"" OR ""cast"" OR ""real"" OR ""life"" OR ""siblings"" OR ""family"" OR ""co"" OR ""stars""",5,9a2b8a71e58f0d443e493e21c33e54b32323166e31d53c3a7cbb4d15bdd69983,3e7db11e37243f8278c3d19693ba634dfeb2e44fd292d6a958b4b1a46836eefa,False,"[""d55"",""d194"",""d68"",""d24"",""d195""]","[""18001"",""4824"",""49741"",""46"",""96836""]","[{""docid"":""18001"",""score"":22.720099252053526,""snippet"":"" ... family), or even people he barely knows (the poetic \\u201cNew York, I Love You,\\u201d a collection of short stories about doormen, immigrant cab drivers, and other New Yorkers whose inner lives are often ignored). Like <\\/span>Jane the Virgin <\\/span><\\/i>with telenovelas, <\\/span>You\\u2019re the ... "",""title"":""https://www.rollingstone.com/tv-movies/tv-movie-lists/50-best-tv-shows-of-decade-2010s-914737/""},{""docid"":""4824"",""score"":20.423138154705576,""snippet"":"" ... of the nuclear family.\"" Hogan views the film as an extension of such features as What Ever Happened to Baby Jane? (1962), an earlier film that blended horror with familial drama between siblings.\n\nProduction\n\nDevelopment\n\nDirector Alfred Sole began writing the film in 1974, collaborating with co-writer ... "",""title"":""https://en.wikipedia.org/wiki/Alice,_Sweet_Alice""},{""docid"":""49741"",""score"":20.270838714811507,""snippet"":"" ... The Wayans\n\nThe Wayans family actually has six siblings who work in show business—and that has been passed onto a second generation of creatives. Two you probably know of are Shawn and Marlon, who co-starred in The Wayans Bros. and went on to have individual careers ... "",""title"":""https://www.marieclaire.com/celebrity/celebrities-from-famous-families/""},{""docid"":""46"",""score"":19.872842159562023,""snippet"":"" ... The subjective push behind our selections centers not just on the series, but also the depth and width of its reach.\n\nLet's be clear, the picks by Deadline's TV team also in no way dim the bright lights of true originals like Jane the Virgin (2014 ... "",""title"":""https://deadline.com/2020/12/most-influential-tv-series-21st-century-so-far-deadline-list-1234662438/""},{""docid"":""96836"",""score"":19.078220869014096,""snippet"":"" ... playing virginal roles and turn to roles such as the tortured, sexually-deprived Maggie in \""Cat on a Hot Tin Roof\"". Exploring this previously undiscovered part of her acting range, Ana Alicia pursued an audition for\n\nFalcon Crest (1981). In the room was a female casting director Doris ... "",""title"":""https://www.imdb.com/list/ls048070878/""}]"
