round,seq,utc,query,terms,expression,top_k,equivalence_key,cache_key,cached,returned_dN,returned_docids,result_docs
1,6,2026-09-15T16:32:53.560747+00:00,literary award created founded 2000s translated twenty five languages,"[""literary"",""award"",""created"",""founded"",""2000s"",""translated"",""twenty"",""five"",""languages""]","""literary"" OR ""award"" OR ""created"" OR ""founded"" OR ""2000s"" OR ""translated"" OR ""twenty"" OR ""five"" OR ""languages""",8,9778db5d714d387991ffd0ff2b0f10a9a8e28c9928a3cb1f68cc0252a7419b92,982e280e4cbe0cc8afb6e1deeb34005a9002f6c381f6acd2b42b2dd748a50697,False,"[""d1"",""d2"",""d3"",""d4"",""d5"",""d6"",""d7"",""d8""]","[""26607"",""57021"",""56350"",""56736"",""84033"",""52908"",""81265"",""2064""]","[{""docid"":""26607"",""score"":19.040127563354233,""snippet"":"" ... Additionally, they have also created the Worth Sharing and Lifelong Favorites publications, which I mentioned previously, with the hopes of reaching as many international publishers as possible to further their mission.\n\nRegarding foreign language translation and publishing in Japan's current literary ecosystem, we feel that the challenge ... "",""title"":""https://www.asymptotejournal.com/interview/an-interview-with-shun-inoue-from-the-japan-foundation/""},{""docid"":""57021"",""score"":18.80417934477774,""snippet"":"" ... Laurea honoris causa (honorary degree), Italian Language and Literature, University of Siena for Foreigners, Italy, 2015\n\n- Honorary Doctor of Letters, Williams College, 2005\n\n- Honorary Doctor of Humane Letters, University of Rhode Island, 2001\n\nLITERARY AWARDS & CITATIONS\n\n- The John Florio Prize for translation into English from Italian, 2021\n\n- Named ... "",""title"":""https://barnard.edu/profiles/jhumpa-lahiri""},{""docid"":""56350"",""score"":18.502677731116567,""snippet"":"" ... Her books have been translated into more than fifty languages and have won dozens of international awards, including the Orange Prize, the Guardian Fiction Prize, the Lannan Award for Fiction, and the Commonwealth Poetry Prize for the Americas. Among many other honours, she is a Royal … Read More ... "",""title"":""https://griffinpoetryprize.com/judges/""},{""docid"":""56736"",""score"":18.120394016419077,""snippet"":"" ... McSweeney is a Professor of English at the University of Notre Dame and has twice been awarded The Rev. Edmund P. Joyce C.S.C. Award for Excellence in Undergraduate Teaching. Creative writing, poetry, poetics, translation, sound, performance, literary form, dramatic form, genre, prophecy, decadence, ecopoetics -\n\nProfessor\n\nAn ... "",""title"":""https://english.nd.edu/people/faculty/""},{""docid"":""84033"",""score"":18.104410674817572,""snippet"":"" ... time, award-winning literary translator. Originally from Ireland, Peter holds a BA in modern languages from Cambridge University, England, and wrote a dissertation of the Montréal Canadiens and popular culture in Québec. He has lived in Québec City with his family for ten years. He founded and heads ... "",""title"":""https://www.barakabooks.com/authors/""},{""docid"":""52908"",""score"":17.746261867475937,""snippet"":"" ... The Story of Jibanananda), Sahaduzzaman\n\nAwards on Jibanananda\n\nThe Kolkata Poetry Confluence in collaboration with Bhasha Samsad has instituted the Jibanananda Das Award for poetry translation. Jibanananda Das awards for translation were given away in ten different languages.\n\nA literary award named Jibanananda Puroshkar, also known as Jibanananda ... "",""title"":""https://en.wikipedia.org/wiki/Jibanananda_Das""},{""docid"":""81265"",""score"":17.734713577639454,""snippet"":"" ... Eritrean literature and translation; African language literary translation; poetry\n\nPeriod: Twentieth-Century (1900-2000), Twenty-first Century (2000-present)\n\nLanguages: English (native fluency), French (good), Italian (good)\n\nPosition: University professor at Penn State Schuylkill\n\nCountry: From United States; living in United States\n\nProfessor Charles Cantalupo is Distinguished Professor ... "",""title"":""https://wendybelcher.com/african-literature/ethiopianists/""},{""docid"":""2064"",""score"":17.73260027000171,""snippet"":"" ... It was also awarded France's Prix Femina for a work in translation. Her seventh novel, Someone, was a New York Times bestseller, a finalist for the Dublin IMPAC Award, the National Book Critics Circle Award, the Patterson Prize for Fiction, and the Dayton Literary Peace Prize. Three ... "",""title"":""https://missionandministry.georgetown.edu/conference-participants/""}]"
1,17,2026-09-15T16:33:07.228529+00:00,international book award established 2000s contender translated over 25 languages,"[""international"",""book"",""award"",""established"",""2000s"",""contender"",""translated"",""over"",""25"",""languages""]","""international"" OR ""book"" OR ""award"" OR ""established"" OR ""2000s"" OR ""contender"" OR ""translated"" OR ""over"" OR ""25"" OR ""languages""",8,9b1b0884578979ab4e8339404dd2ee0684eb3fc965fa350b4b97509d8bbb0acd,0eb9bd4661bab84a833484a38ec8bc69143ce560107118329448b2617bc222f3,False,"[""d9"",""d10"",""d11"",""d12"",""d13"",""d14"",""d15"",""d16""]","[""43558"",""58691"",""32505"",""46767"",""18890"",""13228"",""77728"",""38155""]","[{""docid"":""43558"",""score"":16.16891919557715,""snippet"":"" ... and custodians of the unlooked for.\""\n\nAs a translator, Heaney's most famous work is the translation of the epic Anglo-Saxon poem Beowulf (2000). Considered groundbreaking because of the freedom he took in using modern language, the book is largely credited with revitalizing what had become something ... "",""title"":""https://www.poetryfoundation.org/poets/seamus-heaney""},{""docid"":""58691"",""score"":16.0421218147439,""snippet"":"" ... The prize previously awarded $65,000 to two works of English-language poetry from the previous year — one Canadian and one international.\n\nThe change for the prize program was designed to emphasize the international nature of poetry, the importance of translations and the fact that previous Canadian winners ... "",""title"":""https://www.cbc.ca/books/american-poet-roger-reeves-wins-130k-griffin-poetry-prize-for-best-poetry-book-in-the-world-1.6868466""},{""docid"":""32505"",""score"":16.02302165695281,""snippet"":"" ... s international prize. See the section on the Griffin Prize below.\n\nBingham Poetry Prize\n\nThe Bingham Poetry Prize was an award given by the literary magazine Boston Book Review. Established in 1993, the Boston Book Review published ten issues annually until it ceased publication in 2000 and, around ... "",""title"":""https://en.wikipedia.org/wiki/List_of_awards_and_honors_received_by_John_Ashbery""},{""docid"":""46767"",""score"":15.447442552744103,""snippet"":"" ... He has also taught at international universities in Papua New Guinea, Australia, Japan and South Africa.\n\nThe father of six has published over 20 books which include Carrying Knowledge Up a Palm Tree (1998), an anthology of poetry that addresses various contemporary issues and follows African progress in ... "",""title"":""https://paanluelwel.com/2011/10/21/prof-taban-lo-liyong-south-sudanese-literary-icon-and-an-african-philosopher/""},{""docid"":""18890"",""score"":15.263601326894685,""snippet"":"" ... in 2005, winner of the city of Toronto Book Award in 2000 and the recipient of the CBC Canadian Literary Award for short fiction in 2001. Her books have been published in 18 countries and translated into 14 languages and she was named by the jury of the ... "",""title"":""https://www.yorku.ca/laps/huma/canadian-writers/""},{""docid"":""13228"",""score"":15.125399197338549,""snippet"":"" ... 1379–80)\n\nThe study of genre, Dimock contends, is always motivated by a desire to rethink familiar\n\nscales of literary history and established principles of cultural belonging, not on the grounds\n\nof simultaneity of language or historical period but on the basis of formal and ideological\n\ncorrespondence.13 ... "",""title"":""https://www.researchgate.net/publication/327409406_Planetary_Figurations_Intensive_Genre_in_World_Literature""},{""docid"":""77728"",""score"":14.955283047977684,""snippet"":"" ... International Children's Digital Library Repository of 2,827 children's books in 48 languages viewable over the Internet (more)\n* Osborne Collection of Early Children's Books at Toronto Public Library\n* University of South Florida Libraries: Children's Literature Collection USF's digital collection currently houses 25,000 ... "",""title"":""https://en.wikipedia.org/wiki/Children%27s_literature""},{""docid"":""38155"",""score"":14.946939285007808,""snippet"":"" ... She was shortlisted for the 2016 Scotiabank Giller Prize for The Party Wall, which is an English translation of her French-language short story collection Le mur mitoyen. Leroux won the 2019 Governor General's Literary Award for English to French translation for her translation of Do Not ... "",""title"":""https://www.cbc.ca/books/the-top-20-canadian-books-of-2024-so-far-1.7252475""}]"
1,28,2026-09-15T16:33:09.655678+00:00,book award founded 2000s prize translated many languages,"[""book"",""award"",""founded"",""2000s"",""prize"",""translated"",""many"",""languages""]","""book"" OR ""award"" OR ""founded"" OR ""2000s"" OR ""prize"" OR ""translated"" OR ""many"" OR ""languages""",8,c410828f22a304defea1868b672fbe338b45b25ca73e9f63d5a98a943edc192c,83b30cdcecb722891542281a9b77b32a8f0771a77c75d95bab9fd6815e5a6c5e,False,"[""d2"",""d17"",""d18"",""d3"",""d19"",""d20"",""d21"",""d22""]","[""57021"",""10270"",""49894"",""56350"",""7272"",""3002"",""2930"",""18263""]","[{""docid"":""57021"",""score"":15.74085114608916,""snippet"":"" ... Metcalf Award, American Academy of Arts and Letters, 2000\n\n- Boston University Alumni Award, 2000\n\n- Best Debut, The New Yorker Book Awards, 2000\n\n- Finalist, Art Seidenbaum Award for First Fiction, Los Angeles Times Book Prize, 2000\n\n- \""Books to Remember,\"" citation, New York Public Library, 2000\n\n- New York Times Notable ... "",""title"":""https://barnard.edu/profiles/jhumpa-lahiri""},{""docid"":""10270"",""score"":15.188339177394418,""snippet"":"" ... She translated the work into English, and during this time she also began translating Italian-language books by other authors. Her translation of Domenico Starnone's Trick (2018) was a finalist for a National Book Award for translated literature. These experiences inspired the essay collection Translating Myself and ... "",""title"":""https://www.britannica.com/biography/Jhumpa-Lahiri""},{""docid"":""49894"",""score"":15.094444880007536,""snippet"":"" ... act independently.\""\n\nRecognition\n\nPrizes for books\n\n* 1979: Gunzo Award (best first novel) for Hear the Wind Sing\n* 1982: Noma Literary Prize (best newcomer) for A Wild Sheep Chase\n* 1985: Tanizaki Prize for Hard-Boiled Wonderland and the End of the World\n* 1995: Yomiuri Prize (best novel) for The ... "",""title"":""https://en.wikipedia.org/wiki/Haruki_Murakami""},{""docid"":""56350"",""score"":15.067187895003158,""snippet"":"" ... Her books have been translated into more than fifty languages and have won dozens of international awards, including the Orange Prize, the Guardian Fiction Prize, the Lannan Award for Fiction, and the Commonwealth Poetry Prize for the Americas. Among many other honours, she is a Royal … Read More ... "",""title"":""https://griffinpoetryprize.com/judges/""},{""docid"":""7272"",""score"":15.042547874943907,""snippet"":"" ... Maxwell Prize for Translation and Translation Studies\n\nA $500 prize, open to any undergraduate student in Yale College, shall be awarded annually to the best essay in Translation Studies or to the best Literary Translation. \""Translation studies\"" is understood to include theoretical and historical questions involving language, culture ... "",""title"":""https://secretary.yale.edu/services-resources/lectureships-fellowships-and-prizes/department-prizes""},{""docid"":""3002"",""score"":14.932373204361557,""snippet"":"" ... In 2016, the award was significantly reconfigured, and is now given annually to a single book in English translation, with a £50,000 prize for the winning title, shared equally between author and translator. The award has been known as the International Booker Prize since the Man Group ... "",""title"":""https://en.wikipedia.org/wiki/Booker_Prize""},{""docid"":""2930"",""score"":14.859147827667336,""snippet"":"" ... Best Serial Book\n\nJim Kacian, Editor. Tug of the Current: Red Moon Anthology of English-Language Haiku 2004. Winchester, VA: Red Moon Press, 2005.\n\nAward for Best Book of Haiga:\n\nJeanne Emrich, Editor. Reeds: Contemporary Haiga 2005. Edina, MN: Lone Egret Press, 2005.\n\nMerit Books Awards\n\nfor books ... "",""title"":""https://www.hsa-haiku.org/meritbookawards/merit-book_archive.htm""},{""docid"":""18263"",""score"":14.815981510926136,""snippet"":"" ... Williams, Franz Wright, and many more literary luminaries.\n\nHistory\n\nPEN America's first award, the PEN Translation Prize, was founded in 1963 by a group of intrepid PEN America Members in the PEN Book of the Month Club. The book club focused on international literature, and a prize ... "",""title"":""https://pen.org/literary-awards/literary-awards-history/""}]"
1,38,2026-09-15T16:33:10.779841+00:00,book translated into over 25 languages award contender 2010s,"[""book"",""translated"",""into"",""over"",""25"",""languages"",""award"",""contender"",""2010s""]","""book"" OR ""translated"" OR ""into"" OR ""over"" OR ""25"" OR ""languages"" OR ""award"" OR ""contender"" OR ""2010s""",8,507abeadc6e55c5d755c152d315cb1f2a1609ea15b4645ad44485e45aa0894a2,36ffafddc143ba52862c22d830b73061b2c9a09663e590d9f7c34907aa845245,False,"[""d23"",""d24"",""d11"",""d16"",""d25"",""d26"",""d9"",""d27""]","[""94942"",""11229"",""32505"",""38155"",""30757"",""913"",""43558"",""7669""]","[{""docid"":""94942"",""score"":14.737721586362774,""snippet"":"" ... The essays in this book explore the many facets of language rights and language protection from a variety of theoretical, legal, and academic perspectives.\n\nThe Song of Everlasting Sorrow: A Novel of Shanghai by Wang Anyi, translated by Michael Berry and Susan Chan Egan\n\nSet in post-World ... "",""title"":""https://translationstudies.complit.ucsb.edu/publications""},{""docid"":""11229"",""score"":14.548809211721109,""snippet"":"" ... The 2019 National Book Awards Longlist: Translated Literature\nauthor: The New Yorker\ndate: 2019-09-17\n---\nThis week, The New Yorker will be announcing the longlists for the 2019 National Book Awards. This morning, we present the ten contenders in the category of Translated Literature. Check back tomorrow ... "",""title"":""https://www.newyorker.com/books/page-turner/the-2019-national-book-awards-longlist-translated-literature""},{""docid"":""32505"",""score"":14.421955765650697,""snippet"":"" ... Books of 1998\"" (year-end best-of) | |\n| Dec2009 | Planisphere | \""Editors' Choice\"" (recent books of interest) | |\n| Jun2011 | Illuminations | \""Editors' Choice\"" (recent books of interest) | |\n\nOxford-Weidenfeld Translation Prize\n\nThe annual Oxford-Weidenfeld Translation Prize is an award recognizing \""book-length literary translations into English from any living European language ... "",""title"":""https://en.wikipedia.org/wiki/List_of_awards_and_honors_received_by_John_Ashbery""},{""docid"":""38155"",""score"":14.126409760765004,""snippet"":"" ... She was shortlisted for the 2016 Scotiabank Giller Prize for The Party Wall, which is an English translation of her French-language short story collection Le mur mitoyen. Leroux won the 2019 Governor General's Literary Award for English to French translation for her translation of Do Not ... "",""title"":""https://www.cbc.ca/books/the-top-20-canadian-books-of-2024-so-far-1.7252475""},{""docid"":""30757"",""score"":14.070961493973838,""snippet"":"" ... English-language novels\nCategory:American LGBTQ novels\nCategory:American children's novels\nCategory:2015 children's books\nCategory:Children's books with transgender themes\nCategory:LGBTQ-related children's novels\nCategory:2010s LGBTQ novels\nCategory:Scholastic Corporation books\nCategory:Stonewall Book Award–winning works\nCategory:Censored books\nCategory ... "",""title"":""https://en.wikipedia.org/wiki/Melissa_(novel)""},{""docid"":""913"",""score"":13.914691207381429,""snippet"":"" ... The novel, the first in a planned trilogy, explores the porousness of borders, climate change, language, and forced migration.\n\n\""Scattered All Over the Earth\"" is one of two dystopian novels on the longlist for this year's National Book Award for Translated Literature, along with Olga Ravn's ... "",""title"":""https://www.newyorker.com/books/page-turner/the-2022-national-book-awards-longlist-translated-literature""},{""docid"":""43558"",""score"":13.672329076858878,""snippet"":"" ... Selected Prose, 1971-2001 (2002) earned the Truman Capote Award for Literary Criticism, the largest annual prize for literary criticism in the English language. John Carey in the London Sunday Times proposed that Heaney's \""is not just another book of literary criticism…It is a record of ... "",""title"":""https://www.poetryfoundation.org/poets/seamus-heaney""},{""docid"":""7669"",""score"":13.616391381734406,""snippet"":"" ... Phenomena like climate change, biodiversity loss, deforestation or soil erosion, she says, \""actually look very different when you take into account different languages, different historical memories and different cultural frameworks of understanding.\"" This is a central tenet of the environmental humanities, the multidisciplinary field that Heise has helped ... "",""title"":""https://www.biophilia-fbbva.es/en/noticias/ursula-heise-storytelling-awareness-environmental-crisis-biophilia-award/""}]"
1,46,2026-09-15T16:33:12.043444+00:00,novel translated 25 languages prize shortlist 2010s,"[""novel"",""translated"",""25"",""languages"",""prize"",""shortlist"",""2010s""]","""novel"" OR ""translated"" OR ""25"" OR ""languages"" OR ""prize"" OR ""shortlist"" OR ""2010s""",8,bc40e911c2977128f4c277ac3ca0c6dbb161bed2ee4650944ef6d37befaaf589,438869ffb33709bee18fce9ae60951b089414aac8861e4a32e9791521dfa172e,False,"[""d20"",""d28"",""d29"",""d30"",""d13"",""d31"",""d3"",""d32""]","[""3002"",""73337"",""50458"",""41360"",""18890"",""58655"",""56350"",""89168""]","[{""docid"":""3002"",""score"":25.318238410702353,""snippet"":"" ... The winner was Douglas Stuart for his debut novel Shuggie Bain, which had been rejected by more than 30 publishers.\n\n2021's small-scale ceremony, once again impacted by COVID-19, saw South African writer Damon Galgut, who had been shortlisted in 2003 and 2010, win the prize ... "",""title"":""https://en.wikipedia.org/wiki/Booker_Prize""},{""docid"":""73337"",""score"":23.955317983288094,""snippet"":"" ... Booker Prize. Morrall was also shortlisted for British Newcomer of the Year 2003. Her fourth novel, The Man who Disappeared, was selected for the TV Book Club 2010. In 2012 The Roundabout Man was released to critical acclaim.\n\nHer novels have been translated into many languages across the ... "",""title"":""https://www.ruberybookaward.com/judges.html""},{""docid"":""50458"",""score"":23.869059643706006,""snippet"":"" ... to his fiction because he narrates his novels as if he were someone both wise and ignorant.\""\n\nMore than two million copies of Saramago's books have been sold in Portugal alone and his work has been translated into 25 languages. A proponent of libertarian communism, Saramago criticized ... "",""title"":""https://en.wikipedia.org/wiki/Jos%C3%A9_Saramago""},{""docid"":""41360"",""score"":23.852189905421785,""snippet"":"" ... prize more than once), Praiseworthy wins the UK's James Tait Black Prize and is shortlisted for the Dublin Literary Award and the Climate Fiction Prize, among others. Marosia Castaldi's The Hunger of Women wins the ALTA Prize for Prose (for the best translation from any language ... "",""title"":""https://www.andotherstories.org/about-us/""},{""docid"":""18890"",""score"":23.71039417989456,""snippet"":"" ... In 2010 he was shortlisted again for the Scotiabank Giller Prize for his sixth novel The Matter with Morris.\n\nOct. 25 Alissa York - Fauna\n\nAlissa York is the author of three novels: Fauna (2010), Effigy(2007) and Mercy (200?) as well as a collection of short fiction Any ... "",""title"":""https://www.yorku.ca/laps/huma/canadian-writers/""},{""docid"":""58655"",""score"":23.689081087891743,""snippet"":"" ... exuberant, coruscating translation.\n\n\""This is a luminous novel of India and Partition, but one whose spellbinding brio and fierce compassion weaves youth and age, male and female, family and nation into a kaleidoscopic whole.\""\n\nThe International Booker Prize 2022 Shortlist\n\n| Title | Author | Translator | Original Language | Author Residence | Publisher ... "",""title"":""https://publishingperspectives.com/2022/05/geetanjali-shree-and-daisy-rockwell-win-the-international-booker-prize/""},{""docid"":""56350"",""score"":23.57268094222438,""snippet"":"" ... Her books have been translated into more than fifty languages and have won dozens of international awards, including the Orange Prize, the Guardian Fiction Prize, the Lannan Award for Fiction, and the Commonwealth Poetry Prize for the Americas. Among many other honours, she is a Royal … Read More ... "",""title"":""https://griffinpoetryprize.com/judges/""},{""docid"":""89168"",""score"":23.51133142828762,""snippet"":"" ... Neel Mukherjee is the author of three novels: A Life Apart (2010), which won the Writers' Guild of Great Britain Award for Best Fiction Book; The Lives of Others (2014), which was shortlisted for the Man Booker Prize and the Costa Best Novel Award, and won the Royal ... "",""title"":""https://pen.org/meet-the-2021-literary-awards-judges/""}]"
2,63,2026-09-15T16:33:19.491287+00:00,International Booker Prize winners 2010s list,"[""international"",""booker"",""prize"",""winners"",""2010s"",""list""]","""international"" OR ""booker"" OR ""prize"" OR ""winners"" OR ""2010s"" OR ""list""",8,3bcf0f1457371f94073656582bf36fc7762f65c955d666e0b15fd7233b5d911a,b8e3f3eee567eae2124b44d9d650a5765b24054856cdcdf4d2d1a22185d07440,False,"[""d20"",""d33"",""d34"",""d35"",""d36"",""d37"",""d38"",""d39""]","[""3002"",""20177"",""38708"",""55983"",""54683"",""605"",""65921"",""62176""]","[{""docid"":""3002"",""score"":21.072610584165698,""snippet"":"" ... Forty years later, the Booker Prize Foundation announced in January 2010 the creation of a special award called the \""Lost Man Booker Prize\"", with the winner chosen from a longlist of 22 novels published in 1970. The prize was won by J. G. Farrell for Troubles, though the ... "",""title"":""https://en.wikipedia.org/wiki/Booker_Prize""},{""docid"":""20177"",""score"":20.57688694507413,""snippet"":"" ... Readers' Poll, 1999\n\n2000-2010:\n\n- Best Local Author, NOW Magazine Readers' Poll, 2000\n\n- Winner Booker Prize for The Blind Assassin, 2000\n\n- Nominated for the Orange Prize, 2001\n\n- International Crimewriters Assocation Dashiell Hammett Award, 2001\n\n- Canadian Booksellers Association People's Choice Award, 2001\n\n- Short-listed for the IMPAC Dublin ... "",""title"":""https://margaretatwood.ca/awards-recognitions/""},{""docid"":""38708"",""score"":20.573317199887246,""snippet"":"" ... List of winners and nominated authors of the Booker Prize - Wikipedia\ndate: 2002-08-11\n---\nThe following is a list of winners and shortlisted authors of the Booker Prize for Fiction. The prize has been awarded each year since 1969 to the best original full-length novel, written ... "",""title"":""https://en.wikipedia.org/wiki/List_of_winners_and_nominated_authors_of_the_Booker_Prize""},{""docid"":""55983"",""score"":20.30579661083297,""snippet"":"" ... 2022-02-20\n---\nThe Booker in the 2010s\n\n2010-19: New Frontiers\n\nThe 2010s were a hugely significant decade for the Booker, largely due to the shift in rules which came into place in 2014. From that year onwards, the Prize was open to all novels published in ... "",""title"":""https://www.ontheprize.co.uk/blog/the-booker-prize-in-the-2010s""},{""docid"":""54683"",""score"":20.183555717244403,""snippet"":"" ... in 1993 as the \""Booker of Bookers\"" (the \""best\"" winner of all winners in the Prize's 25-year history), and in 2008 as the best winner of all winners on the Prize's 40th anniversary.\n\nAshcroft, Griffiths, and Tiffin (2002), in their canonical text of postcolonial literary ... "",""title"":""https://pmc.ncbi.nlm.nih.gov/articles/PMC10837049/""},{""docid"":""605"",""score"":19.848633581453214,""snippet"":"" ... List 2012 . International IMPAC Dublin Literary Award 2012. Retrieved 23 January 2015.\n* Financial Times 2010 Fiction of the YearBlau, Rosie (3 December 2010). FT Fiction Round-up 2010. Financial Times, Fiction Round-up 2010. Retrieved 25 January 2015.\n\nLife of Pi\n\n* Winner of the 2002 Man Booker Prize ... "",""title"":""https://en.wikipedia.org/wiki/Yann_Martel""},{""docid"":""65921"",""score"":19.837781212243367,""snippet"":"" ... Smith, with their books and authors receiving significant awards including the Nobel Prize for Literature, the Pulitzer Prize for Poetry, the Man Booker Prize, the National Book Critics Circle Award, the Booker International Prize, the International Dublin IMPAC Award and the National Book Award. In 2022, The Center ... "",""title"":""https://centerforfiction.org/grants-awards/medal-for-editorial-excellence/medal-for-editorial-excellence-past-recipients/""},{""docid"":""62176"",""score"":19.74646982633699,""snippet"":"" ... Award)\n* Alias Grace (1996, winner of the 1996 Giller Prize, finalist for the 1996 Booker Prize and the 1996 Governor General's Award, shortlisted for the 1997 Orange Prize for Fiction)\n* The Blind Assassin (2000, winner of the 2000 Booker Prize and finalist for the 2000 Governor General ... "",""title"":""https://en.wikipedia.org/wiki/Margaret_Atwood""}]"
2,73,2026-09-15T16:33:20.979176+00:00,Man Booker International Prize shortlist 2010s translated 25 languages,"[""man"",""booker"",""international"",""prize"",""shortlist"",""2010s"",""translated"",""25"",""languages""]","""man"" OR ""booker"" OR ""international"" OR ""prize"" OR ""shortlist"" OR ""2010s"" OR ""translated"" OR ""25"" OR ""languages""",8,a9821ad9ea87a17de52b0575ac7d46fc4004499f15dd451f06ec05a225773dfd,81921db19e00667eacc4b7bf1ecc00f2a6e40cfb8b41fb37ba634c80290b04fb,False,"[""d20"",""d31"",""d34"",""d40"",""d30"",""d41"",""d28"",""d42""]","[""3002"",""58655"",""38708"",""8674"",""41360"",""24586"",""73337"",""90941""]","[{""docid"":""3002"",""score"":33.58675005958092,""snippet"":"" ... In 2016, the award was significantly reconfigured, and is now given annually to a single book in English translation, with a £50,000 prize for the winning title, shared equally between author and translator. The award has been known as the International Booker Prize since the Man Group ... "",""title"":""https://en.wikipedia.org/wiki/Booker_Prize""},{""docid"":""58655"",""score"":31.707546522807156,""snippet"":"" ... exuberant, coruscating translation.\n\n\""This is a luminous novel of India and Partition, but one whose spellbinding brio and fierce compassion weaves youth and age, male and female, family and nation into a kaleidoscopic whole.\""\n\nThe International Booker Prize 2022 Shortlist\n\n| Title | Author | Translator | Original Language | Author Residence | Publisher ... "",""title"":""https://publishingperspectives.com/2022/05/geetanjali-shree-and-daisy-rockwell-win-the-international-booker-prize/""},{""docid"":""38708"",""score"":31.434086610528908,""snippet"":"" ... Wilson |\n| 2010 The Booker Prizes |url= |access-date=2022-10-19 |website=thebookerprizes.com |language=en |archive-date=6 February 2023 |archive-url= |url-status=live }} | Shortlist | Emma Donoghue | Room | Picador | *Andrew Motion (chair) *Rosie Blau *Deborah Bull *Tom Sutcliffe *Frances Wilson |\n| 2010 The Booker Prizes |url= |access ... "",""title"":""https://en.wikipedia.org/wiki/List_of_winners_and_nominated_authors_of_the_Booker_Prize""},{""docid"":""8674"",""score"":31.054928916003924,""snippet"":"" ... His two novels, The Fishermen (2015) and An Orchestra of Minorities (2019) were shortlisted for The Booker Prize and have been translated into 30 languages. He has an LA Times book prize, the prestigious Internationalerpris, FT/Oppenheimer prize for fiction, an NAACP Image award and has been nominated ... "",""title"":""https://www.oxbelly.com/fiction-writers-program/advisors""},{""docid"":""41360"",""score"":30.638684764634384,""snippet"":"" ... 2019\n\nNo major changes for the press, but another good year for prize attention. Amy Arnold's Slip of a Fish landed a 2019 Goldsmiths Prize shortlisting, while Alia Trabucco Zerán's The Remainder was shortlisted for the Man Booker International Prize. Multiple translation prize wins and shortlistings ... "",""title"":""https://www.andotherstories.org/about-us/""},{""docid"":""24586"",""score"":30.15764072707243,""snippet"":"" ... The International Booker Prize 2023 Shortlist\n\nAt London Book Fair: Insights Into Translation Buyers\n\nAs the news of the International Booker Prize shortlist was announced to the public amid the raucous noise and crush of simultaneously programmed events at London Book Fair's opening today (April 17), the ... "",""title"":""https://publishingperspectives.com/2023/04/london-book-fair-the-bookers-new-data-on-translation-buyers/""},{""docid"":""73337"",""score"":30.08101709150204,""snippet"":"" ... MAN Booker Prize. Morrall was also shortlisted for British Newcomer of the Year 2003. Her fourth novel, The Man who Disappeared, was selected for the TV Book Club 2010. In 2012 The Roundabout Man was released to critical acclaim.\n\nHer novels have been translated into many languages across ... "",""title"":""https://www.ruberybookaward.com/judges.html""},{""docid"":""90941"",""score"":29.63618806252412,""snippet"":"" ... Oz was a writer and journalist whose work has been translated into over forty languages. His last novel, Judas, was shortlisted for the Booker Prize in 2017 and won the Yasnaya Polyana Foreign Fiction Award. He received several international awards, including the Prix Femina, the Israel Prize, the ... "",""title"":""https://www.cbc.ca/books/30-books-to-celebrate-30-years-of-writers-company-1.5755144""}]"
2,79,2026-09-15T16:33:22.324314+00:00,International Booker Prize contender translated over 25 languages 2010s,"[""international"",""booker"",""prize"",""contender"",""translated"",""over"",""25"",""languages"",""2010s""]","""international"" OR ""booker"" OR ""prize"" OR ""contender"" OR ""translated"" OR ""over"" OR ""25"" OR ""languages"" OR ""2010s""",8,215a0c5ecf69036a6d9f15a2f90dd242d9bcd57420c74d73d9798e841e5dbd0a,b3fb9c6c998c9dcc739aaf062a5607d64af474e33a7fe74c4a77604eb00114c6,False,"[""d42"",""d20"",""d24"",""d43"",""d31"",""d16"",""d17"",""d36""]","[""90941"",""3002"",""11229"",""50045"",""58655"",""38155"",""10270"",""54683""]","[{""docid"":""90941"",""score"":22.936966772520798,""snippet"":"" ... Oz was a writer and journalist whose work has been translated into over forty languages. His last novel, Judas, was shortlisted for the Booker Prize in 2017 and won the Yasnaya Polyana Foreign Fiction Award. He received several international awards, including the Prix Femina, the Israel Prize, the ... "",""title"":""https://www.cbc.ca/books/30-books-to-celebrate-30-years-of-writers-company-1.5755144""},{""docid"":""3002"",""score"":22.77525857687139,""snippet"":"" ... A sister prize, the International Booker Prize, is awarded for a work of fiction translated into English and published in the United Kingdom or Ireland. Unlike the Booker Prize, short story collections are eligible for the International Booker Prize. The £50,000 prize money is split evenly between ... "",""title"":""https://en.wikipedia.org/wiki/Booker_Prize""},{""docid"":""11229"",""score"":21.975450607944307,""snippet"":"" ... In 2018, the Polish novelist was recognized for \""Flights,\"" which she calls a \""constellation novel,\"" owing to its fragmentary form and genre-defying style, and which won that year's Man Booker Prize. \""Drive Your Plow Over the Bones of the Dead,\"" her latest novel to be translated ... "",""title"":""https://www.newyorker.com/books/page-turner/the-2019-national-book-awards-longlist-translated-literature""},{""docid"":""50045"",""score"":21.463755308653,""snippet"":"" ... Carey has won the Miles Franklin Award three times and is frequently named as Australia's next contender for the Nobel Prize in Literature. Carey is one of only five writers to have won the Booker Prize twice—the others being J. G. Farrell, J. M. Coetzee, Hilary ... "",""title"":""https://www.goodreads.com/topic/show/22141667-winners-of-the-miles-franklin-literary-award""},{""docid"":""58655"",""score"":21.450435083754208,""snippet"":"" ... In London, Geetanjali Shree and Daisy Rockwell Win the 2022 International Booker Prize\nauthor: Porter Anderson\ndate: 2022-05-26\n---\n'Tomb of Sand' is the first novel translated from an Indian language to win the award. Shree and Rockwell split the International Booker's £50,000 purse.\n\nBy ... "",""title"":""https://publishingperspectives.com/2022/05/geetanjali-shree-and-daisy-rockwell-win-the-international-booker-prize/""},{""docid"":""38155"",""score"":21.216834880882647,""snippet"":"" ... The Future is the translation of Leroux's French-language novel L'Avenir.\n\nLeroux is a writer, translator and journalist from Montreal. She was shortlisted for the 2016 Scotiabank Giller Prize for The Party Wall, which is an English translation of her French-language short story collection Le ... "",""title"":""https://www.cbc.ca/books/the-top-20-canadian-books-of-2024-so-far-1.7252475""},{""docid"":""10270"",""score"":21.204869441112994,""snippet"":"" ... It was nominated for both the Man Booker Prize (now known as the Booker Prize) and the National Book Award and earned Lahiri the 2015 DSC Prize for South Asian Literature, a prize established in 2010 by infrastructure developers DSC Limited to honor the achievements of South Asian ... "",""title"":""https://www.britannica.com/biography/Jhumpa-Lahiri""},{""docid"":""54683"",""score"":21.1681198157098,""snippet"":"" ... Since 2005, a second prize, the International Booker Prize, has also been awarded, which since 2016 has gone to the best work in translation.\n\nThese 70 judges were 57 percent men; 75 percent English; 16 percent Irish, Scottish, or Welsh; 10 percent other nationalities; and 99 percent white ... "",""title"":""https://pmc.ncbi.nlm.nih.gov/articles/PMC10837049/""}]"
3,98,2026-09-15T16:33:29.625717+00:00,Man Booker International Prize winners 2016 2017 2018 2019,"[""man"",""booker"",""international"",""prize"",""winners"",""2016"",""2017"",""2018"",""2019""]","""man"" OR ""booker"" OR ""international"" OR ""prize"" OR ""winners"" OR ""2016"" OR ""2017"" OR ""2018"" OR ""2019""",8,2a917dc148a2ddbe7f7c0042d64a0621559072a346d3c3464897ab8025ca6206,b73a3e5087f5b9a9825a1307d9de40ae2e6f3c0bcf7fd4fac4a244098025241f,False,"[""d20"",""d33"",""d34"",""d39"",""d42"",""d44"",""d36"",""d45""]","[""3002"",""20177"",""38708"",""62176"",""90941"",""23230"",""54683"",""74248""]","[{""docid"":""3002"",""score"":27.22104553925733,""snippet"":"" ... the Man Booker Prize (2002–2019), is a prestigious literary award conferred each year for the best single work of sustained fiction written in the English language, which was published in the United Kingdom or Ireland. The winner of the Booker Prize receives , as well as international publicity ... "",""title"":""https://en.wikipedia.org/wiki/Booker_Prize""},{""docid"":""20177"",""score"":27.113059877375843,""snippet"":"" ... Award, 2017\n\n- Raymond Chandler Award, 2017\n\n- Academy Board of Directors' Tribute, 2018\n\n- UCD Ulysses Medal, 2018\n\n- Adrienne Clarkson Prize for Global Citizenship, 2018\n\n- Order of the Companions of Honour, 2018\n\n- LARB/UCR Lifetime Achievement Award, 2019\n\n- VH1 Trailblazer Honoree, 2019\n\n- The Booker Prize for The Testaments, 2019\n\n- Burke ... "",""title"":""https://margaretatwood.ca/awards-recognitions/""},{""docid"":""38708"",""score"":26.79032771411486,""snippet"":"" ... 2016 The Booker Prizes |url= |url-status=live |archive-url= |archive-date=6 February 2023 |access-date=2022-10-19 |website=thebookerprizes.com |language=en}} | Longlist | Elizabeth Strout | My Name Is Lucy Barton | Viking | * Amanda Foreman (chair) * Jon Day * David Harsent * Olivia Williams * Abdulrazak Gurnah |\n| 2017 | Winner | George ... "",""title"":""https://en.wikipedia.org/wiki/List_of_winners_and_nominated_authors_of_the_Booker_Prize""},{""docid"":""62176"",""score"":26.75049548620135,""snippet"":"" ... Goes Last (2015) (Winner of the 2015 Red Tentacle award)\n* Hag-Seed (2016) (Longlisted for the 2017 Women Prize for Fiction)\n* The Testaments (2019, joint winner of the 2019 Booker Prize)\""Margaret Atwood announces sequel to The Handmaid's Tale\"" . CBC News, November 28, 2018.\n\n;Short fiction collections ... "",""title"":""https://en.wikipedia.org/wiki/Margaret_Atwood""},{""docid"":""90941"",""score"":26.070385799703875,""snippet"":"" ... shortlisted for the Booker Prize in 2017 and won the Yasnaya Polyana Foreign Fiction Award. He received several international awards, including the Prix Femina, the Israel Prize, the Goethe Prize, the Frankfurt Peace Prize and the 2013 Franz Kafka Prize. He died in 2018 at the age of ... "",""title"":""https://www.cbc.ca/books/30-books-to-celebrate-30-years-of-writers-company-1.5755144""},{""docid"":""23230"",""score"":25.967450194507723,""snippet"":"" ... the Bardo, which won the 2017 Man Booker Prize for best work of fiction in English, and was a finalist for the Golden Man Booker, in which one Booker winner was selected to represent each decade, from the fifty years since the Prize's inception.\n\nHis stories have ... "",""title"":""https://artsandsciences.syracuse.edu/english-department/creative-writing-mf-program/raymond-carver-reading-series/previous-raymond-carver-reading-series/""},{""docid"":""54683"",""score"":25.757020602508184,""snippet"":"" ... Since 2005, a second prize, the International Booker Prize, has also been awarded, which since 2016 has gone to the best work in translation.\n\nThese 70 judges were 57 percent men; 75 percent English; 16 percent Irish, Scottish, or Welsh; 10 percent other nationalities; and 99 percent white ... "",""title"":""https://pmc.ncbi.nlm.nih.gov/articles/PMC10837049/""},{""docid"":""74248"",""score"":25.216202301398404,""snippet"":"" ... Smith's fifth novel, Swing Time, was published in November 2016. It drew inspiration from Smith's childhood love of tap dancing. It was longlisted for the Man Booker Prize 2017.\n\nSmith is a contributor to Margaret Busby's 2019 anthology New Daughters of Africa (as is her ... "",""title"":""https://en.wikipedia.org/wiki/Zadie_Smith""}]"
3,103,2026-09-15T16:33:41.413103+00:00,International Booker Prize winner 2016 The Discomfort of Evening,"[""international"",""booker"",""prize"",""winner"",""2016"",""the"",""discomfort"",""of"",""evening""]","""international"" OR ""booker"" OR ""prize"" OR ""winner"" OR ""2016"" OR ""the"" OR ""discomfort"" OR ""of"" OR ""evening""",8,7f2977f0ac51173362068811a3f4184f4035997bbf7846a5637f306ac49710ac,a75ff9029a9efdf277e961fe5e276de31ebd98a6579d2795e0800f7c5c06605b,False,"[""d39"",""d20"",""d34"",""d46"",""d47"",""d48"",""d31"",""d33""]","[""62176"",""3002"",""38708"",""84677"",""76925"",""17811"",""58655"",""20177""]","[{""docid"":""62176"",""score"":22.843087941351538,""snippet"":"" ... as part of the Future Library project; will remain unpublished until 2114)\n* The Heart Goes Last (2015) (Winner of the 2015 Red Tentacle award)\n* Hag-Seed (2016) (Longlisted for the 2017 Women Prize for Fiction)\n* The Testaments (2019, joint winner of the 2019 Booker Prize)\""Margaret Atwood announces ... "",""title"":""https://en.wikipedia.org/wiki/Margaret_Atwood""},{""docid"":""3002"",""score"":20.38479982861203,""snippet"":"" ... The winner of the Booker Prize receives , as well as international publicity that usually leads to a significant sales boost. When the prize was created, only novels written by Commonwealth, Irish and South African (and later Zimbabwean) citizens were eligible to receive the prize; in 2014, eligibility was ... "",""title"":""https://en.wikipedia.org/wiki/Booker_Prize""},{""docid"":""38708"",""score"":20.091996245501623,""snippet"":"" ... List of winners and nominated authors of the Booker Prize - Wikipedia\ndate: 2002-08-11\n---\nThe following is a list of winners and shortlisted authors of the Booker Prize for Fiction. The prize has been awarded each year since 1969 to the best original full-length novel, written ... "",""title"":""https://en.wikipedia.org/wiki/List_of_winners_and_nominated_authors_of_the_Booker_Prize""},{""docid"":""84677"",""score"":20.085499464953955,""snippet"":"" ... holders of the WWE Women's Tag Team Championship.\n\nList of Elimination Chamber matches\n\n**Table 1**\n\n| | Raw brand | | SmackDown brand | | ECW brand |\n|---|---|---|---|---|---|\n\n**Table 2**\n\n| Number | Brand | Prize | Result | Winner Entry Number | Date | Event | Location | Ref. | Length |\n|---|---|---|---|---|---|---|---|---|---|\n| | Raw | World Heavyweight Championship | Shawn Michaels defeated Triple H (c), Booker T ... "",""title"":""https://en.wikipedia.org/wiki/Elimination_Chamber""},{""docid"":""76925"",""score"":20.007754904533286,""snippet"":"" ... The Discomfort of Evening\n\nBy Marieke lucas Rijneveld, translated by Michelle Hutchison\n\nA book like no other, The Discomfort of Evening is the winner of the 2020 International Booker Prize. I listened to the audiobook, which was fantastic, and I might return for a reread of the physical ... "",""title"":""http://www.booksandquills.co.uk/home/10-dutch-book-recommendations-in-english""},{""docid"":""17811"",""score"":19.843745951528007,""snippet"":"" ... The Shadow King has been shortlisted for the Booker Prize, whose judges praised it as \""a captivating exploration of female power\"".\n\nShuggie Bain by Douglas Stuart\n\nThe debut novel by Douglas Stuart draws on his own childhood in 1980s Glasgow, and is the winner of the 2020 Booker ... "",""title"":""https://www.bbc.com/culture/article/20200327-the-best-books-of-2020-so-far""},{""docid"":""58655"",""score"":19.745762745684242,""snippet"":"" ... Tonight, the Booker Foundation is reporting that the announcement of the 2021 International Booker Prize-winner, At Night All Blood Is Black, written by David Diop and translated by Anna Moschovakis, saw the book's publisher, Pushkin Press, order a five-figure reprint the day after the winner ... "",""title"":""https://publishingperspectives.com/2022/05/geetanjali-shree-and-daisy-rockwell-win-the-international-booker-prize/""},{""docid"":""20177"",""score"":19.69904656669659,""snippet"":"" ... 2004\n\n- Short-listed for the Booker International Prize, 2005\n\n- Banff Centre's National Arts Award, 2005\n\n- Edinburgh's International Book Festival Enlightenment Award, 2005\n\n- Chicago Tribune Literary Prize, 2005\n\n- Markets Initiative Order of the Forest, 2006\n\n- Short-listed for Booker International Prize, 2007\n\n- Winner Blue Metropolis Literary Grand ... "",""title"":""https://margaretatwood.ca/awards-recognitions/""}]"
3,109,2026-09-15T16:33:50.027023+00:00,International Booker Prize 2017 winner Flights Olga Tokarczuk,"[""international"",""booker"",""prize"",""2017"",""winner"",""flights"",""olga"",""tokarczuk""]","""international"" OR ""booker"" OR ""prize"" OR ""2017"" OR ""winner"" OR ""flights"" OR ""olga"" OR ""tokarczuk""",8,9b87602577427b3263507bb5811572b8d9e2a0439db0baabeac0a0ef4d4e680e,645e43b10cb13eebd1e75d4d74482fa1c60c6a83ab633b04b39b9d786d49505c,False,"[""d49"",""d50"",""d51"",""d31"",""d52"",""d53"",""d24"",""d54""]","[""74203"",""57572"",""66520"",""58655"",""46290"",""30282"",""11229"",""58582""]","[{""docid"":""74203"",""score"":43.009511815741305,""snippet"":"" ... is Jacques Testard's Fitzcarraldo Editions, which since its inception in 2014 has published one International Booker prize winner (Olga Tokarczuk's Flights, translated by Jennifer Croft) and three Nobel literature laureates: Tokarczuk, Annie Ernaux and Svetlana Alexievich.\n\nSo what is Fitzcarraldo's secret? \""First and foremost, it ... "",""title"":""https://www.theguardian.com/books/2023/jul/29/its-exciting-its-powerful-how-translated-fiction-captured-a-new-generation-of-readers""},{""docid"":""57572"",""score"":42.309129688936174,""snippet"":"" ... Olga Tokarczuk was a Finalist for Translated Literature in 2018 and Longlisted in 2019. The authors and translators on the list have been recognized by numerous international prizes, including the Akutagawa Prize, the Prix de la Littérature Arabe, the International Booker Prize, and the PEN Translation Prize. Their ... "",""title"":""https://www.nationalbook.org/2022-national-book-awards-longlist-for-translated-literature/""},{""docid"":""66520"",""score"":41.814606796552,""snippet"":"" ... In 2018, \""Flights\"" won the International Booker Prize, Britain's most important recognition for literature in translation, with the prize's chair, Lisa Appignanesi, heralding Tokarczuk as \""a writer of wonderful wit, imagination, and literary panache.\"" Thanks to the Booker win, the author already had an eager readership ... "",""title"":""https://www.newyorker.com/magazine/2024/07/08/fitzcarraldo-editions-makes-challenging-literature-chic""},{""docid"":""58655"",""score"":40.83943781932248,""snippet"":"" ... Sand | Geetanjali Shree | Daisy Rockwell | Hindi | India | Tilted Axis Press |\n\n| The Books of Jacob | Olga Tokarczuk | Jennifer Croft | Polish | Poland | Fitzcarraldo Editions |\n\nAs you'll recall, Wynne is the first International Booker Prize jury chair who is a translator. He was joined on the panel by:\n\n- Author and ... "",""title"":""https://publishingperspectives.com/2022/05/geetanjali-shree-and-daisy-rockwell-win-the-international-booker-prize/""},{""docid"":""46290"",""score"":40.62204242900484,""snippet"":"" ... a Fan, recently the winner of a British Book award) or foreign greats deemed tricky to sell (witness Fitzcarraldo's wonder trio of overseas Nobel laureates, Ernaux, Svetlana Alexievich and Olga Tokarczuk), all are finding homes with upstart maverick publishers that – as their prize success indicates – are reaping ... "",""title"":""https://www.theguardian.com/books/2023/jul/16/uk-indie-publishing-mavericks-shook-up-books-booker-nobel-fitzcarraldo-sort-of-books-daunt""},{""docid"":""30282"",""score"":39.287190629149244,""snippet"":"" ... winners like Gabriel García Márquez, Toni Morrison, and Alice Munro.\n\nMan Booker International Prize\n\nCelebrating the best-translated fiction, this biennial award recognizes a single book translated into English and published in the UK or Ireland. From Salman Rushdie's \""Midnight's Children\"" to Olga Tokarczuk's \""Flights ... "",""title"":""https://inkerspress.com/top-10-most-prestigious-international-literary-awards/""},{""docid"":""11229"",""score"":38.528368712910876,""snippet"":"" ... In 2018, the Polish novelist was recognized for \""Flights,\"" which she calls a \""constellation novel,\"" owing to its fragmentary form and genre-defying style, and which won that year's Man Booker Prize. \""Drive Your Plow Over the Bones of the Dead,\"" her latest novel to be translated ... "",""title"":""https://www.newyorker.com/books/page-turner/the-2019-national-book-awards-longlist-translated-literature""},{""docid"":""58582"",""score"":38.00056933600352,""snippet"":"" ... Jennifer Croft won a 2022 Guggenheim Fellowship for her novel The Extinction of Irena Rey, the 2020 William Saroyan International Prize for Writing for her illustrated memoir Homesick, and the 2018 International Booker Prize for her translation of Olga Tokarczuk's Flights. A two-time National Book Award ... "",""title"":""https://www.nationalbook.org/2024-national-book-awards-judges/""}]"
4,127,2026-09-15T16:33:56.238139+00:00,International Booker Prize Wikipedia winners list,"[""international"",""booker"",""prize"",""wikipedia"",""winners"",""list""]","""international"" OR ""booker"" OR ""prize"" OR ""wikipedia"" OR ""winners"" OR ""list""",8,328757c37a444f3cb217f5463b5852e5b0794e6203ccd117fa5c63c86ed8df5e,91b9aade77ba720f61cc39836429cdb0b633ed4688512ce64deccfe02d3560c8,False,"[""d20"",""d55"",""d56"",""d57"",""d58"",""d59"",""d37"",""d39""]","[""3002"",""81704"",""60594"",""14924"",""46195"",""65117"",""605"",""62176""]","[{""docid"":""3002"",""score"":21.4800075144378,""snippet"":"" ... The winner of the Booker Prize receives , as well as international publicity that usually leads to a significant sales boost. When the prize was created, only novels written by Commonwealth, Irish and South African (and later Zimbabwean) citizens were eligible to receive the prize; in 2014, eligibility was ... "",""title"":""https://en.wikipedia.org/wiki/Booker_Prize""},{""docid"":""81704"",""score"":20.367690167463646,""snippet"":"" ... If you want to understand modern-day Britain, this is the writer to read.\""\n\nAccolades\n\nGirl, Woman, Other was joint winner (with Margaret Atwood's The Testaments) of the 2019 Booker Prize,Flood, Alison (14 October 2019), \""Margaret Atwood and Bernardine Evaristo share Booker prize 2019\"", The Guardian ... "",""title"":""https://en.wikipedia.org/wiki/Girl,_Woman,_Other""},{""docid"":""60594"",""score"":20.36225110378887,""snippet"":"" ... 2014 Man Booker Prize (longlist)\n* 2014 California Book Awards Silver Medal Fiction winner for Orfeo\n* 2018 Man Booker Prize (shortlist)\n* 2019 Pulitzer Prize for Fiction\n* 2019 PEN Oakland Josephine Miles Literary Award for The Overstory\n* 2020 William Dean Howells Medal for The Overstory\n* 2021 Booker Prize (shortlist)\n* 2021 ... "",""title"":""https://en.wikipedia.org/wiki/Richard_Powers""},{""docid"":""14924"",""score"":20.347985016197114,""snippet"":"" ... bestsellers list for Hardback Fiction.\n\nBarnes's 11th novel, The Sense of an Ending, published by Jonathan Cape, was released on 4 August 2011. In October of that year, the book was awarded the Man Booker Prize. The judges took 31 minutes to decide the winner and head ... "",""title"":""https://en.wikipedia.org/wiki/Julian_Barnes""},{""docid"":""46195"",""score"":20.308270109088674,""snippet"":"" ... Booker Prize, making Catton the youngest author ever to win the prize (at age 28) and only the second New Zealander. It was subsequently adapted into a television miniseries, with Catton as screenwriter. In 2023, she was named on the Granta Best of Young British Novelists list.\n\nEarly ... "",""title"":""https://en.wikipedia.org/wiki/Eleanor_Catton""},{""docid"":""65117"",""score"":20.11788968504329,""snippet"":"" ... The decade—and the Australian phase of Carey's career—culminated with the publication of Oscar and Lucinda (1988), which won the Booker McConnell Prize (as it was then known) and brought the author international recognition. Carey explained that the novel was inspired, in part, by his time ... "",""title"":""https://en.wikipedia.org/wiki/Peter_Carey_(novelist)""},{""docid"":""605"",""score"":20.045126116127598,""snippet"":"" ... List 2012 . International IMPAC Dublin Literary Award 2012. Retrieved 23 January 2015.\n* Financial Times 2010 Fiction of the YearBlau, Rosie (3 December 2010). FT Fiction Round-up 2010. Financial Times, Fiction Round-up 2010. Retrieved 25 January 2015.\n\nLife of Pi\n\n* Winner of the 2002 Man Booker Prize ... "",""title"":""https://en.wikipedia.org/wiki/Yann_Martel""},{""docid"":""62176"",""score"":19.744649022927554,""snippet"":"" ... Award)\n* Alias Grace (1996, winner of the 1996 Giller Prize, finalist for the 1996 Booker Prize and the 1996 Governor General's Award, shortlisted for the 1997 Orange Prize for Fiction)\n* The Blind Assassin (2000, winner of the 2000 Booker Prize and finalist for the 2000 Governor General ... "",""title"":""https://en.wikipedia.org/wiki/Margaret_Atwood""}]"
4,135,2026-09-15T16:33:56.832676+00:00,Man Booker International Prize Wikipedia,"[""man"",""booker"",""international"",""prize"",""wikipedia""]","""man"" OR ""booker"" OR ""international"" OR ""prize"" OR ""wikipedia""",8,fa38d220b2eee7ec917bfe915a65d36344325162ad1a746b3b23c73a6c2d1393,98ed22732ed573e9572bac09613138e7396f3d3ca40006d05957a2bb911d129b,False,"[""d20"",""d56"",""d59"",""d57"",""d37"",""d60"",""d61"",""d58""]","[""3002"",""60594"",""65117"",""14924"",""605"",""74229"",""11374"",""46195""]","[{""docid"":""3002"",""score"":18.42386744771581,""snippet"":"" ... The award has been known as the International Booker Prize since the Man Group ended its association with the prizes in 2019.\n\nA Russian version of the Booker Prize was created in 1992 called the Booker-Open Russia Literary Prize, also known as the Russian Booker Prize. In ... "",""title"":""https://en.wikipedia.org/wiki/Booker_Prize""},{""docid"":""60594"",""score"":18.072287696405176,""snippet"":"" ... Louis Post-Dispatch, Newsday, London Evening Standard, Time Out (London), San Jose Mercury News\n* Finalist, National Book Critics Circle Award, 2003, 1995, 1991, 1985\n* 2006 Finalist, Pulitzer Prize for Fiction\n* 2010 Elected Member, American Academy of Arts and Letters\n* 2014 Man Booker Prize (longlist)\n* 2014 California Book Awards ... "",""title"":""https://en.wikipedia.org/wiki/Richard_Powers""},{""docid"":""65117"",""score"":17.872664674492025,""snippet"":"" ... Booker Prize 1988, 2001\n\nPeter Philip Carey AO (born 7 May 1943) is an Australian novelist.\n\nHe is one of only five writers to have won the Booker Prize twice—the others being J. G. Farrell, J. M. Coetzee, Hilary Mantel and Margaret Atwood.Man Booker official site ... "",""title"":""https://en.wikipedia.org/wiki/Peter_Carey_(novelist)""},{""docid"":""14924"",""score"":17.369566383249328,""snippet"":"" ... Prix Femina 1992 Commandeur of L'Ordre des Arts et des Lettres 2004 Man Booker Prize 2011 Jerusalem Prize 2021\nspouse: Pat Kavanagh (agent) (m. 1979)\nwebsite: julianbarnes.com\n\nJulian Patrick Barnes (born 19 January 1946) is an English writer. He won the Man Booker Prize in 2011 ... "",""title"":""https://en.wikipedia.org/wiki/Julian_Barnes""},{""docid"":""605"",""score"":16.861101568815897,""snippet"":"" ... Yann Martel signature (cropped).jpg\n\nYann Martel, (born June 25, 1963) is a Canadian author who wrote the Man Booker Prize–winning novel Life of Pi, an international bestseller published in more than 50 territories. It has sold more than 12 million copies worldwide and spent more than ... "",""title"":""https://en.wikipedia.org/wiki/Yann_Martel""},{""docid"":""74229"",""score"":16.840602440549574,""snippet"":"" ... four writers to have won the Booker Prize twice—the others being J. G. Farrell, J. M. Coetzee and Hilary Mantel.Man Booker official site: J. G. Farrell ; Hilary Mantel ; J. M. Coetzee: .\n\nAmong Canadian writers who have achieved an international reputation, are novelist and poet Margaret Atwood ... "",""title"":""https://en.wikipedia.org/wiki/Twentieth-century_English_literature""},{""docid"":""11374"",""score"":16.81584511274756,""snippet"":"" ... In 1980, Golding was awarded the Booker Prize for Rites of Passage, the first novel in what became his sea trilogy, To the Ends of the Earth. He was awarded the 1983 Nobel Prize in Literature.\n\nAs a result of his contributions to literature, Golding was knighted in ... "",""title"":""https://en.wikipedia.org/wiki/William_Golding""},{""docid"":""46195"",""score"":16.621688546472424,""snippet"":"" ... at the International Institute of Modern Letters. Her award-winning debut novel, The Rehearsal, written as her Master's thesis, was published in 2008, and has been adapted into a 2016 film of the same name. Her second novel, The Luminaries, won the 2013 Booker Prize, making Catton ... "",""title"":""https://en.wikipedia.org/wiki/Eleanor_Catton""}]"
4,140,2026-09-15T16:33:57.325494+00:00,Booker International Prize 2016 2017 2018 2019 winner,"[""booker"",""international"",""prize"",""2016"",""2017"",""2018"",""2019"",""winner""]","""booker"" OR ""international"" OR ""prize"" OR ""2016"" OR ""2017"" OR ""2018"" OR ""2019"" OR ""winner""",8,24e5711872dc8ff37cd215008729806101bfe0ab2af8c1fa29a722e7efee18f1,bbd63074ad61139caf54415fa4c584901821e60be58931774da2499cbc0d2cec,False,"[""d33"",""d20"",""d34"",""d39"",""d36"",""d42"",""d44"",""d62""]","[""20177"",""3002"",""38708"",""62176"",""54683"",""90941"",""23230"",""73144""]","[{""docid"":""20177"",""score"":25.98891111992596,""snippet"":"" ... Award, 2017\n\n- Raymond Chandler Award, 2017\n\n- Academy Board of Directors' Tribute, 2018\n\n- UCD Ulysses Medal, 2018\n\n- Adrienne Clarkson Prize for Global Citizenship, 2018\n\n- Order of the Companions of Honour, 2018\n\n- LARB/UCR Lifetime Achievement Award, 2019\n\n- VH1 Trailblazer Honoree, 2019\n\n- The Booker Prize for The Testaments, 2019\n\n- Burke ... "",""title"":""https://margaretatwood.ca/awards-recognitions/""},{""docid"":""3002"",""score"":25.59263157691798,""snippet"":"" ... of Seven Killings | Historical/experimental novel | |\n| 2016 | Paul Beatty | The Sellout | Satire | |\n| 2017 | George Saunders | Lincoln in the Bardo | Historical/experimental novel | |\n| 2018 | Anna Burns | Milkman | Literary fiction | |\n| 2019 | Margaret Atwood | The Testaments | Literary fiction | |\n| 2019 | Bernardine Evaristo The Booker Prizes |url= |access-date=2022-09-26 |website ... "",""title"":""https://en.wikipedia.org/wiki/Booker_Prize""},{""docid"":""38708"",""score"":25.527081609931987,""snippet"":"" ... 2016 The Booker Prizes |url= |url-status=live |archive-url= |archive-date=6 February 2023 |access-date=2022-10-19 |website=thebookerprizes.com |language=en}} | Longlist | Elizabeth Strout | My Name Is Lucy Barton | Viking | * Amanda Foreman (chair) * Jon Day * David Harsent * Olivia Williams * Abdulrazak Gurnah |\n| 2017 | Winner | George ... "",""title"":""https://en.wikipedia.org/wiki/List_of_winners_and_nominated_authors_of_the_Booker_Prize""},{""docid"":""62176"",""score"":25.513679308502965,""snippet"":"" ... Goes Last (2015) (Winner of the 2015 Red Tentacle award)\n* Hag-Seed (2016) (Longlisted for the 2017 Women Prize for Fiction)\n* The Testaments (2019, joint winner of the 2019 Booker Prize)\""Margaret Atwood announces sequel to The Handmaid's Tale\"" . CBC News, November 28, 2018.\n\n;Short fiction collections ... "",""title"":""https://en.wikipedia.org/wiki/Margaret_Atwood""},{""docid"":""54683"",""score"":25.08871133383363,""snippet"":"" ... Since 2005, a second prize, the International Booker Prize, has also been awarded, which since 2016 has gone to the best work in translation.\n\nThese 70 judges were 57 percent men; 75 percent English; 16 percent Irish, Scottish, or Welsh; 10 percent other nationalities; and 99 percent white ... "",""title"":""https://pmc.ncbi.nlm.nih.gov/articles/PMC10837049/""},{""docid"":""90941"",""score"":24.667588632293587,""snippet"":"" ... shortlisted for the Booker Prize in 2017 and won the Yasnaya Polyana Foreign Fiction Award. He received several international awards, including the Prix Femina, the Israel Prize, the Goethe Prize, the Frankfurt Peace Prize and the 2013 Franz Kafka Prize. He died in 2018 at the age of ... "",""title"":""https://www.cbc.ca/books/30-books-to-celebrate-30-years-of-writers-company-1.5755144""},{""docid"":""23230"",""score"":24.57794426799746,""snippet"":"" ... It was also shortlisted for the 2018 Saroyan Prize and longlisted for the 2018 PEN/Robert Bingham Prize for Debut Fiction and the 2017 Story Prize. Her novel The Gone Dead was published by Ecco/HarperCollins in June 2019 and was a New York Times Book Review Editor ... "",""title"":""https://artsandsciences.syracuse.edu/english-department/creative-writing-mf-program/raymond-carver-reading-series/previous-raymond-carver-reading-series/""},{""docid"":""73144"",""score"":24.3790105361129,""snippet"":"" ... for New Writing North's Read Regional campaign 2017 and won the Saboteur Award for Best Novella 2016. My first novel, Sealed (2017), is a work of eco-horror, which was shortlisted for the Not the Booker Award 2018. My second novel, Exit Management (2020), moves between contemporary ... "",""title"":""https://www.durham.ac.uk/staff/naomi-r-booth/""}]"
4,145,2026-09-15T16:33:58.027362+00:00,Chigozie Obioma born Akure grew up,"[""chigozie"",""obioma"",""born"",""akure"",""grew"",""up""]","""chigozie"" OR ""obioma"" OR ""born"" OR ""akure"" OR ""grew"" OR ""up""",8,a094ecbabc52f34b86746d6a96126bf5b3b98cfa994312ebebffcc19638c8515,64dfc7c346a884643106a42ca965c5fb45f4c63d4e522c7d9a202f644148c345,False,"[""d40"",""d34"",""d63"",""d64"",""d65"",""d66"",""d67"",""d68""]","[""8674"",""38708"",""3438"",""37690"",""23177"",""12500"",""94245"",""39802""]","[{""docid"":""8674"",""score"":52.96010214082716,""snippet"":"" ... 2022-01-01\n---\nADVISORS\n\nAdvisors\n\nProgram Director\n\nChigozie Obioma was born in Akure, Nigeria. His two novels, The Fishermen (2015) and An Orchestra of Minorities (2019) were shortlisted for The Booker Prize and have been translated into 30 languages. He has an LA Times book prize, the prestigious ... "",""title"":""https://www.oxbelly.com/fiction-writers-program/advisors""},{""docid"":""38708"",""score"":31.463356866547233,""snippet"":"" ... Farrell\n*Karen Joy Fowler\n*Linda Grant\n*Abdulrazak Gurnah\n*Sarah Hall\n*Mohsin Hamid\n*Shirley Hazzard\n*Philip Hensher\n*Mary Lawson\n*David Lodge\n*Patrick McCabe\n*Colum McCann\n*Tom McCarthy\n*Shena Mackay\n*Chigozie Obioma\n*Michael Ondaatje\n*Joseph O'Neill\n*Tim Parks\n*Caryl Phillips\n*Julian Rathbone\n*Mordecai Richler\n*Arundhati Roy\n*Bernice Rubens\n*Donal ... "",""title"":""https://en.wikipedia.org/wiki/List_of_winners_and_nominated_authors_of_the_Booker_Prize""},{""docid"":""3438"",""score"":28.859576575212124,""snippet"":"" ... Chigozie Obioma\ndate: 2000-01-01\n---\n-\n\n- MajorsMinorsCertificates\n\n>>\n\n- Policies & ProceduresFYW Guidebook\n\n>>\n\n- Digital Learning LabsPortfoliosEvaluationsMoran ePortfolio AwardsBarnett Essay AwardsDouble Dawgs\n\n>>\n\n- Transfer FAQProspective Student Information\n\n>>\n\n- Study AbroadInternships and Research Opportunities\n\n>>\n\n-\n\n>>\n\n- Double DawgsTransfer Student InformationDual Degree Program: LLED/BAExperiential Learning in EnglishStudy AbroadAwards and Prizes\n\n-\n\n>>\n\n- Double Dawgs\n\n>>\n\n- African American/Multicultural StudiesAmerican Literary ... "",""title"":""https://www.english.uga.edu/directory/people/chigozie-obioma""},{""docid"":""37690"",""score"":26.8956960175981,""snippet"":"" ... This book brilliantly explores the effects of slavery and colonialism on African families as the story unfolds between West Africa and the United States.\n\n- The Fishermen (2015) by Chigozie Obioma (Nigeria): In this heartbreaking tale, four brothers in a small Nigerian town have their lives turned upside down ... "",""title"":""https://enkoeducation.com/the-must-read-in-african-literature/""},{""docid"":""23177"",""score"":26.07169309595544,""snippet"":"" ... Appiah argues that, unlike their counterparts who grew up facing the crudest forms of racial and colonial discrimination in the West and the Francophone subcontinent, the likes of S̩óyinká were \""children who were extracted from the traditional culture of their parents and grandparents and thrust into the ... "",""title"":""https://africasacountry.com/2019/04/why-im-no-longer-talking-to-nigerians-about-race""},{""docid"":""12500"",""score"":21.880375747671195,""snippet"":"" ... Purple Hibiscus (2003), Half of a Yellow Sun (2006), Americanah (2013)\n* Chigozie Obioma (Nigeria): The Fishermen (2015), An Orchestra of Minorities (2019)\n* José Eduardo Agualusa (Angola): Rainy Season, Creole, The Book of Chameleons, My Father's Wives\n* Ama Ata Aidoo (Ghana): Our Sister Killjoy (1977), Changes: a Love ... "",""title"":""https://en.wikipedia.org/wiki/African_literature""},{""docid"":""94245"",""score"":20.848125993513037,""snippet"":"" ... Chigozie Obioma, in The Orchestra of Minorities does the same. You shall notice in my next novel, The Wanderers [to be published in April/May], that I delve into this a little deeper also, to depict the notion of the absurdity of the human condition, which though popularized ... "",""title"":""https://africasacountry.com/2021/03/the-xhosa-literary-revival""},{""docid"":""39802"",""score"":18.633781027342764,""snippet"":"" ... I, a great new African writer is asking these questions in a spare yet extraordinary novel about this bloody stain on human history.\""\n\n–Chigozie Obioma (The New York Times Book Review)\n\nFinalists:\n\nPeter Cameron, What Happens at Night (Catapult)\n\nAkwaeke Emezi, The Death of Vivek Oji (Riverhead)\n\nDanielle ... "",""title"":""https://lithub.com/the-award-winning-novels-of-2021/""}]"
4,154,2026-09-15T16:33:58.826398+00:00,Chigozie Obioma birthplace hometown,"[""chigozie"",""obioma"",""birthplace"",""hometown""]","""chigozie"" OR ""obioma"" OR ""birthplace"" OR ""hometown""",8,a03d6eeb318b81fb3bd94ea506d5395b4ee849a643a7dd1b957446fc38f663f2,613574432758f9442e45b2c2d7a2c5d499cb3acb560846c9ff54238a96b67017,False,"[""d40"",""d34"",""d63"",""d64"",""d65"",""d66"",""d68"",""d67""]","[""8674"",""38708"",""3438"",""37690"",""23177"",""12500"",""39802"",""94245""]","[{""docid"":""8674"",""score"":32.90671524114903,""snippet"":"" ... 2022-01-01\n---\nADVISORS\n\nAdvisors\n\nProgram Director\n\nChigozie Obioma was born in Akure, Nigeria. His two novels, The Fishermen (2015) and An Orchestra of Minorities (2019) were shortlisted for The Booker Prize and have been translated into 30 languages. He has an LA Times book prize, the prestigious ... "",""title"":""https://www.oxbelly.com/fiction-writers-program/advisors""},{""docid"":""38708"",""score"":31.46335604624084,""snippet"":"" ... Farrell\n*Karen Joy Fowler\n*Linda Grant\n*Abdulrazak Gurnah\n*Sarah Hall\n*Mohsin Hamid\n*Shirley Hazzard\n*Philip Hensher\n*Mary Lawson\n*David Lodge\n*Patrick McCabe\n*Colum McCann\n*Tom McCarthy\n*Shena Mackay\n*Chigozie Obioma\n*Michael Ondaatje\n*Joseph O'Neill\n*Tim Parks\n*Caryl Phillips\n*Julian Rathbone\n*Mordecai Richler\n*Arundhati Roy\n*Bernice Rubens\n*Donal ... "",""title"":""https://en.wikipedia.org/wiki/List_of_winners_and_nominated_authors_of_the_Booker_Prize""},{""docid"":""3438"",""score"":28.859576575212124,""snippet"":"" ... Chigozie Obioma\ndate: 2000-01-01\n---\n-\n\n- MajorsMinorsCertificates\n\n>>\n\n- Policies & ProceduresFYW Guidebook\n\n>>\n\n- Digital Learning LabsPortfoliosEvaluationsMoran ePortfolio AwardsBarnett Essay AwardsDouble Dawgs\n\n>>\n\n- Transfer FAQProspective Student Information\n\n>>\n\n- Study AbroadInternships and Research Opportunities\n\n>>\n\n-\n\n>>\n\n- Double DawgsTransfer Student InformationDual Degree Program: LLED/BAExperiential Learning in EnglishStudy AbroadAwards and Prizes\n\n-\n\n>>\n\n- Double Dawgs\n\n>>\n\n- African American/Multicultural StudiesAmerican Literary ... "",""title"":""https://www.english.uga.edu/directory/people/chigozie-obioma""},{""docid"":""37690"",""score"":25.4849935996429,""snippet"":"" ... This book brilliantly explores the effects of slavery and colonialism on African families as the story unfolds between West Africa and the United States.\n\n- The Fishermen (2015) by Chigozie Obioma (Nigeria): In this heartbreaking tale, four brothers in a small Nigerian town have their lives turned upside down ... "",""title"":""https://enkoeducation.com/the-must-read-in-african-literature/""},{""docid"":""23177"",""score"":25.29933585188491,""snippet"":"" ... the likes of US-based Nigerian Booker Prize shortlistee Chigozie Obioma to take on the mantle of bootstrap race \""analysis\"" in a more sophisticated manner. A few months before the 2016 Aké Festival Black Lives Matter panel, Obioma saw it fit to make his intervention into the debate ... "",""title"":""https://africasacountry.com/2019/04/why-im-no-longer-talking-to-nigerians-about-race""},{""docid"":""12500"",""score"":20.409342150189232,""snippet"":"" ... Purple Hibiscus (2003), Half of a Yellow Sun (2006), Americanah (2013)\n* Chigozie Obioma (Nigeria): The Fishermen (2015), An Orchestra of Minorities (2019)\n* José Eduardo Agualusa (Angola): Rainy Season, Creole, The Book of Chameleons, My Father's Wives\n* Ama Ata Aidoo (Ghana): Our Sister Killjoy (1977), Changes: a Love ... "",""title"":""https://en.wikipedia.org/wiki/African_literature""},{""docid"":""39802"",""score"":18.633779395095694,""snippet"":"" ... I, a great new African writer is asking these questions in a spare yet extraordinary novel about this bloody stain on human history.\""\n\n–Chigozie Obioma (The New York Times Book Review)\n\nFinalists:\n\nPeter Cameron, What Happens at Night (Catapult)\n\nAkwaeke Emezi, The Death of Vivek Oji (Riverhead)\n\nDanielle ... "",""title"":""https://lithub.com/the-award-winning-novels-of-2021/""},{""docid"":""94245"",""score"":17.78098118761512,""snippet"":"" ... Chigozie Obioma, in The Orchestra of Minorities does the same. You shall notice in my next novel, The Wanderers [to be published in April/May], that I delve into this a little deeper also, to depict the notion of the absurdity of the human condition, which though popularized ... "",""title"":""https://africasacountry.com/2021/03/the-xhosa-literary-revival""}]"
4,157,2026-09-15T16:33:58.973359+00:00,An Orchestra of Minorities author biography,"[""an"",""orchestra"",""of"",""minorities"",""author"",""biography""]","""an"" OR ""orchestra"" OR ""of"" OR ""minorities"" OR ""author"" OR ""biography""",8,0799142a5d1defdd3f73bdf645dae11e0955191400778b7c4310e100cb6aeab6,4d8f0b53239209e780ebba5ebdcd5e4ab769e428ed4c8bcbd96234403b539a5d,False,"[""d69"",""d70"",""d71"",""d72"",""d73"",""d74"",""d75"",""d76""]","[""49821"",""64521"",""71477"",""70690"",""83327"",""12160"",""43038"",""14701""]","[{""docid"":""49821"",""score"":14.787298868469684,""snippet"":"" ... The Swan From The Carnival of the Animals. Performed by John Michel Introduction et Rondo Capriccioso, Op. 28 Performed by Elias Goldstein with the Depaul Symphony Introduction et Rondo Capriccioso, Op. 28 performed by the Skidmore College Orchestra. Cello Concerto No. 1 in A minor, Op. 33 - I ... "",""title"":""https://www.classiccat.net/saint-saens_c/biography.php""},{""docid"":""64521"",""score"":14.60666713835348,""snippet"":"" ... Willem Andriessen - elder brother of the composer Hendrik - wrote chamber music with piano, a Mass for choir and orchestra, a Concerto for piano and songs.\n\n- Biography\n\nStefan Askenase\n\nPoland, Belgium, °1896 - 1985 †\n\nStefan Askenase (1896-1985) began playing the piano at the age of five with his mother ... "",""title"":""https://queenelisabethcompetition.be/en/competitions-details-jury/events/piano-1952/""},{""docid"":""71477"",""score"":14.549310924316593,""snippet"":"" ... Orchestra) in D minor, FP 61, was composed over the period of three months in the summer of 1932. It is often described as the climax of Poulenc's early period. The composer wrote to the Belgian musicologist Paul Collaer: \""You will see for yourself what an enormous ... "",""title"":""https://en.wikipedia.org/wiki/Concerto_for_Two_Pianos_and_Orchestra_(Poulenc)""},{""docid"":""70690"",""score"":13.529700021443418,""snippet"":"" ... David Alexander Rahbee is an Associate Professor at the University of Washington School of Music in Seattle, where he is Director of Orchestral Activities and Chair of Orchestral Conducting. He is Music Director and Conductor of the University of Washington Symphony Orchestra and founder of the UW Campus ... "",""title"":""https://music.washington.edu/events/2023-11-03/uw-symphony-rachel-lee-priday-violin""},{""docid"":""83327"",""score"":13.473518387790616,""snippet"":"" ... The choir was reassembled for subsequent Messiah performances (appearing as the \""National Symphony Orchestra Chorus\""), but in 1965 it was decided to form an independent organization under Scribner's direction. The first concert on February 9, 1966 was a performance of Zoltán Kodály's Missa Brevis on an ... "",""title"":""https://en.wikipedia.org/wiki/Choral_Arts_Society_of_Washington""},{""docid"":""12160"",""score"":13.112271024165135,""snippet"":"" ... Wurman and his project were featured in an 2008 NPR article: \n\nSHOUT FOR JOY - WINDS AND VOICE WITH CHAMBER ORCHESTRA\n\nMONDAY, NOVEMBER 20, 2017\n\nHovhaness short biography\n\nAlan Hovhaness (1911-2000) was an American composer who lived and worked during most of the 20th century. His musical output ... "",""title"":""http://www.tsoonline.org/20172018-season-1""},{""docid"":""43038"",""score"":13.073107699946522,""snippet"":"" ... They believed that a capable college orchestra would not only benefit instrumental students, but would give students of composition the essential chance to experience the sound of their music. The college's first intake of scholarship students included 28 who studied an orchestral instrument. The potential strength of ... "",""title"":""https://en.wikipedia.org/wiki/Royal_College_of_Music""},{""docid"":""14701"",""score"":12.996572434477766,""snippet"":"" ... Structure\n\nHiawatha's Wedding Feast consists of nine sections: eight for chorus and orchestra, and one, \""Onaway! Awake, beloved!\"", for solo tenor and orchestra.\n\nBackground\n\nIn 1898, Coleridge-Taylor was fresh from his success with his orchestral Ballade in A minor, which was performed at the Three Choirs ... "",""title"":""https://en.wikipedia.org/wiki/The_Song_of_Hiawatha_(Coleridge-Taylor)""}]"
5,177,2026-09-15T16:34:07.248860+00:00,International Booker Prize Wikipedia,"[""international"",""booker"",""prize"",""wikipedia""]","""international"" OR ""booker"" OR ""prize"" OR ""wikipedia""",8,4116eee54952dbad91a9c320b23ec126b5c53de7110f5c0a0f5959a32e56f612,0760ee519fce440bbcc14ac2cdfb1c5662b3eb6a0445e5ef802a97e408aaf2fd,False,"[""d20"",""d58"",""d56"",""d55"",""d59"",""d57"",""d61"",""d37""]","[""3002"",""46195"",""60594"",""81704"",""65117"",""14924"",""11374"",""605""]","[{""docid"":""3002"",""score"":16.79545348537646,""snippet"":"" ... A sister prize, the International Booker Prize, is awarded for a work of fiction translated into English and published in the United Kingdom or Ireland. Unlike the Booker Prize, short story collections are eligible for the International Booker Prize. The £50,000 prize money is split evenly between ... "",""title"":""https://en.wikipedia.org/wiki/Booker_Prize""},{""docid"":""46195"",""score"":16.621688546472424,""snippet"":"" ... at the International Institute of Modern Letters. Her award-winning debut novel, The Rehearsal, written as her Master's thesis, was published in 2008, and has been adapted into a 2016 film of the same name. Her second novel, The Luminaries, won the 2013 Booker Prize, making Catton ... "",""title"":""https://en.wikipedia.org/wiki/Eleanor_Catton""},{""docid"":""60594"",""score"":16.61306151985258,""snippet"":"" ... It won the 2019 Pulitzer Prize for Fiction, was shortlisted for the Booker Prize and the $75,000 2019 PEN/Jean Stein Book Award, and was runner-up for the Dayton Literary Peace Prize.\n\nBewilderment, published in September 2021, was shortlisted for the 2021 Booker Prize and longlisted ... "",""title"":""https://en.wikipedia.org/wiki/Richard_Powers""},{""docid"":""81704"",""score"":16.56920535185472,""snippet"":"" ... If you want to understand modern-day Britain, this is the writer to read.\""\n\nAccolades\n\nGirl, Woman, Other was joint winner (with Margaret Atwood's The Testaments) of the 2019 Booker Prize,Flood, Alison (14 October 2019), \""Margaret Atwood and Bernardine Evaristo share Booker prize 2019\"", The Guardian ... "",""title"":""https://en.wikipedia.org/wiki/Girl,_Woman,_Other""},{""docid"":""65117"",""score"":16.34256610935193,""snippet"":"" ... The decade—and the Australian phase of Carey's career—culminated with the publication of Oscar and Lucinda (1988), which won the Booker McConnell Prize (as it was then known) and brought the author international recognition. Carey explained that the novel was inspired, in part, by his time ... "",""title"":""https://en.wikipedia.org/wiki/Peter_Carey_(novelist)""},{""docid"":""14924"",""score"":15.756661718187186,""snippet"":"" ... Shakespeare Prize, Alfred Toepfer Foundation\n*2004: Austrian State Prize for European Literature\n*2004: Commandeur de L'Ordre des Arts et des Lettres (Chevalier, 1988).\n*2008: San Clemente Literary Prize\n*2011: David Cohen Prize for Literature\n*2011: Man Booker Prize, winner, The Sense of an Ending\n*2011 Costa Book ... "",""title"":""https://en.wikipedia.org/wiki/Julian_Barnes""},{""docid"":""11374"",""score"":15.576169151669522,""snippet"":"" ... In 1980, Golding was awarded the Booker Prize for Rites of Passage, the first novel in what became his sea trilogy, To the Ends of the Earth. He was awarded the 1983 Nobel Prize in Literature.\n\nAs a result of his contributions to literature, Golding was knighted in ... "",""title"":""https://en.wikipedia.org/wiki/William_Golding""},{""docid"":""605"",""score"":15.437015153581319,""snippet"":"" ... Yann Martel signature (cropped).jpg\n\nYann Martel, (born June 25, 1963) is a Canadian author who wrote the Man Booker Prize–winning novel Life of Pi, an international bestseller published in more than 50 territories. It has sold more than 12 million copies worldwide and spent more than ... "",""title"":""https://en.wikipedia.org/wiki/Yann_Martel""}]"
5,180,2026-09-15T16:34:07.617602+00:00,Booker International Prize 2016 2017 2018 2019 winner,"[""booker"",""international"",""prize"",""2016"",""2017"",""2018"",""2019"",""winner""]","""booker"" OR ""international"" OR ""prize"" OR ""2016"" OR ""2017"" OR ""2018"" OR ""2019"" OR ""winner""",8,24e5711872dc8ff37cd215008729806101bfe0ab2af8c1fa29a722e7efee18f1,bbd63074ad61139caf54415fa4c584901821e60be58931774da2499cbc0d2cec,True,"[""d33"",""d20"",""d34"",""d39"",""d36"",""d42"",""d44"",""d62""]","[""20177"",""3002"",""38708"",""62176"",""54683"",""90941"",""23230"",""73144""]","[{""docid"":""20177"",""score"":25.98891111992596,""snippet"":"" ... Award, 2017\n\n- Raymond Chandler Award, 2017\n\n- Academy Board of Directors' Tribute, 2018\n\n- UCD Ulysses Medal, 2018\n\n- Adrienne Clarkson Prize for Global Citizenship, 2018\n\n- Order of the Companions of Honour, 2018\n\n- LARB/UCR Lifetime Achievement Award, 2019\n\n- VH1 Trailblazer Honoree, 2019\n\n- The Booker Prize for The Testaments, 2019\n\n- Burke ... "",""title"":""https://margaretatwood.ca/awards-recognitions/""},{""docid"":""3002"",""score"":25.59263157691798,""snippet"":"" ... of Seven Killings | Historical/experimental novel | |\n| 2016 | Paul Beatty | The Sellout | Satire | |\n| 2017 | George Saunders | Lincoln in the Bardo | Historical/experimental novel | |\n| 2018 | Anna Burns | Milkman | Literary fiction | |\n| 2019 | Margaret Atwood | The Testaments | Literary fiction | |\n| 2019 | Bernardine Evaristo The Booker Prizes |url= |access-date=2022-09-26 |website ... "",""title"":""https://en.wikipedia.org/wiki/Booker_Prize""},{""docid"":""38708"",""score"":25.527081609931987,""snippet"":"" ... 2016 The Booker Prizes |url= |url-status=live |archive-url= |archive-date=6 February 2023 |access-date=2022-10-19 |website=thebookerprizes.com |language=en}} | Longlist | Elizabeth Strout | My Name Is Lucy Barton | Viking | * Amanda Foreman (chair) * Jon Day * David Harsent * Olivia Williams * Abdulrazak Gurnah |\n| 2017 | Winner | George ... "",""title"":""https://en.wikipedia.org/wiki/List_of_winners_and_nominated_authors_of_the_Booker_Prize""},{""docid"":""62176"",""score"":25.513679308502965,""snippet"":"" ... Goes Last (2015) (Winner of the 2015 Red Tentacle award)\n* Hag-Seed (2016) (Longlisted for the 2017 Women Prize for Fiction)\n* The Testaments (2019, joint winner of the 2019 Booker Prize)\""Margaret Atwood announces sequel to The Handmaid's Tale\"" . CBC News, November 28, 2018.\n\n;Short fiction collections ... "",""title"":""https://en.wikipedia.org/wiki/Margaret_Atwood""},{""docid"":""54683"",""score"":25.08871133383363,""snippet"":"" ... Since 2005, a second prize, the International Booker Prize, has also been awarded, which since 2016 has gone to the best work in translation.\n\nThese 70 judges were 57 percent men; 75 percent English; 16 percent Irish, Scottish, or Welsh; 10 percent other nationalities; and 99 percent white ... "",""title"":""https://pmc.ncbi.nlm.nih.gov/articles/PMC10837049/""},{""docid"":""90941"",""score"":24.667588632293587,""snippet"":"" ... shortlisted for the Booker Prize in 2017 and won the Yasnaya Polyana Foreign Fiction Award. He received several international awards, including the Prix Femina, the Israel Prize, the Goethe Prize, the Frankfurt Peace Prize and the 2013 Franz Kafka Prize. He died in 2018 at the age of ... "",""title"":""https://www.cbc.ca/books/30-books-to-celebrate-30-years-of-writers-company-1.5755144""},{""docid"":""23230"",""score"":24.57794426799746,""snippet"":"" ... It was also shortlisted for the 2018 Saroyan Prize and longlisted for the 2018 PEN/Robert Bingham Prize for Debut Fiction and the 2017 Story Prize. Her novel The Gone Dead was published by Ecco/HarperCollins in June 2019 and was a New York Times Book Review Editor ... "",""title"":""https://artsandsciences.syracuse.edu/english-department/creative-writing-mf-program/raymond-carver-reading-series/previous-raymond-carver-reading-series/""},{""docid"":""73144"",""score"":24.3790105361129,""snippet"":"" ... for New Writing North's Read Regional campaign 2017 and won the Saboteur Award for Best Novella 2016. My first novel, Sealed (2017), is a work of eco-horror, which was shortlisted for the Not the Booker Award 2018. My second novel, Exit Management (2020), moves between contemporary ... "",""title"":""https://www.durham.ac.uk/staff/naomi-r-booth/""}]"
5,181,2026-09-15T16:34:07.638593+00:00,Man Booker International Prize Wikipedia,"[""man"",""booker"",""international"",""prize"",""wikipedia""]","""man"" OR ""booker"" OR ""international"" OR ""prize"" OR ""wikipedia""",8,fa38d220b2eee7ec917bfe915a65d36344325162ad1a746b3b23c73a6c2d1393,98ed22732ed573e9572bac09613138e7396f3d3ca40006d05957a2bb911d129b,True,"[""d20"",""d56"",""d59"",""d57"",""d37"",""d60"",""d61"",""d58""]","[""3002"",""60594"",""65117"",""14924"",""605"",""74229"",""11374"",""46195""]","[{""docid"":""3002"",""score"":18.42386744771581,""snippet"":"" ... The award has been known as the International Booker Prize since the Man Group ended its association with the prizes in 2019.\n\nA Russian version of the Booker Prize was created in 1992 called the Booker-Open Russia Literary Prize, also known as the Russian Booker Prize. In ... "",""title"":""https://en.wikipedia.org/wiki/Booker_Prize""},{""docid"":""60594"",""score"":18.072287696405176,""snippet"":"" ... Louis Post-Dispatch, Newsday, London Evening Standard, Time Out (London), San Jose Mercury News\n* Finalist, National Book Critics Circle Award, 2003, 1995, 1991, 1985\n* 2006 Finalist, Pulitzer Prize for Fiction\n* 2010 Elected Member, American Academy of Arts and Letters\n* 2014 Man Booker Prize (longlist)\n* 2014 California Book Awards ... "",""title"":""https://en.wikipedia.org/wiki/Richard_Powers""},{""docid"":""65117"",""score"":17.872664674492025,""snippet"":"" ... Booker Prize 1988, 2001\n\nPeter Philip Carey AO (born 7 May 1943) is an Australian novelist.\n\nHe is one of only five writers to have won the Booker Prize twice—the others being J. G. Farrell, J. M. Coetzee, Hilary Mantel and Margaret Atwood.Man Booker official site ... "",""title"":""https://en.wikipedia.org/wiki/Peter_Carey_(novelist)""},{""docid"":""14924"",""score"":17.369566383249328,""snippet"":"" ... Prix Femina 1992 Commandeur of L'Ordre des Arts et des Lettres 2004 Man Booker Prize 2011 Jerusalem Prize 2021\nspouse: Pat Kavanagh (agent) (m. 1979)\nwebsite: julianbarnes.com\n\nJulian Patrick Barnes (born 19 January 1946) is an English writer. He won the Man Booker Prize in 2011 ... "",""title"":""https://en.wikipedia.org/wiki/Julian_Barnes""},{""docid"":""605"",""score"":16.861101568815897,""snippet"":"" ... Yann Martel signature (cropped).jpg\n\nYann Martel, (born June 25, 1963) is a Canadian author who wrote the Man Booker Prize–winning novel Life of Pi, an international bestseller published in more than 50 territories. It has sold more than 12 million copies worldwide and spent more than ... "",""title"":""https://en.wikipedia.org/wiki/Yann_Martel""},{""docid"":""74229"",""score"":16.840602440549574,""snippet"":"" ... four writers to have won the Booker Prize twice—the others being J. G. Farrell, J. M. Coetzee and Hilary Mantel.Man Booker official site: J. G. Farrell ; Hilary Mantel ; J. M. Coetzee: .\n\nAmong Canadian writers who have achieved an international reputation, are novelist and poet Margaret Atwood ... "",""title"":""https://en.wikipedia.org/wiki/Twentieth-century_English_literature""},{""docid"":""11374"",""score"":16.81584511274756,""snippet"":"" ... In 1980, Golding was awarded the Booker Prize for Rites of Passage, the first novel in what became his sea trilogy, To the Ends of the Earth. He was awarded the 1983 Nobel Prize in Literature.\n\nAs a result of his contributions to literature, Golding was knighted in ... "",""title"":""https://en.wikipedia.org/wiki/William_Golding""},{""docid"":""46195"",""score"":16.621688546472424,""snippet"":"" ... at the International Institute of Modern Letters. Her award-winning debut novel, The Rehearsal, written as her Master's thesis, was published in 2008, and has been adapted into a 2016 film of the same name. Her second novel, The Luminaries, won the 2013 Booker Prize, making Catton ... "",""title"":""https://en.wikipedia.org/wiki/Eleanor_Catton""}]"
5,183,2026-09-15T16:34:07.678557+00:00,Chigozie Obioma biography born Akure grew up,"[""chigozie"",""obioma"",""biography"",""born"",""akure"",""grew"",""up""]","""chigozie"" OR ""obioma"" OR ""biography"" OR ""born"" OR ""akure"" OR ""grew"" OR ""up""",8,c9fb90bcff2e0c00438a94f52cf5d894d22ebdb6a2c1fc6d3a7de4be04e8de44,7ca30b68bed469f835684b2fa67b83f97420a2fd3aa97d5c249238fbc63a3090,False,"[""d40"",""d34"",""d63"",""d64"",""d65"",""d67"",""d66"",""d77""]","[""8674"",""38708"",""3438"",""37690"",""23177"",""94245"",""12500"",""12409""]","[{""docid"":""8674"",""score"":52.96010214082716,""snippet"":"" ... 2022-01-01\n---\nADVISORS\n\nAdvisors\n\nProgram Director\n\nChigozie Obioma was born in Akure, Nigeria. His two novels, The Fishermen (2015) and An Orchestra of Minorities (2019) were shortlisted for The Booker Prize and have been translated into 30 languages. He has an LA Times book prize, the prestigious ... "",""title"":""https://www.oxbelly.com/fiction-writers-program/advisors""},{""docid"":""38708"",""score"":31.463356866547233,""snippet"":"" ... Farrell\n*Karen Joy Fowler\n*Linda Grant\n*Abdulrazak Gurnah\n*Sarah Hall\n*Mohsin Hamid\n*Shirley Hazzard\n*Philip Hensher\n*Mary Lawson\n*David Lodge\n*Patrick McCabe\n*Colum McCann\n*Tom McCarthy\n*Shena Mackay\n*Chigozie Obioma\n*Michael Ondaatje\n*Joseph O'Neill\n*Tim Parks\n*Caryl Phillips\n*Julian Rathbone\n*Mordecai Richler\n*Arundhati Roy\n*Bernice Rubens\n*Donal ... "",""title"":""https://en.wikipedia.org/wiki/List_of_winners_and_nominated_authors_of_the_Booker_Prize""},{""docid"":""3438"",""score"":28.859576575212124,""snippet"":"" ... Chigozie Obioma\ndate: 2000-01-01\n---\n-\n\n- MajorsMinorsCertificates\n\n>>\n\n- Policies & ProceduresFYW Guidebook\n\n>>\n\n- Digital Learning LabsPortfoliosEvaluationsMoran ePortfolio AwardsBarnett Essay AwardsDouble Dawgs\n\n>>\n\n- Transfer FAQProspective Student Information\n\n>>\n\n- Study AbroadInternships and Research Opportunities\n\n>>\n\n-\n\n>>\n\n- Double DawgsTransfer Student InformationDual Degree Program: LLED/BAExperiential Learning in EnglishStudy AbroadAwards and Prizes\n\n-\n\n>>\n\n- Double Dawgs\n\n>>\n\n- African American/Multicultural StudiesAmerican Literary ... "",""title"":""https://www.english.uga.edu/directory/people/chigozie-obioma""},{""docid"":""37690"",""score"":26.8956960175981,""snippet"":"" ... This book brilliantly explores the effects of slavery and colonialism on African families as the story unfolds between West Africa and the United States.\n\n- The Fishermen (2015) by Chigozie Obioma (Nigeria): In this heartbreaking tale, four brothers in a small Nigerian town have their lives turned upside down ... "",""title"":""https://enkoeducation.com/the-must-read-in-african-literature/""},{""docid"":""23177"",""score"":26.07169309595544,""snippet"":"" ... Appiah argues that, unlike their counterparts who grew up facing the crudest forms of racial and colonial discrimination in the West and the Francophone subcontinent, the likes of S̩óyinká were \""children who were extracted from the traditional culture of their parents and grandparents and thrust into the ... "",""title"":""https://africasacountry.com/2019/04/why-im-no-longer-talking-to-nigerians-about-race""},{""docid"":""94245"",""score"":23.533540554959107,""snippet"":"" ... Chigozie Obioma, in The Orchestra of Minorities does the same. You shall notice in my next novel, The Wanderers [to be published in April/May], that I delve into this a little deeper also, to depict the notion of the absurdity of the human condition, which though popularized ... "",""title"":""https://africasacountry.com/2021/03/the-xhosa-literary-revival""},{""docid"":""12500"",""score"":21.880375747671195,""snippet"":"" ... Purple Hibiscus (2003), Half of a Yellow Sun (2006), Americanah (2013)\n* Chigozie Obioma (Nigeria): The Fishermen (2015), An Orchestra of Minorities (2019)\n* José Eduardo Agualusa (Angola): Rainy Season, Creole, The Book of Chameleons, My Father's Wives\n* Ama Ata Aidoo (Ghana): Our Sister Killjoy (1977), Changes: a Love ... "",""title"":""https://en.wikipedia.org/wiki/African_literature""},{""docid"":""12409"",""score"":19.580967371546034,""snippet"":"" ... BA, Harvard\n\nPhD, Yale\n\nShapiro Writing Center\n\nChigoze Obioma was born in Akure, Nigeria. His two novels, The Fishermen (2015) and An Orchestra of Minorities (2019) were shortlisted for the Booker Prize. His novels have been translated into more than 30 languages. They have won awards including the ... "",""title"":""https://www.wesleyan.edu/about/news/2023/09/wesleyan-welcomes-56-new-faculty-members-for-2023-24-academic-year.html""}]"
5,187,2026-09-15T16:34:08.261401+00:00,Chigozie Obioma Wikipedia,"[""chigozie"",""obioma"",""wikipedia""]","""chigozie"" OR ""obioma"" OR ""wikipedia""",8,77bd55675697a9ae9b49cc60d3e4082d34b2d6bc2eb338ac58823a9420fb9252,f155604d6f39f65969be7813e02d29e86b14d9377a2e8e81808f1ef0b387a886,False,"[""d40"",""d34"",""d63"",""d64"",""d66"",""d65"",""d68"",""d67""]","[""8674"",""38708"",""3438"",""37690"",""12500"",""23177"",""39802"",""94245""]","[{""docid"":""8674"",""score"":32.90671524114903,""snippet"":"" ... 2022-01-01\n---\nADVISORS\n\nAdvisors\n\nProgram Director\n\nChigozie Obioma was born in Akure, Nigeria. His two novels, The Fishermen (2015) and An Orchestra of Minorities (2019) were shortlisted for The Booker Prize and have been translated into 30 languages. He has an LA Times book prize, the prestigious ... "",""title"":""https://www.oxbelly.com/fiction-writers-program/advisors""},{""docid"":""38708"",""score"":32.545813134006835,""snippet"":"" ... Farrell\n*Karen Joy Fowler\n*Linda Grant\n*Abdulrazak Gurnah\n*Sarah Hall\n*Mohsin Hamid\n*Shirley Hazzard\n*Philip Hensher\n*Mary Lawson\n*David Lodge\n*Patrick McCabe\n*Colum McCann\n*Tom McCarthy\n*Shena Mackay\n*Chigozie Obioma\n*Michael Ondaatje\n*Joseph O'Neill\n*Tim Parks\n*Caryl Phillips\n*Julian Rathbone\n*Mordecai Richler\n*Arundhati Roy\n*Bernice Rubens\n*Donal ... "",""title"":""https://en.wikipedia.org/wiki/List_of_winners_and_nominated_authors_of_the_Booker_Prize""},{""docid"":""3438"",""score"":28.859576575212124,""snippet"":"" ... Chigozie Obioma\ndate: 2000-01-01\n---\n-\n\n- MajorsMinorsCertificates\n\n>>\n\n- Policies & ProceduresFYW Guidebook\n\n>>\n\n- Digital Learning LabsPortfoliosEvaluationsMoran ePortfolio AwardsBarnett Essay AwardsDouble Dawgs\n\n>>\n\n- Transfer FAQProspective Student Information\n\n>>\n\n- Study AbroadInternships and Research Opportunities\n\n>>\n\n-\n\n>>\n\n- Double DawgsTransfer Student InformationDual Degree Program: LLED/BAExperiential Learning in EnglishStudy AbroadAwards and Prizes\n\n-\n\n>>\n\n- Double Dawgs\n\n>>\n\n- African American/Multicultural StudiesAmerican Literary ... "",""title"":""https://www.english.uga.edu/directory/people/chigozie-obioma""},{""docid"":""37690"",""score"":25.4849935996429,""snippet"":"" ... This book brilliantly explores the effects of slavery and colonialism on African families as the story unfolds between West Africa and the United States.\n\n- The Fishermen (2015) by Chigozie Obioma (Nigeria): In this heartbreaking tale, four brothers in a small Nigerian town have their lives turned upside down ... "",""title"":""https://enkoeducation.com/the-must-read-in-african-literature/""},{""docid"":""12500"",""score"":22.941161380446662,""snippet"":"" ... Purple Hibiscus (2003), Half of a Yellow Sun (2006), Americanah (2013)\n* Chigozie Obioma (Nigeria): The Fishermen (2015), An Orchestra of Minorities (2019)\n* José Eduardo Agualusa (Angola): Rainy Season, Creole, The Book of Chameleons, My Father's Wives\n* Ama Ata Aidoo (Ghana): Our Sister Killjoy (1977), Changes: a Love ... "",""title"":""https://en.wikipedia.org/wiki/African_literature""},{""docid"":""23177"",""score"":22.552307554075444,""snippet"":"" ... the likes of US-based Nigerian Booker Prize shortlistee Chigozie Obioma to take on the mantle of bootstrap race \""analysis\"" in a more sophisticated manner. A few months before the 2016 Aké Festival Black Lives Matter panel, Obioma saw it fit to make his intervention into the debate ... "",""title"":""https://africasacountry.com/2019/04/why-im-no-longer-talking-to-nigerians-about-race""},{""docid"":""39802"",""score"":18.633779395095694,""snippet"":"" ... I, a great new African writer is asking these questions in a spare yet extraordinary novel about this bloody stain on human history.\""\n\n–Chigozie Obioma (The New York Times Book Review)\n\nFinalists:\n\nPeter Cameron, What Happens at Night (Catapult)\n\nAkwaeke Emezi, The Death of Vivek Oji (Riverhead)\n\nDanielle ... "",""title"":""https://lithub.com/the-award-winning-novels-of-2021/""},{""docid"":""94245"",""score"":17.78098118761512,""snippet"":"" ... Chigozie Obioma, in The Orchestra of Minorities does the same. You shall notice in my next novel, The Wanderers [to be published in April/May], that I delve into this a little deeper also, to depict the notion of the absurdity of the human condition, which though popularized ... "",""title"":""https://africasacountry.com/2021/03/the-xhosa-literary-revival""}]"
5,190,2026-09-15T16:34:08.588931+00:00,An Orchestra of Minorities 2019 Booker shortlist,"[""an"",""orchestra"",""of"",""minorities"",""2019"",""booker"",""shortlist""]","""an"" OR ""orchestra"" OR ""of"" OR ""minorities"" OR ""2019"" OR ""booker"" OR ""shortlist""",8,9fe32d82eb7864f2eb37ae5150cd67bbe366c6a0233caa5d24ae87dbdf88d1f1,8371ebc85e31ad72f4a00a822c9ae73c2b3e4732b4f12175c00e889319c8fab1,False,"[""d40"",""d34"",""d36"",""d20"",""d31"",""d41"",""d42"",""d39""]","[""8674"",""38708"",""54683"",""3002"",""58655"",""24586"",""90941"",""62176""]","[{""docid"":""8674"",""score"":28.517109580318557,""snippet"":"" ... His two novels, The Fishermen (2015) and An Orchestra of Minorities (2019) were shortlisted for The Booker Prize and have been translated into 30 languages. He has an LA Times book prize, the prestigious Internationalerpris, FT/Oppenheimer prize for fiction, an NAACP Image award and has been nominated ... "",""title"":""https://www.oxbelly.com/fiction-writers-program/advisors""},{""docid"":""38708"",""score"":23.271536360442,""snippet"":"" ... Guo *Joanna MacGregor |\n| 2019 | Shortlist | Lucy Ellmann | Ducks, Newburyport | Galley Beggar | *Peter Florence (chair) *Afua Hirsch *Liz Calder *Xiaolu Guo *Joanna MacGregor |\n| 2019 | Shortlist | Chigozie Obioma | An Orchestra of Minorities | Little, Brown | *Peter Florence (chair) *Afua Hirsch *Liz Calder *Xiaolu Guo *Joanna MacGregor |\n| 2019 | Shortlist | Salman Rushdie | Quichotte ... "",""title"":""https://en.wikipedia.org/wiki/List_of_winners_and_nominated_authors_of_the_Booker_Prize""},{""docid"":""54683"",""score"":21.058687365468565,""snippet"":"" ... As Erigha (2019, 2021) shows, \""racial valuations\"" operate through an interaction between creators' racial identities and the genre categories their works are slotted into. We show that in the construction of the category of postcolonial literature through the Booker Prize (Anand and Jones 2008), non-white authors end ... "",""title"":""https://pmc.ncbi.nlm.nih.gov/articles/PMC10837049/""},{""docid"":""3002"",""score"":20.38068509937176,""snippet"":"" ... In 1997, the decision to award Arundhati Roy's The God of Small Things proved controversial. Carmen Callil, chair of the previous year's Booker judges, called it an \""execrable\"" book and said on television that it should not even have been on the shortlist. Booker Prize chairman ... "",""title"":""https://en.wikipedia.org/wiki/Booker_Prize""},{""docid"":""58655"",""score"":19.980280260214943,""snippet"":"" ... Her 2019 translation of Krishna Sobti's A Gujarat Here, a Gujarat There was awarded the Modern Language Association's Aldo and Jeanne Scaglione Translation Prize.\n\nIn speaking to the jury's rationale, the panel's chair, Wynne is quoted, saying, \""This has been an exceptionally strong shortlist ... "",""title"":""https://publishingperspectives.com/2022/05/geetanjali-shree-and-daisy-rockwell-win-the-international-booker-prize/""},{""docid"":""24586"",""score"":19.576551317714298,""snippet"":"" ... The International Booker Prize 2023 Shortlist\n\nAt London Book Fair: Insights Into Translation Buyers\n\nAs the news of the International Booker Prize shortlist was announced to the public amid the raucous noise and crush of simultaneously programmed events at London Book Fair's opening today (April 17), the ... "",""title"":""https://publishingperspectives.com/2023/04/london-book-fair-the-bookers-new-data-on-translation-buyers/""},{""docid"":""90941"",""score"":19.548132321524022,""snippet"":"" ... She is the author of the prize-winning Regeneration trilogy. The last book in the series, The Ghost Road, won the Booker Prize in 1995. Her latest novel, The Silence of the Girls, was shortlisted for the 2019 Women's Prize for Fiction.\n\nBarker has been on Writers ... "",""title"":""https://www.cbc.ca/books/30-books-to-celebrate-30-years-of-writers-company-1.5755144""},{""docid"":""62176"",""score"":19.54613697926134,""snippet"":"" ... The book was the joint winner of the 2019 Booker Prize.\n\nNonfiction\n\nIn 2008, Atwood published Payback: Debt and the Shadow Side of Wealth, a collection of five lectures delivered as part of the Massey Lectures from October 12 to November 1, 2008. The book was released in ... "",""title"":""https://en.wikipedia.org/wiki/Margaret_Atwood""}]"
6,202,2026-09-15T16:34:15.229809+00:00,International Booker Prize Wikipedia,"[""international"",""booker"",""prize"",""wikipedia""]","""international"" OR ""booker"" OR ""prize"" OR ""wikipedia""",8,4116eee54952dbad91a9c320b23ec126b5c53de7110f5c0a0f5959a32e56f612,0760ee519fce440bbcc14ac2cdfb1c5662b3eb6a0445e5ef802a97e408aaf2fd,True,"[""d20"",""d58"",""d56"",""d55"",""d59"",""d57"",""d61"",""d37""]","[""3002"",""46195"",""60594"",""81704"",""65117"",""14924"",""11374"",""605""]","[{""docid"":""3002"",""score"":16.79545348537646,""snippet"":"" ... A sister prize, the International Booker Prize, is awarded for a work of fiction translated into English and published in the United Kingdom or Ireland. Unlike the Booker Prize, short story collections are eligible for the International Booker Prize. The £50,000 prize money is split evenly between ... "",""title"":""https://en.wikipedia.org/wiki/Booker_Prize""},{""docid"":""46195"",""score"":16.621688546472424,""snippet"":"" ... at the International Institute of Modern Letters. Her award-winning debut novel, The Rehearsal, written as her Master's thesis, was published in 2008, and has been adapted into a 2016 film of the same name. Her second novel, The Luminaries, won the 2013 Booker Prize, making Catton ... "",""title"":""https://en.wikipedia.org/wiki/Eleanor_Catton""},{""docid"":""60594"",""score"":16.61306151985258,""snippet"":"" ... It won the 2019 Pulitzer Prize for Fiction, was shortlisted for the Booker Prize and the $75,000 2019 PEN/Jean Stein Book Award, and was runner-up for the Dayton Literary Peace Prize.\n\nBewilderment, published in September 2021, was shortlisted for the 2021 Booker Prize and longlisted ... "",""title"":""https://en.wikipedia.org/wiki/Richard_Powers""},{""docid"":""81704"",""score"":16.56920535185472,""snippet"":"" ... If you want to understand modern-day Britain, this is the writer to read.\""\n\nAccolades\n\nGirl, Woman, Other was joint winner (with Margaret Atwood's The Testaments) of the 2019 Booker Prize,Flood, Alison (14 October 2019), \""Margaret Atwood and Bernardine Evaristo share Booker prize 2019\"", The Guardian ... "",""title"":""https://en.wikipedia.org/wiki/Girl,_Woman,_Other""},{""docid"":""65117"",""score"":16.34256610935193,""snippet"":"" ... The decade—and the Australian phase of Carey's career—culminated with the publication of Oscar and Lucinda (1988), which won the Booker McConnell Prize (as it was then known) and brought the author international recognition. Carey explained that the novel was inspired, in part, by his time ... "",""title"":""https://en.wikipedia.org/wiki/Peter_Carey_(novelist)""},{""docid"":""14924"",""score"":15.756661718187186,""snippet"":"" ... Shakespeare Prize, Alfred Toepfer Foundation\n*2004: Austrian State Prize for European Literature\n*2004: Commandeur de L'Ordre des Arts et des Lettres (Chevalier, 1988).\n*2008: San Clemente Literary Prize\n*2011: David Cohen Prize for Literature\n*2011: Man Booker Prize, winner, The Sense of an Ending\n*2011 Costa Book ... "",""title"":""https://en.wikipedia.org/wiki/Julian_Barnes""},{""docid"":""11374"",""score"":15.576169151669522,""snippet"":"" ... In 1980, Golding was awarded the Booker Prize for Rites of Passage, the first novel in what became his sea trilogy, To the Ends of the Earth. He was awarded the 1983 Nobel Prize in Literature.\n\nAs a result of his contributions to literature, Golding was knighted in ... "",""title"":""https://en.wikipedia.org/wiki/William_Golding""},{""docid"":""605"",""score"":15.437015153581319,""snippet"":"" ... Yann Martel signature (cropped).jpg\n\nYann Martel, (born June 25, 1963) is a Canadian author who wrote the Man Booker Prize–winning novel Life of Pi, an international bestseller published in more than 50 territories. It has sold more than 12 million copies worldwide and spent more than ... "",""title"":""https://en.wikipedia.org/wiki/Yann_Martel""}]"
6,203,2026-09-15T16:34:15.251575+00:00,Booker International Prize 2016 2017 2018 2019 winner,"[""booker"",""international"",""prize"",""2016"",""2017"",""2018"",""2019"",""winner""]","""booker"" OR ""international"" OR ""prize"" OR ""2016"" OR ""2017"" OR ""2018"" OR ""2019"" OR ""winner""",8,24e5711872dc8ff37cd215008729806101bfe0ab2af8c1fa29a722e7efee18f1,bbd63074ad61139caf54415fa4c584901821e60be58931774da2499cbc0d2cec,True,"[""d33"",""d20"",""d34"",""d39"",""d36"",""d42"",""d44"",""d62""]","[""20177"",""3002"",""38708"",""62176"",""54683"",""90941"",""23230"",""73144""]","[{""docid"":""20177"",""score"":25.98891111992596,""snippet"":"" ... Award, 2017\n\n- Raymond Chandler Award, 2017\n\n- Academy Board of Directors' Tribute, 2018\n\n- UCD Ulysses Medal, 2018\n\n- Adrienne Clarkson Prize for Global Citizenship, 2018\n\n- Order of the Companions of Honour, 2018\n\n- LARB/UCR Lifetime Achievement Award, 2019\n\n- VH1 Trailblazer Honoree, 2019\n\n- The Booker Prize for The Testaments, 2019\n\n- Burke ... "",""title"":""https://margaretatwood.ca/awards-recognitions/""},{""docid"":""3002"",""score"":25.59263157691798,""snippet"":"" ... of Seven Killings | Historical/experimental novel | |\n| 2016 | Paul Beatty | The Sellout | Satire | |\n| 2017 | George Saunders | Lincoln in the Bardo | Historical/experimental novel | |\n| 2018 | Anna Burns | Milkman | Literary fiction | |\n| 2019 | Margaret Atwood | The Testaments | Literary fiction | |\n| 2019 | Bernardine Evaristo The Booker Prizes |url= |access-date=2022-09-26 |website ... "",""title"":""https://en.wikipedia.org/wiki/Booker_Prize""},{""docid"":""38708"",""score"":25.527081609931987,""snippet"":"" ... 2016 The Booker Prizes |url= |url-status=live |archive-url= |archive-date=6 February 2023 |access-date=2022-10-19 |website=thebookerprizes.com |language=en}} | Longlist | Elizabeth Strout | My Name Is Lucy Barton | Viking | * Amanda Foreman (chair) * Jon Day * David Harsent * Olivia Williams * Abdulrazak Gurnah |\n| 2017 | Winner | George ... "",""title"":""https://en.wikipedia.org/wiki/List_of_winners_and_nominated_authors_of_the_Booker_Prize""},{""docid"":""62176"",""score"":25.513679308502965,""snippet"":"" ... Goes Last (2015) (Winner of the 2015 Red Tentacle award)\n* Hag-Seed (2016) (Longlisted for the 2017 Women Prize for Fiction)\n* The Testaments (2019, joint winner of the 2019 Booker Prize)\""Margaret Atwood announces sequel to The Handmaid's Tale\"" . CBC News, November 28, 2018.\n\n;Short fiction collections ... "",""title"":""https://en.wikipedia.org/wiki/Margaret_Atwood""},{""docid"":""54683"",""score"":25.08871133383363,""snippet"":"" ... Since 2005, a second prize, the International Booker Prize, has also been awarded, which since 2016 has gone to the best work in translation.\n\nThese 70 judges were 57 percent men; 75 percent English; 16 percent Irish, Scottish, or Welsh; 10 percent other nationalities; and 99 percent white ... "",""title"":""https://pmc.ncbi.nlm.nih.gov/articles/PMC10837049/""},{""docid"":""90941"",""score"":24.667588632293587,""snippet"":"" ... shortlisted for the Booker Prize in 2017 and won the Yasnaya Polyana Foreign Fiction Award. He received several international awards, including the Prix Femina, the Israel Prize, the Goethe Prize, the Frankfurt Peace Prize and the 2013 Franz Kafka Prize. He died in 2018 at the age of ... "",""title"":""https://www.cbc.ca/books/30-books-to-celebrate-30-years-of-writers-company-1.5755144""},{""docid"":""23230"",""score"":24.57794426799746,""snippet"":"" ... It was also shortlisted for the 2018 Saroyan Prize and longlisted for the 2018 PEN/Robert Bingham Prize for Debut Fiction and the 2017 Story Prize. Her novel The Gone Dead was published by Ecco/HarperCollins in June 2019 and was a New York Times Book Review Editor ... "",""title"":""https://artsandsciences.syracuse.edu/english-department/creative-writing-mf-program/raymond-carver-reading-series/previous-raymond-carver-reading-series/""},{""docid"":""73144"",""score"":24.3790105361129,""snippet"":"" ... for New Writing North's Read Regional campaign 2017 and won the Saboteur Award for Best Novella 2016. My first novel, Sealed (2017), is a work of eco-horror, which was shortlisted for the Not the Booker Award 2018. My second novel, Exit Management (2020), moves between contemporary ... "",""title"":""https://www.durham.ac.uk/staff/naomi-r-booth/""}]"
6,204,2026-09-15T16:34:15.273415+00:00,Man Booker International Prize Wikipedia,"[""man"",""booker"",""international"",""prize"",""wikipedia""]","""man"" OR ""booker"" OR ""international"" OR ""prize"" OR ""wikipedia""",8,fa38d220b2eee7ec917bfe915a65d36344325162ad1a746b3b23c73a6c2d1393,98ed22732ed573e9572bac09613138e7396f3d3ca40006d05957a2bb911d129b,True,"[""d20"",""d56"",""d59"",""d57"",""d37"",""d60"",""d61"",""d58""]","[""3002"",""60594"",""65117"",""14924"",""605"",""74229"",""11374"",""46195""]","[{""docid"":""3002"",""score"":18.42386744771581,""snippet"":"" ... The award has been known as the International Booker Prize since the Man Group ended its association with the prizes in 2019.\n\nA Russian version of the Booker Prize was created in 1992 called the Booker-Open Russia Literary Prize, also known as the Russian Booker Prize. In ... "",""title"":""https://en.wikipedia.org/wiki/Booker_Prize""},{""docid"":""60594"",""score"":18.072287696405176,""snippet"":"" ... Louis Post-Dispatch, Newsday, London Evening Standard, Time Out (London), San Jose Mercury News\n* Finalist, National Book Critics Circle Award, 2003, 1995, 1991, 1985\n* 2006 Finalist, Pulitzer Prize for Fiction\n* 2010 Elected Member, American Academy of Arts and Letters\n* 2014 Man Booker Prize (longlist)\n* 2014 California Book Awards ... "",""title"":""https://en.wikipedia.org/wiki/Richard_Powers""},{""docid"":""65117"",""score"":17.872664674492025,""snippet"":"" ... Booker Prize 1988, 2001\n\nPeter Philip Carey AO (born 7 May 1943) is an Australian novelist.\n\nHe is one of only five writers to have won the Booker Prize twice—the others being J. G. Farrell, J. M. Coetzee, Hilary Mantel and Margaret Atwood.Man Booker official site ... "",""title"":""https://en.wikipedia.org/wiki/Peter_Carey_(novelist)""},{""docid"":""14924"",""score"":17.369566383249328,""snippet"":"" ... Prix Femina 1992 Commandeur of L'Ordre des Arts et des Lettres 2004 Man Booker Prize 2011 Jerusalem Prize 2021\nspouse: Pat Kavanagh (agent) (m. 1979)\nwebsite: julianbarnes.com\n\nJulian Patrick Barnes (born 19 January 1946) is an English writer. He won the Man Booker Prize in 2011 ... "",""title"":""https://en.wikipedia.org/wiki/Julian_Barnes""},{""docid"":""605"",""score"":16.861101568815897,""snippet"":"" ... Yann Martel signature (cropped).jpg\n\nYann Martel, (born June 25, 1963) is a Canadian author who wrote the Man Booker Prize–winning novel Life of Pi, an international bestseller published in more than 50 territories. It has sold more than 12 million copies worldwide and spent more than ... "",""title"":""https://en.wikipedia.org/wiki/Yann_Martel""},{""docid"":""74229"",""score"":16.840602440549574,""snippet"":"" ... four writers to have won the Booker Prize twice—the others being J. G. Farrell, J. M. Coetzee and Hilary Mantel.Man Booker official site: J. G. Farrell ; Hilary Mantel ; J. M. Coetzee: .\n\nAmong Canadian writers who have achieved an international reputation, are novelist and poet Margaret Atwood ... "",""title"":""https://en.wikipedia.org/wiki/Twentieth-century_English_literature""},{""docid"":""11374"",""score"":16.81584511274756,""snippet"":"" ... In 1980, Golding was awarded the Booker Prize for Rites of Passage, the first novel in what became his sea trilogy, To the Ends of the Earth. He was awarded the 1983 Nobel Prize in Literature.\n\nAs a result of his contributions to literature, Golding was knighted in ... "",""title"":""https://en.wikipedia.org/wiki/William_Golding""},{""docid"":""46195"",""score"":16.621688546472424,""snippet"":"" ... at the International Institute of Modern Letters. Her award-winning debut novel, The Rehearsal, written as her Master's thesis, was published in 2008, and has been adapted into a 2016 film of the same name. Her second novel, The Luminaries, won the 2013 Booker Prize, making Catton ... "",""title"":""https://en.wikipedia.org/wiki/Eleanor_Catton""}]"
6,206,2026-09-15T16:34:15.320128+00:00,Chigozie Obioma biography born Akure grew up,"[""chigozie"",""obioma"",""biography"",""born"",""akure"",""grew"",""up""]","""chigozie"" OR ""obioma"" OR ""biography"" OR ""born"" OR ""akure"" OR ""grew"" OR ""up""",8,c9fb90bcff2e0c00438a94f52cf5d894d22ebdb6a2c1fc6d3a7de4be04e8de44,7ca30b68bed469f835684b2fa67b83f97420a2fd3aa97d5c249238fbc63a3090,True,"[""d40"",""d34"",""d63"",""d64"",""d65"",""d67"",""d66"",""d77""]","[""8674"",""38708"",""3438"",""37690"",""23177"",""94245"",""12500"",""12409""]","[{""docid"":""8674"",""score"":52.96010214082716,""snippet"":"" ... 2022-01-01\n---\nADVISORS\n\nAdvisors\n\nProgram Director\n\nChigozie Obioma was born in Akure, Nigeria. His two novels, The Fishermen (2015) and An Orchestra of Minorities (2019) were shortlisted for The Booker Prize and have been translated into 30 languages. He has an LA Times book prize, the prestigious ... "",""title"":""https://www.oxbelly.com/fiction-writers-program/advisors""},{""docid"":""38708"",""score"":31.463356866547233,""snippet"":"" ... Farrell\n*Karen Joy Fowler\n*Linda Grant\n*Abdulrazak Gurnah\n*Sarah Hall\n*Mohsin Hamid\n*Shirley Hazzard\n*Philip Hensher\n*Mary Lawson\n*David Lodge\n*Patrick McCabe\n*Colum McCann\n*Tom McCarthy\n*Shena Mackay\n*Chigozie Obioma\n*Michael Ondaatje\n*Joseph O'Neill\n*Tim Parks\n*Caryl Phillips\n*Julian Rathbone\n*Mordecai Richler\n*Arundhati Roy\n*Bernice Rubens\n*Donal ... "",""title"":""https://en.wikipedia.org/wiki/List_of_winners_and_nominated_authors_of_the_Booker_Prize""},{""docid"":""3438"",""score"":28.859576575212124,""snippet"":"" ... Chigozie Obioma\ndate: 2000-01-01\n---\n-\n\n- MajorsMinorsCertificates\n\n>>\n\n- Policies & ProceduresFYW Guidebook\n\n>>\n\n- Digital Learning LabsPortfoliosEvaluationsMoran ePortfolio AwardsBarnett Essay AwardsDouble Dawgs\n\n>>\n\n- Transfer FAQProspective Student Information\n\n>>\n\n- Study AbroadInternships and Research Opportunities\n\n>>\n\n-\n\n>>\n\n- Double DawgsTransfer Student InformationDual Degree Program: LLED/BAExperiential Learning in EnglishStudy AbroadAwards and Prizes\n\n-\n\n>>\n\n- Double Dawgs\n\n>>\n\n- African American/Multicultural StudiesAmerican Literary ... "",""title"":""https://www.english.uga.edu/directory/people/chigozie-obioma""},{""docid"":""37690"",""score"":26.8956960175981,""snippet"":"" ... This book brilliantly explores the effects of slavery and colonialism on African families as the story unfolds between West Africa and the United States.\n\n- The Fishermen (2015) by Chigozie Obioma (Nigeria): In this heartbreaking tale, four brothers in a small Nigerian town have their lives turned upside down ... "",""title"":""https://enkoeducation.com/the-must-read-in-african-literature/""},{""docid"":""23177"",""score"":26.07169309595544,""snippet"":"" ... Appiah argues that, unlike their counterparts who grew up facing the crudest forms of racial and colonial discrimination in the West and the Francophone subcontinent, the likes of S̩óyinká were \""children who were extracted from the traditional culture of their parents and grandparents and thrust into the ... "",""title"":""https://africasacountry.com/2019/04/why-im-no-longer-talking-to-nigerians-about-race""},{""docid"":""94245"",""score"":23.533540554959107,""snippet"":"" ... Chigozie Obioma, in The Orchestra of Minorities does the same. You shall notice in my next novel, The Wanderers [to be published in April/May], that I delve into this a little deeper also, to depict the notion of the absurdity of the human condition, which though popularized ... "",""title"":""https://africasacountry.com/2021/03/the-xhosa-literary-revival""},{""docid"":""12500"",""score"":21.880375747671195,""snippet"":"" ... Purple Hibiscus (2003), Half of a Yellow Sun (2006), Americanah (2013)\n* Chigozie Obioma (Nigeria): The Fishermen (2015), An Orchestra of Minorities (2019)\n* José Eduardo Agualusa (Angola): Rainy Season, Creole, The Book of Chameleons, My Father's Wives\n* Ama Ata Aidoo (Ghana): Our Sister Killjoy (1977), Changes: a Love ... "",""title"":""https://en.wikipedia.org/wiki/African_literature""},{""docid"":""12409"",""score"":19.580967371546034,""snippet"":"" ... BA, Harvard\n\nPhD, Yale\n\nShapiro Writing Center\n\nChigoze Obioma was born in Akure, Nigeria. His two novels, The Fishermen (2015) and An Orchestra of Minorities (2019) were shortlisted for the Booker Prize. His novels have been translated into more than 30 languages. They have won awards including the ... "",""title"":""https://www.wesleyan.edu/about/news/2023/09/wesleyan-welcomes-56-new-faculty-members-for-2023-24-academic-year.html""}]"
6,207,2026-09-15T16:34:15.342401+00:00,Chigozie Obioma Wikipedia,"[""chigozie"",""obioma"",""wikipedia""]","""chigozie"" OR ""obioma"" OR ""wikipedia""",8,77bd55675697a9ae9b49cc60d3e4082d34b2d6bc2eb338ac58823a9420fb9252,f155604d6f39f65969be7813e02d29e86b14d9377a2e8e81808f1ef0b387a886,True,"[""d40"",""d34"",""d63"",""d64"",""d66"",""d65"",""d68"",""d67""]","[""8674"",""38708"",""3438"",""37690"",""12500"",""23177"",""39802"",""94245""]","[{""docid"":""8674"",""score"":32.90671524114903,""snippet"":"" ... 2022-01-01\n---\nADVISORS\n\nAdvisors\n\nProgram Director\n\nChigozie Obioma was born in Akure, Nigeria. His two novels, The Fishermen (2015) and An Orchestra of Minorities (2019) were shortlisted for The Booker Prize and have been translated into 30 languages. He has an LA Times book prize, the prestigious ... "",""title"":""https://www.oxbelly.com/fiction-writers-program/advisors""},{""docid"":""38708"",""score"":32.545813134006835,""snippet"":"" ... Farrell\n*Karen Joy Fowler\n*Linda Grant\n*Abdulrazak Gurnah\n*Sarah Hall\n*Mohsin Hamid\n*Shirley Hazzard\n*Philip Hensher\n*Mary Lawson\n*David Lodge\n*Patrick McCabe\n*Colum McCann\n*Tom McCarthy\n*Shena Mackay\n*Chigozie Obioma\n*Michael Ondaatje\n*Joseph O'Neill\n*Tim Parks\n*Caryl Phillips\n*Julian Rathbone\n*Mordecai Richler\n*Arundhati Roy\n*Bernice Rubens\n*Donal ... "",""title"":""https://en.wikipedia.org/wiki/List_of_winners_and_nominated_authors_of_the_Booker_Prize""},{""docid"":""3438"",""score"":28.859576575212124,""snippet"":"" ... Chigozie Obioma\ndate: 2000-01-01\n---\n-\n\n- MajorsMinorsCertificates\n\n>>\n\n- Policies & ProceduresFYW Guidebook\n\n>>\n\n- Digital Learning LabsPortfoliosEvaluationsMoran ePortfolio AwardsBarnett Essay AwardsDouble Dawgs\n\n>>\n\n- Transfer FAQProspective Student Information\n\n>>\n\n- Study AbroadInternships and Research Opportunities\n\n>>\n\n-\n\n>>\n\n- Double DawgsTransfer Student InformationDual Degree Program: LLED/BAExperiential Learning in EnglishStudy AbroadAwards and Prizes\n\n-\n\n>>\n\n- Double Dawgs\n\n>>\n\n- African American/Multicultural StudiesAmerican Literary ... "",""title"":""https://www.english.uga.edu/directory/people/chigozie-obioma""},{""docid"":""37690"",""score"":25.4849935996429,""snippet"":"" ... This book brilliantly explores the effects of slavery and colonialism on African families as the story unfolds between West Africa and the United States.\n\n- The Fishermen (2015) by Chigozie Obioma (Nigeria): In this heartbreaking tale, four brothers in a small Nigerian town have their lives turned upside down ... "",""title"":""https://enkoeducation.com/the-must-read-in-african-literature/""},{""docid"":""12500"",""score"":22.941161380446662,""snippet"":"" ... Purple Hibiscus (2003), Half of a Yellow Sun (2006), Americanah (2013)\n* Chigozie Obioma (Nigeria): The Fishermen (2015), An Orchestra of Minorities (2019)\n* José Eduardo Agualusa (Angola): Rainy Season, Creole, The Book of Chameleons, My Father's Wives\n* Ama Ata Aidoo (Ghana): Our Sister Killjoy (1977), Changes: a Love ... "",""title"":""https://en.wikipedia.org/wiki/African_literature""},{""docid"":""23177"",""score"":22.552307554075444,""snippet"":"" ... the likes of US-based Nigerian Booker Prize shortlistee Chigozie Obioma to take on the mantle of bootstrap race \""analysis\"" in a more sophisticated manner. A few months before the 2016 Aké Festival Black Lives Matter panel, Obioma saw it fit to make his intervention into the debate ... "",""title"":""https://africasacountry.com/2019/04/why-im-no-longer-talking-to-nigerians-about-race""},{""docid"":""39802"",""score"":18.633779395095694,""snippet"":"" ... I, a great new African writer is asking these questions in a spare yet extraordinary novel about this bloody stain on human history.\""\n\n–Chigozie Obioma (The New York Times Book Review)\n\nFinalists:\n\nPeter Cameron, What Happens at Night (Catapult)\n\nAkwaeke Emezi, The Death of Vivek Oji (Riverhead)\n\nDanielle ... "",""title"":""https://lithub.com/the-award-winning-novels-of-2021/""},{""docid"":""94245"",""score"":17.78098118761512,""snippet"":"" ... Chigozie Obioma, in The Orchestra of Minorities does the same. You shall notice in my next novel, The Wanderers [to be published in April/May], that I delve into this a little deeper also, to depict the notion of the absurdity of the human condition, which though popularized ... "",""title"":""https://africasacountry.com/2021/03/the-xhosa-literary-revival""}]"
6,208,2026-09-15T16:34:15.371141+00:00,An Orchestra of Minorities 2019 Booker shortlist,"[""an"",""orchestra"",""of"",""minorities"",""2019"",""booker"",""shortlist""]","""an"" OR ""orchestra"" OR ""of"" OR ""minorities"" OR ""2019"" OR ""booker"" OR ""shortlist""",8,9fe32d82eb7864f2eb37ae5150cd67bbe366c6a0233caa5d24ae87dbdf88d1f1,8371ebc85e31ad72f4a00a822c9ae73c2b3e4732b4f12175c00e889319c8fab1,True,"[""d40"",""d34"",""d36"",""d20"",""d31"",""d41"",""d42"",""d39""]","[""8674"",""38708"",""54683"",""3002"",""58655"",""24586"",""90941"",""62176""]","[{""docid"":""8674"",""score"":28.517109580318557,""snippet"":"" ... His two novels, The Fishermen (2015) and An Orchestra of Minorities (2019) were shortlisted for The Booker Prize and have been translated into 30 languages. He has an LA Times book prize, the prestigious Internationalerpris, FT/Oppenheimer prize for fiction, an NAACP Image award and has been nominated ... "",""title"":""https://www.oxbelly.com/fiction-writers-program/advisors""},{""docid"":""38708"",""score"":23.271536360442,""snippet"":"" ... Guo *Joanna MacGregor |\n| 2019 | Shortlist | Lucy Ellmann | Ducks, Newburyport | Galley Beggar | *Peter Florence (chair) *Afua Hirsch *Liz Calder *Xiaolu Guo *Joanna MacGregor |\n| 2019 | Shortlist | Chigozie Obioma | An Orchestra of Minorities | Little, Brown | *Peter Florence (chair) *Afua Hirsch *Liz Calder *Xiaolu Guo *Joanna MacGregor |\n| 2019 | Shortlist | Salman Rushdie | Quichotte ... "",""title"":""https://en.wikipedia.org/wiki/List_of_winners_and_nominated_authors_of_the_Booker_Prize""},{""docid"":""54683"",""score"":21.058687365468565,""snippet"":"" ... As Erigha (2019, 2021) shows, \""racial valuations\"" operate through an interaction between creators' racial identities and the genre categories their works are slotted into. We show that in the construction of the category of postcolonial literature through the Booker Prize (Anand and Jones 2008), non-white authors end ... "",""title"":""https://pmc.ncbi.nlm.nih.gov/articles/PMC10837049/""},{""docid"":""3002"",""score"":20.38068509937176,""snippet"":"" ... In 1997, the decision to award Arundhati Roy's The God of Small Things proved controversial. Carmen Callil, chair of the previous year's Booker judges, called it an \""execrable\"" book and said on television that it should not even have been on the shortlist. Booker Prize chairman ... "",""title"":""https://en.wikipedia.org/wiki/Booker_Prize""},{""docid"":""58655"",""score"":19.980280260214943,""snippet"":"" ... Her 2019 translation of Krishna Sobti's A Gujarat Here, a Gujarat There was awarded the Modern Language Association's Aldo and Jeanne Scaglione Translation Prize.\n\nIn speaking to the jury's rationale, the panel's chair, Wynne is quoted, saying, \""This has been an exceptionally strong shortlist ... "",""title"":""https://publishingperspectives.com/2022/05/geetanjali-shree-and-daisy-rockwell-win-the-international-booker-prize/""},{""docid"":""24586"",""score"":19.576551317714298,""snippet"":"" ... The International Booker Prize 2023 Shortlist\n\nAt London Book Fair: Insights Into Translation Buyers\n\nAs the news of the International Booker Prize shortlist was announced to the public amid the raucous noise and crush of simultaneously programmed events at London Book Fair's opening today (April 17), the ... "",""title"":""https://publishingperspectives.com/2023/04/london-book-fair-the-bookers-new-data-on-translation-buyers/""},{""docid"":""90941"",""score"":19.548132321524022,""snippet"":"" ... She is the author of the prize-winning Regeneration trilogy. The last book in the series, The Ghost Road, won the Booker Prize in 1995. Her latest novel, The Silence of the Girls, was shortlisted for the 2019 Women's Prize for Fiction.\n\nBarker has been on Writers ... "",""title"":""https://www.cbc.ca/books/30-books-to-celebrate-30-years-of-writers-company-1.5755144""},{""docid"":""62176"",""score"":19.54613697926134,""snippet"":"" ... The book was the joint winner of the 2019 Booker Prize.\n\nNonfiction\n\nIn 2008, Atwood published Payback: Debt and the Shadow Side of Wealth, a collection of five lectures delivered as part of the Massey Lectures from October 12 to November 1, 2008. The book was released in ... "",""title"":""https://en.wikipedia.org/wiki/Margaret_Atwood""}]"
7,217,2026-09-15T16:34:22.118314+00:00,International Booker Prize Wikipedia,"[""international"",""booker"",""prize"",""wikipedia""]","""international"" OR ""booker"" OR ""prize"" OR ""wikipedia""",8,4116eee54952dbad91a9c320b23ec126b5c53de7110f5c0a0f5959a32e56f612,0760ee519fce440bbcc14ac2cdfb1c5662b3eb6a0445e5ef802a97e408aaf2fd,True,"[""d20"",""d58"",""d56"",""d55"",""d59"",""d57"",""d61"",""d37""]","[""3002"",""46195"",""60594"",""81704"",""65117"",""14924"",""11374"",""605""]","[{""docid"":""3002"",""score"":16.79545348537646,""snippet"":"" ... A sister prize, the International Booker Prize, is awarded for a work of fiction translated into English and published in the United Kingdom or Ireland. Unlike the Booker Prize, short story collections are eligible for the International Booker Prize. The £50,000 prize money is split evenly between ... "",""title"":""https://en.wikipedia.org/wiki/Booker_Prize""},{""docid"":""46195"",""score"":16.621688546472424,""snippet"":"" ... at the International Institute of Modern Letters. Her award-winning debut novel, The Rehearsal, written as her Master's thesis, was published in 2008, and has been adapted into a 2016 film of the same name. Her second novel, The Luminaries, won the 2013 Booker Prize, making Catton ... "",""title"":""https://en.wikipedia.org/wiki/Eleanor_Catton""},{""docid"":""60594"",""score"":16.61306151985258,""snippet"":"" ... It won the 2019 Pulitzer Prize for Fiction, was shortlisted for the Booker Prize and the $75,000 2019 PEN/Jean Stein Book Award, and was runner-up for the Dayton Literary Peace Prize.\n\nBewilderment, published in September 2021, was shortlisted for the 2021 Booker Prize and longlisted ... "",""title"":""https://en.wikipedia.org/wiki/Richard_Powers""},{""docid"":""81704"",""score"":16.56920535185472,""snippet"":"" ... If you want to understand modern-day Britain, this is the writer to read.\""\n\nAccolades\n\nGirl, Woman, Other was joint winner (with Margaret Atwood's The Testaments) of the 2019 Booker Prize,Flood, Alison (14 October 2019), \""Margaret Atwood and Bernardine Evaristo share Booker prize 2019\"", The Guardian ... "",""title"":""https://en.wikipedia.org/wiki/Girl,_Woman,_Other""},{""docid"":""65117"",""score"":16.34256610935193,""snippet"":"" ... The decade—and the Australian phase of Carey's career—culminated with the publication of Oscar and Lucinda (1988), which won the Booker McConnell Prize (as it was then known) and brought the author international recognition. Carey explained that the novel was inspired, in part, by his time ... "",""title"":""https://en.wikipedia.org/wiki/Peter_Carey_(novelist)""},{""docid"":""14924"",""score"":15.756661718187186,""snippet"":"" ... Shakespeare Prize, Alfred Toepfer Foundation\n*2004: Austrian State Prize for European Literature\n*2004: Commandeur de L'Ordre des Arts et des Lettres (Chevalier, 1988).\n*2008: San Clemente Literary Prize\n*2011: David Cohen Prize for Literature\n*2011: Man Booker Prize, winner, The Sense of an Ending\n*2011 Costa Book ... "",""title"":""https://en.wikipedia.org/wiki/Julian_Barnes""},{""docid"":""11374"",""score"":15.576169151669522,""snippet"":"" ... In 1980, Golding was awarded the Booker Prize for Rites of Passage, the first novel in what became his sea trilogy, To the Ends of the Earth. He was awarded the 1983 Nobel Prize in Literature.\n\nAs a result of his contributions to literature, Golding was knighted in ... "",""title"":""https://en.wikipedia.org/wiki/William_Golding""},{""docid"":""605"",""score"":15.437015153581319,""snippet"":"" ... Yann Martel signature (cropped).jpg\n\nYann Martel, (born June 25, 1963) is a Canadian author who wrote the Man Booker Prize–winning novel Life of Pi, an international bestseller published in more than 50 territories. It has sold more than 12 million copies worldwide and spent more than ... "",""title"":""https://en.wikipedia.org/wiki/Yann_Martel""}]"
7,218,2026-09-15T16:34:22.143425+00:00,Booker International Prize 2016 2017 2018 2019 winner,"[""booker"",""international"",""prize"",""2016"",""2017"",""2018"",""2019"",""winner""]","""booker"" OR ""international"" OR ""prize"" OR ""2016"" OR ""2017"" OR ""2018"" OR ""2019"" OR ""winner""",8,24e5711872dc8ff37cd215008729806101bfe0ab2af8c1fa29a722e7efee18f1,bbd63074ad61139caf54415fa4c584901821e60be58931774da2499cbc0d2cec,True,"[""d33"",""d20"",""d34"",""d39"",""d36"",""d42"",""d44"",""d62""]","[""20177"",""3002"",""38708"",""62176"",""54683"",""90941"",""23230"",""73144""]","[{""docid"":""20177"",""score"":25.98891111992596,""snippet"":"" ... Award, 2017\n\n- Raymond Chandler Award, 2017\n\n- Academy Board of Directors' Tribute, 2018\n\n- UCD Ulysses Medal, 2018\n\n- Adrienne Clarkson Prize for Global Citizenship, 2018\n\n- Order of the Companions of Honour, 2018\n\n- LARB/UCR Lifetime Achievement Award, 2019\n\n- VH1 Trailblazer Honoree, 2019\n\n- The Booker Prize for The Testaments, 2019\n\n- Burke ... "",""title"":""https://margaretatwood.ca/awards-recognitions/""},{""docid"":""3002"",""score"":25.59263157691798,""snippet"":"" ... of Seven Killings | Historical/experimental novel | |\n| 2016 | Paul Beatty | The Sellout | Satire | |\n| 2017 | George Saunders | Lincoln in the Bardo | Historical/experimental novel | |\n| 2018 | Anna Burns | Milkman | Literary fiction | |\n| 2019 | Margaret Atwood | The Testaments | Literary fiction | |\n| 2019 | Bernardine Evaristo The Booker Prizes |url= |access-date=2022-09-26 |website ... "",""title"":""https://en.wikipedia.org/wiki/Booker_Prize""},{""docid"":""38708"",""score"":25.527081609931987,""snippet"":"" ... 2016 The Booker Prizes |url= |url-status=live |archive-url= |archive-date=6 February 2023 |access-date=2022-10-19 |website=thebookerprizes.com |language=en}} | Longlist | Elizabeth Strout | My Name Is Lucy Barton | Viking | * Amanda Foreman (chair) * Jon Day * David Harsent * Olivia Williams * Abdulrazak Gurnah |\n| 2017 | Winner | George ... "",""title"":""https://en.wikipedia.org/wiki/List_of_winners_and_nominated_authors_of_the_Booker_Prize""},{""docid"":""62176"",""score"":25.513679308502965,""snippet"":"" ... Goes Last (2015) (Winner of the 2015 Red Tentacle award)\n* Hag-Seed (2016) (Longlisted for the 2017 Women Prize for Fiction)\n* The Testaments (2019, joint winner of the 2019 Booker Prize)\""Margaret Atwood announces sequel to The Handmaid's Tale\"" . CBC News, November 28, 2018.\n\n;Short fiction collections ... "",""title"":""https://en.wikipedia.org/wiki/Margaret_Atwood""},{""docid"":""54683"",""score"":25.08871133383363,""snippet"":"" ... Since 2005, a second prize, the International Booker Prize, has also been awarded, which since 2016 has gone to the best work in translation.\n\nThese 70 judges were 57 percent men; 75 percent English; 16 percent Irish, Scottish, or Welsh; 10 percent other nationalities; and 99 percent white ... "",""title"":""https://pmc.ncbi.nlm.nih.gov/articles/PMC10837049/""},{""docid"":""90941"",""score"":24.667588632293587,""snippet"":"" ... shortlisted for the Booker Prize in 2017 and won the Yasnaya Polyana Foreign Fiction Award. He received several international awards, including the Prix Femina, the Israel Prize, the Goethe Prize, the Frankfurt Peace Prize and the 2013 Franz Kafka Prize. He died in 2018 at the age of ... "",""title"":""https://www.cbc.ca/books/30-books-to-celebrate-30-years-of-writers-company-1.5755144""},{""docid"":""23230"",""score"":24.57794426799746,""snippet"":"" ... It was also shortlisted for the 2018 Saroyan Prize and longlisted for the 2018 PEN/Robert Bingham Prize for Debut Fiction and the 2017 Story Prize. Her novel The Gone Dead was published by Ecco/HarperCollins in June 2019 and was a New York Times Book Review Editor ... "",""title"":""https://artsandsciences.syracuse.edu/english-department/creative-writing-mf-program/raymond-carver-reading-series/previous-raymond-carver-reading-series/""},{""docid"":""73144"",""score"":24.3790105361129,""snippet"":"" ... for New Writing North's Read Regional campaign 2017 and won the Saboteur Award for Best Novella 2016. My first novel, Sealed (2017), is a work of eco-horror, which was shortlisted for the Not the Booker Award 2018. My second novel, Exit Management (2020), moves between contemporary ... "",""title"":""https://www.durham.ac.uk/staff/naomi-r-booth/""}]"
7,219,2026-09-15T16:34:22.167151+00:00,Man Booker International Prize Wikipedia,"[""man"",""booker"",""international"",""prize"",""wikipedia""]","""man"" OR ""booker"" OR ""international"" OR ""prize"" OR ""wikipedia""",8,fa38d220b2eee7ec917bfe915a65d36344325162ad1a746b3b23c73a6c2d1393,98ed22732ed573e9572bac09613138e7396f3d3ca40006d05957a2bb911d129b,True,"[""d20"",""d56"",""d59"",""d57"",""d37"",""d60"",""d61"",""d58""]","[""3002"",""60594"",""65117"",""14924"",""605"",""74229"",""11374"",""46195""]","[{""docid"":""3002"",""score"":18.42386744771581,""snippet"":"" ... The award has been known as the International Booker Prize since the Man Group ended its association with the prizes in 2019.\n\nA Russian version of the Booker Prize was created in 1992 called the Booker-Open Russia Literary Prize, also known as the Russian Booker Prize. In ... "",""title"":""https://en.wikipedia.org/wiki/Booker_Prize""},{""docid"":""60594"",""score"":18.072287696405176,""snippet"":"" ... Louis Post-Dispatch, Newsday, London Evening Standard, Time Out (London), San Jose Mercury News\n* Finalist, National Book Critics Circle Award, 2003, 1995, 1991, 1985\n* 2006 Finalist, Pulitzer Prize for Fiction\n* 2010 Elected Member, American Academy of Arts and Letters\n* 2014 Man Booker Prize (longlist)\n* 2014 California Book Awards ... "",""title"":""https://en.wikipedia.org/wiki/Richard_Powers""},{""docid"":""65117"",""score"":17.872664674492025,""snippet"":"" ... Booker Prize 1988, 2001\n\nPeter Philip Carey AO (born 7 May 1943) is an Australian novelist.\n\nHe is one of only five writers to have won the Booker Prize twice—the others being J. G. Farrell, J. M. Coetzee, Hilary Mantel and Margaret Atwood.Man Booker official site ... "",""title"":""https://en.wikipedia.org/wiki/Peter_Carey_(novelist)""},{""docid"":""14924"",""score"":17.369566383249328,""snippet"":"" ... Prix Femina 1992 Commandeur of L'Ordre des Arts et des Lettres 2004 Man Booker Prize 2011 Jerusalem Prize 2021\nspouse: Pat Kavanagh (agent) (m. 1979)\nwebsite: julianbarnes.com\n\nJulian Patrick Barnes (born 19 January 1946) is an English writer. He won the Man Booker Prize in 2011 ... "",""title"":""https://en.wikipedia.org/wiki/Julian_Barnes""},{""docid"":""605"",""score"":16.861101568815897,""snippet"":"" ... Yann Martel signature (cropped).jpg\n\nYann Martel, (born June 25, 1963) is a Canadian author who wrote the Man Booker Prize–winning novel Life of Pi, an international bestseller published in more than 50 territories. It has sold more than 12 million copies worldwide and spent more than ... "",""title"":""https://en.wikipedia.org/wiki/Yann_Martel""},{""docid"":""74229"",""score"":16.840602440549574,""snippet"":"" ... four writers to have won the Booker Prize twice—the others being J. G. Farrell, J. M. Coetzee and Hilary Mantel.Man Booker official site: J. G. Farrell ; Hilary Mantel ; J. M. Coetzee: .\n\nAmong Canadian writers who have achieved an international reputation, are novelist and poet Margaret Atwood ... "",""title"":""https://en.wikipedia.org/wiki/Twentieth-century_English_literature""},{""docid"":""11374"",""score"":16.81584511274756,""snippet"":"" ... In 1980, Golding was awarded the Booker Prize for Rites of Passage, the first novel in what became his sea trilogy, To the Ends of the Earth. He was awarded the 1983 Nobel Prize in Literature.\n\nAs a result of his contributions to literature, Golding was knighted in ... "",""title"":""https://en.wikipedia.org/wiki/William_Golding""},{""docid"":""46195"",""score"":16.621688546472424,""snippet"":"" ... at the International Institute of Modern Letters. Her award-winning debut novel, The Rehearsal, written as her Master's thesis, was published in 2008, and has been adapted into a 2016 film of the same name. Her second novel, The Luminaries, won the 2013 Booker Prize, making Catton ... "",""title"":""https://en.wikipedia.org/wiki/Eleanor_Catton""}]"
7,221,2026-09-15T16:34:22.221830+00:00,Chigozie Obioma biography born Akure grew up,"[""chigozie"",""obioma"",""biography"",""born"",""akure"",""grew"",""up""]","""chigozie"" OR ""obioma"" OR ""biography"" OR ""born"" OR ""akure"" OR ""grew"" OR ""up""",8,c9fb90bcff2e0c00438a94f52cf5d894d22ebdb6a2c1fc6d3a7de4be04e8de44,7ca30b68bed469f835684b2fa67b83f97420a2fd3aa97d5c249238fbc63a3090,True,"[""d40"",""d34"",""d63"",""d64"",""d65"",""d67"",""d66"",""d77""]","[""8674"",""38708"",""3438"",""37690"",""23177"",""94245"",""12500"",""12409""]","[{""docid"":""8674"",""score"":52.96010214082716,""snippet"":"" ... 2022-01-01\n---\nADVISORS\n\nAdvisors\n\nProgram Director\n\nChigozie Obioma was born in Akure, Nigeria. His two novels, The Fishermen (2015) and An Orchestra of Minorities (2019) were shortlisted for The Booker Prize and have been translated into 30 languages. He has an LA Times book prize, the prestigious ... "",""title"":""https://www.oxbelly.com/fiction-writers-program/advisors""},{""docid"":""38708"",""score"":31.463356866547233,""snippet"":"" ... Farrell\n*Karen Joy Fowler\n*Linda Grant\n*Abdulrazak Gurnah\n*Sarah Hall\n*Mohsin Hamid\n*Shirley Hazzard\n*Philip Hensher\n*Mary Lawson\n*David Lodge\n*Patrick McCabe\n*Colum McCann\n*Tom McCarthy\n*Shena Mackay\n*Chigozie Obioma\n*Michael Ondaatje\n*Joseph O'Neill\n*Tim Parks\n*Caryl Phillips\n*Julian Rathbone\n*Mordecai Richler\n*Arundhati Roy\n*Bernice Rubens\n*Donal ... "",""title"":""https://en.wikipedia.org/wiki/List_of_winners_and_nominated_authors_of_the_Booker_Prize""},{""docid"":""3438"",""score"":28.859576575212124,""snippet"":"" ... Chigozie Obioma\ndate: 2000-01-01\n---\n-\n\n- MajorsMinorsCertificates\n\n>>\n\n- Policies & ProceduresFYW Guidebook\n\n>>\n\n- Digital Learning LabsPortfoliosEvaluationsMoran ePortfolio AwardsBarnett Essay AwardsDouble Dawgs\n\n>>\n\n- Transfer FAQProspective Student Information\n\n>>\n\n- Study AbroadInternships and Research Opportunities\n\n>>\n\n-\n\n>>\n\n- Double DawgsTransfer Student InformationDual Degree Program: LLED/BAExperiential Learning in EnglishStudy AbroadAwards and Prizes\n\n-\n\n>>\n\n- Double Dawgs\n\n>>\n\n- African American/Multicultural StudiesAmerican Literary ... "",""title"":""https://www.english.uga.edu/directory/people/chigozie-obioma""},{""docid"":""37690"",""score"":26.8956960175981,""snippet"":"" ... This book brilliantly explores the effects of slavery and colonialism on African families as the story unfolds between West Africa and the United States.\n\n- The Fishermen (2015) by Chigozie Obioma (Nigeria): In this heartbreaking tale, four brothers in a small Nigerian town have their lives turned upside down ... "",""title"":""https://enkoeducation.com/the-must-read-in-african-literature/""},{""docid"":""23177"",""score"":26.07169309595544,""snippet"":"" ... Appiah argues that, unlike their counterparts who grew up facing the crudest forms of racial and colonial discrimination in the West and the Francophone subcontinent, the likes of S̩óyinká were \""children who were extracted from the traditional culture of their parents and grandparents and thrust into the ... "",""title"":""https://africasacountry.com/2019/04/why-im-no-longer-talking-to-nigerians-about-race""},{""docid"":""94245"",""score"":23.533540554959107,""snippet"":"" ... Chigozie Obioma, in The Orchestra of Minorities does the same. You shall notice in my next novel, The Wanderers [to be published in April/May], that I delve into this a little deeper also, to depict the notion of the absurdity of the human condition, which though popularized ... "",""title"":""https://africasacountry.com/2021/03/the-xhosa-literary-revival""},{""docid"":""12500"",""score"":21.880375747671195,""snippet"":"" ... Purple Hibiscus (2003), Half of a Yellow Sun (2006), Americanah (2013)\n* Chigozie Obioma (Nigeria): The Fishermen (2015), An Orchestra of Minorities (2019)\n* José Eduardo Agualusa (Angola): Rainy Season, Creole, The Book of Chameleons, My Father's Wives\n* Ama Ata Aidoo (Ghana): Our Sister Killjoy (1977), Changes: a Love ... "",""title"":""https://en.wikipedia.org/wiki/African_literature""},{""docid"":""12409"",""score"":19.580967371546034,""snippet"":"" ... BA, Harvard\n\nPhD, Yale\n\nShapiro Writing Center\n\nChigoze Obioma was born in Akure, Nigeria. His two novels, The Fishermen (2015) and An Orchestra of Minorities (2019) were shortlisted for the Booker Prize. His novels have been translated into more than 30 languages. They have won awards including the ... "",""title"":""https://www.wesleyan.edu/about/news/2023/09/wesleyan-welcomes-56-new-faculty-members-for-2023-24-academic-year.html""}]"
7,222,2026-09-15T16:34:22.243496+00:00,Chigozie Obioma Wikipedia,"[""chigozie"",""obioma"",""wikipedia""]","""chigozie"" OR ""obioma"" OR ""wikipedia""",8,77bd55675697a9ae9b49cc60d3e4082d34b2d6bc2eb338ac58823a9420fb9252,f155604d6f39f65969be7813e02d29e86b14d9377a2e8e81808f1ef0b387a886,True,"[""d40"",""d34"",""d63"",""d64"",""d66"",""d65"",""d68"",""d67""]","[""8674"",""38708"",""3438"",""37690"",""12500"",""23177"",""39802"",""94245""]","[{""docid"":""8674"",""score"":32.90671524114903,""snippet"":"" ... 2022-01-01\n---\nADVISORS\n\nAdvisors\n\nProgram Director\n\nChigozie Obioma was born in Akure, Nigeria. His two novels, The Fishermen (2015) and An Orchestra of Minorities (2019) were shortlisted for The Booker Prize and have been translated into 30 languages. He has an LA Times book prize, the prestigious ... "",""title"":""https://www.oxbelly.com/fiction-writers-program/advisors""},{""docid"":""38708"",""score"":32.545813134006835,""snippet"":"" ... Farrell\n*Karen Joy Fowler\n*Linda Grant\n*Abdulrazak Gurnah\n*Sarah Hall\n*Mohsin Hamid\n*Shirley Hazzard\n*Philip Hensher\n*Mary Lawson\n*David Lodge\n*Patrick McCabe\n*Colum McCann\n*Tom McCarthy\n*Shena Mackay\n*Chigozie Obioma\n*Michael Ondaatje\n*Joseph O'Neill\n*Tim Parks\n*Caryl Phillips\n*Julian Rathbone\n*Mordecai Richler\n*Arundhati Roy\n*Bernice Rubens\n*Donal ... "",""title"":""https://en.wikipedia.org/wiki/List_of_winners_and_nominated_authors_of_the_Booker_Prize""},{""docid"":""3438"",""score"":28.859576575212124,""snippet"":"" ... Chigozie Obioma\ndate: 2000-01-01\n---\n-\n\n- MajorsMinorsCertificates\n\n>>\n\n- Policies & ProceduresFYW Guidebook\n\n>>\n\n- Digital Learning LabsPortfoliosEvaluationsMoran ePortfolio AwardsBarnett Essay AwardsDouble Dawgs\n\n>>\n\n- Transfer FAQProspective Student Information\n\n>>\n\n- Study AbroadInternships and Research Opportunities\n\n>>\n\n-\n\n>>\n\n- Double DawgsTransfer Student InformationDual Degree Program: LLED/BAExperiential Learning in EnglishStudy AbroadAwards and Prizes\n\n-\n\n>>\n\n- Double Dawgs\n\n>>\n\n- African American/Multicultural StudiesAmerican Literary ... "",""title"":""https://www.english.uga.edu/directory/people/chigozie-obioma""},{""docid"":""37690"",""score"":25.4849935996429,""snippet"":"" ... This book brilliantly explores the effects of slavery and colonialism on African families as the story unfolds between West Africa and the United States.\n\n- The Fishermen (2015) by Chigozie Obioma (Nigeria): In this heartbreaking tale, four brothers in a small Nigerian town have their lives turned upside down ... "",""title"":""https://enkoeducation.com/the-must-read-in-african-literature/""},{""docid"":""12500"",""score"":22.941161380446662,""snippet"":"" ... Purple Hibiscus (2003), Half of a Yellow Sun (2006), Americanah (2013)\n* Chigozie Obioma (Nigeria): The Fishermen (2015), An Orchestra of Minorities (2019)\n* José Eduardo Agualusa (Angola): Rainy Season, Creole, The Book of Chameleons, My Father's Wives\n* Ama Ata Aidoo (Ghana): Our Sister Killjoy (1977), Changes: a Love ... "",""title"":""https://en.wikipedia.org/wiki/African_literature""},{""docid"":""23177"",""score"":22.552307554075444,""snippet"":"" ... the likes of US-based Nigerian Booker Prize shortlistee Chigozie Obioma to take on the mantle of bootstrap race \""analysis\"" in a more sophisticated manner. A few months before the 2016 Aké Festival Black Lives Matter panel, Obioma saw it fit to make his intervention into the debate ... "",""title"":""https://africasacountry.com/2019/04/why-im-no-longer-talking-to-nigerians-about-race""},{""docid"":""39802"",""score"":18.633779395095694,""snippet"":"" ... I, a great new African writer is asking these questions in a spare yet extraordinary novel about this bloody stain on human history.\""\n\n–Chigozie Obioma (The New York Times Book Review)\n\nFinalists:\n\nPeter Cameron, What Happens at Night (Catapult)\n\nAkwaeke Emezi, The Death of Vivek Oji (Riverhead)\n\nDanielle ... "",""title"":""https://lithub.com/the-award-winning-novels-of-2021/""},{""docid"":""94245"",""score"":17.78098118761512,""snippet"":"" ... Chigozie Obioma, in The Orchestra of Minorities does the same. You shall notice in my next novel, The Wanderers [to be published in April/May], that I delve into this a little deeper also, to depict the notion of the absurdity of the human condition, which though popularized ... "",""title"":""https://africasacountry.com/2021/03/the-xhosa-literary-revival""}]"
7,223,2026-09-15T16:34:22.265770+00:00,An Orchestra of Minorities 2019 Booker shortlist,"[""an"",""orchestra"",""of"",""minorities"",""2019"",""booker"",""shortlist""]","""an"" OR ""orchestra"" OR ""of"" OR ""minorities"" OR ""2019"" OR ""booker"" OR ""shortlist""",8,9fe32d82eb7864f2eb37ae5150cd67bbe366c6a0233caa5d24ae87dbdf88d1f1,8371ebc85e31ad72f4a00a822c9ae73c2b3e4732b4f12175c00e889319c8fab1,True,"[""d40"",""d34"",""d36"",""d20"",""d31"",""d41"",""d42"",""d39""]","[""8674"",""38708"",""54683"",""3002"",""58655"",""24586"",""90941"",""62176""]","[{""docid"":""8674"",""score"":28.517109580318557,""snippet"":"" ... His two novels, The Fishermen (2015) and An Orchestra of Minorities (2019) were shortlisted for The Booker Prize and have been translated into 30 languages. He has an LA Times book prize, the prestigious Internationalerpris, FT/Oppenheimer prize for fiction, an NAACP Image award and has been nominated ... "",""title"":""https://www.oxbelly.com/fiction-writers-program/advisors""},{""docid"":""38708"",""score"":23.271536360442,""snippet"":"" ... Guo *Joanna MacGregor |\n| 2019 | Shortlist | Lucy Ellmann | Ducks, Newburyport | Galley Beggar | *Peter Florence (chair) *Afua Hirsch *Liz Calder *Xiaolu Guo *Joanna MacGregor |\n| 2019 | Shortlist | Chigozie Obioma | An Orchestra of Minorities | Little, Brown | *Peter Florence (chair) *Afua Hirsch *Liz Calder *Xiaolu Guo *Joanna MacGregor |\n| 2019 | Shortlist | Salman Rushdie | Quichotte ... "",""title"":""https://en.wikipedia.org/wiki/List_of_winners_and_nominated_authors_of_the_Booker_Prize""},{""docid"":""54683"",""score"":21.058687365468565,""snippet"":"" ... As Erigha (2019, 2021) shows, \""racial valuations\"" operate through an interaction between creators' racial identities and the genre categories their works are slotted into. We show that in the construction of the category of postcolonial literature through the Booker Prize (Anand and Jones 2008), non-white authors end ... "",""title"":""https://pmc.ncbi.nlm.nih.gov/articles/PMC10837049/""},{""docid"":""3002"",""score"":20.38068509937176,""snippet"":"" ... In 1997, the decision to award Arundhati Roy's The God of Small Things proved controversial. Carmen Callil, chair of the previous year's Booker judges, called it an \""execrable\"" book and said on television that it should not even have been on the shortlist. Booker Prize chairman ... "",""title"":""https://en.wikipedia.org/wiki/Booker_Prize""},{""docid"":""58655"",""score"":19.980280260214943,""snippet"":"" ... Her 2019 translation of Krishna Sobti's A Gujarat Here, a Gujarat There was awarded the Modern Language Association's Aldo and Jeanne Scaglione Translation Prize.\n\nIn speaking to the jury's rationale, the panel's chair, Wynne is quoted, saying, \""This has been an exceptionally strong shortlist ... "",""title"":""https://publishingperspectives.com/2022/05/geetanjali-shree-and-daisy-rockwell-win-the-international-booker-prize/""},{""docid"":""24586"",""score"":19.576551317714298,""snippet"":"" ... The International Booker Prize 2023 Shortlist\n\nAt London Book Fair: Insights Into Translation Buyers\n\nAs the news of the International Booker Prize shortlist was announced to the public amid the raucous noise and crush of simultaneously programmed events at London Book Fair's opening today (April 17), the ... "",""title"":""https://publishingperspectives.com/2023/04/london-book-fair-the-bookers-new-data-on-translation-buyers/""},{""docid"":""90941"",""score"":19.548132321524022,""snippet"":"" ... She is the author of the prize-winning Regeneration trilogy. The last book in the series, The Ghost Road, won the Booker Prize in 1995. Her latest novel, The Silence of the Girls, was shortlisted for the 2019 Women's Prize for Fiction.\n\nBarker has been on Writers ... "",""title"":""https://www.cbc.ca/books/30-books-to-celebrate-30-years-of-writers-company-1.5755144""},{""docid"":""62176"",""score"":19.54613697926134,""snippet"":"" ... The book was the joint winner of the 2019 Booker Prize.\n\nNonfiction\n\nIn 2008, Atwood published Payback: Debt and the Shadow Side of Wealth, a collection of five lectures delivered as part of the Massey Lectures from October 12 to November 1, 2008. The book was released in ... "",""title"":""https://en.wikipedia.org/wiki/Margaret_Atwood""}]"
9,241,2026-09-15T16:34:32.653180+00:00,International Booker Prize Wikipedia,"[""international"",""booker"",""prize"",""wikipedia""]","""international"" OR ""booker"" OR ""prize"" OR ""wikipedia""",8,4116eee54952dbad91a9c320b23ec126b5c53de7110f5c0a0f5959a32e56f612,0760ee519fce440bbcc14ac2cdfb1c5662b3eb6a0445e5ef802a97e408aaf2fd,True,"[""d20"",""d58"",""d56"",""d55"",""d59"",""d57"",""d61"",""d37""]","[""3002"",""46195"",""60594"",""81704"",""65117"",""14924"",""11374"",""605""]","[{""docid"":""3002"",""score"":16.79545348537646,""snippet"":"" ... A sister prize, the International Booker Prize, is awarded for a work of fiction translated into English and published in the United Kingdom or Ireland. Unlike the Booker Prize, short story collections are eligible for the International Booker Prize. The £50,000 prize money is split evenly between ... "",""title"":""https://en.wikipedia.org/wiki/Booker_Prize""},{""docid"":""46195"",""score"":16.621688546472424,""snippet"":"" ... at the International Institute of Modern Letters. Her award-winning debut novel, The Rehearsal, written as her Master's thesis, was published in 2008, and has been adapted into a 2016 film of the same name. Her second novel, The Luminaries, won the 2013 Booker Prize, making Catton ... "",""title"":""https://en.wikipedia.org/wiki/Eleanor_Catton""},{""docid"":""60594"",""score"":16.61306151985258,""snippet"":"" ... It won the 2019 Pulitzer Prize for Fiction, was shortlisted for the Booker Prize and the $75,000 2019 PEN/Jean Stein Book Award, and was runner-up for the Dayton Literary Peace Prize.\n\nBewilderment, published in September 2021, was shortlisted for the 2021 Booker Prize and longlisted ... "",""title"":""https://en.wikipedia.org/wiki/Richard_Powers""},{""docid"":""81704"",""score"":16.56920535185472,""snippet"":"" ... If you want to understand modern-day Britain, this is the writer to read.\""\n\nAccolades\n\nGirl, Woman, Other was joint winner (with Margaret Atwood's The Testaments) of the 2019 Booker Prize,Flood, Alison (14 October 2019), \""Margaret Atwood and Bernardine Evaristo share Booker prize 2019\"", The Guardian ... "",""title"":""https://en.wikipedia.org/wiki/Girl,_Woman,_Other""},{""docid"":""65117"",""score"":16.34256610935193,""snippet"":"" ... The decade—and the Australian phase of Carey's career—culminated with the publication of Oscar and Lucinda (1988), which won the Booker McConnell Prize (as it was then known) and brought the author international recognition. Carey explained that the novel was inspired, in part, by his time ... "",""title"":""https://en.wikipedia.org/wiki/Peter_Carey_(novelist)""},{""docid"":""14924"",""score"":15.756661718187186,""snippet"":"" ... Shakespeare Prize, Alfred Toepfer Foundation\n*2004: Austrian State Prize for European Literature\n*2004: Commandeur de L'Ordre des Arts et des Lettres (Chevalier, 1988).\n*2008: San Clemente Literary Prize\n*2011: David Cohen Prize for Literature\n*2011: Man Booker Prize, winner, The Sense of an Ending\n*2011 Costa Book ... "",""title"":""https://en.wikipedia.org/wiki/Julian_Barnes""},{""docid"":""11374"",""score"":15.576169151669522,""snippet"":"" ... In 1980, Golding was awarded the Booker Prize for Rites of Passage, the first novel in what became his sea trilogy, To the Ends of the Earth. He was awarded the 1983 Nobel Prize in Literature.\n\nAs a result of his contributions to literature, Golding was knighted in ... "",""title"":""https://en.wikipedia.org/wiki/William_Golding""},{""docid"":""605"",""score"":15.437015153581319,""snippet"":"" ... Yann Martel signature (cropped).jpg\n\nYann Martel, (born June 25, 1963) is a Canadian author who wrote the Man Booker Prize–winning novel Life of Pi, an international bestseller published in more than 50 territories. It has sold more than 12 million copies worldwide and spent more than ... "",""title"":""https://en.wikipedia.org/wiki/Yann_Martel""}]"
9,242,2026-09-15T16:34:32.678837+00:00,Man Booker International Prize 2016 2017 2018 2019 winner,"[""man"",""booker"",""international"",""prize"",""2016"",""2017"",""2018"",""2019"",""winner""]","""man"" OR ""booker"" OR ""international"" OR ""prize"" OR ""2016"" OR ""2017"" OR ""2018"" OR ""2019"" OR ""winner""",8,6d474bdeefde7ee7a7211801da86b66d3873801d8bb3a7538cd5837f86de0173,4ca672a2df9864366532e534e4f721ec390996004751d9c3613b3d2a4f8025fc,False,"[""d20"",""d33"",""d34"",""d39"",""d42"",""d44"",""d36"",""d45""]","[""3002"",""20177"",""38708"",""62176"",""90941"",""23230"",""54683"",""74248""]","[{""docid"":""3002"",""score"":27.221045539257332,""snippet"":"" ... the Man Booker Prize (2002–2019), is a prestigious literary award conferred each year for the best single work of sustained fiction written in the English language, which was published in the United Kingdom or Ireland. The winner of the Booker Prize receives , as well as international publicity ... "",""title"":""https://en.wikipedia.org/wiki/Booker_Prize""},{""docid"":""20177"",""score"":27.11305987737584,""snippet"":"" ... Award, 2017\n\n- Raymond Chandler Award, 2017\n\n- Academy Board of Directors' Tribute, 2018\n\n- UCD Ulysses Medal, 2018\n\n- Adrienne Clarkson Prize for Global Citizenship, 2018\n\n- Order of the Companions of Honour, 2018\n\n- LARB/UCR Lifetime Achievement Award, 2019\n\n- VH1 Trailblazer Honoree, 2019\n\n- The Booker Prize for The Testaments, 2019\n\n- Burke ... "",""title"":""https://margaretatwood.ca/awards-recognitions/""},{""docid"":""38708"",""score"":26.790327714114863,""snippet"":"" ... 2016 The Booker Prizes |url= |url-status=live |archive-url= |archive-date=6 February 2023 |access-date=2022-10-19 |website=thebookerprizes.com |language=en}} | Longlist | Elizabeth Strout | My Name Is Lucy Barton | Viking | * Amanda Foreman (chair) * Jon Day * David Harsent * Olivia Williams * Abdulrazak Gurnah |\n| 2017 | Winner | George ... "",""title"":""https://en.wikipedia.org/wiki/List_of_winners_and_nominated_authors_of_the_Booker_Prize""},{""docid"":""62176"",""score"":26.750495486201345,""snippet"":"" ... Goes Last (2015) (Winner of the 2015 Red Tentacle award)\n* Hag-Seed (2016) (Longlisted for the 2017 Women Prize for Fiction)\n* The Testaments (2019, joint winner of the 2019 Booker Prize)\""Margaret Atwood announces sequel to The Handmaid's Tale\"" . CBC News, November 28, 2018.\n\n;Short fiction collections ... "",""title"":""https://en.wikipedia.org/wiki/Margaret_Atwood""},{""docid"":""90941"",""score"":26.070385799703875,""snippet"":"" ... shortlisted for the Booker Prize in 2017 and won the Yasnaya Polyana Foreign Fiction Award. He received several international awards, including the Prix Femina, the Israel Prize, the Goethe Prize, the Frankfurt Peace Prize and the 2013 Franz Kafka Prize. He died in 2018 at the age of ... "",""title"":""https://www.cbc.ca/books/30-books-to-celebrate-30-years-of-writers-company-1.5755144""},{""docid"":""23230"",""score"":25.967450194507723,""snippet"":"" ... the Bardo, which won the 2017 Man Booker Prize for best work of fiction in English, and was a finalist for the Golden Man Booker, in which one Booker winner was selected to represent each decade, from the fifty years since the Prize's inception.\n\nHis stories have ... "",""title"":""https://artsandsciences.syracuse.edu/english-department/creative-writing-mf-program/raymond-carver-reading-series/previous-raymond-carver-reading-series/""},{""docid"":""54683"",""score"":25.757020602508184,""snippet"":"" ... Since 2005, a second prize, the International Booker Prize, has also been awarded, which since 2016 has gone to the best work in translation.\n\nThese 70 judges were 57 percent men; 75 percent English; 16 percent Irish, Scottish, or Welsh; 10 percent other nationalities; and 99 percent white ... "",""title"":""https://pmc.ncbi.nlm.nih.gov/articles/PMC10837049/""},{""docid"":""74248"",""score"":25.216202301398408,""snippet"":"" ... Smith's fifth novel, Swing Time, was published in November 2016. It drew inspiration from Smith's childhood love of tap dancing. It was longlisted for the Man Booker Prize 2017.\n\nSmith is a contributor to Margaret Busby's 2019 anthology New Daughters of Africa (as is her ... "",""title"":""https://en.wikipedia.org/wiki/Zadie_Smith""}]"
9,245,2026-09-15T16:34:33.453310+00:00,Booker International Prize Wikipedia,"[""booker"",""international"",""prize"",""wikipedia""]","""booker"" OR ""international"" OR ""prize"" OR ""wikipedia""",8,928cb3c2969b2a35a74cee47f8adeea33e12d61a0c96879ead9c7dbcad1699d4,3adac040a78c15e79655ffe29616529fc4f73fb652d1791291ff1ae010e83fa0,False,"[""d20"",""d58"",""d56"",""d55"",""d59"",""d57"",""d61"",""d37""]","[""3002"",""46195"",""60594"",""81704"",""65117"",""14924"",""11374"",""605""]","[{""docid"":""3002"",""score"":16.79545348537646,""snippet"":"" ... A sister prize, the International Booker Prize, is awarded for a work of fiction translated into English and published in the United Kingdom or Ireland. Unlike the Booker Prize, short story collections are eligible for the International Booker Prize. The £50,000 prize money is split evenly between ... "",""title"":""https://en.wikipedia.org/wiki/Booker_Prize""},{""docid"":""46195"",""score"":16.621688546472424,""snippet"":"" ... at the International Institute of Modern Letters. Her award-winning debut novel, The Rehearsal, written as her Master's thesis, was published in 2008, and has been adapted into a 2016 film of the same name. Her second novel, The Luminaries, won the 2013 Booker Prize, making Catton ... "",""title"":""https://en.wikipedia.org/wiki/Eleanor_Catton""},{""docid"":""60594"",""score"":16.61306151985258,""snippet"":"" ... It won the 2019 Pulitzer Prize for Fiction, was shortlisted for the Booker Prize and the $75,000 2019 PEN/Jean Stein Book Award, and was runner-up for the Dayton Literary Peace Prize.\n\nBewilderment, published in September 2021, was shortlisted for the 2021 Booker Prize and longlisted ... "",""title"":""https://en.wikipedia.org/wiki/Richard_Powers""},{""docid"":""81704"",""score"":16.56920535185472,""snippet"":"" ... If you want to understand modern-day Britain, this is the writer to read.\""\n\nAccolades\n\nGirl, Woman, Other was joint winner (with Margaret Atwood's The Testaments) of the 2019 Booker Prize,Flood, Alison (14 October 2019), \""Margaret Atwood and Bernardine Evaristo share Booker prize 2019\"", The Guardian ... "",""title"":""https://en.wikipedia.org/wiki/Girl,_Woman,_Other""},{""docid"":""65117"",""score"":16.34256610935193,""snippet"":"" ... The decade—and the Australian phase of Carey's career—culminated with the publication of Oscar and Lucinda (1988), which won the Booker McConnell Prize (as it was then known) and brought the author international recognition. Carey explained that the novel was inspired, in part, by his time ... "",""title"":""https://en.wikipedia.org/wiki/Peter_Carey_(novelist)""},{""docid"":""14924"",""score"":15.756661718187186,""snippet"":"" ... Shakespeare Prize, Alfred Toepfer Foundation\n*2004: Austrian State Prize for European Literature\n*2004: Commandeur de L'Ordre des Arts et des Lettres (Chevalier, 1988).\n*2008: San Clemente Literary Prize\n*2011: David Cohen Prize for Literature\n*2011: Man Booker Prize, winner, The Sense of an Ending\n*2011 Costa Book ... "",""title"":""https://en.wikipedia.org/wiki/Julian_Barnes""},{""docid"":""11374"",""score"":15.576169151669522,""snippet"":"" ... In 1980, Golding was awarded the Booker Prize for Rites of Passage, the first novel in what became his sea trilogy, To the Ends of the Earth. He was awarded the 1983 Nobel Prize in Literature.\n\nAs a result of his contributions to literature, Golding was knighted in ... "",""title"":""https://en.wikipedia.org/wiki/William_Golding""},{""docid"":""605"",""score"":15.437015153581319,""snippet"":"" ... Yann Martel signature (cropped).jpg\n\nYann Martel, (born June 25, 1963) is a Canadian author who wrote the Man Booker Prize–winning novel Life of Pi, an international bestseller published in more than 50 territories. It has sold more than 12 million copies worldwide and spent more than ... "",""title"":""https://en.wikipedia.org/wiki/Yann_Martel""}]"
10,256,2026-09-15T16:34:39.124249+00:00,International Booker Prize Wikipedia,"[""international"",""booker"",""prize"",""wikipedia""]","""international"" OR ""booker"" OR ""prize"" OR ""wikipedia""",8,4116eee54952dbad91a9c320b23ec126b5c53de7110f5c0a0f5959a32e56f612,0760ee519fce440bbcc14ac2cdfb1c5662b3eb6a0445e5ef802a97e408aaf2fd,True,"[""d20"",""d58"",""d56"",""d55"",""d59"",""d57"",""d61"",""d37""]","[""3002"",""46195"",""60594"",""81704"",""65117"",""14924"",""11374"",""605""]","[{""docid"":""3002"",""score"":16.79545348537646,""snippet"":"" ... A sister prize, the International Booker Prize, is awarded for a work of fiction translated into English and published in the United Kingdom or Ireland. Unlike the Booker Prize, short story collections are eligible for the International Booker Prize. The £50,000 prize money is split evenly between ... "",""title"":""https://en.wikipedia.org/wiki/Booker_Prize""},{""docid"":""46195"",""score"":16.621688546472424,""snippet"":"" ... at the International Institute of Modern Letters. Her award-winning debut novel, The Rehearsal, written as her Master's thesis, was published in 2008, and has been adapted into a 2016 film of the same name. Her second novel, The Luminaries, won the 2013 Booker Prize, making Catton ... "",""title"":""https://en.wikipedia.org/wiki/Eleanor_Catton""},{""docid"":""60594"",""score"":16.61306151985258,""snippet"":"" ... It won the 2019 Pulitzer Prize for Fiction, was shortlisted for the Booker Prize and the $75,000 2019 PEN/Jean Stein Book Award, and was runner-up for the Dayton Literary Peace Prize.\n\nBewilderment, published in September 2021, was shortlisted for the 2021 Booker Prize and longlisted ... "",""title"":""https://en.wikipedia.org/wiki/Richard_Powers""},{""docid"":""81704"",""score"":16.56920535185472,""snippet"":"" ... If you want to understand modern-day Britain, this is the writer to read.\""\n\nAccolades\n\nGirl, Woman, Other was joint winner (with Margaret Atwood's The Testaments) of the 2019 Booker Prize,Flood, Alison (14 October 2019), \""Margaret Atwood and Bernardine Evaristo share Booker prize 2019\"", The Guardian ... "",""title"":""https://en.wikipedia.org/wiki/Girl,_Woman,_Other""},{""docid"":""65117"",""score"":16.34256610935193,""snippet"":"" ... The decade—and the Australian phase of Carey's career—culminated with the publication of Oscar and Lucinda (1988), which won the Booker McConnell Prize (as it was then known) and brought the author international recognition. Carey explained that the novel was inspired, in part, by his time ... "",""title"":""https://en.wikipedia.org/wiki/Peter_Carey_(novelist)""},{""docid"":""14924"",""score"":15.756661718187186,""snippet"":"" ... Shakespeare Prize, Alfred Toepfer Foundation\n*2004: Austrian State Prize for European Literature\n*2004: Commandeur de L'Ordre des Arts et des Lettres (Chevalier, 1988).\n*2008: San Clemente Literary Prize\n*2011: David Cohen Prize for Literature\n*2011: Man Booker Prize, winner, The Sense of an Ending\n*2011 Costa Book ... "",""title"":""https://en.wikipedia.org/wiki/Julian_Barnes""},{""docid"":""11374"",""score"":15.576169151669522,""snippet"":"" ... In 1980, Golding was awarded the Booker Prize for Rites of Passage, the first novel in what became his sea trilogy, To the Ends of the Earth. He was awarded the 1983 Nobel Prize in Literature.\n\nAs a result of his contributions to literature, Golding was knighted in ... "",""title"":""https://en.wikipedia.org/wiki/William_Golding""},{""docid"":""605"",""score"":15.437015153581319,""snippet"":"" ... Yann Martel signature (cropped).jpg\n\nYann Martel, (born June 25, 1963) is a Canadian author who wrote the Man Booker Prize–winning novel Life of Pi, an international bestseller published in more than 50 territories. It has sold more than 12 million copies worldwide and spent more than ... "",""title"":""https://en.wikipedia.org/wiki/Yann_Martel""}]"
10,257,2026-09-15T16:34:39.152829+00:00,Man Booker International Prize 2016 2017 2018 2019 winner,"[""man"",""booker"",""international"",""prize"",""2016"",""2017"",""2018"",""2019"",""winner""]","""man"" OR ""booker"" OR ""international"" OR ""prize"" OR ""2016"" OR ""2017"" OR ""2018"" OR ""2019"" OR ""winner""",8,6d474bdeefde7ee7a7211801da86b66d3873801d8bb3a7538cd5837f86de0173,4ca672a2df9864366532e534e4f721ec390996004751d9c3613b3d2a4f8025fc,True,"[""d20"",""d33"",""d34"",""d39"",""d42"",""d44"",""d36"",""d45""]","[""3002"",""20177"",""38708"",""62176"",""90941"",""23230"",""54683"",""74248""]","[{""docid"":""3002"",""score"":27.221045539257332,""snippet"":"" ... the Man Booker Prize (2002–2019), is a prestigious literary award conferred each year for the best single work of sustained fiction written in the English language, which was published in the United Kingdom or Ireland. The winner of the Booker Prize receives , as well as international publicity ... "",""title"":""https://en.wikipedia.org/wiki/Booker_Prize""},{""docid"":""20177"",""score"":27.11305987737584,""snippet"":"" ... Award, 2017\n\n- Raymond Chandler Award, 2017\n\n- Academy Board of Directors' Tribute, 2018\n\n- UCD Ulysses Medal, 2018\n\n- Adrienne Clarkson Prize for Global Citizenship, 2018\n\n- Order of the Companions of Honour, 2018\n\n- LARB/UCR Lifetime Achievement Award, 2019\n\n- VH1 Trailblazer Honoree, 2019\n\n- The Booker Prize for The Testaments, 2019\n\n- Burke ... "",""title"":""https://margaretatwood.ca/awards-recognitions/""},{""docid"":""38708"",""score"":26.790327714114863,""snippet"":"" ... 2016 The Booker Prizes |url= |url-status=live |archive-url= |archive-date=6 February 2023 |access-date=2022-10-19 |website=thebookerprizes.com |language=en}} | Longlist | Elizabeth Strout | My Name Is Lucy Barton | Viking | * Amanda Foreman (chair) * Jon Day * David Harsent * Olivia Williams * Abdulrazak Gurnah |\n| 2017 | Winner | George ... "",""title"":""https://en.wikipedia.org/wiki/List_of_winners_and_nominated_authors_of_the_Booker_Prize""},{""docid"":""62176"",""score"":26.750495486201345,""snippet"":"" ... Goes Last (2015) (Winner of the 2015 Red Tentacle award)\n* Hag-Seed (2016) (Longlisted for the 2017 Women Prize for Fiction)\n* The Testaments (2019, joint winner of the 2019 Booker Prize)\""Margaret Atwood announces sequel to The Handmaid's Tale\"" . CBC News, November 28, 2018.\n\n;Short fiction collections ... "",""title"":""https://en.wikipedia.org/wiki/Margaret_Atwood""},{""docid"":""90941"",""score"":26.070385799703875,""snippet"":"" ... shortlisted for the Booker Prize in 2017 and won the Yasnaya Polyana Foreign Fiction Award. He received several international awards, including the Prix Femina, the Israel Prize, the Goethe Prize, the Frankfurt Peace Prize and the 2013 Franz Kafka Prize. He died in 2018 at the age of ... "",""title"":""https://www.cbc.ca/books/30-books-to-celebrate-30-years-of-writers-company-1.5755144""},{""docid"":""23230"",""score"":25.967450194507723,""snippet"":"" ... the Bardo, which won the 2017 Man Booker Prize for best work of fiction in English, and was a finalist for the Golden Man Booker, in which one Booker winner was selected to represent each decade, from the fifty years since the Prize's inception.\n\nHis stories have ... "",""title"":""https://artsandsciences.syracuse.edu/english-department/creative-writing-mf-program/raymond-carver-reading-series/previous-raymond-carver-reading-series/""},{""docid"":""54683"",""score"":25.757020602508184,""snippet"":"" ... Since 2005, a second prize, the International Booker Prize, has also been awarded, which since 2016 has gone to the best work in translation.\n\nThese 70 judges were 57 percent men; 75 percent English; 16 percent Irish, Scottish, or Welsh; 10 percent other nationalities; and 99 percent white ... "",""title"":""https://pmc.ncbi.nlm.nih.gov/articles/PMC10837049/""},{""docid"":""74248"",""score"":25.216202301398408,""snippet"":"" ... Smith's fifth novel, Swing Time, was published in November 2016. It drew inspiration from Smith's childhood love of tap dancing. It was longlisted for the Man Booker Prize 2017.\n\nSmith is a contributor to Margaret Busby's 2019 anthology New Daughters of Africa (as is her ... "",""title"":""https://en.wikipedia.org/wiki/Zadie_Smith""}]"
10,258,2026-09-15T16:34:39.177917+00:00,Booker International Prize Wikipedia,"[""booker"",""international"",""prize"",""wikipedia""]","""booker"" OR ""international"" OR ""prize"" OR ""wikipedia""",8,928cb3c2969b2a35a74cee47f8adeea33e12d61a0c96879ead9c7dbcad1699d4,3adac040a78c15e79655ffe29616529fc4f73fb652d1791291ff1ae010e83fa0,True,"[""d20"",""d58"",""d56"",""d55"",""d59"",""d57"",""d61"",""d37""]","[""3002"",""46195"",""60594"",""81704"",""65117"",""14924"",""11374"",""605""]","[{""docid"":""3002"",""score"":16.79545348537646,""snippet"":"" ... A sister prize, the International Booker Prize, is awarded for a work of fiction translated into English and published in the United Kingdom or Ireland. Unlike the Booker Prize, short story collections are eligible for the International Booker Prize. The £50,000 prize money is split evenly between ... "",""title"":""https://en.wikipedia.org/wiki/Booker_Prize""},{""docid"":""46195"",""score"":16.621688546472424,""snippet"":"" ... at the International Institute of Modern Letters. Her award-winning debut novel, The Rehearsal, written as her Master's thesis, was published in 2008, and has been adapted into a 2016 film of the same name. Her second novel, The Luminaries, won the 2013 Booker Prize, making Catton ... "",""title"":""https://en.wikipedia.org/wiki/Eleanor_Catton""},{""docid"":""60594"",""score"":16.61306151985258,""snippet"":"" ... It won the 2019 Pulitzer Prize for Fiction, was shortlisted for the Booker Prize and the $75,000 2019 PEN/Jean Stein Book Award, and was runner-up for the Dayton Literary Peace Prize.\n\nBewilderment, published in September 2021, was shortlisted for the 2021 Booker Prize and longlisted ... "",""title"":""https://en.wikipedia.org/wiki/Richard_Powers""},{""docid"":""81704"",""score"":16.56920535185472,""snippet"":"" ... If you want to understand modern-day Britain, this is the writer to read.\""\n\nAccolades\n\nGirl, Woman, Other was joint winner (with Margaret Atwood's The Testaments) of the 2019 Booker Prize,Flood, Alison (14 October 2019), \""Margaret Atwood and Bernardine Evaristo share Booker prize 2019\"", The Guardian ... "",""title"":""https://en.wikipedia.org/wiki/Girl,_Woman,_Other""},{""docid"":""65117"",""score"":16.34256610935193,""snippet"":"" ... The decade—and the Australian phase of Carey's career—culminated with the publication of Oscar and Lucinda (1988), which won the Booker McConnell Prize (as it was then known) and brought the author international recognition. Carey explained that the novel was inspired, in part, by his time ... "",""title"":""https://en.wikipedia.org/wiki/Peter_Carey_(novelist)""},{""docid"":""14924"",""score"":15.756661718187186,""snippet"":"" ... Shakespeare Prize, Alfred Toepfer Foundation\n*2004: Austrian State Prize for European Literature\n*2004: Commandeur de L'Ordre des Arts et des Lettres (Chevalier, 1988).\n*2008: San Clemente Literary Prize\n*2011: David Cohen Prize for Literature\n*2011: Man Booker Prize, winner, The Sense of an Ending\n*2011 Costa Book ... "",""title"":""https://en.wikipedia.org/wiki/Julian_Barnes""},{""docid"":""11374"",""score"":15.576169151669522,""snippet"":"" ... In 1980, Golding was awarded the Booker Prize for Rites of Passage, the first novel in what became his sea trilogy, To the Ends of the Earth. He was awarded the 1983 Nobel Prize in Literature.\n\nAs a result of his contributions to literature, Golding was knighted in ... "",""title"":""https://en.wikipedia.org/wiki/William_Golding""},{""docid"":""605"",""score"":15.437015153581319,""snippet"":"" ... Yann Martel signature (cropped).jpg\n\nYann Martel, (born June 25, 1963) is a Canadian author who wrote the Man Booker Prize–winning novel Life of Pi, an international bestseller published in more than 50 territories. It has sold more than 12 million copies worldwide and spent more than ... "",""title"":""https://en.wikipedia.org/wiki/Yann_Martel""}]"
11,266,2026-09-15T16:34:44.735302+00:00,International Booker Prize Wikipedia,"[""international"",""booker"",""prize"",""wikipedia""]","""international"" OR ""booker"" OR ""prize"" OR ""wikipedia""",8,4116eee54952dbad91a9c320b23ec126b5c53de7110f5c0a0f5959a32e56f612,0760ee519fce440bbcc14ac2cdfb1c5662b3eb6a0445e5ef802a97e408aaf2fd,True,"[""d20"",""d58"",""d56"",""d55"",""d59"",""d57"",""d61"",""d37""]","[""3002"",""46195"",""60594"",""81704"",""65117"",""14924"",""11374"",""605""]","[{""docid"":""3002"",""score"":16.79545348537646,""snippet"":"" ... A sister prize, the International Booker Prize, is awarded for a work of fiction translated into English and published in the United Kingdom or Ireland. Unlike the Booker Prize, short story collections are eligible for the International Booker Prize. The £50,000 prize money is split evenly between ... "",""title"":""https://en.wikipedia.org/wiki/Booker_Prize""},{""docid"":""46195"",""score"":16.621688546472424,""snippet"":"" ... at the International Institute of Modern Letters. Her award-winning debut novel, The Rehearsal, written as her Master's thesis, was published in 2008, and has been adapted into a 2016 film of the same name. Her second novel, The Luminaries, won the 2013 Booker Prize, making Catton ... "",""title"":""https://en.wikipedia.org/wiki/Eleanor_Catton""},{""docid"":""60594"",""score"":16.61306151985258,""snippet"":"" ... It won the 2019 Pulitzer Prize for Fiction, was shortlisted for the Booker Prize and the $75,000 2019 PEN/Jean Stein Book Award, and was runner-up for the Dayton Literary Peace Prize.\n\nBewilderment, published in September 2021, was shortlisted for the 2021 Booker Prize and longlisted ... "",""title"":""https://en.wikipedia.org/wiki/Richard_Powers""},{""docid"":""81704"",""score"":16.56920535185472,""snippet"":"" ... If you want to understand modern-day Britain, this is the writer to read.\""\n\nAccolades\n\nGirl, Woman, Other was joint winner (with Margaret Atwood's The Testaments) of the 2019 Booker Prize,Flood, Alison (14 October 2019), \""Margaret Atwood and Bernardine Evaristo share Booker prize 2019\"", The Guardian ... "",""title"":""https://en.wikipedia.org/wiki/Girl,_Woman,_Other""},{""docid"":""65117"",""score"":16.34256610935193,""snippet"":"" ... The decade—and the Australian phase of Carey's career—culminated with the publication of Oscar and Lucinda (1988), which won the Booker McConnell Prize (as it was then known) and brought the author international recognition. Carey explained that the novel was inspired, in part, by his time ... "",""title"":""https://en.wikipedia.org/wiki/Peter_Carey_(novelist)""},{""docid"":""14924"",""score"":15.756661718187186,""snippet"":"" ... Shakespeare Prize, Alfred Toepfer Foundation\n*2004: Austrian State Prize for European Literature\n*2004: Commandeur de L'Ordre des Arts et des Lettres (Chevalier, 1988).\n*2008: San Clemente Literary Prize\n*2011: David Cohen Prize for Literature\n*2011: Man Booker Prize, winner, The Sense of an Ending\n*2011 Costa Book ... "",""title"":""https://en.wikipedia.org/wiki/Julian_Barnes""},{""docid"":""11374"",""score"":15.576169151669522,""snippet"":"" ... In 1980, Golding was awarded the Booker Prize for Rites of Passage, the first novel in what became his sea trilogy, To the Ends of the Earth. He was awarded the 1983 Nobel Prize in Literature.\n\nAs a result of his contributions to literature, Golding was knighted in ... "",""title"":""https://en.wikipedia.org/wiki/William_Golding""},{""docid"":""605"",""score"":15.437015153581319,""snippet"":"" ... Yann Martel signature (cropped).jpg\n\nYann Martel, (born June 25, 1963) is a Canadian author who wrote the Man Booker Prize–winning novel Life of Pi, an international bestseller published in more than 50 territories. It has sold more than 12 million copies worldwide and spent more than ... "",""title"":""https://en.wikipedia.org/wiki/Yann_Martel""}]"
11,267,2026-09-15T16:34:44.778466+00:00,Man Booker International Prize 2016 2017 2018 2019 winner,"[""man"",""booker"",""international"",""prize"",""2016"",""2017"",""2018"",""2019"",""winner""]","""man"" OR ""booker"" OR ""international"" OR ""prize"" OR ""2016"" OR ""2017"" OR ""2018"" OR ""2019"" OR ""winner""",8,6d474bdeefde7ee7a7211801da86b66d3873801d8bb3a7538cd5837f86de0173,4ca672a2df9864366532e534e4f721ec390996004751d9c3613b3d2a4f8025fc,True,"[""d20"",""d33"",""d34"",""d39"",""d42"",""d44"",""d36"",""d45""]","[""3002"",""20177"",""38708"",""62176"",""90941"",""23230"",""54683"",""74248""]","[{""docid"":""3002"",""score"":27.221045539257332,""snippet"":"" ... the Man Booker Prize (2002–2019), is a prestigious literary award conferred each year for the best single work of sustained fiction written in the English language, which was published in the United Kingdom or Ireland. The winner of the Booker Prize receives , as well as international publicity ... "",""title"":""https://en.wikipedia.org/wiki/Booker_Prize""},{""docid"":""20177"",""score"":27.11305987737584,""snippet"":"" ... Award, 2017\n\n- Raymond Chandler Award, 2017\n\n- Academy Board of Directors' Tribute, 2018\n\n- UCD Ulysses Medal, 2018\n\n- Adrienne Clarkson Prize for Global Citizenship, 2018\n\n- Order of the Companions of Honour, 2018\n\n- LARB/UCR Lifetime Achievement Award, 2019\n\n- VH1 Trailblazer Honoree, 2019\n\n- The Booker Prize for The Testaments, 2019\n\n- Burke ... "",""title"":""https://margaretatwood.ca/awards-recognitions/""},{""docid"":""38708"",""score"":26.790327714114863,""snippet"":"" ... 2016 The Booker Prizes |url= |url-status=live |archive-url= |archive-date=6 February 2023 |access-date=2022-10-19 |website=thebookerprizes.com |language=en}} | Longlist | Elizabeth Strout | My Name Is Lucy Barton | Viking | * Amanda Foreman (chair) * Jon Day * David Harsent * Olivia Williams * Abdulrazak Gurnah |\n| 2017 | Winner | George ... "",""title"":""https://en.wikipedia.org/wiki/List_of_winners_and_nominated_authors_of_the_Booker_Prize""},{""docid"":""62176"",""score"":26.750495486201345,""snippet"":"" ... Goes Last (2015) (Winner of the 2015 Red Tentacle award)\n* Hag-Seed (2016) (Longlisted for the 2017 Women Prize for Fiction)\n* The Testaments (2019, joint winner of the 2019 Booker Prize)\""Margaret Atwood announces sequel to The Handmaid's Tale\"" . CBC News, November 28, 2018.\n\n;Short fiction collections ... "",""title"":""https://en.wikipedia.org/wiki/Margaret_Atwood""},{""docid"":""90941"",""score"":26.070385799703875,""snippet"":"" ... shortlisted for the Booker Prize in 2017 and won the Yasnaya Polyana Foreign Fiction Award. He received several international awards, including the Prix Femina, the Israel Prize, the Goethe Prize, the Frankfurt Peace Prize and the 2013 Franz Kafka Prize. He died in 2018 at the age of ... "",""title"":""https://www.cbc.ca/books/30-books-to-celebrate-30-years-of-writers-company-1.5755144""},{""docid"":""23230"",""score"":25.967450194507723,""snippet"":"" ... the Bardo, which won the 2017 Man Booker Prize for best work of fiction in English, and was a finalist for the Golden Man Booker, in which one Booker winner was selected to represent each decade, from the fifty years since the Prize's inception.\n\nHis stories have ... "",""title"":""https://artsandsciences.syracuse.edu/english-department/creative-writing-mf-program/raymond-carver-reading-series/previous-raymond-carver-reading-series/""},{""docid"":""54683"",""score"":25.757020602508184,""snippet"":"" ... Since 2005, a second prize, the International Booker Prize, has also been awarded, which since 2016 has gone to the best work in translation.\n\nThese 70 judges were 57 percent men; 75 percent English; 16 percent Irish, Scottish, or Welsh; 10 percent other nationalities; and 99 percent white ... "",""title"":""https://pmc.ncbi.nlm.nih.gov/articles/PMC10837049/""},{""docid"":""74248"",""score"":25.216202301398408,""snippet"":"" ... Smith's fifth novel, Swing Time, was published in November 2016. It drew inspiration from Smith's childhood love of tap dancing. It was longlisted for the Man Booker Prize 2017.\n\nSmith is a contributor to Margaret Busby's 2019 anthology New Daughters of Africa (as is her ... "",""title"":""https://en.wikipedia.org/wiki/Zadie_Smith""}]"
11,268,2026-09-15T16:34:44.806769+00:00,Booker International Prize Wikipedia,"[""booker"",""international"",""prize"",""wikipedia""]","""booker"" OR ""international"" OR ""prize"" OR ""wikipedia""",8,928cb3c2969b2a35a74cee47f8adeea33e12d61a0c96879ead9c7dbcad1699d4,3adac040a78c15e79655ffe29616529fc4f73fb652d1791291ff1ae010e83fa0,True,"[""d20"",""d58"",""d56"",""d55"",""d59"",""d57"",""d61"",""d37""]","[""3002"",""46195"",""60594"",""81704"",""65117"",""14924"",""11374"",""605""]","[{""docid"":""3002"",""score"":16.79545348537646,""snippet"":"" ... A sister prize, the International Booker Prize, is awarded for a work of fiction translated into English and published in the United Kingdom or Ireland. Unlike the Booker Prize, short story collections are eligible for the International Booker Prize. The £50,000 prize money is split evenly between ... "",""title"":""https://en.wikipedia.org/wiki/Booker_Prize""},{""docid"":""46195"",""score"":16.621688546472424,""snippet"":"" ... at the International Institute of Modern Letters. Her award-winning debut novel, The Rehearsal, written as her Master's thesis, was published in 2008, and has been adapted into a 2016 film of the same name. Her second novel, The Luminaries, won the 2013 Booker Prize, making Catton ... "",""title"":""https://en.wikipedia.org/wiki/Eleanor_Catton""},{""docid"":""60594"",""score"":16.61306151985258,""snippet"":"" ... It won the 2019 Pulitzer Prize for Fiction, was shortlisted for the Booker Prize and the $75,000 2019 PEN/Jean Stein Book Award, and was runner-up for the Dayton Literary Peace Prize.\n\nBewilderment, published in September 2021, was shortlisted for the 2021 Booker Prize and longlisted ... "",""title"":""https://en.wikipedia.org/wiki/Richard_Powers""},{""docid"":""81704"",""score"":16.56920535185472,""snippet"":"" ... If you want to understand modern-day Britain, this is the writer to read.\""\n\nAccolades\n\nGirl, Woman, Other was joint winner (with Margaret Atwood's The Testaments) of the 2019 Booker Prize,Flood, Alison (14 October 2019), \""Margaret Atwood and Bernardine Evaristo share Booker prize 2019\"", The Guardian ... "",""title"":""https://en.wikipedia.org/wiki/Girl,_Woman,_Other""},{""docid"":""65117"",""score"":16.34256610935193,""snippet"":"" ... The decade—and the Australian phase of Carey's career—culminated with the publication of Oscar and Lucinda (1988), which won the Booker McConnell Prize (as it was then known) and brought the author international recognition. Carey explained that the novel was inspired, in part, by his time ... "",""title"":""https://en.wikipedia.org/wiki/Peter_Carey_(novelist)""},{""docid"":""14924"",""score"":15.756661718187186,""snippet"":"" ... Shakespeare Prize, Alfred Toepfer Foundation\n*2004: Austrian State Prize for European Literature\n*2004: Commandeur de L'Ordre des Arts et des Lettres (Chevalier, 1988).\n*2008: San Clemente Literary Prize\n*2011: David Cohen Prize for Literature\n*2011: Man Booker Prize, winner, The Sense of an Ending\n*2011 Costa Book ... "",""title"":""https://en.wikipedia.org/wiki/Julian_Barnes""},{""docid"":""11374"",""score"":15.576169151669522,""snippet"":"" ... In 1980, Golding was awarded the Booker Prize for Rites of Passage, the first novel in what became his sea trilogy, To the Ends of the Earth. He was awarded the 1983 Nobel Prize in Literature.\n\nAs a result of his contributions to literature, Golding was knighted in ... "",""title"":""https://en.wikipedia.org/wiki/William_Golding""},{""docid"":""605"",""score"":15.437015153581319,""snippet"":"" ... Yann Martel signature (cropped).jpg\n\nYann Martel, (born June 25, 1963) is a Canadian author who wrote the Man Booker Prize–winning novel Life of Pi, an international bestseller published in more than 50 territories. It has sold more than 12 million copies worldwide and spent more than ... "",""title"":""https://en.wikipedia.org/wiki/Yann_Martel""}]"
