round,seq,utc,query,terms,expression,top_k,equivalence_key,cache_key,cached,returned_dN,returned_docids,result_docs
1,6,2026-09-15T11:48:16.093042+00:00,literary award created 2000s translated over twenty five languages,"[""literary"",""award"",""created"",""2000s"",""translated"",""over"",""twenty"",""five"",""languages""]","""literary"" OR ""award"" OR ""created"" OR ""2000s"" OR ""translated"" OR ""over"" OR ""twenty"" OR ""five"" OR ""languages""",5,c8e34b464761abbadfed91a1bf4a59d81daf577c0a1b8fa47890bdd109c00a7f,0d233bda84d0f091c0f701815fd29a79a7a0239c266f332e4706fd71c9660b26,False,"[""d1"",""d2"",""d3"",""d4"",""d5""]","[""26607"",""57021"",""56350"",""56736"",""84033""]","[{""docid"":""26607"",""score"":19.040129484489164,""snippet"":"" ... Additionally, they have also created the Worth Sharing and Lifelong Favorites publications, which I mentioned previously, with the hopes of reaching as many international publishers as possible to further their mission.\n\nRegarding foreign language translation and publishing in Japan's current literary ecosystem, we feel that the challenge ... "",""title"":""https://www.asymptotejournal.com/interview/an-interview-with-shun-inoue-from-the-japan-foundation/""},{""docid"":""57021"",""score"":18.766971015825096,""snippet"":"" ... She has translated three novels by the Italian writer Domenico Starnone, and is the editor of The Penguin Book of Italian Short Stories. A contributor for over twenty-five years toThe New Yorker magazine, she has published critical essays on authors including Ovid, Dante, Primo Levi, Alessandro Manzoni ... "",""title"":""https://barnard.edu/profiles/jhumpa-lahiri""},{""docid"":""56350"",""score"":18.4755346984686,""snippet"":"" ... She is the author of over 60 volumes of poetry, poetics, and anthologies including The Iovis Trilogy: Colors in The Mechanism of Concealment which won the PEN Center Literary Award. Waldman has read in the streets as … Read More\n\n2023 Judges\n\nNikola Madzirov\n\nNikola Madzirov (poet, essayist, translator ... "",""title"":""https://griffinpoetryprize.com/judges/""},{""docid"":""56736"",""score"":18.07729848261383,""snippet"":"" ... She is the author of Call Me Zebra, named a Best Book of the Year by over twenty publications and the winner of the 2019 PEN/Faulkner Award, the John Gardner Award, and long listed for the PEN/Open Book Award. Her other novels include Savage Tongues and ... "",""title"":""https://english.nd.edu/people/faculty/""},{""docid"":""84033"",""score"":18.064099875886374,""snippet"":"" ... Now living in Montreal, she works as a language professional in cinema, education, and literary translation. Arielle translated 21 Days in October a YA novel by Magali Favre.\n\nPeter McCambridge is a full-time, award-winning literary translator. Originally from Ireland, Peter holds a BA in modern languages ... "",""title"":""https://www.barakabooks.com/authors/""}]"
1,14,2026-09-15T11:48:16.834609+00:00,book award founded 2000s international translated many languages,"[""book"",""award"",""founded"",""2000s"",""international"",""translated"",""many"",""languages""]","""book"" OR ""award"" OR ""founded"" OR ""2000s"" OR ""international"" OR ""translated"" OR ""many"" OR ""languages""",5,f0cfe1837b1b3f4acf48e20574e2ee6e02bc116b604904063297dab790fa44df,874ed3ada4b93a66279495c2c4c00f3246587a67af865da3c6b0dab7930e2d30,False,"[""d2"",""d6"",""d7"",""d5"",""d8""]","[""57021"",""10270"",""49894"",""84033"",""31267""]","[{""docid"":""57021"",""score"":12.491960882156182,""snippet"":"" ... O'Connor International Short Story Prize, 2007\n\n- Columbia University Medal of Excellence, 2005\n\n- New Atlantic Independent Booksellers Award, 2004\n\n- Finalist, Los Angeles Times Book Prize, 2004\n\n- New York Magazine Best Book Award, 2003\n\n- Pulitzer Prize for fiction, 2000\n\n- PEN/Hemingway Award, 2000\n\n- Addison M. Metcalf Award, American Academy ... "",""title"":""https://barnard.edu/profiles/jhumpa-lahiri""},{""docid"":""10270"",""score"":12.025418698070968,""snippet"":"" ... She translated the work into English, and during this time she also began translating Italian-language books by other authors. Her translation of Domenico Starnone's Trick (2018) was a finalist for a National Book Award for translated literature. These experiences inspired the essay collection Translating Myself and ... "",""title"":""https://www.britannica.com/biography/Jhumpa-Lahiri""},{""docid"":""49894"",""score"":11.999561020252198,""snippet"":"" ... Later in September 2021, architect Kengo Kuma announced the opening of the Waseda International House of Literature, a library dedicated entirely to Murakami's works at Waseda University, which would include more than 3,000 works by Murakami, including translations into more than 50 other languages.\n\nThe library ... "",""title"":""https://en.wikipedia.org/wiki/Haruki_Murakami""},{""docid"":""84033"",""score"":11.789178981770721,""snippet"":"" ... Specializing in economic, social, and urban history, he has written many books on the history of Quebec and Canada, with an emphasis on Montreal. His many awards include the Prix Léon-Gérin, Quebec's highest distinction in humanities, and the International Canadian Studies Award of Excellence. Paul-André ... "",""title"":""https://www.barakabooks.com/authors/""},{""docid"":""31267"",""score"":11.787599100022478,""snippet"":"" ... Many of his books have won various awards in South Africa, UK and US, and several have been included in international selections. Three of his books have been included in the IBBY Honour Lists: The Boy on the Beach (1998) in 2000, Yebo, Jamela! (What's cooking, Jamela ... "",""title"":""https://www.ibby.org/subnavigation/archives/hans-christian-andersen-awards/2020""}]"
1,20,2026-09-15T11:48:17.997167+00:00,novel translated 25 languages award contender 2010s,"[""novel"",""translated"",""25"",""languages"",""award"",""contender"",""2010s""]","""novel"" OR ""translated"" OR ""25"" OR ""languages"" OR ""award"" OR ""contender"" OR ""2010s""",5,e09a93c1e7216ea9c011bcaf62f44b0afb38ad15cded826ff90913d773584865,feef2a3ef7f0787fd67d813d276012718f6557d1c1bdaad8ede678a08a8b396a,False,"[""d9"",""d10"",""d11"",""d12"",""d13""]","[""11229"",""30757"",""38155"",""94942"",""913""]","[{""docid"":""11229"",""score"":16.859502574783754,""snippet"":"" ... The 2019 National Book Awards Longlist: Translated Literature\nauthor: The New Yorker\ndate: 2019-09-17\n---\nThis week, The New Yorker will be announcing the longlists for the 2019 National Book Awards. This morning, we present the ten contenders in the category of Translated Literature. Check back tomorrow ... "",""title"":""https://www.newyorker.com/books/page-turner/the-2019-national-book-awards-longlist-translated-literature""},{""docid"":""30757"",""score"":16.533537225351804,""snippet"":"" ... Novels about transgender topics\nCategory:English-language novels\nCategory:American LGBTQ novels\nCategory:American children's novels\nCategory:2015 children's books\nCategory:Children's books with transgender themes\nCategory:LGBTQ-related children's novels\nCategory:2010s LGBTQ novels\nCategory:Scholastic Corporation books\nCategory:Stonewall Book Award–winning ... "",""title"":""https://en.wikipedia.org/wiki/Melissa_(novel)""},{""docid"":""38155"",""score"":16.49895790285491,""snippet"":"" ... The Future is the translation of Leroux's French-language novel L'Avenir.\n\nLeroux is a writer, translator and journalist from Montreal. She was shortlisted for the 2016 Scotiabank Giller Prize for The Party Wall, which is an English translation of her French-language short story collection Le ... "",""title"":""https://www.cbc.ca/books/the-top-20-canadian-books-of-2024-so-far-1.7252475""},{""docid"":""94942"",""score"":16.326963368827684,""snippet"":"" ... The essays in this book explore the many facets of language rights and language protection from a variety of theoretical, legal, and academic perspectives.\n\nThe Song of Everlasting Sorrow: A Novel of Shanghai by Wang Anyi, translated by Michael Berry and Susan Chan Egan\n\nSet in post-World ... "",""title"":""https://translationstudies.complit.ucsb.edu/publications""},{""docid"":""913"",""score"":16.05751876969623,""snippet"":"" ... The novel, the first in a planned trilogy, explores the porousness of borders, climate change, language, and forced migration.\n\n\""Scattered All Over the Earth\"" is one of two dystopian novels on the longlist for this year's National Book Award for Translated Literature, along with Olga Ravn's ... "",""title"":""https://www.newyorker.com/books/page-turner/the-2022-national-book-awards-longlist-translated-literature""}]"
2,36,2026-09-15T11:48:23.100460+00:00,International Booker Prize created 2005 winner 2010s,"[""international"",""booker"",""prize"",""created"",""2005"",""winner"",""2010s""]","""international"" OR ""booker"" OR ""prize"" OR ""created"" OR ""2005"" OR ""winner"" OR ""2010s""",5,6d08ca06ecb6789b0ec7c56612108217f7a9780e9211d0904bc408ce4b58139f,f6326ac1537d855a50e8a05621720fbfaf8d391e9ddf10f6f4d4b2ce79eeede2,False,"[""d14"",""d15"",""d16"",""d17"",""d18""]","[""3002"",""38708"",""20177"",""54683"",""62176""]","[{""docid"":""3002"",""score"":23.138926386472633,""snippet"":"" ... The winner of the Booker Prize receives , as well as international publicity that usually leads to a significant sales boost. When the prize was created, only novels written by Commonwealth, Irish and South African (and later Zimbabwean) citizens were eligible to receive the prize; in 2014, eligibility was ... "",""title"":""https://en.wikipedia.org/wiki/Booker_Prize""},{""docid"":""38708"",""score"":22.702024701162856,""snippet"":"" ... Rocco |\n| 2005 The Booker Prizes |url= |access-date=2022-10-19 |website=thebookerprizes.com |language=en |archive-date=10 December 2022 |archive-url= |url-status=live }} | Winner | John Banville | The Sea | Picador | *John Sutherland (chair) *Lindsay Duguid *Rick Gekoski *Josephine Hart *David Sexton |\n| 2005 The Booker Prizes |url ... "",""title"":""https://en.wikipedia.org/wiki/List_of_winners_and_nominated_authors_of_the_Booker_Prize""},{""docid"":""20177"",""score"":22.535020849868165,""snippet"":"" ... Short-listed for the Booker International Prize, 2005\n\n- Banff Centre's National Arts Award, 2005\n\n- Edinburgh's International Book Festival Enlightenment Award, 2005\n\n- Chicago Tribune Literary Prize, 2005\n\n- Markets Initiative Order of the Forest, 2006\n\n- Short-listed for Booker International Prize, 2007\n\n- Winner Blue Metropolis Literary Grand Prix ... "",""title"":""https://margaretatwood.ca/awards-recognitions/""},{""docid"":""54683"",""score"":22.251994047673424,""snippet"":"" ... 2014. \""Nominees, Winners, and Losers.\"" Journal of Cultural Economics 38(4):291–313. [Google Scholar]\n\n- Goff Martyn. 1989. Prize Writing: An Original Collection of Writings by Past Winners to Celebrate 21 Years of the Booker Prize. London, UK: Sceptre. [Google Scholar]\n\n- Grazian David. 2005. Blue Chicago: The Search ... "",""title"":""https://pmc.ncbi.nlm.nih.gov/articles/PMC10837049/""},{""docid"":""62176"",""score"":21.74370394636615,""snippet"":"" ... Prize for Fiction.)\n* Oryx and Crake (2003, finalist for the 2003 Booker Prize and the 2003 Governor General's Award and shortlisted for the 2004 Orange Prize for Fiction.)\n* The Penelopiad (2005, nominated for the 2006 Mythopoeic Fantasy Award for Adult Literature and longlisted for the 2007 International ... "",""title"":""https://en.wikipedia.org/wiki/Margaret_Atwood""}]"
2,44,2026-09-15T11:48:23.675707+00:00,book translated over 25 languages shortlisted International Booker Prize,"[""book"",""translated"",""over"",""25"",""languages"",""shortlisted"",""international"",""booker"",""prize""]","""book"" OR ""translated"" OR ""over"" OR ""25"" OR ""languages"" OR ""shortlisted"" OR ""international"" OR ""booker"" OR ""prize""",5,30b2a8f0695e2e172d5c79419ff50a1334fc90e26550cb9e76064b986300bd4b,a9dbb7ab79c7a715ec766f4fd831394a24490c94928975fb640dd9ffb344de0e,False,"[""d19"",""d20"",""d14"",""d21"",""d22""]","[""58655"",""24586"",""3002"",""8674"",""10935""]","[{""docid"":""58655"",""score"":31.650851689394408,""snippet"":"" ... In a news conference earlier today, International Booker Prize jury chair Frank Wynne credited independent publishers with the lion's share of translated work. \""Nobody is surprised that the majority of books on the long- and shortlist,\"" he said, \""are independent publishers. Small independent presses have done enormous ... "",""title"":""https://publishingperspectives.com/2022/05/geetanjali-shree-and-daisy-rockwell-win-the-international-booker-prize/""},{""docid"":""24586"",""score"":31.207064063265374,""snippet"":"" ... The International Booker Prize 2023 Shortlist\n\nAt London Book Fair: Insights Into Translation Buyers\n\nAs the news of the International Booker Prize shortlist was announced to the public amid the raucous noise and crush of simultaneously programmed events at London Book Fair's opening today (April 17), the ... "",""title"":""https://publishingperspectives.com/2023/04/london-book-fair-the-bookers-new-data-on-translation-buyers/""},{""docid"":""3002"",""score"":31.133066852028488,""snippet"":"" ... In 2016, the award was significantly reconfigured, and is now given annually to a single book in English translation, with a £50,000 prize for the winning title, shared equally between author and translator. The award has been known as the International Booker Prize since the Man Group ... "",""title"":""https://en.wikipedia.org/wiki/Booker_Prize""},{""docid"":""8674"",""score"":30.68331021038804,""snippet"":"" ... His two novels, The Fishermen (2015) and An Orchestra of Minorities (2019) were shortlisted for The Booker Prize and have been translated into 30 languages. He has an LA Times book prize, the prestigious Internationalerpris, FT/Oppenheimer prize for fiction, an NAACP Image award and has been nominated ... "",""title"":""https://www.oxbelly.com/fiction-writers-program/advisors""},{""docid"":""10935"",""score"":29.52165161893759,""snippet"":"" ... Prophet Song by Paul Lynch + Book Club Discussion Guide\n\nBooker International Prize\n\nA counterpart to the Booker Prize, the International Booker Prize is awarded annually for the finest single work of fiction from around the world that has been translated into English and published in the UK and ... "",""title"":""https://bookclubs.com/blog/2023-2024-book-awards-and-book-prize-winners""}]"
2,51,2026-09-15T11:48:24.332605+00:00,novel translated 30 languages contender literary award 2010s,"[""novel"",""translated"",""30"",""languages"",""contender"",""literary"",""award"",""2010s""]","""novel"" OR ""translated"" OR ""30"" OR ""languages"" OR ""contender"" OR ""literary"" OR ""award"" OR ""2010s""",5,cb9f89ce101fd5787647c7a76deffd7791bef7e2c5a4139852262483bd546336,23c462b5ee031c39545d73a72e74f14ae76d78f6edc3906783cf2533faef4abb,False,"[""d11"",""d23"",""d24"",""d9"",""d12""]","[""38155"",""13228"",""46767"",""11229"",""94942""]","[{""docid"":""38155"",""score"":20.935421141445374,""snippet"":"" ... She was shortlisted for the 2016 Scotiabank Giller Prize for The Party Wall, which is an English translation of her French-language short story collection Le mur mitoyen. Leroux won the 2019 Governor General's Literary Award for English to French translation for her translation of Do Not ... "",""title"":""https://www.cbc.ca/books/the-top-20-canadian-books-of-2024-so-far-1.7252475""},{""docid"":""13228"",""score"":20.783960523565337,""snippet"":"" ... We also find\n\nthis claim in Rebecca Walkowitz's seminal study of the born-translated novel, which maps\n\npatterns of global circulation across multiple languages and with a specific attention to the\n\ncreative shifts within and between popular genres. Not coincidentally, this recuperation and\n\nrevival of genre as ... "",""title"":""https://www.researchgate.net/publication/327409406_Planetary_Figurations_Intensive_Genre_in_World_Literature""},{""docid"":""46767"",""score"":20.729940503688205,""snippet"":"" ... It has been translated into 50 languages. The most for any author, dead or alive.\n\nIn 2005, Time magazine named the \""milestone in African literature\"", Achebe's magnum opus, one of the 'best 100 English language novels written since 1923' — the year Time was founded.\n\nThings Fall Apart ... "",""title"":""https://paanluelwel.com/2011/10/21/prof-taban-lo-liyong-south-sudanese-literary-icon-and-an-african-philosopher/""},{""docid"":""11229"",""score"":20.554853104381017,""snippet"":"" ... the author, most recently, of \""A Terrible Country\""; Elisabeth Jaquette, a translator and the executive director of the American Literary Translators Association; Katie Kitamura, whose most recent novel, \""A Separation,\"" has been translated into sixteen languages; Idra Novey, the author of \""Those Who Knew,\"" who teaches fiction at ... "",""title"":""https://www.newyorker.com/books/page-turner/the-2019-national-book-awards-longlist-translated-literature""},{""docid"":""94942"",""score"":20.503027927702018,""snippet"":"" ... s translation of Donoso's final work, which was published in Spanish posthumously in 2007 under the editorship of Julio Ortega, received the prestigious PEN Center USA 2012 Literary Award for Translation.\n\nPenguin Classics Series of Borges' Poetry and Essays, Suzanne Jill Levine, General Editor\n\nIn 2010, under ... "",""title"":""https://translationstudies.complit.ucsb.edu/publications""}]"
2,57,2026-09-15T11:48:24.916826+00:00,The Girl on the Train translated languages award,"[""the"",""girl"",""on"",""train"",""translated"",""languages"",""award""]","""the"" OR ""girl"" OR ""on"" OR ""train"" OR ""translated"" OR ""languages"" OR ""award""",5,5de59d665c81387727fa7723ab143e50c56a1b6f6e4b3fb7ebf83b6e270fd245,ed65f8e95a2b7238dfc1206e5502b4fd30d25ed66c92df5b08385a0d3577a6a5,False,"[""d25"",""d26"",""d27"",""d28"",""d8""]","[""31318"",""10905"",""77728"",""6139"",""31267""]","[{""docid"":""31318"",""score"":12.056056686201407,""snippet"":"" ... the Washington Post, Esquire, Entertainment Weekly, Publishers Weekly, Barnes & Noble, Amazon, Apple, and others; and named one of Janet Maslin's 10 favorite books of the year in the New York Times. We Are Not Ourselves is being translated into 18 languages.\n\nDave White is the Shamus Award ... "",""title"":""https://succeed2gether.org/2019-mlf-authors-fiction-nonfiction/""},{""docid"":""10905"",""score"":11.901184822697145,""snippet"":"" ... The first book in the series was published in Sweden as (literally \""Men who hate women\"") in 2005. It was titled for the English-language market as The Girl with the Dragon Tattoo and published in the United Kingdom in February 2008. It was awarded the Glass Key ... "",""title"":""https://en.wikipedia.org/wiki/Stieg_Larsson""},{""docid"":""77728"",""score"":11.807610256753117,""snippet"":"" ... The Children's Poetry in the English and Filipino languages has been established since 2009. The Pilar Perez Medallion for Young Adult Literature was awarded in 2001 and 2002. The Philippine Board on Books for Young People gives major awards, which include the PBBY-Salanga Writers' Prize for ... "",""title"":""https://en.wikipedia.org/wiki/Children%27s_literature""},{""docid"":""6139"",""score"":11.670623231046479,""snippet"":"" ... Like the previous novels, the English language translation was published by Quercus. The book was released with the English language title The Girl in the Spider's Web in the UK on 27 August and in the US on 1 September 2015.\n\nThe fifth book in the Millennium ... "",""title"":""https://en.wikipedia.org/wiki/Millennium_(novel_series)""},{""docid"":""31267"",""score"":11.66436976302316,""snippet"":"" ... His work has been translated into more than thirty languages, and has been presented with numerous awards, including the Chevalier de l'Ordre des Artes et des Lettres, Prix Medicis, the Peace Prize of the German Booksellers Association and most recently the 2017 Man Booker International Prize. He ... "",""title"":""https://www.ibby.org/subnavigation/archives/hans-christian-andersen-awards/2020""}]"
2,64,2026-09-15T11:48:27.681102+00:00,Gone Girl translated languages award shortlisted,"[""gone"",""girl"",""translated"",""languages"",""award"",""shortlisted""]","""gone"" OR ""girl"" OR ""translated"" OR ""languages"" OR ""award"" OR ""shortlisted""",5,179a8434c5a63c2c2db7b432c8bfde6e2b30b109eaa6168570bab1e2c6da5da5,2af2fa2536ee88565104d81bcb1a362121bf87a711d37cff72f6d2849b5b2fed,False,"[""d29"",""d30"",""d31"",""d32"",""d14""]","[""56178"",""44145"",""95960"",""18890"",""3002""]","[{""docid"":""56178"",""score"":21.178057801440737,""snippet"":"" ... Each year, the International Booker Prize is awarded to the best work of fiction newly translated into English. The 2022 shortlist offers a great entry point for readers interested in world literature. Could you talk us through what you, as judges, have been looking for—do you judge ... "",""title"":""https://fivebooks.com/best-books/the-best-of-world-literature-the-2022-international-booker-prize-shortlist-frank-wynne/""},{""docid"":""44145"",""score"":19.437404917499123,""snippet"":"" ... Emezi's second book, Pet, was a finalist for the National Book Award for Young People's Literature. Freshwater has been translated into ten languages and is currently in development as a TV series at FX, with Emezi writing and executive producing with Tamara P. Carter.\n\nIn The ... "",""title"":""https://www.aspeninstitute.org/blog-posts/15-books-that-turn-fiction-into-action/""},{""docid"":""95960"",""score"":19.086750945964095,""snippet"":"" ... Since then his work has been translated into several languages, shortlisted for many awards and optioned for film and television. His enthusiastic presentations have helped thousands of kids get hooked on reading.\n\n» Read more about Jack Heath- General Public\n\n- Online - Virtual Visits\n\n- Primary\n\n- Secondary\n\n- Senior Secondary\n\n- Australian Capital ... "",""title"":""https://bookedout.com.au/find-a-speaker/audience/secondary/""},{""docid"":""18890"",""score"":19.079544334791443,""snippet"":"" ... Brown Girl in a Ring (1998) was nominated for the Philip K. Dick Award 1998, and received the Locus Award for Best New Writer. In 2008 it was a finalist in CBC's Canada Reads competition. Midnight Robber (2000) was shortlisted for the James Rl Tiptree Jr. Memorial ... "",""title"":""https://www.yorku.ca/laps/huma/canadian-writers/""},{""docid"":""3002"",""score"":18.98232478835395,""snippet"":"" ... Literary critics have noted that it is a mark of distinction for authors to be selected for inclusion in the shortlist or to be nominated for the \""longlist\"".\n\nA sister prize, the International Booker Prize, is awarded for a work of fiction translated into English and published in ... "",""title"":""https://en.wikipedia.org/wiki/Booker_Prize""}]"
2,71,2026-09-15T11:48:28.240164+00:00,bestselling novel translated 25 languages award contender 2010s,"[""bestselling"",""novel"",""translated"",""25"",""languages"",""award"",""contender"",""2010s""]","""bestselling"" OR ""novel"" OR ""translated"" OR ""25"" OR ""languages"" OR ""award"" OR ""contender"" OR ""2010s""",5,f3edc534c7db5287475fcb2f5dbd1904fda1f820381d1971fdc4c575efecc48b,b587b81d7daf7f10fbf6220dfc8ae86963782b84a55681f285f6d0fb215b1a31,False,"[""d11"",""d33"",""d34"",""d35"",""d25""]","[""38155"",""12188"",""34147"",""35789"",""31318""]","[{""docid"":""38155"",""score"":22.98566689881265,""snippet"":"" ... The Future is the translation of Leroux's French-language novel L'Avenir.\n\nLeroux is a writer, translator and journalist from Montreal. She was shortlisted for the 2016 Scotiabank Giller Prize for The Party Wall, which is an English translation of her French-language short story collection Le ... "",""title"":""https://www.cbc.ca/books/the-top-20-canadian-books-of-2024-so-far-1.7252475""},{""docid"":""12188"",""score"":20.633354892880465,""snippet"":"" ... The Maltese Falcon was an instant bestseller when it was published in hardcover, and saw seven printings in 1930. Unlike some of the other novels on this decade's list, in this case the critics loved it as well as the readers. In the New Republic, Donald Douglas ... "",""title"":""https://lithub.com/a-century-of-reading-the-10-books-that-defined-the-1930s/""},{""docid"":""34147"",""score"":20.42319849484468,""snippet"":"" ... up-to-date translations by award-winning translators.\n\n- Journey to Jo'burg byISBN: 9780064402378Publication Date: 2002-12-24The bestselling classic set in South Africa during the apartheid era, in which two siblings must face the dangers of their divided country. This middle grade novel is an excellent choice ... "",""title"":""https://newberry.libguides.com/c.php?g=1300550&p=9555205""},{""docid"":""35789"",""score"":20.37832380877968,""snippet"":"" ... Strange Affair (January, 2005) was nominated for Arthur Ellis and a Macavity awards..The books have been translated into twenty languages. Piece of My Heart appeared in 2006, and in 2007, Friend of the Devil reached Number One in the Sunday Times hardcover bestseller list. There have been ... "",""title"":""https://inspectorbanks.com/about/""},{""docid"":""31318"",""score"":20.221933506585223,""snippet"":"" ... International bestselling author Brad Parks is the only writer to have won the Shamus, Nero, and Lefty Awards, three of American crime fiction's most prestigious prizes. His novels have been translated into a dozen languages and have won critical acclaim across the globe, including stars from every ... "",""title"":""https://succeed2gether.org/2019-mlf-authors-fiction-nonfiction/""}]"
3,91,2026-09-15T11:48:34.314684+00:00,Chigozie Obioma born city grew up,"[""chigozie"",""obioma"",""born"",""city"",""grew"",""up""]","""chigozie"" OR ""obioma"" OR ""born"" OR ""city"" OR ""grew"" OR ""up""",5,2a7719ee57fcf7912147db01650e1b3e4628ca0500f1779b69b2ff4d6a3613fd,d783eff4f872f5dd5ddc6ab111ccbc6d5428a038c7a035a8d9298ae030810d8c,False,"[""d21"",""d15"",""d36"",""d37"",""d38""]","[""8674"",""38708"",""3438"",""37690"",""23177""]","[{""docid"":""8674"",""score"":37.773033105472415,""snippet"":"" ... 2022-01-01\n---\nADVISORS\n\nAdvisors\n\nProgram Director\n\nChigozie Obioma was born in Akure, Nigeria. His two novels, The Fishermen (2015) and An Orchestra of Minorities (2019) were shortlisted for The Booker Prize and have been translated into 30 languages. He has an LA Times book prize, the prestigious ... "",""title"":""https://www.oxbelly.com/fiction-writers-program/advisors""},{""docid"":""38708"",""score"":31.87321621452883,""snippet"":"" ... Farrell\n*Karen Joy Fowler\n*Linda Grant\n*Abdulrazak Gurnah\n*Sarah Hall\n*Mohsin Hamid\n*Shirley Hazzard\n*Philip Hensher\n*Mary Lawson\n*David Lodge\n*Patrick McCabe\n*Colum McCann\n*Tom McCarthy\n*Shena Mackay\n*Chigozie Obioma\n*Michael Ondaatje\n*Joseph O'Neill\n*Tim Parks\n*Caryl Phillips\n*Julian Rathbone\n*Mordecai Richler\n*Arundhati Roy\n*Bernice Rubens\n*Donal ... "",""title"":""https://en.wikipedia.org/wiki/List_of_winners_and_nominated_authors_of_the_Booker_Prize""},{""docid"":""3438"",""score"":28.859576575212124,""snippet"":"" ... Chigozie Obioma\ndate: 2000-01-01\n---\n-\n\n- MajorsMinorsCertificates\n\n>>\n\n- Policies & ProceduresFYW Guidebook\n\n>>\n\n- Digital Learning LabsPortfoliosEvaluationsMoran ePortfolio AwardsBarnett Essay AwardsDouble Dawgs\n\n>>\n\n- Transfer FAQProspective Student Information\n\n>>\n\n- Study AbroadInternships and Research Opportunities\n\n>>\n\n-\n\n>>\n\n- Double DawgsTransfer Student InformationDual Degree Program: LLED/BAExperiential Learning in EnglishStudy AbroadAwards and Prizes\n\n-\n\n>>\n\n- Double Dawgs\n\n>>\n\n- African American/Multicultural StudiesAmerican Literary ... "",""title"":""https://www.english.uga.edu/directory/people/chigozie-obioma""},{""docid"":""37690"",""score"":26.8956960175981,""snippet"":"" ... This book brilliantly explores the effects of slavery and colonialism on African families as the story unfolds between West Africa and the United States.\n\n- The Fishermen (2015) by Chigozie Obioma (Nigeria): In this heartbreaking tale, four brothers in a small Nigerian town have their lives turned upside down ... "",""title"":""https://enkoeducation.com/the-must-read-in-african-literature/""},{""docid"":""23177"",""score"":26.07169309595544,""snippet"":"" ... Appiah argues that, unlike their counterparts who grew up facing the crudest forms of racial and colonial discrimination in the West and the Francophone subcontinent, the likes of S̩óyinká were \""children who were extracted from the traditional culture of their parents and grandparents and thrust into the ... "",""title"":""https://africasacountry.com/2019/04/why-im-no-longer-talking-to-nigerians-about-race""}]"
3,97,2026-09-15T11:48:34.936536+00:00,The Fishermen 2015 Booker Prize shortlisted translated languages,"[""the"",""fishermen"",""2015"",""booker"",""prize"",""shortlisted"",""translated"",""languages""]","""the"" OR ""fishermen"" OR ""2015"" OR ""booker"" OR ""prize"" OR ""shortlisted"" OR ""translated"" OR ""languages""",5,cc90c8c6a3c2f3ee939989cb54cefa552ac2fede7d1d99a1355a282461e7cbed,bd858b637096a0d090dead63d967d969bcada52375f2fd88fdc944eb13873a21,False,"[""d21"",""d39"",""d15"",""d14"",""d40""]","[""8674"",""90941"",""38708"",""3002"",""14924""]","[{""docid"":""8674"",""score"":38.961043883981446,""snippet"":"" ... His two novels, The Fishermen (2015) and An Orchestra of Minorities (2019) were shortlisted for The Booker Prize and have been translated into 30 languages. He has an LA Times book prize, the prestigious Internationalerpris, FT/Oppenheimer prize for fiction, an NAACP Image award and has been nominated ... "",""title"":""https://www.oxbelly.com/fiction-writers-program/advisors""},{""docid"":""90941"",""score"":32.82202713259461,""snippet"":"" ... Oz was a writer and journalist whose work has been translated into over forty languages. His last novel, Judas, was shortlisted for the Booker Prize in 2017 and won the Yasnaya Polyana Foreign Fiction Award. He received several international awards, including the Prix Femina, the Israel Prize, the ... "",""title"":""https://www.cbc.ca/books/30-books-to-celebrate-30-years-of-writers-company-1.5755144""},{""docid"":""38708"",""score"":31.533038848533188,""snippet"":"" ... 2002-08-11\n---\nThe following is a list of winners and shortlisted authors of the Booker Prize for Fiction. The prize has been awarded each year since 1969 to the best original full-length novel, written in the English language, by a citizen of the Commonwealth of Nations ... "",""title"":""https://en.wikipedia.org/wiki/List_of_winners_and_nominated_authors_of_the_Booker_Prize""},{""docid"":""3002"",""score"":30.48698088437058,""snippet"":"" ... In the 21st century the average number of books considered by the judges has been approximately 130.\n\nRelated awards for translated works\n\nA separate prize for which any living writer in the world may qualify, the Man Booker International Prize, was inaugurated in 2005. Until 2015, it was ... "",""title"":""https://en.wikipedia.org/wiki/Booker_Prize""},{""docid"":""14924"",""score"":28.79411090212641,""snippet"":"" ... San Clemente Literary Prize\n*2011: David Cohen Prize for Literature\n*2011: Man Booker Prize, winner, The Sense of an Ending\n*2011 Costa Book Awards, shortlist, The Sense of an Ending\n*2012: Europese Literatuurprijs\n*2015: Zinklar Award at the first annual Blixen Ceremony in Copenhagen\n*2016: Siegfried Lenz Prize ... "",""title"":""https://en.wikipedia.org/wiki/Julian_Barnes""}]"
3,102,2026-09-15T11:48:36.439400+00:00,An Orchestra of Minorities 2019 Booker Prize shortlisted,"[""an"",""orchestra"",""of"",""minorities"",""2019"",""booker"",""prize"",""shortlisted""]","""an"" OR ""orchestra"" OR ""of"" OR ""minorities"" OR ""2019"" OR ""booker"" OR ""prize"" OR ""shortlisted""",5,bad9ced5f29613cfe67d816b910c9291d200997cefc4abca6c54abbe1d186cbe,390fe36d9d2c5fd9d8b499ae4cb5ad9d506003dff974a62ab010bedd2d7d210f,False,"[""d21"",""d15"",""d17"",""d14"",""d19""]","[""8674"",""38708"",""54683"",""3002"",""58655""]","[{""docid"":""8674"",""score"":32.81171346180794,""snippet"":"" ... His two novels, The Fishermen (2015) and An Orchestra of Minorities (2019) were shortlisted for The Booker Prize and have been translated into 30 languages. He has an LA Times book prize, the prestigious Internationalerpris, FT/Oppenheimer prize for fiction, an NAACP Image award and has been nominated ... "",""title"":""https://www.oxbelly.com/fiction-writers-program/advisors""},{""docid"":""38708"",""score"":27.592543651474514,""snippet"":"" ... Guo *Joanna MacGregor |\n| 2019 | Shortlist | Lucy Ellmann | Ducks, Newburyport | Galley Beggar | *Peter Florence (chair) *Afua Hirsch *Liz Calder *Xiaolu Guo *Joanna MacGregor |\n| 2019 | Shortlist | Chigozie Obioma | An Orchestra of Minorities | Little, Brown | *Peter Florence (chair) *Afua Hirsch *Liz Calder *Xiaolu Guo *Joanna MacGregor |\n| 2019 | Shortlist | Salman Rushdie | Quichotte ... "",""title"":""https://en.wikipedia.org/wiki/List_of_winners_and_nominated_authors_of_the_Booker_Prize""},{""docid"":""54683"",""score"":25.320269415448294,""snippet"":"" ... As Erigha (2019, 2021) shows, \""racial valuations\"" operate through an interaction between creators' racial identities and the genre categories their works are slotted into. We show that in the construction of the category of postcolonial literature through the Booker Prize (Anand and Jones 2008), non-white authors end ... "",""title"":""https://pmc.ncbi.nlm.nih.gov/articles/PMC10837049/""},{""docid"":""3002"",""score"":24.719900561190325,""snippet"":"" ... In 1997, the decision to award Arundhati Roy's The God of Small Things proved controversial. Carmen Callil, chair of the previous year's Booker judges, called it an \""execrable\"" book and said on television that it should not even have been on the shortlist. Booker Prize chairman ... "",""title"":""https://en.wikipedia.org/wiki/Booker_Prize""},{""docid"":""58655"",""score"":24.232266061685024,""snippet"":"" ... Her 2019 translation of Krishna Sobti's A Gujarat Here, a Gujarat There was awarded the Modern Language Association's Aldo and Jeanne Scaglione Translation Prize.\n\nIn speaking to the jury's rationale, the panel's chair, Wynne is quoted, saying, \""This has been an exceptionally strong shortlist ... "",""title"":""https://publishingperspectives.com/2022/05/geetanjali-shree-and-daisy-rockwell-win-the-international-booker-prize/""}]"
4,114,2026-09-15T11:48:44.441712+00:00,Chigozie Obioma grew up city hometown Nigeria,"[""chigozie"",""obioma"",""grew"",""up"",""city"",""hometown"",""nigeria""]","""chigozie"" OR ""obioma"" OR ""grew"" OR ""up"" OR ""city"" OR ""hometown"" OR ""nigeria""",5,512632e2ca581e6a2a591a9dd510e6c4ef6df4f3e3704cc5cd94c8d868864d62,e6778cd0c1a480417ddcb5e60af4de636a68c241e4f7d843ad7eef606ae118d7,False,"[""d21"",""d38"",""d37"",""d15"",""d36""]","[""8674"",""23177"",""37690"",""38708"",""3438""]","[{""docid"":""8674"",""score"":42.867902135720456,""snippet"":"" ... 2022-01-01\n---\nADVISORS\n\nAdvisors\n\nProgram Director\n\nChigozie Obioma was born in Akure, Nigeria. His two novels, The Fishermen (2015) and An Orchestra of Minorities (2019) were shortlisted for The Booker Prize and have been translated into 30 languages. He has an LA Times book prize, the prestigious ... "",""title"":""https://www.oxbelly.com/fiction-writers-program/advisors""},{""docid"":""23177"",""score"":34.61342135239405,""snippet"":"" ... Du Bois, and Malcolm X\"" who understood that \""the future of their race could not be advanced by endless protests or marches of \""equality\"" or \""justice.\""\n\nAfter dismissing the necessity of protest in struggle, Obioma goes on to hold up his country of birth Nigeria as an example ... "",""title"":""https://africasacountry.com/2019/04/why-im-no-longer-talking-to-nigerians-about-race""},{""docid"":""37690"",""score"":33.12492262363979,""snippet"":"" ... This book brilliantly explores the effects of slavery and colonialism on African families as the story unfolds between West Africa and the United States.\n\n- The Fishermen (2015) by Chigozie Obioma (Nigeria): In this heartbreaking tale, four brothers in a small Nigerian town have their lives turned upside down ... "",""title"":""https://enkoeducation.com/the-must-read-in-african-literature/""},{""docid"":""38708"",""score"":31.87321621452883,""snippet"":"" ... Farrell\n*Karen Joy Fowler\n*Linda Grant\n*Abdulrazak Gurnah\n*Sarah Hall\n*Mohsin Hamid\n*Shirley Hazzard\n*Philip Hensher\n*Mary Lawson\n*David Lodge\n*Patrick McCabe\n*Colum McCann\n*Tom McCarthy\n*Shena Mackay\n*Chigozie Obioma\n*Michael Ondaatje\n*Joseph O'Neill\n*Tim Parks\n*Caryl Phillips\n*Julian Rathbone\n*Mordecai Richler\n*Arundhati Roy\n*Bernice Rubens\n*Donal ... "",""title"":""https://en.wikipedia.org/wiki/List_of_winners_and_nominated_authors_of_the_Booker_Prize""},{""docid"":""3438"",""score"":28.859576575212124,""snippet"":"" ... Chigozie Obioma\ndate: 2000-01-01\n---\n-\n\n- MajorsMinorsCertificates\n\n>>\n\n- Policies & ProceduresFYW Guidebook\n\n>>\n\n- Digital Learning LabsPortfoliosEvaluationsMoran ePortfolio AwardsBarnett Essay AwardsDouble Dawgs\n\n>>\n\n- Transfer FAQProspective Student Information\n\n>>\n\n- Study AbroadInternships and Research Opportunities\n\n>>\n\n-\n\n>>\n\n- Double DawgsTransfer Student InformationDual Degree Program: LLED/BAExperiential Learning in EnglishStudy AbroadAwards and Prizes\n\n-\n\n>>\n\n- Double Dawgs\n\n>>\n\n- African American/Multicultural StudiesAmerican Literary ... "",""title"":""https://www.english.uga.edu/directory/people/chigozie-obioma""}]"
4,117,2026-09-15T11:48:45.026432+00:00,Booker Prize 2019 winner The Testaments Margaret Atwood,"[""booker"",""prize"",""2019"",""winner"",""the"",""testaments"",""margaret"",""atwood""]","""booker"" OR ""prize"" OR ""2019"" OR ""winner"" OR ""the"" OR ""testaments"" OR ""margaret"" OR ""atwood""",5,b25a76d928291dd8d84e7d9cd57f8093dcc404e564b80b57442cd6c06a7e7b61,1bf097b811efcccb358a43a61cfba0b3bd30da2cdc862a252cec7f067d897ac2,False,"[""d18"",""d14"",""d41"",""d42"",""d16""]","[""62176"",""3002"",""36223"",""81704"",""20177""]","[{""docid"":""62176"",""score"":40.62265485390458,""snippet"":"" ... the Future Library project; will remain unpublished until 2114)\n* The Heart Goes Last (2015) (Winner of the 2015 Red Tentacle award)\n* Hag-Seed (2016) (Longlisted for the 2017 Women Prize for Fiction)\n* The Testaments (2019, joint winner of the 2019 Booker Prize)\""Margaret Atwood announces sequel to The ... "",""title"":""https://en.wikipedia.org/wiki/Margaret_Atwood""},{""docid"":""3002"",""score"":38.6431157989284,""snippet"":"" ... Margaret Atwood for The Testaments. Evaristo's win marked the first time the Booker had been awarded to a black woman, while Atwood's win, at 79, made her the oldest winner. Atwood had also previously won the prize in 2000.\n\n2020–present\n\nIn 2020, due to the ... "",""title"":""https://en.wikipedia.org/wiki/Booker_Prize""},{""docid"":""36223"",""score"":38.41102085552308,""snippet"":"" ... the \""Man Booker Prize\"") was established in 1969. Each year, a panel of judges decide the best novel of the year written in English and published in the United Kingdom or Ireland.\n\nNotable winners: Life of Pi by Yann Martel (2002); The Testaments by Margaret Atwood (2019)\n\n5 ... "",""title"":""https://www.tckpublishing.com/prestigious-literature-awards/""},{""docid"":""81704"",""score"":38.162590362873445,""snippet"":"" ... If you want to understand modern-day Britain, this is the writer to read.\""\n\nAccolades\n\nGirl, Woman, Other was joint winner (with Margaret Atwood's The Testaments) of the 2019 Booker Prize,Flood, Alison (14 October 2019), \""Margaret Atwood and Bernardine Evaristo share Booker prize 2019\"", The Guardian ... "",""title"":""https://en.wikipedia.org/wiki/Girl,_Woman,_Other""},{""docid"":""20177"",""score"":36.89401392621912,""snippet"":"" ... Award, 2019\n\n- VH1 Trailblazer Honoree, 2019\n\n- The Booker Prize for The Testaments, 2019\n\n- Burke Medal for Outstanding Contribution to Discourse through the Arts, 2019\n\n- Glamour Magazine Lifetime Achievement Award, 2019\n\n- Lorne Pierce Medal, 2019\n\n- The Center for Fiction Inaugural On Screen Award, 2019\n\n- Kurd LaBwitz Award, 2019\n\n- Emerson ... "",""title"":""https://margaretatwood.ca/awards-recognitions/""}]"
4,122,2026-09-15T11:48:46.680151+00:00,Man Booker International Prize 2019 winner,"[""man"",""booker"",""international"",""prize"",""2019"",""winner""]","""man"" OR ""booker"" OR ""international"" OR ""prize"" OR ""2019"" OR ""winner""",5,44e7d4ef608a600077325f8f63b87e94fae849f6aa05be27141f670590edb50f,948980be26f2bb93eaebd95b41b32537f731ca538487f7a3709714278715dfe3,False,"[""d14"",""d15"",""d19"",""d41"",""d16""]","[""3002"",""38708"",""58655"",""36223"",""20177""]","[{""docid"":""3002"",""score"":22.163095100237737,""snippet"":"" ... the Man Booker Prize (2002–2019), is a prestigious literary award conferred each year for the best single work of sustained fiction written in the English language, which was published in the United Kingdom or Ireland. The winner of the Booker Prize receives , as well as international publicity ... "",""title"":""https://en.wikipedia.org/wiki/Booker_Prize""},{""docid"":""38708"",""score"":21.25456007322146,""snippet"":"" ... July 2025, shortlist 23 September, winner 10 November | Longlist to be announced 29 July 2025, shortlist 23 September, winner 10 November | *Roddy Doyle (chair) * Ayọ̀bámi Adébáyọ̀ * Sarah Jessica Parker * Chris Power * Kiley Reid |\n\n2* Awarded in 2010 as the Lost Man Booker Prize\n\nWriters with multiple awards\n\nFive ... "",""title"":""https://en.wikipedia.org/wiki/List_of_winners_and_nominated_authors_of_the_Booker_Prize""},{""docid"":""58655"",""score"":21.088279706771626,""snippet"":"" ... translation won one of English PEN's translation awards in 2019\n\n- Its publication by the independent Tilted Axis Press ties in Deborah Smith, the company's founder and the translator who won the 2016 Man Booker International Prize for her translation of The Vegetarian by Korean author Han ... "",""title"":""https://publishingperspectives.com/2022/05/geetanjali-shree-and-daisy-rockwell-win-the-international-booker-prize/""},{""docid"":""36223"",""score"":20.885125084929008,""snippet"":"" ... Notable winners: From Here to Eternity by James Jones (1952); The Haunted Land by Tina Rosenberg; Trust Exercise by Susan Choi (2019)\n\n4. Booker Prize\n\nThe Booker Prize (formerly the \""Man Booker Prize\"") was established in 1969. Each year, a panel of judges decide the best novel of ... "",""title"":""https://www.tckpublishing.com/prestigious-literature-awards/""},{""docid"":""20177"",""score"":20.85048476288744,""snippet"":"" ... Short-listed for the Booker International Prize, 2005\n\n- Banff Centre's National Arts Award, 2005\n\n- Edinburgh's International Book Festival Enlightenment Award, 2005\n\n- Chicago Tribune Literary Prize, 2005\n\n- Markets Initiative Order of the Forest, 2006\n\n- Short-listed for Booker International Prize, 2007\n\n- Winner Blue Metropolis Literary Grand Prix ... "",""title"":""https://margaretatwood.ca/awards-recognitions/""}]"
5,133,2026-09-15T11:48:53.237455+00:00,Man Booker International Prize 2019 winner shortlist,"[""man"",""booker"",""international"",""prize"",""2019"",""winner"",""shortlist""]","""man"" OR ""booker"" OR ""international"" OR ""prize"" OR ""2019"" OR ""winner"" OR ""shortlist""",5,f4ec0f1d500b060dd8cc1b38dcc6f896b7f39566fbb3e9b411245304b2717f6b,891de16c2694657e92b89facd055b1999cb79ddf21d63faea49f120c5f31e01c,False,"[""d14"",""d15"",""d19"",""d21"",""d17""]","[""3002"",""38708"",""58655"",""8674"",""54683""]","[{""docid"":""3002"",""score"":31.34617406267495,""snippet"":"" ... the Man Booker Prize (2002–2019), is a prestigious literary award conferred each year for the best single work of sustained fiction written in the English language, which was published in the United Kingdom or Ireland. The winner of the Booker Prize receives , as well as international publicity ... "",""title"":""https://en.wikipedia.org/wiki/Booker_Prize""},{""docid"":""38708"",""score"":31.00994248101424,""snippet"":"" ... 29 July 2025, shortlist 23 September, winner 10 November | Longlist to be announced 29 July 2025, shortlist 23 September, winner 10 November | *Roddy Doyle (chair) * Ayọ̀bámi Adébáyọ̀ * Sarah Jessica Parker * Chris Power * Kiley Reid |\n\n2* Awarded in 2010 as the Lost Man Booker Prize\n\nWriters with multiple awards ... "",""title"":""https://en.wikipedia.org/wiki/List_of_winners_and_nominated_authors_of_the_Booker_Prize""},{""docid"":""58655"",""score"":30.231696029604677,""snippet"":"" ... translation won one of English PEN's translation awards in 2019\n\n- Its publication by the independent Tilted Axis Press ties in Deborah Smith, the company's founder and the translator who won the 2016 Man Booker International Prize for her translation of The Vegetarian by Korean author Han ... "",""title"":""https://publishingperspectives.com/2022/05/geetanjali-shree-and-daisy-rockwell-win-the-international-booker-prize/""},{""docid"":""8674"",""score"":29.674401269711517,""snippet"":"" ... Sleeping on Jupiter won the DSC Prize for Fiction 2016 and was longlisted for the Man Booker Prize 2015. All the Lives We Never Lived won the Sahitya Akademi, one of India's highest literary honours, and was shortlisted for the International Dublin Literary Award. It won Tata ... "",""title"":""https://www.oxbelly.com/fiction-writers-program/advisors""},{""docid"":""54683"",""score"":29.504881552176357,""snippet"":"" ... First, we confirmed that the Orange Prize drove long-term retention for its inaugural winner, Helen Dunmore's A Spell of Winter (which was also nominated for the Booker, but did not make the shortlist): compared to the median woman-authored novel in our data, A Spell of ... "",""title"":""https://pmc.ncbi.nlm.nih.gov/articles/PMC10837049/""}]"
5,136,2026-09-15T11:48:53.798668+00:00,International Booker Prize 2010s winners list,"[""international"",""booker"",""prize"",""2010s"",""winners"",""list""]","""international"" OR ""booker"" OR ""prize"" OR ""2010s"" OR ""winners"" OR ""list""",5,5019021b3ad999f1d7f1b52233945f34d1609ef049164b9dfd54f51483b211ee,22a9cbdab84bccc7d78717b7d2ac12a2388a051482979c6af3930b4012e8e4cd,False,"[""d14"",""d16"",""d15"",""d43"",""d17""]","[""3002"",""20177"",""38708"",""55983"",""54683""]","[{""docid"":""3002"",""score"":21.072610584165698,""snippet"":"" ... Forty years later, the Booker Prize Foundation announced in January 2010 the creation of a special award called the \""Lost Man Booker Prize\"", with the winner chosen from a longlist of 22 novels published in 1970. The prize was won by J. G. Farrell for Troubles, though the ... "",""title"":""https://en.wikipedia.org/wiki/Booker_Prize""},{""docid"":""20177"",""score"":20.576886945074126,""snippet"":"" ... Readers' Poll, 1999\n\n2000-2010:\n\n- Best Local Author, NOW Magazine Readers' Poll, 2000\n\n- Winner Booker Prize for The Blind Assassin, 2000\n\n- Nominated for the Orange Prize, 2001\n\n- International Crimewriters Assocation Dashiell Hammett Award, 2001\n\n- Canadian Booksellers Association People's Choice Award, 2001\n\n- Short-listed for the IMPAC Dublin ... "",""title"":""https://margaretatwood.ca/awards-recognitions/""},{""docid"":""38708"",""score"":20.573317199887246,""snippet"":"" ... List of winners and nominated authors of the Booker Prize - Wikipedia\ndate: 2002-08-11\n---\nThe following is a list of winners and shortlisted authors of the Booker Prize for Fiction. The prize has been awarded each year since 1969 to the best original full-length novel, written ... "",""title"":""https://en.wikipedia.org/wiki/List_of_winners_and_nominated_authors_of_the_Booker_Prize""},{""docid"":""55983"",""score"":20.30579661083297,""snippet"":"" ... 2022-02-20\n---\nThe Booker in the 2010s\n\n2010-19: New Frontiers\n\nThe 2010s were a hugely significant decade for the Booker, largely due to the shift in rules which came into place in 2014. From that year onwards, the Prize was open to all novels published in ... "",""title"":""https://www.ontheprize.co.uk/blog/the-booker-prize-in-the-2010s""},{""docid"":""54683"",""score"":20.183555717244403,""snippet"":"" ... in 1993 as the \""Booker of Bookers\"" (the \""best\"" winner of all winners in the Prize's 25-year history), and in 2008 as the best winner of all winners on the Prize's 40th anniversary.\n\nAshcroft, Griffiths, and Tiffin (2002), in their canonical text of postcolonial literary ... "",""title"":""https://pmc.ncbi.nlm.nih.gov/articles/PMC10837049/""}]"
5,140,2026-09-15T11:48:54.368730+00:00,book translated 25 languages shortlisted Man Booker International Prize 2010s,"[""book"",""translated"",""25"",""languages"",""shortlisted"",""man"",""booker"",""international"",""prize"",""2010s""]","""book"" OR ""translated"" OR ""25"" OR ""languages"" OR ""shortlisted"" OR ""man"" OR ""booker"" OR ""international"" OR ""prize"" OR ""2010s""",5,3e5d229d1af4432a65e4bf244ee96f9c10e37d4c19ca89597101015ddd1648d5,cd15b7b3ba9b81292e0359fe63c8477eab34e2bce1dd7ae3366f1c5fc4ade766,False,"[""d14"",""d19"",""d15"",""d21"",""d44""]","[""3002"",""58655"",""38708"",""8674"",""41360""]","[{""docid"":""3002"",""score"":34.65699564242005,""snippet"":"" ... In 2016, the award was significantly reconfigured, and is now given annually to a single book in English translation, with a £50,000 prize for the winning title, shared equally between author and translator. The award has been known as the International Booker Prize since the Man Group ... "",""title"":""https://en.wikipedia.org/wiki/Booker_Prize""},{""docid"":""58655"",""score"":32.7645468056143,""snippet"":"" ... In a news conference earlier today, International Booker Prize jury chair Frank Wynne credited independent publishers with the lion's share of translated work. \""Nobody is surprised that the majority of books on the long- and shortlist,\"" he said, \""are independent publishers. Small independent presses have done enormous ... "",""title"":""https://publishingperspectives.com/2022/05/geetanjali-shree-and-daisy-rockwell-win-the-international-booker-prize/""},{""docid"":""38708"",""score"":32.40573619720467,""snippet"":"" ... 2010 The Booker Prizes |url= |access-date=2022-10-19 |website=thebookerprizes.com |language=en |archive-date=6 February 2023 |archive-url= |url-status=live }} | Shortlist | Damon Galgut | In a Strange Room | Atlantic Books | *Andrew Motion (chair) *Rosie Blau *Deborah Bull *Tom Sutcliffe *Frances Wilson |\n| 2010 The Booker ... "",""title"":""https://en.wikipedia.org/wiki/List_of_winners_and_nominated_authors_of_the_Booker_Prize""},{""docid"":""8674"",""score"":32.13376959855632,""snippet"":"" ... His two novels, The Fishermen (2015) and An Orchestra of Minorities (2019) were shortlisted for The Booker Prize and have been translated into 30 languages. He has an LA Times book prize, the prestigious Internationalerpris, FT/Oppenheimer prize for fiction, an NAACP Image award and has been nominated ... "",""title"":""https://www.oxbelly.com/fiction-writers-program/advisors""},{""docid"":""41360"",""score"":31.71617466419186,""snippet"":"" ... 2019\n\nNo major changes for the press, but another good year for prize attention. Amy Arnold's Slip of a Fish landed a 2019 Goldsmiths Prize shortlisting, while Alia Trabucco Zerán's The Remainder was shortlisted for the Man Booker International Prize. Multiple translation prize wins and shortlistings ... "",""title"":""https://www.andotherstories.org/about-us/""}]"
6,154,2026-09-15T11:49:01.214403+00:00,Man Booker International Prize 2019 winner Celestial Bodies Jokha Alharthi,"[""man"",""booker"",""international"",""prize"",""2019"",""winner"",""celestial"",""bodies"",""jokha"",""alharthi""]","""man"" OR ""booker"" OR ""international"" OR ""prize"" OR ""2019"" OR ""winner"" OR ""celestial"" OR ""bodies"" OR ""jokha"" OR ""alharthi""",5,1eb630ceb9318c54e2a864e4a57bf0fe3777163d232c1799977214a6fb30a588,6f6e1f50d2af7666a6c3caa23f5018b8b9f41007fd7a23f7d89ca3010fe82a21,False,"[""d45"",""d46"",""d47"",""d14"",""d15""]","[""92183"",""66193"",""88246"",""3002"",""38708""]","[{""docid"":""92183"",""score"":49.55964152799855,""snippet"":"" ... Celestial Bodies: A Novel, Jokha Alharthi (Oct. 15)\n\nThree Omani sisters grapple with love and loss as their country quickly transforms due to the rise of the oil industry. Celestial Bodies, the first novel originally published in Arabic to win the Man Booker International Prize, showcases Oman's ... "",""title"":""https://time.com/5661400/best-books-fall-2019/""},{""docid"":""66193"",""score"":46.487369434083554,""snippet"":"" ... Marilyn Booth (Catapult, Simon & Schuster)\n\nFrom the publisher: \""From Man Booker International Prize–winning author Jokha Alharthi, Bitter Orange Tree is a profound exploration of social status, wealth, desire, and female agency. It presents a mosaic portrait of one young woman's attempt to understand the roots she ... "",""title"":""https://arablit.org/2021/11/30/forthcoming-2022-arabic-literature-in-english-translation/""},{""docid"":""88246"",""score"":29.89011332942115,""snippet"":"" ... Bitter Orange Tree by Jokha Alharthi, trans. by Marilyn Booth\n\n(Catapult)\n\n7 Rave • 6 Positive • 3 Mixed\n\nListen to an excerpt from Bitter Orange Tree here\n\n\""Beautifully translated by Marilyn Booth in the poignant, lyrical style of the original Arabic, Bitter Orange Tree is a deeply emotional, largely ... "",""title"":""https://lithub.com/the-best-reviewed-literature-in-translation-of-2022/""},{""docid"":""3002"",""score"":23.713902264909294,""snippet"":"" ... the Man Booker Prize (2002–2019), is a prestigious literary award conferred each year for the best single work of sustained fiction written in the English language, which was published in the United Kingdom or Ireland. The winner of the Booker Prize receives , as well as international publicity ... "",""title"":""https://en.wikipedia.org/wiki/Booker_Prize""},{""docid"":""38708"",""score"":22.539699125369133,""snippet"":"" ... Booker Prizes |url= |access-date=2022-10-19 |website=thebookerprizes.com |language=en |archive-date=24 March 2023 |archive-url= |url-status=live }} | Winner | Hilary Mantel | Bring Up the Bodies | 4th Estate | *Sir Peter Stothard (chair) *Dinah Birch *Dan Stevens *Amanda Foreman *Bharat Tandon |\n| 2012 The Booker Prizes ... "",""title"":""https://en.wikipedia.org/wiki/List_of_winners_and_nominated_authors_of_the_Booker_Prize""}]"
6,160,2026-09-15T11:49:01.886927+00:00,International Booker Prize 2018 Flights Olga Tokarczuk winner,"[""international"",""booker"",""prize"",""2018"",""flights"",""olga"",""tokarczuk"",""winner""]","""international"" OR ""booker"" OR ""prize"" OR ""2018"" OR ""flights"" OR ""olga"" OR ""tokarczuk"" OR ""winner""",5,e11d68280f2d7e0928bf17236a42a08e3f4c0a7c9d647a9b1d66fde48327bb95,fcd3833b44cb32e230b5a13c13b5f75cb58461f910270d2538a0a58667bc501f,False,"[""d48"",""d49"",""d50"",""d19"",""d9""]","[""57572"",""74203"",""66520"",""58655"",""11229""]","[{""docid"":""57572"",""score"":42.77315620561753,""snippet"":"" ... Literature in 2018, and Olga Tokarczuk was a Finalist for Translated Literature in 2018 and Longlisted in 2019. The authors and translators on the list have been recognized by numerous international prizes, including the Akutagawa Prize, the Prix de la Littérature Arabe, the International Booker Prize, and the ... "",""title"":""https://www.nationalbook.org/2022-national-book-awards-longlist-for-translated-literature/""},{""docid"":""74203"",""score"":41.35988938123369,""snippet"":"" ... is Jacques Testard's Fitzcarraldo Editions, which since its inception in 2014 has published one International Booker prize winner (Olga Tokarczuk's Flights, translated by Jennifer Croft) and three Nobel literature laureates: Tokarczuk, Annie Ernaux and Svetlana Alexievich.\n\nSo what is Fitzcarraldo's secret? \""First and foremost, it ... "",""title"":""https://www.theguardian.com/books/2023/jul/29/its-exciting-its-powerful-how-translated-fiction-captured-a-new-generation-of-readers""},{""docid"":""66520"",""score"":41.17791004262715,""snippet"":"" ... In 2018, \""Flights\"" won the International Booker Prize, Britain's most important recognition for literature in translation, with the prize's chair, Lisa Appignanesi, heralding Tokarczuk as \""a writer of wonderful wit, imagination, and literary panache.\"" Thanks to the Booker win, the author already had an eager readership ... "",""title"":""https://www.newyorker.com/magazine/2024/07/08/fitzcarraldo-editions-makes-challenging-literature-chic""},{""docid"":""58655"",""score"":40.83943781932248,""snippet"":"" ... Sand | Geetanjali Shree | Daisy Rockwell | Hindi | India | Tilted Axis Press |\n\n| The Books of Jacob | Olga Tokarczuk | Jennifer Croft | Polish | Poland | Fitzcarraldo Editions |\n\nAs you'll recall, Wynne is the first International Booker Prize jury chair who is a translator. He was joined on the panel by:\n\n- Author and ... "",""title"":""https://publishingperspectives.com/2022/05/geetanjali-shree-and-daisy-rockwell-win-the-international-booker-prize/""},{""docid"":""11229"",""score"":40.158703720083864,""snippet"":"" ... In 2018, the Polish novelist was recognized for \""Flights,\"" which she calls a \""constellation novel,\"" owing to its fragmentary form and genre-defying style, and which won that year's Man Booker Prize. \""Drive Your Plow Over the Bones of the Dead,\"" her latest novel to be translated ... "",""title"":""https://www.newyorker.com/books/page-turner/the-2019-national-book-awards-longlist-translated-literature""}]"
6,166,2026-09-15T11:49:02.624286+00:00,Man Booker International Prize 2017 winner Love in the Time of Cholera,"[""man"",""booker"",""international"",""prize"",""2017"",""winner"",""love"",""in"",""the"",""time"",""of"",""cholera""]","""man"" OR ""booker"" OR ""international"" OR ""prize"" OR ""2017"" OR ""winner"" OR ""love"" OR ""in"" OR ""the"" OR ""time"" OR ""of"" OR ""cholera""",5,edaf7f5068c899b42476415d9449b8a0bd8f2226d8a38ce1b7eac6b6d9ca8e18,062e7189ba80a20593709d1caec2c038fd388aaf709717e6a2c373b241aeae60,False,"[""d51"",""d14"",""d52"",""d15"",""d53""]","[""100182"",""3002"",""56428"",""38708"",""47787""]","[{""docid"":""100182"",""score"":23.58012673607617,""snippet"":"" ... He was the first Colombian and fourth Latin American winner of the Nobel Prize for Literature\n\nThis distinction cemented his legacy as a defining voice in the modern world of letters.\n\nReviewing Love in the Time of Cholera for the New York Times, reclusive legend Thomas Pynchon, himself ... "",""title"":""https://medium.com/@smilodon207/what-music-do-celebrated-authors-listen-to-while-they-write-39f04ddf7f28""},{""docid"":""3002"",""score"":22.320960227388152,""snippet"":"" ... Webb, met and chose Salman Rushdie's Midnight's Children, the 1981 winner, as \""the best novel out of all the winners\"".\n\nIn 2006, the Man Booker Prize set up a \""Best of Beryl\"" prize, for the author Beryl Bainbridge, who had been nominated five times and yet ... "",""title"":""https://en.wikipedia.org/wiki/Booker_Prize""},{""docid"":""56428"",""score"":22.31796950890025,""snippet"":"" ... the prize program's first nominated grahpic novel\n\nAnd of key interest in the industry, the effect of a Man Booker win can be lucrative, organizers say, using last year's winner as the example.\n\n\""In the week following the 2017 winner announcement,\"" the foundation reports, \""sales of ... "",""title"":""https://publishingperspectives.com/2018/07/man-booker-prize-fiction-longlist-2018-announced-london/""},{""docid"":""38708"",""score"":22.18089204662038,""snippet"":"" ... time to any work published in the United Kingdom and written in (not translated into) the English language.\n\nThere have been three special awards celebrating the Booker's history. In 1993, the \""Booker of Bookers\"" prize was awarded to Salman Rushdie for Midnight's Children (the 1981 winner ... "",""title"":""https://en.wikipedia.org/wiki/List_of_winners_and_nominated_authors_of_the_Booker_Prize""},{""docid"":""47787"",""score"":21.68548513874167,""snippet"":"" ... These three women and their families, their losses and loves, unwind against a backdrop of a rapidly changing Oman. Winner of the 2019 Man Booker International Prize.\n\nRequest Book | Request E-Book | Request Audiobook\n\nAccessible editions: BK\n\nSet in Iran in the decade following the 1979 Revolution, this ... "",""title"":""https://www.nypl.org/spotlight/world-literature-festival/recommended-translations""}]"
6,173,2026-09-15T11:49:06.778398+00:00,book translated 25 languages shortlisted International Booker Prize 2010s,"[""book"",""translated"",""25"",""languages"",""shortlisted"",""international"",""booker"",""prize"",""2010s""]","""book"" OR ""translated"" OR ""25"" OR ""languages"" OR ""shortlisted"" OR ""international"" OR ""booker"" OR ""prize"" OR ""2010s""",5,ac44378ff0a0b72ce671fb0fdc3fb21194d84eccbe5c041b4ffd8372d881ad5d,98d75c7844a460c41bf286a87f8bff79c8ced52517c67cf04fbf84aff268f8b2,False,"[""d14"",""d19"",""d20"",""d15"",""d21""]","[""3002"",""58655"",""24586"",""38708"",""8674""]","[{""docid"":""3002"",""score"":33.0285816800807,""snippet"":"" ... In 2016, the award was significantly reconfigured, and is now given annually to a single book in English translation, with a £50,000 prize for the winning title, shared equally between author and translator. The award has been known as the International Booker Prize since the Man Group ... "",""title"":""https://en.wikipedia.org/wiki/Booker_Prize""},{""docid"":""58655"",""score"":31.65085027753848,""snippet"":"" ... In a news conference earlier today, International Booker Prize jury chair Frank Wynne credited independent publishers with the lion's share of translated work. \""Nobody is surprised that the majority of books on the long- and shortlist,\"" he said, \""are independent publishers. Small independent presses have done enormous ... "",""title"":""https://publishingperspectives.com/2022/05/geetanjali-shree-and-daisy-rockwell-win-the-international-booker-prize/""},{""docid"":""24586"",""score"":31.207064063265374,""snippet"":"" ... The International Booker Prize 2023 Shortlist\n\nAt London Book Fair: Insights Into Translation Buyers\n\nAs the news of the International Booker Prize shortlist was announced to the public amid the raucous noise and crush of simultaneously programmed events at London Book Fair's opening today (April 17), the ... "",""title"":""https://publishingperspectives.com/2023/04/london-book-fair-the-bookers-new-data-on-translation-buyers/""},{""docid"":""38708"",""score"":31.14249009302179,""snippet"":"" ... 2010 The Booker Prizes |url= |access-date=2022-10-19 |website=thebookerprizes.com |language=en |archive-date=6 February 2023 |archive-url= |url-status=live }} | Shortlist | Damon Galgut | In a Strange Room | Atlantic Books | *Andrew Motion (chair) *Rosie Blau *Deborah Bull *Tom Sutcliffe *Frances Wilson |\n| 2010 The Booker ... "",""title"":""https://en.wikipedia.org/wiki/List_of_winners_and_nominated_authors_of_the_Booker_Prize""},{""docid"":""8674"",""score"":30.6833086309405,""snippet"":"" ... His two novels, The Fishermen (2015) and An Orchestra of Minorities (2019) were shortlisted for The Booker Prize and have been translated into 30 languages. He has an LA Times book prize, the prestigious Internationalerpris, FT/Oppenheimer prize for fiction, an NAACP Image award and has been nominated ... "",""title"":""https://www.oxbelly.com/fiction-writers-program/advisors""}]"
6,176,2026-09-15T11:49:07.400269+00:00,novel translated over 25 languages contender Man Booker International Prize,"[""novel"",""translated"",""over"",""25"",""languages"",""contender"",""man"",""booker"",""international"",""prize""]","""novel"" OR ""translated"" OR ""over"" OR ""25"" OR ""languages"" OR ""contender"" OR ""man"" OR ""booker"" OR ""international"" OR ""prize""",5,40be8c3727e591db5ce6ace6587cc0b73084a7d533d6f46014f8539dc8c4be7c,f0f7da6ceb76dfcdf99b0ec3827ec9803e111712d9e4e2a6a9c8ec7aa8c83b32,False,"[""d9"",""d14"",""d19"",""d11"",""d39""]","[""11229"",""3002"",""58655"",""38155"",""90941""]","[{""docid"":""11229"",""score"":26.595907273313227,""snippet"":"" ... In 2018, the Polish novelist was recognized for \""Flights,\"" which she calls a \""constellation novel,\"" owing to its fragmentary form and genre-defying style, and which won that year's Man Booker Prize. \""Drive Your Plow Over the Bones of the Dead,\"" her latest novel to be translated ... "",""title"":""https://www.newyorker.com/books/page-turner/the-2019-national-book-awards-longlist-translated-literature""},{""docid"":""3002"",""score"":26.02138340571882,""snippet"":"" ... Unlike the Booker Prize, short story collections are eligible for the International Booker Prize. The £50,000 prize money is split evenly between the author and translator of the winning novel.\n\nHistory and administration\n\nThe prize was established as the \""Booker Prize for Fiction\"" after the company Booker ... "",""title"":""https://en.wikipedia.org/wiki/Booker_Prize""},{""docid"":""58655"",""score"":25.89482098023231,""snippet"":"" ... In London, Geetanjali Shree and Daisy Rockwell Win the 2022 International Booker Prize\nauthor: Porter Anderson\ndate: 2022-05-26\n---\n'Tomb of Sand' is the first novel translated from an Indian language to win the award. Shree and Rockwell split the International Booker's £50,000 purse.\n\nBy ... "",""title"":""https://publishingperspectives.com/2022/05/geetanjali-shree-and-daisy-rockwell-win-the-international-booker-prize/""},{""docid"":""38155"",""score"":25.879109163149078,""snippet"":"" ... His novels and poetry have earned international acclaim, and he was the first Canadian ever to win the Man Booker Prize — in 1992, for the wartime story The English Patient. Born in Sri Lanka and educated in England, Ondaatje moved to Canada when he was 18 to attend ... "",""title"":""https://www.cbc.ca/books/the-top-20-canadian-books-of-2024-so-far-1.7252475""},{""docid"":""90941"",""score"":25.87487941525154,""snippet"":"" ... Oz was a writer and journalist whose work has been translated into over forty languages. His last novel, Judas, was shortlisted for the Booker Prize in 2017 and won the Yasnaya Polyana Foreign Fiction Award. He received several international awards, including the Prix Femina, the Israel Prize, the ... "",""title"":""https://www.cbc.ca/books/30-books-to-celebrate-30-years-of-writers-company-1.5755144""}]"
7,188,2026-09-15T11:49:16.056387+00:00,International Booker Prize shortlist 2019 2018 2017 2016 books,"[""international"",""booker"",""prize"",""shortlist"",""2019"",""2018"",""2017"",""2016"",""books""]","""international"" OR ""booker"" OR ""prize"" OR ""shortlist"" OR ""2019"" OR ""2018"" OR ""2017"" OR ""2016"" OR ""books""",5,fc5fdd12bd5ebe1c326e6d2591e2d279306bb6b5c46d6edd41ab04fca43dc5c4,c2a5fef18d943057b45c10cea0c27271e748b518be814e752d6d2890e0b9742e,False,"[""d15"",""d14"",""d17"",""d39"",""d54""]","[""38708"",""3002"",""54683"",""90941"",""73144""]","[{""docid"":""38708"",""score"":32.27060987433727,""snippet"":"" ... Midnight's Children also won a public vote in 2008, on the prize's fortieth anniversary, for \""The Best of the Booker\"". In 2018 a special \""Golden Booker\"" was awarded celebrating 50 years of the award; this was won by Michael Ondaatje for The English Patient.\n\nWinners, shortlists ... "",""title"":""https://en.wikipedia.org/wiki/List_of_winners_and_nominated_authors_of_the_Booker_Prize""},{""docid"":""3002"",""score"":31.807949498112297,""snippet"":"" ... of Seven Killings | Historical/experimental novel | |\n| 2016 | Paul Beatty | The Sellout | Satire | |\n| 2017 | George Saunders | Lincoln in the Bardo | Historical/experimental novel | |\n| 2018 | Anna Burns | Milkman | Literary fiction | |\n| 2019 | Margaret Atwood | The Testaments | Literary fiction | |\n| 2019 | Bernardine Evaristo The Booker Prizes |url= |access-date=2022-09-26 |website ... "",""title"":""https://en.wikipedia.org/wiki/Booker_Prize""},{""docid"":""54683"",""score"":31.79366216732869,""snippet"":"" ... Books by non-white authors have over seven times the likelihood of shortlisting compared to other books (OR: 7.68; p < 0.05). In turn, a book by a non-white author has over 10 times the likelihood of winning the Booker prize compared to other books (OR ... "",""title"":""https://pmc.ncbi.nlm.nih.gov/articles/PMC10837049/""},{""docid"":""90941"",""score"":31.72930137723674,""snippet"":"" ... The last book in the series, The Ghost Road, won the Booker Prize in 1995. Her latest novel, The Silence of the Girls, was shortlisted for the 2019 Women's Prize for Fiction.\n\nBarker has been on Writers & Company three times: in 1997, 2015 and 2018.\n\n1998: The ... "",""title"":""https://www.cbc.ca/books/30-books-to-celebrate-30-years-of-writers-company-1.5755144""},{""docid"":""73144"",""score"":30.83737711473007,""snippet"":"" ... for Best Novella 2016. My first novel, Sealed (2017), is a work of eco-horror, which was shortlisted for the Not the Booker Award 2018. My second novel, Exit Management (2020), moves between contemporary Britain and 1940s Budapest. It was named a Fiction Book of the Year 2020 ... "",""title"":""https://www.durham.ac.uk/staff/naomi-r-booth/""}]"
7,192,2026-09-15T11:49:16.777779+00:00,Man Booker International Prize 2016 The Vegetarian Han Kang winner shortlist,"[""man"",""booker"",""international"",""prize"",""2016"",""the"",""vegetarian"",""han"",""kang"",""winner"",""shortlist""]","""man"" OR ""booker"" OR ""international"" OR ""prize"" OR ""2016"" OR ""the"" OR ""vegetarian"" OR ""han"" OR ""kang"" OR ""winner"" OR ""shortlist""",5,ae37161bc4dce2870a127820fab109baca81905b5338723518d9651df4e62435,569ab9e99ade99a937ee0216f5967d6176919810cfb2ef774b42941a12903aaa,False,"[""d55"",""d56"",""d19"",""d57"",""d58""]","[""14635"",""78502"",""58655"",""6058"",""52711""]","[{""docid"":""14635"",""score"":51.06764169479976,""snippet"":"" ... Her best known novel, The Vegetarian (published in Korea in 2007), was her first to be translated into English, in 2015. It won the Man Booker International Prize in 2016, with the prize split between Han Kang and her translator, Deborah Smith.\n\nAt the time, Smith's translation ... "",""title"":""https://theconversation.com/my-novels-explore-human-suffering-nobel-prize-winner-han-kang-writes-with-empathy-for-vulnerable-lives-241064""},{""docid"":""78502"",""score"":47.61468671598693,""snippet"":"" ... literature winner Han Kang was eligible for this year's prize with her book We Do Not Part, translated from Korean by e. yaewon and Paige Aniyah Morris, she did not make the list. Kang won the International Booker in 2016 with her breakthrough novel, The Vegetarian, translated ... "",""title"":""https://www.theguardian.com/books/2025/feb/25/all-13-writers-on-international-booker-longlist-are-first-time-nominees""},{""docid"":""58655"",""score"":47.3948527870107,""snippet"":"" ... the translator who won the 2016 Man Booker International Prize for her translation of The Vegetarian by Korean author Han Kang\n\nIt's of particular importance to note that the winning International Booker Prize comes from an independent press.\n\nIn a news conference earlier today, International Booker Prize ... "",""title"":""https://publishingperspectives.com/2022/05/geetanjali-shree-and-daisy-rockwell-win-the-international-booker-prize/""},{""docid"":""6058"",""score"":44.84770443757414,""snippet"":"" ... The Accusation, which was written in secret and smuggled out of the country, is his only published book to date. Deborah Smith is the Man Booker International Prize–winning translator of The Vegetarian by Han Kang and other books.\n\nHarmless Like You by Rowan Hisayo Buchanan\n\nRowan Hisayo ... "",""title"":""https://www.aspeninstitute.org/blog-posts/20-new-works-fiction-social-impact/""},{""docid"":""52711"",""score"":43.72208143800277,""snippet"":"" ... And for those of us interested in reading books that originate beyond the English-speaking world, they don't come much more major than the Man Booker International Prize, which was awarded for the first time last year to Han Kang and translator Deborah Smith for The Vegetarian ... "",""title"":""https://ayearofreadingtheworld.com/2017/04/29/book-of-the-month-samanta-schweblin/""}]"
7,199,2026-09-15T11:49:18.448199+00:00,book translated 30 languages shortlisted International Booker Prize,"[""book"",""translated"",""30"",""languages"",""shortlisted"",""international"",""booker"",""prize""]","""book"" OR ""translated"" OR ""30"" OR ""languages"" OR ""shortlisted"" OR ""international"" OR ""booker"" OR ""prize""",5,f2b2ec393656554091130e9e3728077b8b3f3b8f6de5ffe22cae94f1ee1f331f,f8845b918bcc66aa988b833e3761933c1ded46aeb105179b290e7fdd832f2fc2,False,"[""d19"",""d14"",""d20"",""d21"",""d59""]","[""58655"",""3002"",""24586"",""8674"",""46290""]","[{""docid"":""58655"",""score"":31.383007771798482,""snippet"":"" ... In a news conference earlier today, International Booker Prize jury chair Frank Wynne credited independent publishers with the lion's share of translated work. \""Nobody is surprised that the majority of books on the long- and shortlist,\"" he said, \""are independent publishers. Small independent presses have done enormous ... "",""title"":""https://publishingperspectives.com/2022/05/geetanjali-shree-and-daisy-rockwell-win-the-international-booker-prize/""},{""docid"":""3002"",""score"":31.104095759005897,""snippet"":"" ... In 2016, the award was significantly reconfigured, and is now given annually to a single book in English translation, with a £50,000 prize for the winning title, shared equally between author and translator. The award has been known as the International Booker Prize since the Man Group ... "",""title"":""https://en.wikipedia.org/wiki/Booker_Prize""},{""docid"":""24586"",""score"":30.650937333467105,""snippet"":"" ... The International Booker Prize 2023 Shortlist\n\nAt London Book Fair: Insights Into Translation Buyers\n\nAs the news of the International Booker Prize shortlist was announced to the public amid the raucous noise and crush of simultaneously programmed events at London Book Fair's opening today (April 17), the ... "",""title"":""https://publishingperspectives.com/2023/04/london-book-fair-the-bookers-new-data-on-translation-buyers/""},{""docid"":""8674"",""score"":30.61370294056646,""snippet"":"" ... His two novels, The Fishermen (2015) and An Orchestra of Minorities (2019) were shortlisted for The Booker Prize and have been translated into 30 languages. He has an LA Times book prize, the prestigious Internationalerpris, FT/Oppenheimer prize for fiction, an NAACP Image award and has been nominated ... "",""title"":""https://www.oxbelly.com/fiction-writers-program/advisors""},{""docid"":""46290"",""score"":29.565208556779844,""snippet"":"" ... of the smallest publisher ever to win the prize, husband-and-wife indie Sort Of Books. In 2022, all the glittering literary prizes went to indies – not only the Booker, but its sister prize for translated fiction, the International Booker, as well as the Nobel, the Goldsmiths, the ... "",""title"":""https://www.theguardian.com/books/2023/jul/16/uk-indie-publishing-mavericks-shook-up-books-booker-nobel-fitzcarraldo-sort-of-books-daunt""}]"
7,204,2026-09-15T11:49:19.195173+00:00,The Remainder Alia Trabucco Zeran translated languages,"[""the"",""remainder"",""alia"",""trabucco"",""zeran"",""translated"",""languages""]","""the"" OR ""remainder"" OR ""alia"" OR ""trabucco"" OR ""zeran"" OR ""translated"" OR ""languages""",5,a57400721aa457cb6cc7e165c94054af9abfa71791def4c477147cf3fcd69fe8,2a303929ccde5e437423a56decba2c51d70aea43cb56332346b0af72dc4ce836,False,"[""d60"",""d44"",""d61"",""d62"",""d63""]","[""59151"",""41360"",""83848"",""54463"",""36310""]","[{""docid"":""59151"",""score"":38.59869775471146,""snippet"":"" ... So keep reading widely in that language.\n\nAbout Sophie Hughes\n\nSophie Hughes is a literary translator of Spanish-language writers such as Alia Trabucco Zerán, Laia Jufresa, Rodrigo Hasbún and José Revueltas. She has been shortlisted twice for the International Booker Prize, most recently in 2020 for Fernanda ... "",""title"":""https://nationalcentreforwriting.org.uk/writing-hub/five-great-tips-for-getting-started-as-a-literary-translator/""},{""docid"":""41360"",""score"":28.78910474569197,""snippet"":"" ... Amy Arnold's Slip of a Fish landed a 2019 Goldsmiths Prize shortlisting, while Alia Trabucco Zerán's The Remainder was shortlisted for the Man Booker International Prize. Multiple translation prize wins and shortlistings for Gini Alhadeff's translation of I Am the Brother of XX by Fleur ... "",""title"":""https://www.andotherstories.org/about-us/""},{""docid"":""83848"",""score"":18.041701504455748,""snippet"":"" ... thriller based in the netherworld of the Anglo-Spanish Costa del Crime, and Alia Trabucco Zerán's LIMPIA (LUMEN), upon which Sophie Hughes is working her magic as we speak. I read only two significant works of poetry this year; Ciaran Carson's brilliant translation from eighteenth-century ... "",""title"":""https://www.thewhitereview.org/feature/books-of-the-year-2023/""},{""docid"":""54463"",""score"":14.22673307438719,""snippet"":"" ... It is owned by a man named Kote, soon revealed to be an alias of the legendary figure Kvothe. The frame story occurs several years after the beginning of the narration, which addresses the man's lifetime as an adventurer and student of The University, being written by ... "",""title"":""https://kingkiller.fandom.com/wiki/The_Name_of_the_Wind""},{""docid"":""36310"",""score"":13.992633628697355,""snippet"":"" ... Optionally, you can specify*\n\nafter the table name to explicitly indicate that descendant tables are included. - alias\n\n- A substitute name for the target table. When an alias is provided, it completely hides the actual name of the table. For example, given\n\nUPDATE foo AS f\n\n, the remainder of ... "",""title"":""https://techdocs.broadcom.com/us/en/vmware-tanzu/data-solutions/tanzu-greenplum/7/greenplum-database/ref_guide-sql_commands-UPDATE.html""}]"
7,211,2026-09-15T11:49:20.757092+00:00,The Shape of the Ruins Juan Gabriel Vasquez translated languages,"[""the"",""shape"",""of"",""ruins"",""juan"",""gabriel"",""vasquez"",""translated"",""languages""]","""the"" OR ""shape"" OR ""of"" OR ""ruins"" OR ""juan"" OR ""gabriel"" OR ""vasquez"" OR ""translated"" OR ""languages""",5,d6266ad1f28f2ea457ac8b16ad7109874c1f97b9500c4afba1822728ea1e1afc,6b95a1f2289ae51495b3d882f23737afa0859fb838b7aa49ec55e69cb52878b1,False,"[""d64"",""d65"",""d66"",""d67"",""d68""]","[""70799"",""12058"",""8979"",""94701"",""698""]","[{""docid"":""70799"",""score"":24.618230634184087,""snippet"":"" ... Back to Team\n\nExecutive Director (Ex-Officio)\n\nJuan Amador, FASAE, CAE, is the executive director for the Society for Advancement of Chicanos/Hispanics and Native Americans in Science (SACNAS) and responsible for leading the country's largest multicultural and multidisciplinary STEM diversity organization.\n\nJuan is adept at developing ... "",""title"":""https://www.sacnas.org/board-of-directors""},{""docid"":""12058"",""score"":23.885278874300585,""snippet"":"" ... Visit the rankings page to view the entire list of Peruvian Athletes.\n\n1. Edwin Vásquez (1922 - 1993)\n\nWith an HPI of 54.32, Edwin Vásquez is the most famous Peruvian Athlete. His biography has been translated into 20 different languages on wikipedia.\n\nEdwin Gonzalo Vásquez Cam (28 July ... "",""title"":""https://pantheon.world/profile/occupation/athlete/country/peru""},{""docid"":""8979"",""score"":21.147126421127155,""snippet"":"" ... Obsession takes over life, as Gabriel Vásquez subtly brings out the devastating effects of a society under the extreme tension of decades of corruption. (One of our Best Translated Novels of the Decade, 2010-2019) –Dwyer Murphy, CrimeReads Editor in Chief\n\nAleksandar Hemon, The Book of My Lives ... "",""title"":""https://lithub.com/what-the-new-york-times-missed-71-more-of-the-best-books-of-the-21st-century/""},{""docid"":""94701"",""score"":20.154140409239396,""snippet"":"" ... A timber second story was added in the late 1850s. |\n| Old Adobe Woman's Club | 120px | Santa Clara | 1792–1800 | Residence | City of Santa Clara |url= |access-date=2022-04-19 |website= |\n| Ortega-Vigare Adobe | | San Gabriel | 1792–1805 | Residence | |\n| Blas Aguilar Adobe | 120px | San Juan Capistrano | 1794 ... "",""title"":""https://en.wikipedia.org/wiki/List_of_the_oldest_buildings_in_California""},{""docid"":""698"",""score"":19.841636016929655,""snippet"":"" ... The Legend of Hank | Rob MinkoffMark Koetsier | Michael Cera, Samuel L. Jackson, Ricky Gervais, Mel Brooks, George Takei, Djimon Hounsou, Michelle Yeoh, Cathy Shim, Kylie Kuioka, Gabriel Iglesias, Aasif Mandvi | United States, United Kingdom | Animated Comedy |\n| Puss in Boots: The Last Wish | Joel Crawford | Antonio Banderas, Salma Hayek ... "",""title"":""https://en.wikipedia.org/wiki/List_of_comedy_films_of_the_2020s""}]"
7,219,2026-09-15T11:49:23.629297+00:00,The Labyrinth of Spirits Juan Gabriel Vasquez International Booker,"[""the"",""labyrinth"",""of"",""spirits"",""juan"",""gabriel"",""vasquez"",""international"",""booker""]","""the"" OR ""labyrinth"" OR ""of"" OR ""spirits"" OR ""juan"" OR ""gabriel"" OR ""vasquez"" OR ""international"" OR ""booker""",5,1af8e277dede1ccb0305261a765fef6b71bc975b532f3cbb763f374a2fe68a6e,acbd405540dd65ec7e81be17a8341b91dfd10f89ba606708e6154605b673a997,False,"[""d64"",""d68"",""d65"",""d69"",""d70""]","[""70799"",""698"",""12058"",""21883"",""17820""]","[{""docid"":""70799"",""score"":22.08973015694653,""snippet"":"" ... Back to Team\n\nExecutive Director (Ex-Officio)\n\nJuan Amador, FASAE, CAE, is the executive director for the Society for Advancement of Chicanos/Hispanics and Native Americans in Science (SACNAS) and responsible for leading the country's largest multicultural and multidisciplinary STEM diversity organization.\n\nJuan is adept at developing ... "",""title"":""https://www.sacnas.org/board-of-directors""},{""docid"":""698"",""score"":19.86088504709287,""snippet"":"" ... The Legend of Hank | Rob MinkoffMark Koetsier | Michael Cera, Samuel L. Jackson, Ricky Gervais, Mel Brooks, George Takei, Djimon Hounsou, Michelle Yeoh, Cathy Shim, Kylie Kuioka, Gabriel Iglesias, Aasif Mandvi | United States, United Kingdom | Animated Comedy |\n| Puss in Boots: The Last Wish | Joel Crawford | Antonio Banderas, Salma Hayek ... "",""title"":""https://en.wikipedia.org/wiki/List_of_comedy_films_of_the_2020s""},{""docid"":""12058"",""score"":18.581491428670287,""snippet"":"" ... Visit the rankings page to view the entire list of Peruvian Athletes.\n\n1. Edwin Vásquez (1922 - 1993)\n\nWith an HPI of 54.32, Edwin Vásquez is the most famous Peruvian Athlete. His biography has been translated into 20 different languages on wikipedia.\n\nEdwin Gonzalo Vásquez Cam (28 July ... "",""title"":""https://pantheon.world/profile/occupation/athlete/country/peru""},{""docid"":""21883"",""score"":18.401239475759095,""snippet"":"" ... Borges' intuitive understanding of and ability to render Faulkner's style was an important influence on a later generation of writers such as Juan Rulfo, Mario Vargas Llosa, and Gabriel García Márquez.\n\nIn 1955, Borges became director of the Argentine National Library. By the late 1950s he had ... "",""title"":""https://en.wikipedia.org/wiki/Jorge_Luis_Borges""},{""docid"":""17820"",""score"":18.309091835201606,""snippet"":"" ... Buñuel in the Labyrinth of the Turtles (2018)\n\n98%\n\nCountry: Spain\n\nSet in the 1930s, Buñuel in the Labyrinth of the Turtles is a surreal journey through the making of director Luis Buñuel's documentary Land Without Bread. Following the fallout of his first film, Buñuel is stranded ... "",""title"":""https://editorial.rottentomatoes.com/article/spanish-language-animated-movies/""}]"
8,233,2026-09-15T11:49:34.126762+00:00,International Booker Prize 2019 shortlist Celestial Bodies Jokha Alharthi,"[""international"",""booker"",""prize"",""2019"",""shortlist"",""celestial"",""bodies"",""jokha"",""alharthi""]","""international"" OR ""booker"" OR ""prize"" OR ""2019"" OR ""shortlist"" OR ""celestial"" OR ""bodies"" OR ""jokha"" OR ""alharthi""",5,e646a0433987bee9b71ebb1554fe33ed85914b4d0df17e30b7412ba4d3f876a7,f127a62ba0973e8b4c81b06d2923b5d8b824c36f72e2a68a762840d3db63a982,False,"[""d46"",""d45"",""d47"",""d14"",""d15""]","[""66193"",""92183"",""88246"",""3002"",""38708""]","[{""docid"":""66193"",""score"":49.36305933874177,""snippet"":"" ... Marilyn Booth (Catapult, Simon & Schuster)\n\nFrom the publisher: \""From Man Booker International Prize–winning author Jokha Alharthi, Bitter Orange Tree is a profound exploration of social status, wealth, desire, and female agency. It presents a mosaic portrait of one young woman's attempt to understand the roots she ... "",""title"":""https://arablit.org/2021/11/30/forthcoming-2022-arabic-literature-in-english-translation/""},{""docid"":""92183"",""score"":44.613626183694,""snippet"":"" ... Celestial Bodies: A Novel, Jokha Alharthi (Oct. 15)\n\nThree Omani sisters grapple with love and loss as their country quickly transforms due to the rise of the oil industry. Celestial Bodies, the first novel originally published in Arabic to win the Man Booker International Prize, showcases Oman's ... "",""title"":""https://time.com/5661400/best-books-fall-2019/""},{""docid"":""88246"",""score"":29.89011332942115,""snippet"":"" ... Bitter Orange Tree by Jokha Alharthi, trans. by Marilyn Booth\n\n(Catapult)\n\n7 Rave • 6 Positive • 3 Mixed\n\nListen to an excerpt from Bitter Orange Tree here\n\n\""Beautifully translated by Marilyn Booth in the poignant, lyrical style of the original Arabic, Bitter Orange Tree is a deeply emotional, largely ... "",""title"":""https://lithub.com/the-best-reviewed-literature-in-translation-of-2022/""},{""docid"":""3002"",""score"":27.230560640925127,""snippet"":"" ... The award has been known as the International Booker Prize since the Man Group ended its association with the prizes in 2019.\n\nA Russian version of the Booker Prize was created in 1992 called the Booker-Open Russia Literary Prize, also known as the Russian Booker Prize. In ... "",""title"":""https://en.wikipedia.org/wiki/Booker_Prize""},{""docid"":""38708"",""score"":27.048331698915778,""snippet"":"" ... Bring Up the Bodies | 4th Estate | *Sir Peter Stothard (chair) *Dinah Birch *Dan Stevens *Amanda Foreman *Bharat Tandon |\n| 2012 The Booker Prizes |url= |access-date=2022-10-19 |website=thebookerprizes.com |language=en |archive-date=24 March 2023 |archive-url= |url-status=live }} | Shortlist | Deborah Levy | Swimming Home ... "",""title"":""https://en.wikipedia.org/wiki/List_of_winners_and_nominated_authors_of_the_Booker_Prize""}]"
8,236,2026-09-15T11:49:34.630564+00:00,International Booker Prize 2018 shortlist Flights Olga Tokarczuk,"[""international"",""booker"",""prize"",""2018"",""shortlist"",""flights"",""olga"",""tokarczuk""]","""international"" OR ""booker"" OR ""prize"" OR ""2018"" OR ""shortlist"" OR ""flights"" OR ""olga"" OR ""tokarczuk""",5,1797bf1d92661a324ff05ba54f6f9f8c22dace143f36457fadc319810275ee7c,76e1a9d8ac539db3bee1e646e84fa485c146e9c7687722af89852c080f2a4eb9,False,"[""d19"",""d49"",""d59"",""d71"",""d9""]","[""58655"",""74203"",""46290"",""35723"",""11229""]","[{""docid"":""58655"",""score"":46.227226020722036,""snippet"":"" ... Society of Authors and the International Booker-winning American translator Jennifer Croft—who was shortlisted in tonight's International Booker program for her translation from Polish to English of Olga Tokarczuk's The Books of Jacob.\n\n- In a quick scan of the shortlist, it's worth noting that ... "",""title"":""https://publishingperspectives.com/2022/05/geetanjali-shree-and-daisy-rockwell-win-the-international-booker-prize/""},{""docid"":""74203"",""score"":44.63647000917446,""snippet"":"" ... is Jacques Testard's Fitzcarraldo Editions, which since its inception in 2014 has published one International Booker prize winner (Olga Tokarczuk's Flights, translated by Jennifer Croft) and three Nobel literature laureates: Tokarczuk, Annie Ernaux and Svetlana Alexievich.\n\nSo what is Fitzcarraldo's secret? \""First and foremost, it ... "",""title"":""https://www.theguardian.com/books/2023/jul/29/its-exciting-its-powerful-how-translated-fiction-captured-a-new-generation-of-readers""},{""docid"":""46290"",""score"":44.51880241141923,""snippet"":"" ... Top of her list was Danish author Olga Ravn, whose existential sci-fi The Employees (described by one critic as a cross between Samuel Beckett and Alien) was snubbed by other UK firms before Hansen swooped, earning the novel a spot on the International Booker shortlist in 2021 ... "",""title"":""https://www.theguardian.com/books/2023/jul/16/uk-indie-publishing-mavericks-shook-up-books-booker-nobel-fitzcarraldo-sort-of-books-daunt""},{""docid"":""35723"",""score"":43.20253552833572,""snippet"":"" ... The International Booker Prize is awarded every year for a book that is translated into English and published in the UK or Ireland.\n\nShree's novel competed against five other shortlisted titles, by Mieko Kawakami, Bora Chung, Jon Fosse, Claudia Pineiro and former winner Olga Tokarczuk.\n\nBorn in ... "",""title"":""https://literaturecurry.com/news-details/1159/geetanjali-shree-is-first-indian-to-win-inter""},{""docid"":""11229"",""score"":40.158703720083864,""snippet"":"" ... In 2018, the Polish novelist was recognized for \""Flights,\"" which she calls a \""constellation novel,\"" owing to its fragmentary form and genre-defying style, and which won that year's Man Booker Prize. \""Drive Your Plow Over the Bones of the Dead,\"" her latest novel to be translated ... "",""title"":""https://www.newyorker.com/books/page-turner/the-2019-national-book-awards-longlist-translated-literature""}]"
8,240,2026-09-15T11:49:35.128324+00:00,International Booker Prize 2017 shortlist winner,"[""international"",""booker"",""prize"",""2017"",""shortlist"",""winner""]","""international"" OR ""booker"" OR ""prize"" OR ""2017"" OR ""shortlist"" OR ""winner""",5,99921cda0955a6ec12ce6d1859f60c09bbed59abc6e7d6ab261fe3b99d0881bb,bf60201f288bcf1bb854116c399111e51914b6108a500f03bbd0cd237f1ad243,False,"[""d15"",""d14"",""d17"",""d39"",""d21""]","[""38708"",""3002"",""54683"",""90941"",""8674""]","[{""docid"":""38708"",""score"":29.83112879923052,""snippet"":"" ... List of winners and nominated authors of the Booker Prize - Wikipedia\ndate: 2002-08-11\n---\nThe following is a list of winners and shortlisted authors of the Booker Prize for Fiction. The prize has been awarded each year since 1969 to the best original full-length novel, written ... "",""title"":""https://en.wikipedia.org/wiki/List_of_winners_and_nominated_authors_of_the_Booker_Prize""},{""docid"":""3002"",""score"":29.235061602655808,""snippet"":"" ... Each of the shortlisted authors receives £2,500 and a specially bound edition of their book.\n\nThe original Booker Prize trophy was designed by the artist Jan Pieńkowski and the design was revived for the 2023 prize.\n\n1969–1979\n\nThe first winner of the Booker Prize was P ... "",""title"":""https://en.wikipedia.org/wiki/Booker_Prize""},{""docid"":""54683"",""score"":28.919965364808796,""snippet"":"" ... First, we confirmed that the Orange Prize drove long-term retention for its inaugural winner, Helen Dunmore's A Spell of Winter (which was also nominated for the Booker, but did not make the shortlist): compared to the median woman-authored novel in our data, A Spell of ... "",""title"":""https://pmc.ncbi.nlm.nih.gov/articles/PMC10837049/""},{""docid"":""90941"",""score"":27.651466916074703,""snippet"":"" ... His last novel, Judas, was shortlisted for the Booker Prize in 2017 and won the Yasnaya Polyana Foreign Fiction Award. He received several international awards, including the Prix Femina, the Israel Prize, the Goethe Prize, the Frankfurt Peace Prize and the 2013 Franz Kafka Prize. He died in ... "",""title"":""https://www.cbc.ca/books/30-books-to-celebrate-30-years-of-writers-company-1.5755144""},{""docid"":""8674"",""score"":27.609691423672455,""snippet"":"" ... Sleeping on Jupiter won the DSC Prize for Fiction 2016 and was longlisted for the Man Booker Prize 2015. All the Lives We Never Lived won the Sahitya Akademi, one of India's highest literary honours, and was shortlisted for the International Dublin Literary Award. It won Tata ... "",""title"":""https://www.oxbelly.com/fiction-writers-program/advisors""}]"
8,244,2026-09-15T11:49:35.639418+00:00,The Years Annie Ernaux translated languages International Booker,"[""the"",""years"",""annie"",""ernaux"",""translated"",""languages"",""international"",""booker""]","""the"" OR ""years"" OR ""annie"" OR ""ernaux"" OR ""translated"" OR ""languages"" OR ""international"" OR ""booker""",5,df6589c236a15252f3731ca177192bbe76c8b83bcf7602be1642a83d8d5f15cd,5b7911c3de148053f357a689e5808fe54ef8dbb4cdba978ae624f4abbf0453a0,False,"[""d59"",""d50"",""d72"",""d73"",""d74""]","[""46290"",""66520"",""31701"",""16967"",""68748""]","[{""docid"":""46290"",""score"":36.31276800786295,""snippet"":"" ... prize for translated fiction, the International Booker, as well as the Nobel, the Goldsmiths, the Pulitzer and Australia's A$100,000 (£80,000) Victorian prize for literature. The last four remarkably were all won by Fitzcarraldo, the UK home of celebrated French memoirist Annie Ernaux and foremost ... "",""title"":""https://www.theguardian.com/books/2023/jul/16/uk-indie-publishing-mavericks-shook-up-books-booker-nobel-fitzcarraldo-sort-of-books-daunt""},{""docid"":""66520"",""score"":33.791010154925374,""snippet"":"" ... fail to understand how, say, the nonfiction works of Ernaux should be in the running alongside self-declared works of fiction. (Sometimes he succeeds: \""The Years,\"" translated by Alison L. Strayer, was short-listed for the International Booker in 2019.) In another Booker bid, Testard sought to submit ... "",""title"":""https://www.newyorker.com/magazine/2024/07/08/fitzcarraldo-editions-makes-challenging-literature-chic""},{""docid"":""31701"",""score"":31.388972036940046,""snippet"":"" ... Fosse's UK publisher is Fitzcarraldo Editions, which also publishes Annie Ernaux, the winner of the 2022 Nobel prize in literature. Fosse's win marks the London-based independent publisher's third win in five years: Olga Tokarczuk was made laureate in 2018. The prize was postponed and ... "",""title"":""https://www.theguardian.com/books/2023/oct/05/jon-fosse-wins-the-2023-nobel-prize-in-literature""},{""docid"":""16967"",""score"":30.452464802064046,""snippet"":"" ... and growing international academic literature. Her famous works include La Place (\""A Man's Place\"", 1983), L'événement (\""Happening\"", 2000), Se perdre (\""Getting Lost\"", 2001), L'Occupation (\""The Possession\"", 2002), and Les Années (\""The Years\"", 2008).Annie Ernaux annie-ernaux.org\n\nPrize announcement\n\nFollowing the announcement, Carin Klaesson ... "",""title"":""https://en.wikipedia.org/wiki/2022_Nobel_Prize_in_Literature""},{""docid"":""68748"",""score"":30.027791106599636,""snippet"":"" ... Getting Lost (which is published in translation this year) is the second book of Ernaux's to be inspired by the affair – the first, a slight, memoir-like novel, was Simple Passion (1991). Recently awarded the Nobel Prize for literature, Ernaux – now in her 80s – is a huge ... "",""title"":""https://www.bbc.com/culture/article/20220407-the-best-books-of-the-year-2022""}]"
8,250,2026-09-15T11:49:37.345500+00:00,The Discomfort of Evening Marieke Rijneveld translated languages,"[""the"",""discomfort"",""of"",""evening"",""marieke"",""rijneveld"",""translated"",""languages""]","""the"" OR ""discomfort"" OR ""of"" OR ""evening"" OR ""marieke"" OR ""rijneveld"" OR ""translated"" OR ""languages""",5,f0ebe9a7eba6c5873f666ebe1df22414b0364f26eb21e8332bc69d0e94eab107,fd7c7ace864b9855b73dc7b4b1886e7122d9eec88a4ae618d8afdda5a4545873,False,"[""d75"",""d76"",""d56"",""d77"",""d78""]","[""76925"",""77085"",""78502"",""93725"",""33000""]","[{""docid"":""76925"",""score"":36.97393928034409,""snippet"":"" ... The Discomfort of Evening\n\nBy Marieke lucas Rijneveld, translated by Michelle Hutchison\n\nA book like no other, The Discomfort of Evening is the winner of the 2020 International Booker Prize. I listened to the audiobook, which was fantastic, and I might return for a reread of the physical ... "",""title"":""http://www.booksandquills.co.uk/home/10-dutch-book-recommendations-in-english""},{""docid"":""77085"",""score"":36.157568965454175,""snippet"":"" ... Award-Winning Books & Authors\n\n-\n\nThe Discomfort of Evening (PB)\n\n- Vendor\n\n- Rijneveld, Marieke Lucas\n\n- Regular price\n\n- $7.99\n\n- Sale price\n\n- $7.99\n\n- Regular price\n\n-\n\n$16.00 - Unit price\n\n- per\n\nSold out\n\n-\n\nThe Yellow House (HC)\n\n- Vendor\n\n- Broom, Sarah M.\n\n- Regular price\n\n- $7.99\n\n- Sale price\n\n- $7.99\n\n- Regular price ... "",""title"":""https://hbswarehousesale.com/collections/award-winning""},{""docid"":""78502"",""score"":20.86965361707843,""snippet"":"" ... Along with Kang, previous writers to have won the award include Olga Tokarczuk and Lucas Rijneveld. Last year, Jenny Erpenbeck and translator Michael Hofmann won the prize for Kairos.\n\nTo explore all of the books on the longlist for the International Booker prize 2025 visit guardianbookshop.com. Delivery ... "",""title"":""https://www.theguardian.com/books/2025/feb/25/all-13-writers-on-international-booker-longlist-are-first-time-nominees""},{""docid"":""93725"",""score"":20.49254324924718,""snippet"":"" ... 8, UK)\n*Delia Owens – Where the Crawdads Sing (August 14)\n*Casey Plett – Little Fish\n*Richard Powers – The Overstory (April 3)\n*Tom Rachman – The Italian Teacher (March 22, UK)\n*Marieke Lucas Rijneveld – The Discomfort of Evening (De avond is ongemak) (Netherlands)\n*Robin Robertson – The Long Take (February 13, UK ... "",""title"":""https://en.wikipedia.org/wiki/2018_in_literature""},{""docid"":""33000"",""score"":14.559244999186323,""snippet"":"" ... Outside of work, Marieke enjoys time with her family, yoga, snowboarding and the theatre.\n\nClive joined Gresham House in 2021 as part of the Mobeus VCTs acquisition. He is an investment management specialist with experience across a wide variety of sectors and stages of company development. He has ... "",""title"":""https://greshamhouse.com/strategic-equity/private-equity/""}]"
8,257,2026-09-15T11:49:39.685700+00:00,At Night All Blood is Black David Diop translated languages International Booker,"[""at"",""night"",""all"",""blood"",""is"",""black"",""david"",""diop"",""translated"",""languages"",""international"",""booker""]","""at"" OR ""night"" OR ""all"" OR ""blood"" OR ""is"" OR ""black"" OR ""david"" OR ""diop"" OR ""translated"" OR ""languages"" OR ""international"" OR ""booker""",5,cbd02586ae2531c36ba6a43e01955b7f06500cf7fdfd60e65b5e5e4eb2588662,3172f13997f475a68c0d10fd4c6b9e78b34909f687405d2b5319bd143495d047,False,"[""d19"",""d79"",""d80"",""d81"",""d49""]","[""58655"",""39802"",""3589"",""48280"",""74203""]","[{""docid"":""58655"",""score"":35.286257567236845,""snippet"":"" ... Tonight, the Booker Foundation is reporting that the announcement of the 2021 International Booker Prize-winner, At Night All Blood Is Black, written by David Diop and translated by Anna Moschovakis, saw the book's publisher, Pushkin Press, order a five-figure reprint the day after the winner ... "",""title"":""https://publishingperspectives.com/2022/05/geetanjali-shree-and-daisy-rockwell-win-the-international-booker-prize/""},{""docid"":""39802"",""score"":34.57376662604569,""snippet"":"" ... Norton)\n\nMaggie Shipstead, Great Circle (Knopf)\n\n*\n\nMan Booker International Prize\n\nAwarded for a single book in English translation published in the UK.\n\nPrize money: £50,000, divided equally between the author and the translator\n\nDavid Diop, tr. from French by Anna Moschovakis, At Night All Blood is Black ... "",""title"":""https://lithub.com/the-award-winning-novels-of-2021/""},{""docid"":""3589"",""score"":34.35662231066044,""snippet"":"" ... both the Booker Prize, for literature in English, and the International Booker Prize, for literature not in English, were awarded to Africans. For the latter, Senegalese novelist and academic David Diop clinched the honor for his powerful second novel At Night All Blood is Black, an intricate portrait ... "",""title"":""https://brittlepaper.com/2021/12/major-awards-won-by-african-authors-in-2021/""},{""docid"":""48280"",""score"":34.06195177921942,""snippet"":"" ... Completing the trio of successes for Senegal, French-Senegalese novelist David Diop won the International Booker Prize for translated fiction for At Night All Blood Is Black.\n\nThis was also the year when Paulina Chiziane, often referred to as Mozambique's first woman novelist, was awarded the 2021 ... "",""title"":""https://www.aljazeera.com/features/2021/12/23/african-writers-took-the-literary-world-by-storm-in-2021""},{""docid"":""74203"",""score"":31.291153579069796,""snippet"":"" ... And he said: 'Oh, we did a translation once. It didn't work!'\""\n\nOne publisher at the forefront of Japanese literature is Pushkin Press – owned and run since 2012 by Adam Freudenheim. Pushkin published David Diop's 2021 International Booker prize winner At Night All Blood Is Black ... "",""title"":""https://www.theguardian.com/books/2023/jul/29/its-exciting-its-powerful-how-translated-fiction-captured-a-new-generation-of-readers""}]"
9,272,2026-09-15T11:49:48.235614+00:00,International Booker Prize 2019 shortlist Celestial Bodies Jokha Alharthi,"[""international"",""booker"",""prize"",""2019"",""shortlist"",""celestial"",""bodies"",""jokha"",""alharthi""]","""international"" OR ""booker"" OR ""prize"" OR ""2019"" OR ""shortlist"" OR ""celestial"" OR ""bodies"" OR ""jokha"" OR ""alharthi""",5,e646a0433987bee9b71ebb1554fe33ed85914b4d0df17e30b7412ba4d3f876a7,f127a62ba0973e8b4c81b06d2923b5d8b824c36f72e2a68a762840d3db63a982,True,"[""d46"",""d45"",""d47"",""d14"",""d15""]","[""66193"",""92183"",""88246"",""3002"",""38708""]","[{""docid"":""66193"",""score"":49.36305933874177,""snippet"":"" ... Marilyn Booth (Catapult, Simon & Schuster)\n\nFrom the publisher: \""From Man Booker International Prize–winning author Jokha Alharthi, Bitter Orange Tree is a profound exploration of social status, wealth, desire, and female agency. It presents a mosaic portrait of one young woman's attempt to understand the roots she ... "",""title"":""https://arablit.org/2021/11/30/forthcoming-2022-arabic-literature-in-english-translation/""},{""docid"":""92183"",""score"":44.613626183694,""snippet"":"" ... Celestial Bodies: A Novel, Jokha Alharthi (Oct. 15)\n\nThree Omani sisters grapple with love and loss as their country quickly transforms due to the rise of the oil industry. Celestial Bodies, the first novel originally published in Arabic to win the Man Booker International Prize, showcases Oman's ... "",""title"":""https://time.com/5661400/best-books-fall-2019/""},{""docid"":""88246"",""score"":29.89011332942115,""snippet"":"" ... Bitter Orange Tree by Jokha Alharthi, trans. by Marilyn Booth\n\n(Catapult)\n\n7 Rave • 6 Positive • 3 Mixed\n\nListen to an excerpt from Bitter Orange Tree here\n\n\""Beautifully translated by Marilyn Booth in the poignant, lyrical style of the original Arabic, Bitter Orange Tree is a deeply emotional, largely ... "",""title"":""https://lithub.com/the-best-reviewed-literature-in-translation-of-2022/""},{""docid"":""3002"",""score"":27.230560640925127,""snippet"":"" ... The award has been known as the International Booker Prize since the Man Group ended its association with the prizes in 2019.\n\nA Russian version of the Booker Prize was created in 1992 called the Booker-Open Russia Literary Prize, also known as the Russian Booker Prize. In ... "",""title"":""https://en.wikipedia.org/wiki/Booker_Prize""},{""docid"":""38708"",""score"":27.048331698915778,""snippet"":"" ... Bring Up the Bodies | 4th Estate | *Sir Peter Stothard (chair) *Dinah Birch *Dan Stevens *Amanda Foreman *Bharat Tandon |\n| 2012 The Booker Prizes |url= |access-date=2022-10-19 |website=thebookerprizes.com |language=en |archive-date=24 March 2023 |archive-url= |url-status=live }} | Shortlist | Deborah Levy | Swimming Home ... "",""title"":""https://en.wikipedia.org/wiki/List_of_winners_and_nominated_authors_of_the_Booker_Prize""}]"
9,273,2026-09-15T11:49:48.260159+00:00,International Booker Prize 2018 shortlist Flights Olga Tokarczuk,"[""international"",""booker"",""prize"",""2018"",""shortlist"",""flights"",""olga"",""tokarczuk""]","""international"" OR ""booker"" OR ""prize"" OR ""2018"" OR ""shortlist"" OR ""flights"" OR ""olga"" OR ""tokarczuk""",5,1797bf1d92661a324ff05ba54f6f9f8c22dace143f36457fadc319810275ee7c,76e1a9d8ac539db3bee1e646e84fa485c146e9c7687722af89852c080f2a4eb9,True,"[""d19"",""d49"",""d59"",""d71"",""d9""]","[""58655"",""74203"",""46290"",""35723"",""11229""]","[{""docid"":""58655"",""score"":46.227226020722036,""snippet"":"" ... Society of Authors and the International Booker-winning American translator Jennifer Croft—who was shortlisted in tonight's International Booker program for her translation from Polish to English of Olga Tokarczuk's The Books of Jacob.\n\n- In a quick scan of the shortlist, it's worth noting that ... "",""title"":""https://publishingperspectives.com/2022/05/geetanjali-shree-and-daisy-rockwell-win-the-international-booker-prize/""},{""docid"":""74203"",""score"":44.63647000917446,""snippet"":"" ... is Jacques Testard's Fitzcarraldo Editions, which since its inception in 2014 has published one International Booker prize winner (Olga Tokarczuk's Flights, translated by Jennifer Croft) and three Nobel literature laureates: Tokarczuk, Annie Ernaux and Svetlana Alexievich.\n\nSo what is Fitzcarraldo's secret? \""First and foremost, it ... "",""title"":""https://www.theguardian.com/books/2023/jul/29/its-exciting-its-powerful-how-translated-fiction-captured-a-new-generation-of-readers""},{""docid"":""46290"",""score"":44.51880241141923,""snippet"":"" ... Top of her list was Danish author Olga Ravn, whose existential sci-fi The Employees (described by one critic as a cross between Samuel Beckett and Alien) was snubbed by other UK firms before Hansen swooped, earning the novel a spot on the International Booker shortlist in 2021 ... "",""title"":""https://www.theguardian.com/books/2023/jul/16/uk-indie-publishing-mavericks-shook-up-books-booker-nobel-fitzcarraldo-sort-of-books-daunt""},{""docid"":""35723"",""score"":43.20253552833572,""snippet"":"" ... The International Booker Prize is awarded every year for a book that is translated into English and published in the UK or Ireland.\n\nShree's novel competed against five other shortlisted titles, by Mieko Kawakami, Bora Chung, Jon Fosse, Claudia Pineiro and former winner Olga Tokarczuk.\n\nBorn in ... "",""title"":""https://literaturecurry.com/news-details/1159/geetanjali-shree-is-first-indian-to-win-inter""},{""docid"":""11229"",""score"":40.158703720083864,""snippet"":"" ... In 2018, the Polish novelist was recognized for \""Flights,\"" which she calls a \""constellation novel,\"" owing to its fragmentary form and genre-defying style, and which won that year's Man Booker Prize. \""Drive Your Plow Over the Bones of the Dead,\"" her latest novel to be translated ... "",""title"":""https://www.newyorker.com/books/page-turner/the-2019-national-book-awards-longlist-translated-literature""}]"
9,274,2026-09-15T11:49:48.284871+00:00,International Booker Prize 2017 shortlist winner,"[""international"",""booker"",""prize"",""2017"",""shortlist"",""winner""]","""international"" OR ""booker"" OR ""prize"" OR ""2017"" OR ""shortlist"" OR ""winner""",5,99921cda0955a6ec12ce6d1859f60c09bbed59abc6e7d6ab261fe3b99d0881bb,bf60201f288bcf1bb854116c399111e51914b6108a500f03bbd0cd237f1ad243,True,"[""d15"",""d14"",""d17"",""d39"",""d21""]","[""38708"",""3002"",""54683"",""90941"",""8674""]","[{""docid"":""38708"",""score"":29.83112879923052,""snippet"":"" ... List of winners and nominated authors of the Booker Prize - Wikipedia\ndate: 2002-08-11\n---\nThe following is a list of winners and shortlisted authors of the Booker Prize for Fiction. The prize has been awarded each year since 1969 to the best original full-length novel, written ... "",""title"":""https://en.wikipedia.org/wiki/List_of_winners_and_nominated_authors_of_the_Booker_Prize""},{""docid"":""3002"",""score"":29.235061602655808,""snippet"":"" ... Each of the shortlisted authors receives £2,500 and a specially bound edition of their book.\n\nThe original Booker Prize trophy was designed by the artist Jan Pieńkowski and the design was revived for the 2023 prize.\n\n1969–1979\n\nThe first winner of the Booker Prize was P ... "",""title"":""https://en.wikipedia.org/wiki/Booker_Prize""},{""docid"":""54683"",""score"":28.919965364808796,""snippet"":"" ... First, we confirmed that the Orange Prize drove long-term retention for its inaugural winner, Helen Dunmore's A Spell of Winter (which was also nominated for the Booker, but did not make the shortlist): compared to the median woman-authored novel in our data, A Spell of ... "",""title"":""https://pmc.ncbi.nlm.nih.gov/articles/PMC10837049/""},{""docid"":""90941"",""score"":27.651466916074703,""snippet"":"" ... His last novel, Judas, was shortlisted for the Booker Prize in 2017 and won the Yasnaya Polyana Foreign Fiction Award. He received several international awards, including the Prix Femina, the Israel Prize, the Goethe Prize, the Frankfurt Peace Prize and the 2013 Franz Kafka Prize. He died in ... "",""title"":""https://www.cbc.ca/books/30-books-to-celebrate-30-years-of-writers-company-1.5755144""},{""docid"":""8674"",""score"":27.609691423672455,""snippet"":"" ... Sleeping on Jupiter won the DSC Prize for Fiction 2016 and was longlisted for the Man Booker Prize 2015. All the Lives We Never Lived won the Sahitya Akademi, one of India's highest literary honours, and was shortlisted for the International Dublin Literary Award. It won Tata ... "",""title"":""https://www.oxbelly.com/fiction-writers-program/advisors""}]"
9,276,2026-09-15T11:49:48.331873+00:00,The Years Annie Ernaux translated languages International Booker,"[""the"",""years"",""annie"",""ernaux"",""translated"",""languages"",""international"",""booker""]","""the"" OR ""years"" OR ""annie"" OR ""ernaux"" OR ""translated"" OR ""languages"" OR ""international"" OR ""booker""",5,df6589c236a15252f3731ca177192bbe76c8b83bcf7602be1642a83d8d5f15cd,5b7911c3de148053f357a689e5808fe54ef8dbb4cdba978ae624f4abbf0453a0,True,"[""d59"",""d50"",""d72"",""d73"",""d74""]","[""46290"",""66520"",""31701"",""16967"",""68748""]","[{""docid"":""46290"",""score"":36.31276800786295,""snippet"":"" ... prize for translated fiction, the International Booker, as well as the Nobel, the Goldsmiths, the Pulitzer and Australia's A$100,000 (£80,000) Victorian prize for literature. The last four remarkably were all won by Fitzcarraldo, the UK home of celebrated French memoirist Annie Ernaux and foremost ... "",""title"":""https://www.theguardian.com/books/2023/jul/16/uk-indie-publishing-mavericks-shook-up-books-booker-nobel-fitzcarraldo-sort-of-books-daunt""},{""docid"":""66520"",""score"":33.791010154925374,""snippet"":"" ... fail to understand how, say, the nonfiction works of Ernaux should be in the running alongside self-declared works of fiction. (Sometimes he succeeds: \""The Years,\"" translated by Alison L. Strayer, was short-listed for the International Booker in 2019.) In another Booker bid, Testard sought to submit ... "",""title"":""https://www.newyorker.com/magazine/2024/07/08/fitzcarraldo-editions-makes-challenging-literature-chic""},{""docid"":""31701"",""score"":31.388972036940046,""snippet"":"" ... Fosse's UK publisher is Fitzcarraldo Editions, which also publishes Annie Ernaux, the winner of the 2022 Nobel prize in literature. Fosse's win marks the London-based independent publisher's third win in five years: Olga Tokarczuk was made laureate in 2018. The prize was postponed and ... "",""title"":""https://www.theguardian.com/books/2023/oct/05/jon-fosse-wins-the-2023-nobel-prize-in-literature""},{""docid"":""16967"",""score"":30.452464802064046,""snippet"":"" ... and growing international academic literature. Her famous works include La Place (\""A Man's Place\"", 1983), L'événement (\""Happening\"", 2000), Se perdre (\""Getting Lost\"", 2001), L'Occupation (\""The Possession\"", 2002), and Les Années (\""The Years\"", 2008).Annie Ernaux annie-ernaux.org\n\nPrize announcement\n\nFollowing the announcement, Carin Klaesson ... "",""title"":""https://en.wikipedia.org/wiki/2022_Nobel_Prize_in_Literature""},{""docid"":""68748"",""score"":30.027791106599636,""snippet"":"" ... Getting Lost (which is published in translation this year) is the second book of Ernaux's to be inspired by the affair – the first, a slight, memoir-like novel, was Simple Passion (1991). Recently awarded the Nobel Prize for literature, Ernaux – now in her 80s – is a huge ... "",""title"":""https://www.bbc.com/culture/article/20220407-the-best-books-of-the-year-2022""}]"
9,277,2026-09-15T11:49:48.354618+00:00,The Discomfort of Evening Marieke Rijneveld translated languages,"[""the"",""discomfort"",""of"",""evening"",""marieke"",""rijneveld"",""translated"",""languages""]","""the"" OR ""discomfort"" OR ""of"" OR ""evening"" OR ""marieke"" OR ""rijneveld"" OR ""translated"" OR ""languages""",5,f0ebe9a7eba6c5873f666ebe1df22414b0364f26eb21e8332bc69d0e94eab107,fd7c7ace864b9855b73dc7b4b1886e7122d9eec88a4ae618d8afdda5a4545873,True,"[""d75"",""d76"",""d56"",""d77"",""d78""]","[""76925"",""77085"",""78502"",""93725"",""33000""]","[{""docid"":""76925"",""score"":36.97393928034409,""snippet"":"" ... The Discomfort of Evening\n\nBy Marieke lucas Rijneveld, translated by Michelle Hutchison\n\nA book like no other, The Discomfort of Evening is the winner of the 2020 International Booker Prize. I listened to the audiobook, which was fantastic, and I might return for a reread of the physical ... "",""title"":""http://www.booksandquills.co.uk/home/10-dutch-book-recommendations-in-english""},{""docid"":""77085"",""score"":36.157568965454175,""snippet"":"" ... Award-Winning Books & Authors\n\n-\n\nThe Discomfort of Evening (PB)\n\n- Vendor\n\n- Rijneveld, Marieke Lucas\n\n- Regular price\n\n- $7.99\n\n- Sale price\n\n- $7.99\n\n- Regular price\n\n-\n\n$16.00 - Unit price\n\n- per\n\nSold out\n\n-\n\nThe Yellow House (HC)\n\n- Vendor\n\n- Broom, Sarah M.\n\n- Regular price\n\n- $7.99\n\n- Sale price\n\n- $7.99\n\n- Regular price ... "",""title"":""https://hbswarehousesale.com/collections/award-winning""},{""docid"":""78502"",""score"":20.86965361707843,""snippet"":"" ... Along with Kang, previous writers to have won the award include Olga Tokarczuk and Lucas Rijneveld. Last year, Jenny Erpenbeck and translator Michael Hofmann won the prize for Kairos.\n\nTo explore all of the books on the longlist for the International Booker prize 2025 visit guardianbookshop.com. Delivery ... "",""title"":""https://www.theguardian.com/books/2025/feb/25/all-13-writers-on-international-booker-longlist-are-first-time-nominees""},{""docid"":""93725"",""score"":20.49254324924718,""snippet"":"" ... 8, UK)\n*Delia Owens – Where the Crawdads Sing (August 14)\n*Casey Plett – Little Fish\n*Richard Powers – The Overstory (April 3)\n*Tom Rachman – The Italian Teacher (March 22, UK)\n*Marieke Lucas Rijneveld – The Discomfort of Evening (De avond is ongemak) (Netherlands)\n*Robin Robertson – The Long Take (February 13, UK ... "",""title"":""https://en.wikipedia.org/wiki/2018_in_literature""},{""docid"":""33000"",""score"":14.559244999186323,""snippet"":"" ... Outside of work, Marieke enjoys time with her family, yoga, snowboarding and the theatre.\n\nClive joined Gresham House in 2021 as part of the Mobeus VCTs acquisition. He is an investment management specialist with experience across a wide variety of sectors and stages of company development. He has ... "",""title"":""https://greshamhouse.com/strategic-equity/private-equity/""}]"
9,278,2026-09-15T11:49:48.376423+00:00,At Night All Blood is Black David Diop translated languages International Booker,"[""at"",""night"",""all"",""blood"",""is"",""black"",""david"",""diop"",""translated"",""languages"",""international"",""booker""]","""at"" OR ""night"" OR ""all"" OR ""blood"" OR ""is"" OR ""black"" OR ""david"" OR ""diop"" OR ""translated"" OR ""languages"" OR ""international"" OR ""booker""",5,cbd02586ae2531c36ba6a43e01955b7f06500cf7fdfd60e65b5e5e4eb2588662,3172f13997f475a68c0d10fd4c6b9e78b34909f687405d2b5319bd143495d047,True,"[""d19"",""d79"",""d80"",""d81"",""d49""]","[""58655"",""39802"",""3589"",""48280"",""74203""]","[{""docid"":""58655"",""score"":35.286257567236845,""snippet"":"" ... Tonight, the Booker Foundation is reporting that the announcement of the 2021 International Booker Prize-winner, At Night All Blood Is Black, written by David Diop and translated by Anna Moschovakis, saw the book's publisher, Pushkin Press, order a five-figure reprint the day after the winner ... "",""title"":""https://publishingperspectives.com/2022/05/geetanjali-shree-and-daisy-rockwell-win-the-international-booker-prize/""},{""docid"":""39802"",""score"":34.57376662604569,""snippet"":"" ... Norton)\n\nMaggie Shipstead, Great Circle (Knopf)\n\n*\n\nMan Booker International Prize\n\nAwarded for a single book in English translation published in the UK.\n\nPrize money: £50,000, divided equally between the author and the translator\n\nDavid Diop, tr. from French by Anna Moschovakis, At Night All Blood is Black ... "",""title"":""https://lithub.com/the-award-winning-novels-of-2021/""},{""docid"":""3589"",""score"":34.35662231066044,""snippet"":"" ... both the Booker Prize, for literature in English, and the International Booker Prize, for literature not in English, were awarded to Africans. For the latter, Senegalese novelist and academic David Diop clinched the honor for his powerful second novel At Night All Blood is Black, an intricate portrait ... "",""title"":""https://brittlepaper.com/2021/12/major-awards-won-by-african-authors-in-2021/""},{""docid"":""48280"",""score"":34.06195177921942,""snippet"":"" ... Completing the trio of successes for Senegal, French-Senegalese novelist David Diop won the International Booker Prize for translated fiction for At Night All Blood Is Black.\n\nThis was also the year when Paulina Chiziane, often referred to as Mozambique's first woman novelist, was awarded the 2021 ... "",""title"":""https://www.aljazeera.com/features/2021/12/23/african-writers-took-the-literary-world-by-storm-in-2021""},{""docid"":""74203"",""score"":31.291153579069796,""snippet"":"" ... And he said: 'Oh, we did a translation once. It didn't work!'\""\n\nOne publisher at the forefront of Japanese literature is Pushkin Press – owned and run since 2012 by Adam Freudenheim. Pushkin published David Diop's 2021 International Booker prize winner At Night All Blood Is Black ... "",""title"":""https://www.theguardian.com/books/2023/jul/29/its-exciting-its-powerful-how-translated-fiction-captured-a-new-generation-of-readers""}]"
10,287,2026-09-15T11:49:58.549156+00:00,A Brief History of Seven Killings Marlon James publication date 2014 Booker Prize 2015,"[""a"",""brief"",""history"",""of"",""seven"",""killings"",""marlon"",""james"",""publication"",""date"",""2014"",""booker"",""prize"",""2015""]","""a"" OR ""brief"" OR ""history"" OR ""of"" OR ""seven"" OR ""killings"" OR ""marlon"" OR ""james"" OR ""publication"" OR ""date"" OR ""2014"" OR ""booker"" OR ""prize"" OR ""2015""",5,5325532025bfd47ecf511ee3540047672332cccc11b47b6e1f3eda44adbe7888,3f0db3d028dc551504e5424bfa4b5b60873ef24f4d90e55087cfd7266c2bb18a,False,"[""d43"",""d82"",""d14"",""d83"",""d84""]","[""55983"",""69762"",""3002"",""94706"",""21357""]","[{""docid"":""55983"",""score"":36.49010229382302,""snippet"":"" ... Lincoln in the Bardo - George Saunders (2017) - 10\n\nThe Narrow Road to the Deep North - Richard Flanagan (2014) - 9.5\n\nGirl, Woman, Other - Bernardine Evaristo (2019) - 9\n\nA Brief History of Seven Killings - Marlon James (2015) - 9\n\nBring Up The Bodies - Hilary Mantel (2012) - 8.5\n\nThe Sense ... "",""title"":""https://www.ontheprize.co.uk/blog/the-booker-prize-in-the-2010s""},{""docid"":""69762"",""score"":34.83521684682843,""snippet"":"" ... Marlon James\n\nMarlon James won the 2015 Man Booker Prize for Fiction for A Brief History of Seven Killings, making him the first Jamaican author to take home the U.K.'s most prestigious literary award. In addition to the Man Booker Prize, A Brief History of Seven ... "",""title"":""https://www.grinnell.edu/campus-life/arts-culture/writersgrinnell/distinguished-authors""},{""docid"":""3002"",""score"":32.561198875285854,""snippet"":"" ... 2015 | Marlon James | A Brief History of Seven Killings | Historical/experimental novel | |\n| 2016 | Paul Beatty | The Sellout | Satire | |\n| 2017 | George Saunders | Lincoln in the Bardo | Historical/experimental novel | |\n| 2018 | Anna Burns | Milkman | Literary fiction | |\n| 2019 | Margaret Atwood | The Testaments | Literary fiction | |\n| 2019 | Bernardine Evaristo The Booker Prizes |url ... "",""title"":""https://en.wikipedia.org/wiki/Booker_Prize""},{""docid"":""94706"",""score"":32.18107368038339,""snippet"":"" ... A Brief History of Seven Killings, winner 2015 by Marlon James Marlon James uses the attempted assassination of Bob Marley as the catalyst for a story spanning several decades, various locations and a huge cast of over seventy-five characters.\n\nDerbyshire-born author Sahota's novel depicts a ... "",""title"":""https://www.panmacmillan.com/blogs/literary/our-all-time-favourite-man-booker-prize-winning-novels""},{""docid"":""21357"",""score"":30.848744445915766,""snippet"":"" ... The book is published by Juliet Mabey's Oneworld Publications, making it one of the two Booker-shortlisted titles last year released by an independent house. AOneworld has won the prize twice before, in consecutive years, with Marlon James' A Brief History of Seven Killings in 2015 and ... "",""title"":""https://publishingperspectives.com/2024/07/the-uks-booker-prize-for-fiction-2024-longlist/""}]"
10,293,2026-09-15T11:50:01.282772+00:00,Marlon James birthplace born city,"[""marlon"",""james"",""birthplace"",""born"",""city""]","""marlon"" OR ""james"" OR ""birthplace"" OR ""born"" OR ""city""",5,560fd760929d50b2c03540c0a358f98fed8efe6b438160a492560ec3fbeedee8,b00ad6a509a10aa1beb993153db57804082175527b0a43fe0475d64c8338ac4b,False,"[""d85"",""d86"",""d87"",""d88"",""d89""]","[""4543"",""84071"",""32924"",""69967"",""89674""]","[{""docid"":""4543"",""score"":21.283986213000023,""snippet"":"" ... Lourdes Maria Ciccone Leon (born 1996)\n\n- With Guy Ritchie: Rocco Ritchie (born 2000)\n\n- Adopted as a single mother: David Banda (adopted 2006), Mercy James (adopted 2009), twins Esther and Stella Mwale (adopted 2017)\n\n- Age: 66\n\n- Birthplace: Michigan, USA, Bay City\n\nOzzy Osbourne has six children with two different ... "",""title"":""https://www.ranker.com/list/rock-stars-with-the-most-kids/celebrity-lists""},{""docid"":""84071"",""score"":17.972700562303157,""snippet"":"" ... 95 years, 6 months, and 9 days\n\nBirthplace: Minneapolis, Minnesota, USA\n\nYears Active: 1945 – Present\n\nNotable Works: Big Trouble in Little China, Blade Runner, Kung Fu Panda\n\nphoto source: Wikimedia Commons\n\nJames Hong is renowned for his extensive contributions to film and television, appearing in over 600 roles ... "",""title"":""https://www.oldest.org/culture/living-actors/""},{""docid"":""32924"",""score"":16.611813468162016,""snippet"":"" ... Born in Great Bend, Kansas, Allyson now lives in New York City, after growing up in Omaha, Nebraska and earning her bachelor's degree in Piano Performance from the University of Nebraska at Omaha. She spent time in both Kansas City and Minneapolis before making the move in ... "",""title"":""https://www.nojc.org/sandbar""},{""docid"":""69967"",""score"":16.465570151350605,""snippet"":"" ... Barry Keoghan\n\nBORN: October 18, 1992\n\nBIRTHPLACE: Dublin, Ireland\n\nCHILD: Brando\n\nASTROLOGICAL SIGN: Libra\n\nEarly Life\n\nBarry Keoghan was born on October 18, 1992, and raised in the Summerhill neighborhood of Dublin. Keoghan had no relationship with his father, whose identity hasn't been made public. His mother ... "",""title"":""https://www.biography.com/actors/a46180093/barry-keoghan""},{""docid"":""89674"",""score"":16.12320896957608,""snippet"":"" ... Michael Joseph Jackson\n\nBORN: August 29, 1958\n\nDIED: June 25, 2009\n\nBIRTHPLACE: Gary, Indiana\n\nSPOUSES: Lisa Marie Presley (1994-1996) and Debbie Rowe (1996-2000)\n\nCHILDREN: Michael \""Prince,\"" Paris, and Prince \""Blanket\""\n\nASTROLOGICAL SIGN: Virgo\n\nEarly Life and Family\n\nMichael Joseph Jackson was born on August 29, 1958 ... "",""title"":""https://www.biography.com/musicians/michael-jackson""}]"
10,301,2026-09-15T11:50:01.979766+00:00,The Fishermen Chigozie Obioma 2015 Booker Prize shortlist,"[""the"",""fishermen"",""chigozie"",""obioma"",""2015"",""booker"",""prize"",""shortlist""]","""the"" OR ""fishermen"" OR ""chigozie"" OR ""obioma"" OR ""2015"" OR ""booker"" OR ""prize"" OR ""shortlist""",5,723de7c7b435f5fc63ca125e3a099c0d1a7207e059e2f68f751b8d7b57e8f614,c210bc73b7e81e4da0c7d8bce6f46a9d3abcfd42222ad24db3de9d5935e42251,False,"[""d21"",""d15"",""d90"",""d37"",""d36""]","[""8674"",""38708"",""12500"",""37690"",""3438""]","[{""docid"":""8674"",""score"":66.08036245218295,""snippet"":"" ... Program Director\n\nChigozie Obioma was born in Akure, Nigeria. His two novels, The Fishermen (2015) and An Orchestra of Minorities (2019) were shortlisted for The Booker Prize and have been translated into 30 languages. He has an LA Times book prize, the prestigious Internationaler Literaturpreis, FT/Oppenheimer prize ... "",""title"":""https://www.oxbelly.com/fiction-writers-program/advisors""},{""docid"":""38708"",""score"":59.09288846630318,""snippet"":"" ... 2015 | Shortlist | Tom McCarthy | Satin Island | Jonathan Cape | * Michael Wood (chair) * John Burnside * Sam Leith * Frances Osborne * Ellah Wakatama Allfrey |\n| 2015 | Shortlist | Chigozie Obioma | The Fishermen | One | * Michael Wood (chair) * John Burnside * Sam Leith * Frances Osborne * Ellah Wakatama Allfrey |\n| 2015 | Shortlist | Sunjeev Sahota | The Year of the Runaways ... "",""title"":""https://en.wikipedia.org/wiki/List_of_winners_and_nominated_authors_of_the_Booker_Prize""},{""docid"":""12500"",""score"":36.2567794589889,""snippet"":"" ... Arrow of God (1964), No Longer At Ease (1960), Things Fall Apart (1958), A Man of the People (1966), Anthills of the Savannah (1987), \n* Chimamanda Ngozi Adichie (Nigeria): Purple Hibiscus (2003), Half of a Yellow Sun (2006), Americanah (2013)\n* Chigozie Obioma (Nigeria): The Fishermen (2015), An Orchestra of ... "",""title"":""https://en.wikipedia.org/wiki/African_literature""},{""docid"":""37690"",""score"":34.27243953759833,""snippet"":"" ... This book brilliantly explores the effects of slavery and colonialism on African families as the story unfolds between West Africa and the United States.\n\n- The Fishermen (2015) by Chigozie Obioma (Nigeria): In this heartbreaking tale, four brothers in a small Nigerian town have their lives turned upside down ... "",""title"":""https://enkoeducation.com/the-must-read-in-african-literature/""},{""docid"":""3438"",""score"":32.176849898601745,""snippet"":"" ... Chigozie Obioma\ndate: 2000-01-01\n---\n-\n\n- MajorsMinorsCertificates\n\n>>\n\n- Policies & ProceduresFYW Guidebook\n\n>>\n\n- Digital Learning LabsPortfoliosEvaluationsMoran ePortfolio AwardsBarnett Essay AwardsDouble Dawgs\n\n>>\n\n- Transfer FAQProspective Student Information\n\n>>\n\n- Study AbroadInternships and Research Opportunities\n\n>>\n\n-\n\n>>\n\n- Double DawgsTransfer Student InformationDual Degree Program: LLED/BAExperiential Learning in EnglishStudy AbroadAwards and Prizes\n\n-\n\n>>\n\n- Double Dawgs\n\n>>\n\n- African American/Multicultural StudiesAmerican Literary ... "",""title"":""https://www.english.uga.edu/directory/people/chigozie-obioma""}]"
11,313,2026-09-15T11:50:11.134741+00:00,A Brief History of Seven Killings Marlon James publication date 2014 Booker Prize 2015,"[""a"",""brief"",""history"",""of"",""seven"",""killings"",""marlon"",""james"",""publication"",""date"",""2014"",""booker"",""prize"",""2015""]","""a"" OR ""brief"" OR ""history"" OR ""of"" OR ""seven"" OR ""killings"" OR ""marlon"" OR ""james"" OR ""publication"" OR ""date"" OR ""2014"" OR ""booker"" OR ""prize"" OR ""2015""",5,5325532025bfd47ecf511ee3540047672332cccc11b47b6e1f3eda44adbe7888,3f0db3d028dc551504e5424bfa4b5b60873ef24f4d90e55087cfd7266c2bb18a,True,"[""d43"",""d82"",""d14"",""d83"",""d84""]","[""55983"",""69762"",""3002"",""94706"",""21357""]","[{""docid"":""55983"",""score"":36.49010229382302,""snippet"":"" ... Lincoln in the Bardo - George Saunders (2017) - 10\n\nThe Narrow Road to the Deep North - Richard Flanagan (2014) - 9.5\n\nGirl, Woman, Other - Bernardine Evaristo (2019) - 9\n\nA Brief History of Seven Killings - Marlon James (2015) - 9\n\nBring Up The Bodies - Hilary Mantel (2012) - 8.5\n\nThe Sense ... "",""title"":""https://www.ontheprize.co.uk/blog/the-booker-prize-in-the-2010s""},{""docid"":""69762"",""score"":34.83521684682843,""snippet"":"" ... Marlon James\n\nMarlon James won the 2015 Man Booker Prize for Fiction for A Brief History of Seven Killings, making him the first Jamaican author to take home the U.K.'s most prestigious literary award. In addition to the Man Booker Prize, A Brief History of Seven ... "",""title"":""https://www.grinnell.edu/campus-life/arts-culture/writersgrinnell/distinguished-authors""},{""docid"":""3002"",""score"":32.561198875285854,""snippet"":"" ... 2015 | Marlon James | A Brief History of Seven Killings | Historical/experimental novel | |\n| 2016 | Paul Beatty | The Sellout | Satire | |\n| 2017 | George Saunders | Lincoln in the Bardo | Historical/experimental novel | |\n| 2018 | Anna Burns | Milkman | Literary fiction | |\n| 2019 | Margaret Atwood | The Testaments | Literary fiction | |\n| 2019 | Bernardine Evaristo The Booker Prizes |url ... "",""title"":""https://en.wikipedia.org/wiki/Booker_Prize""},{""docid"":""94706"",""score"":32.18107368038339,""snippet"":"" ... A Brief History of Seven Killings, winner 2015 by Marlon James Marlon James uses the attempted assassination of Bob Marley as the catalyst for a story spanning several decades, various locations and a huge cast of over seventy-five characters.\n\nDerbyshire-born author Sahota's novel depicts a ... "",""title"":""https://www.panmacmillan.com/blogs/literary/our-all-time-favourite-man-booker-prize-winning-novels""},{""docid"":""21357"",""score"":30.848744445915766,""snippet"":"" ... The book is published by Juliet Mabey's Oneworld Publications, making it one of the two Booker-shortlisted titles last year released by an independent house. AOneworld has won the prize twice before, in consecutive years, with Marlon James' A Brief History of Seven Killings in 2015 and ... "",""title"":""https://publishingperspectives.com/2024/07/the-uks-booker-prize-for-fiction-2024-longlist/""}]"
11,314,2026-09-15T11:50:11.160735+00:00,Marlon James birthplace born city,"[""marlon"",""james"",""birthplace"",""born"",""city""]","""marlon"" OR ""james"" OR ""birthplace"" OR ""born"" OR ""city""",5,560fd760929d50b2c03540c0a358f98fed8efe6b438160a492560ec3fbeedee8,b00ad6a509a10aa1beb993153db57804082175527b0a43fe0475d64c8338ac4b,True,"[""d85"",""d86"",""d87"",""d88"",""d89""]","[""4543"",""84071"",""32924"",""69967"",""89674""]","[{""docid"":""4543"",""score"":21.283986213000023,""snippet"":"" ... Lourdes Maria Ciccone Leon (born 1996)\n\n- With Guy Ritchie: Rocco Ritchie (born 2000)\n\n- Adopted as a single mother: David Banda (adopted 2006), Mercy James (adopted 2009), twins Esther and Stella Mwale (adopted 2017)\n\n- Age: 66\n\n- Birthplace: Michigan, USA, Bay City\n\nOzzy Osbourne has six children with two different ... "",""title"":""https://www.ranker.com/list/rock-stars-with-the-most-kids/celebrity-lists""},{""docid"":""84071"",""score"":17.972700562303157,""snippet"":"" ... 95 years, 6 months, and 9 days\n\nBirthplace: Minneapolis, Minnesota, USA\n\nYears Active: 1945 – Present\n\nNotable Works: Big Trouble in Little China, Blade Runner, Kung Fu Panda\n\nphoto source: Wikimedia Commons\n\nJames Hong is renowned for his extensive contributions to film and television, appearing in over 600 roles ... "",""title"":""https://www.oldest.org/culture/living-actors/""},{""docid"":""32924"",""score"":16.611813468162016,""snippet"":"" ... Born in Great Bend, Kansas, Allyson now lives in New York City, after growing up in Omaha, Nebraska and earning her bachelor's degree in Piano Performance from the University of Nebraska at Omaha. She spent time in both Kansas City and Minneapolis before making the move in ... "",""title"":""https://www.nojc.org/sandbar""},{""docid"":""69967"",""score"":16.465570151350605,""snippet"":"" ... Barry Keoghan\n\nBORN: October 18, 1992\n\nBIRTHPLACE: Dublin, Ireland\n\nCHILD: Brando\n\nASTROLOGICAL SIGN: Libra\n\nEarly Life\n\nBarry Keoghan was born on October 18, 1992, and raised in the Summerhill neighborhood of Dublin. Keoghan had no relationship with his father, whose identity hasn't been made public. His mother ... "",""title"":""https://www.biography.com/actors/a46180093/barry-keoghan""},{""docid"":""89674"",""score"":16.12320896957608,""snippet"":"" ... Michael Joseph Jackson\n\nBORN: August 29, 1958\n\nDIED: June 25, 2009\n\nBIRTHPLACE: Gary, Indiana\n\nSPOUSES: Lisa Marie Presley (1994-1996) and Debbie Rowe (1996-2000)\n\nCHILDREN: Michael \""Prince,\"" Paris, and Prince \""Blanket\""\n\nASTROLOGICAL SIGN: Virgo\n\nEarly Life and Family\n\nMichael Joseph Jackson was born on August 29, 1958 ... "",""title"":""https://www.biography.com/musicians/michael-jackson""}]"
11,315,2026-09-15T11:50:11.189692+00:00,The Fishermen Chigozie Obioma 2015 Booker Prize shortlist,"[""the"",""fishermen"",""chigozie"",""obioma"",""2015"",""booker"",""prize"",""shortlist""]","""the"" OR ""fishermen"" OR ""chigozie"" OR ""obioma"" OR ""2015"" OR ""booker"" OR ""prize"" OR ""shortlist""",5,723de7c7b435f5fc63ca125e3a099c0d1a7207e059e2f68f751b8d7b57e8f614,c210bc73b7e81e4da0c7d8bce6f46a9d3abcfd42222ad24db3de9d5935e42251,True,"[""d21"",""d15"",""d90"",""d37"",""d36""]","[""8674"",""38708"",""12500"",""37690"",""3438""]","[{""docid"":""8674"",""score"":66.08036245218295,""snippet"":"" ... Program Director\n\nChigozie Obioma was born in Akure, Nigeria. His two novels, The Fishermen (2015) and An Orchestra of Minorities (2019) were shortlisted for The Booker Prize and have been translated into 30 languages. He has an LA Times book prize, the prestigious Internationaler Literaturpreis, FT/Oppenheimer prize ... "",""title"":""https://www.oxbelly.com/fiction-writers-program/advisors""},{""docid"":""38708"",""score"":59.09288846630318,""snippet"":"" ... 2015 | Shortlist | Tom McCarthy | Satin Island | Jonathan Cape | * Michael Wood (chair) * John Burnside * Sam Leith * Frances Osborne * Ellah Wakatama Allfrey |\n| 2015 | Shortlist | Chigozie Obioma | The Fishermen | One | * Michael Wood (chair) * John Burnside * Sam Leith * Frances Osborne * Ellah Wakatama Allfrey |\n| 2015 | Shortlist | Sunjeev Sahota | The Year of the Runaways ... "",""title"":""https://en.wikipedia.org/wiki/List_of_winners_and_nominated_authors_of_the_Booker_Prize""},{""docid"":""12500"",""score"":36.2567794589889,""snippet"":"" ... Arrow of God (1964), No Longer At Ease (1960), Things Fall Apart (1958), A Man of the People (1966), Anthills of the Savannah (1987), \n* Chimamanda Ngozi Adichie (Nigeria): Purple Hibiscus (2003), Half of a Yellow Sun (2006), Americanah (2013)\n* Chigozie Obioma (Nigeria): The Fishermen (2015), An Orchestra of ... "",""title"":""https://en.wikipedia.org/wiki/African_literature""},{""docid"":""37690"",""score"":34.27243953759833,""snippet"":"" ... This book brilliantly explores the effects of slavery and colonialism on African families as the story unfolds between West Africa and the United States.\n\n- The Fishermen (2015) by Chigozie Obioma (Nigeria): In this heartbreaking tale, four brothers in a small Nigerian town have their lives turned upside down ... "",""title"":""https://enkoeducation.com/the-must-read-in-african-literature/""},{""docid"":""3438"",""score"":32.176849898601745,""snippet"":"" ... Chigozie Obioma\ndate: 2000-01-01\n---\n-\n\n- MajorsMinorsCertificates\n\n>>\n\n- Policies & ProceduresFYW Guidebook\n\n>>\n\n- Digital Learning LabsPortfoliosEvaluationsMoran ePortfolio AwardsBarnett Essay AwardsDouble Dawgs\n\n>>\n\n- Transfer FAQProspective Student Information\n\n>>\n\n- Study AbroadInternships and Research Opportunities\n\n>>\n\n-\n\n>>\n\n- Double DawgsTransfer Student InformationDual Degree Program: LLED/BAExperiential Learning in EnglishStudy AbroadAwards and Prizes\n\n-\n\n>>\n\n- Double Dawgs\n\n>>\n\n- African American/Multicultural StudiesAmerican Literary ... "",""title"":""https://www.english.uga.edu/directory/people/chigozie-obioma""}]"
12,323,2026-09-15T11:50:17.671479+00:00,A Brief History of Seven Killings Marlon James publication date 2014 Booker Prize 2015,"[""a"",""brief"",""history"",""of"",""seven"",""killings"",""marlon"",""james"",""publication"",""date"",""2014"",""booker"",""prize"",""2015""]","""a"" OR ""brief"" OR ""history"" OR ""of"" OR ""seven"" OR ""killings"" OR ""marlon"" OR ""james"" OR ""publication"" OR ""date"" OR ""2014"" OR ""booker"" OR ""prize"" OR ""2015""",5,5325532025bfd47ecf511ee3540047672332cccc11b47b6e1f3eda44adbe7888,3f0db3d028dc551504e5424bfa4b5b60873ef24f4d90e55087cfd7266c2bb18a,True,"[""d43"",""d82"",""d14"",""d83"",""d84""]","[""55983"",""69762"",""3002"",""94706"",""21357""]","[{""docid"":""55983"",""score"":36.49010229382302,""snippet"":"" ... Lincoln in the Bardo - George Saunders (2017) - 10\n\nThe Narrow Road to the Deep North - Richard Flanagan (2014) - 9.5\n\nGirl, Woman, Other - Bernardine Evaristo (2019) - 9\n\nA Brief History of Seven Killings - Marlon James (2015) - 9\n\nBring Up The Bodies - Hilary Mantel (2012) - 8.5\n\nThe Sense ... "",""title"":""https://www.ontheprize.co.uk/blog/the-booker-prize-in-the-2010s""},{""docid"":""69762"",""score"":34.83521684682843,""snippet"":"" ... Marlon James\n\nMarlon James won the 2015 Man Booker Prize for Fiction for A Brief History of Seven Killings, making him the first Jamaican author to take home the U.K.'s most prestigious literary award. In addition to the Man Booker Prize, A Brief History of Seven ... "",""title"":""https://www.grinnell.edu/campus-life/arts-culture/writersgrinnell/distinguished-authors""},{""docid"":""3002"",""score"":32.561198875285854,""snippet"":"" ... 2015 | Marlon James | A Brief History of Seven Killings | Historical/experimental novel | |\n| 2016 | Paul Beatty | The Sellout | Satire | |\n| 2017 | George Saunders | Lincoln in the Bardo | Historical/experimental novel | |\n| 2018 | Anna Burns | Milkman | Literary fiction | |\n| 2019 | Margaret Atwood | The Testaments | Literary fiction | |\n| 2019 | Bernardine Evaristo The Booker Prizes |url ... "",""title"":""https://en.wikipedia.org/wiki/Booker_Prize""},{""docid"":""94706"",""score"":32.18107368038339,""snippet"":"" ... A Brief History of Seven Killings, winner 2015 by Marlon James Marlon James uses the attempted assassination of Bob Marley as the catalyst for a story spanning several decades, various locations and a huge cast of over seventy-five characters.\n\nDerbyshire-born author Sahota's novel depicts a ... "",""title"":""https://www.panmacmillan.com/blogs/literary/our-all-time-favourite-man-booker-prize-winning-novels""},{""docid"":""21357"",""score"":30.848744445915766,""snippet"":"" ... The book is published by Juliet Mabey's Oneworld Publications, making it one of the two Booker-shortlisted titles last year released by an independent house. AOneworld has won the prize twice before, in consecutive years, with Marlon James' A Brief History of Seven Killings in 2015 and ... "",""title"":""https://publishingperspectives.com/2024/07/the-uks-booker-prize-for-fiction-2024-longlist/""}]"
12,324,2026-09-15T11:50:17.695778+00:00,Marlon James birthplace born city,"[""marlon"",""james"",""birthplace"",""born"",""city""]","""marlon"" OR ""james"" OR ""birthplace"" OR ""born"" OR ""city""",5,560fd760929d50b2c03540c0a358f98fed8efe6b438160a492560ec3fbeedee8,b00ad6a509a10aa1beb993153db57804082175527b0a43fe0475d64c8338ac4b,True,"[""d85"",""d86"",""d87"",""d88"",""d89""]","[""4543"",""84071"",""32924"",""69967"",""89674""]","[{""docid"":""4543"",""score"":21.283986213000023,""snippet"":"" ... Lourdes Maria Ciccone Leon (born 1996)\n\n- With Guy Ritchie: Rocco Ritchie (born 2000)\n\n- Adopted as a single mother: David Banda (adopted 2006), Mercy James (adopted 2009), twins Esther and Stella Mwale (adopted 2017)\n\n- Age: 66\n\n- Birthplace: Michigan, USA, Bay City\n\nOzzy Osbourne has six children with two different ... "",""title"":""https://www.ranker.com/list/rock-stars-with-the-most-kids/celebrity-lists""},{""docid"":""84071"",""score"":17.972700562303157,""snippet"":"" ... 95 years, 6 months, and 9 days\n\nBirthplace: Minneapolis, Minnesota, USA\n\nYears Active: 1945 – Present\n\nNotable Works: Big Trouble in Little China, Blade Runner, Kung Fu Panda\n\nphoto source: Wikimedia Commons\n\nJames Hong is renowned for his extensive contributions to film and television, appearing in over 600 roles ... "",""title"":""https://www.oldest.org/culture/living-actors/""},{""docid"":""32924"",""score"":16.611813468162016,""snippet"":"" ... Born in Great Bend, Kansas, Allyson now lives in New York City, after growing up in Omaha, Nebraska and earning her bachelor's degree in Piano Performance from the University of Nebraska at Omaha. She spent time in both Kansas City and Minneapolis before making the move in ... "",""title"":""https://www.nojc.org/sandbar""},{""docid"":""69967"",""score"":16.465570151350605,""snippet"":"" ... Barry Keoghan\n\nBORN: October 18, 1992\n\nBIRTHPLACE: Dublin, Ireland\n\nCHILD: Brando\n\nASTROLOGICAL SIGN: Libra\n\nEarly Life\n\nBarry Keoghan was born on October 18, 1992, and raised in the Summerhill neighborhood of Dublin. Keoghan had no relationship with his father, whose identity hasn't been made public. His mother ... "",""title"":""https://www.biography.com/actors/a46180093/barry-keoghan""},{""docid"":""89674"",""score"":16.12320896957608,""snippet"":"" ... Michael Joseph Jackson\n\nBORN: August 29, 1958\n\nDIED: June 25, 2009\n\nBIRTHPLACE: Gary, Indiana\n\nSPOUSES: Lisa Marie Presley (1994-1996) and Debbie Rowe (1996-2000)\n\nCHILDREN: Michael \""Prince,\"" Paris, and Prince \""Blanket\""\n\nASTROLOGICAL SIGN: Virgo\n\nEarly Life and Family\n\nMichael Joseph Jackson was born on August 29, 1958 ... "",""title"":""https://www.biography.com/musicians/michael-jackson""}]"
12,325,2026-09-15T11:50:17.721021+00:00,The Fishermen Chigozie Obioma 2015 Booker Prize shortlist,"[""the"",""fishermen"",""chigozie"",""obioma"",""2015"",""booker"",""prize"",""shortlist""]","""the"" OR ""fishermen"" OR ""chigozie"" OR ""obioma"" OR ""2015"" OR ""booker"" OR ""prize"" OR ""shortlist""",5,723de7c7b435f5fc63ca125e3a099c0d1a7207e059e2f68f751b8d7b57e8f614,c210bc73b7e81e4da0c7d8bce6f46a9d3abcfd42222ad24db3de9d5935e42251,True,"[""d21"",""d15"",""d90"",""d37"",""d36""]","[""8674"",""38708"",""12500"",""37690"",""3438""]","[{""docid"":""8674"",""score"":66.08036245218295,""snippet"":"" ... Program Director\n\nChigozie Obioma was born in Akure, Nigeria. His two novels, The Fishermen (2015) and An Orchestra of Minorities (2019) were shortlisted for The Booker Prize and have been translated into 30 languages. He has an LA Times book prize, the prestigious Internationaler Literaturpreis, FT/Oppenheimer prize ... "",""title"":""https://www.oxbelly.com/fiction-writers-program/advisors""},{""docid"":""38708"",""score"":59.09288846630318,""snippet"":"" ... 2015 | Shortlist | Tom McCarthy | Satin Island | Jonathan Cape | * Michael Wood (chair) * John Burnside * Sam Leith * Frances Osborne * Ellah Wakatama Allfrey |\n| 2015 | Shortlist | Chigozie Obioma | The Fishermen | One | * Michael Wood (chair) * John Burnside * Sam Leith * Frances Osborne * Ellah Wakatama Allfrey |\n| 2015 | Shortlist | Sunjeev Sahota | The Year of the Runaways ... "",""title"":""https://en.wikipedia.org/wiki/List_of_winners_and_nominated_authors_of_the_Booker_Prize""},{""docid"":""12500"",""score"":36.2567794589889,""snippet"":"" ... Arrow of God (1964), No Longer At Ease (1960), Things Fall Apart (1958), A Man of the People (1966), Anthills of the Savannah (1987), \n* Chimamanda Ngozi Adichie (Nigeria): Purple Hibiscus (2003), Half of a Yellow Sun (2006), Americanah (2013)\n* Chigozie Obioma (Nigeria): The Fishermen (2015), An Orchestra of ... "",""title"":""https://en.wikipedia.org/wiki/African_literature""},{""docid"":""37690"",""score"":34.27243953759833,""snippet"":"" ... This book brilliantly explores the effects of slavery and colonialism on African families as the story unfolds between West Africa and the United States.\n\n- The Fishermen (2015) by Chigozie Obioma (Nigeria): In this heartbreaking tale, four brothers in a small Nigerian town have their lives turned upside down ... "",""title"":""https://enkoeducation.com/the-must-read-in-african-literature/""},{""docid"":""3438"",""score"":32.176849898601745,""snippet"":"" ... Chigozie Obioma\ndate: 2000-01-01\n---\n-\n\n- MajorsMinorsCertificates\n\n>>\n\n- Policies & ProceduresFYW Guidebook\n\n>>\n\n- Digital Learning LabsPortfoliosEvaluationsMoran ePortfolio AwardsBarnett Essay AwardsDouble Dawgs\n\n>>\n\n- Transfer FAQProspective Student Information\n\n>>\n\n- Study AbroadInternships and Research Opportunities\n\n>>\n\n-\n\n>>\n\n- Double DawgsTransfer Student InformationDual Degree Program: LLED/BAExperiential Learning in EnglishStudy AbroadAwards and Prizes\n\n-\n\n>>\n\n- Double Dawgs\n\n>>\n\n- African American/Multicultural StudiesAmerican Literary ... "",""title"":""https://www.english.uga.edu/directory/people/chigozie-obioma""}]"
13,338,2026-09-15T11:50:22.101889+00:00,Marlon James born Kingston Jamaica author biography,"[""marlon"",""james"",""born"",""kingston"",""jamaica"",""author"",""biography""]","""marlon"" OR ""james"" OR ""born"" OR ""kingston"" OR ""jamaica"" OR ""author"" OR ""biography""",5,cbd7f3ecfe25d64b0cc5d88a32f5a2dc4b88647fa84c0461aa259ba13f0deea6,1f6310981e1ae004ca0df66ac969cff2b8039e8404c2a976ab0629800dbb5675,False,"[""d91"",""d92"",""d93"",""d94"",""d95""]","[""22978"",""3259"",""50603"",""70877"",""45037""]","[{""docid"":""22978"",""score"":25.224852050461433,""snippet"":"" ... James in the 82nd minute to replace Je-Vaughn Watson. The former Kingston College schoolboy and Harbour View's under-21 player, entered the game and within minutes hit a sensational volleyed home from a right-sided cross from Ryan Johnson from inside the area to earn Jamaica ... "",""title"":""https://thereggaeboyz.com/news.htm""},{""docid"":""3259"",""score"":24.355163875325644,""snippet"":"" ... In The Book of Night Women, author Marlon James indicates that the ratio of slave owners to enslaved Africans is 1:33. James also depicts atrocities that slave owners subjected slaves to along with violent resistance from the slaves as well as numerous slaves who died in pursuit ... "",""title"":""https://en.wikipedia.org/wiki/History_of_Jamaica""},{""docid"":""50603"",""score"":24.01726995216898,""snippet"":"" ... Born in Kingston, Jamaica, W.I., one of 5 children of Simon and Najla Brimo. Juliette married beloved husband James H. Bryant in 1956 and immigrated to the U.S. and Ft. Lauderdale. She is survived by her two sons, James N. of Orlando and Michael F. of ... "",""title"":""http://www.jamaicanfamilysearch.com/Samples/elsewher.htm""},{""docid"":""70877"",""score"":23.40601493810486,""snippet"":"" ... Contributor\n\nMarlon James was born in Kingston, Jamaica. His work has been exhibited at the National Gallery of Jamaica, the IDB Cultural Center (DC), Art Museum of Americas (DC), Bargehouse (London), and Aliceyard (Trinidad)."",""title"":""https://strangersguide.com/articles/king-yellowman/""},{""docid"":""45037"",""score"":22.86511847187271,""snippet"":"" ... Spice (musician) - Wikipedia\nauthor: Authority control databases International ISNI VIAF WorldCat National United States Artists MusicBrainz Grammy Awards\ndate: 2016-03-17\n---\nname: Spice\nbirth_name: Grace Latoya Hamilton\nbirth_date: 6 August 1982\nbirth_place: Portmore, Jamaica\neducation: Edna Manley College of the Visual and Performing Arts ... "",""title"":""https://en.wikipedia.org/wiki/Spice_(musician)""}]"
13,346,2026-09-15T11:50:22.870508+00:00,A Brief History of Seven Killings published 2014 Marlon James,"[""a"",""brief"",""history"",""of"",""seven"",""killings"",""published"",""2014"",""marlon"",""james""]","""a"" OR ""brief"" OR ""history"" OR ""of"" OR ""seven"" OR ""killings"" OR ""published"" OR ""2014"" OR ""marlon"" OR ""james""",5,005f038436abd0a93b50a0cd50febbfb2bf538bf81a69214adcdf835a0f8f6b8,bfa4bfcaa8b136a7762971d6fe2477ba29f087466dbf269e2d0940b153b808cf,False,"[""d43"",""d82"",""d96"",""d97"",""d98""]","[""55983"",""69762"",""96329"",""12906"",""48759""]","[{""docid"":""55983"",""score"":22.711536086630545,""snippet"":"" ... Lincoln in the Bardo - George Saunders (2017) - 10\n\nThe Narrow Road to the Deep North - Richard Flanagan (2014) - 9.5\n\nGirl, Woman, Other - Bernardine Evaristo (2019) - 9\n\nA Brief History of Seven Killings - Marlon James (2015) - 9\n\nBring Up The Bodies - Hilary Mantel (2012) - 8.5\n\nThe Sense ... "",""title"":""https://www.ontheprize.co.uk/blog/the-booker-prize-in-the-2010s""},{""docid"":""69762"",""score"":22.354521823841512,""snippet"":"" ... Marlon James\n\nMarlon James won the 2015 Man Booker Prize for Fiction for A Brief History of Seven Killings, making him the first Jamaican author to take home the U.K.'s most prestigious literary award. In addition to the Man Booker Prize, A Brief History of Seven ... "",""title"":""https://www.grinnell.edu/campus-life/arts-culture/writersgrinnell/distinguished-authors""},{""docid"":""96329"",""score"":21.70348249125034,""snippet"":"" ... Ruby by Cynthia Bond\n\n• Team Seven by Marcus Burke\n\n• Every Day Is for the Thief by Teju Cole\n\n• An Untamed State by Roxane Gay\n\n• Remedy For a Broken Angel by Toni Ann Johnson\n\n• A Brief History of Seven Killings by Marlon James\n\n• All Our Names by Dinaw Mengestu ... "",""title"":""https://www.culturalfront.org/2019/12/novels-by-black-writers-2000-2019.html""},{""docid"":""12906"",""score"":19.780023653243823,""snippet"":"" ... Ward\n\n2011\n\nThe Round House\n\nLouise Erdrich\n\n2012\n\nAmericanah\n\nChimamanda Ngozi Adichie\n\n2013\n\nNevada\n\nImogen Binnie\n\n2013\n\nA Brief History of Seven Killings\n\nMarlon James\n\n2014\n\nFamily Life\n\nAkhil Sharma\n\n2014\n\nFates and Furies\n\nLauren Groff\n\n2015\n\nThe Fifth Season\n\nN. K. Jemisin\n\n2015\n\nThe Sellout\n\nPaul Beatty ... "",""title"":""https://www.theatlantic.com/books/archive/2024/03/best-books-american-fiction/677479/""},{""docid"":""48759"",""score"":19.249191617664103,""snippet"":"" ... 78 times\n\nMarlon James, winner of this year's Man Booker Prize for A Brief History of Seven Killings, told the BBC he almost gave up writing after his first novel was rejected nearly 80 times. \""I did give it up. I actually destroyed the manuscript, I even ... "",""title"":""https://earlybirdbooks.com/15-famous-books-that-were-initially-rejected""}]"
