round,seq,utc,query,terms,expression,top_k,equivalence_key,cache_key,cached,returned_dN,returned_docids,result_docs
1,6,2026-09-15T13:18:35.552049+00:00,soap opera character married multiple times only one child survives,"[""soap"",""opera"",""character"",""married"",""multiple"",""times"",""only"",""one"",""child"",""survives""]","""soap"" OR ""opera"" OR ""character"" OR ""married"" OR ""multiple"" OR ""times"" OR ""only"" OR ""one"" OR ""child"" OR ""survives""",5,8de7c88ff50619ed18a09ea36495caa9b4e748b16270760e2964d5f72abf6dfb,5eceb726b83b991cb06341dfb087d55d6c5f9f37607dc64948e691120c95883c,False,"[""d1"",""d2"",""d3"",""d4"",""d5""]","[""60248"",""24471"",""58666"",""49471"",""61137""]","[{""docid"":""60248"",""score"":25.57957718140569,""snippet"":"" ... have put more effort into saving Josh.Soap Opera Digest. January 27, 2009.\n\nErica's youngest child, Bianca Montgomery, enters the series in 1988. At that time, Bianca is Erica's first and only child since the Kendall and Josh characters were not created yet. In the storyline ... "",""title"":""https://en.wikipedia.org/wiki/Erica_Kane""},{""docid"":""24471"",""score"":23.56999916670561,""snippet"":"" ... characters on daytime television, and Fulton became the first soap opera actress to hire a publicist. Fulton left the series for brief periods of time over the years, but was a huge part of the show for its entire 50-year run. Although she only received one Emmy ... "",""title"":""https://www.goldderby.com/gallery/best-daytime-actresses-ever-ranked/""},{""docid"":""58666"",""score"":23.156727396083816,""snippet"":"" ... Gibbs actually announced the casting herself during an interview with the New York Daily News as she was inducted into the Hollywood Walk of Fame on July 20, 2021. Soap Opera Digest officially confirmed the casting and character on July 22. \""Get excited...,\"" Carlivati said on social media ... "",""title"":""https://en.wikipedia.org/wiki/List_of_Days_of_Our_Lives_characters_introduced_in_the_2020s""},{""docid"":""49471"",""score"":23.062310788434132,""snippet"":"" ... ran for only 13 weeks.\n\nBy 1975, NBC became a serious player in that time slot for the first time in over five years when it expanded its strong soap opera Another World to an hour, with its second half occupying the 3:30 timeslot. One Life to ... "",""title"":""https://en.wikipedia.org/wiki/One_Life_to_Live""},{""docid"":""61137"",""score"":23.030578254590434,""snippet"":"" ... Of course, unchanging characters is something only animated shows can accomplish over decades. Reality TV series, on the other hand, can stay fresh because they bring in a new cast every season. But reality star Jamie Otis, who starred in the very first season of Married At First ... "",""title"":""https://www.bbc.com/culture/article/20240318-longest-running-tv-shows-programmes-series-ever""}]"
1,14,2026-09-15T13:18:37.248481+00:00,actor real life relative plays together soap opera unrelated series,"[""actor"",""real"",""life"",""relative"",""plays"",""together"",""soap"",""opera"",""unrelated"",""series""]","""actor"" OR ""real"" OR ""life"" OR ""relative"" OR ""plays"" OR ""together"" OR ""soap"" OR ""opera"" OR ""unrelated"" OR ""series""",5,42452c8b2f617bfb86fe042dd4d6e37de29ad4f85297b3fcfcb91630e95c3df0,2fb81d7bc8fcaae1c19621ba4c8be16bf326d6d552cb5ab8d22584edffb65575,False,"[""d6"",""d7"",""d8"",""d9"",""d10""]","[""32179"",""36741"",""16167"",""88468"",""51230""]","[{""docid"":""32179"",""score"":22.368021394241293,""snippet"":"" ... guys with contrasting personalities trying to live together? (Hint: It was adapted from the play of the same name from 1965, which also got a film in 1968 starring Jack Lemmon and Walter Matthau)\n\nAnswer: The Odd Couple - A real-life dog, who appeared in numerous films in ... "",""title"":""https://www.watercoolertrivia.com/trivia-questions/classic-tv-trivia-questions""},{""docid"":""36741"",""score"":22.15461282059112,""snippet"":"" ... This allows both characters to appear together in a single shot, and with both of them facing the audience. This is unrealistic in real life and is not frequently seen in film or on television outside American daytime serials, but it is an accepted soap opera convention, sometimes ... "",""title"":""https://en.wikipedia.org/wiki/Soap_opera""},{""docid"":""16167"",""score"":22.13756359687727,""snippet"":"" ... The characters and plots shifted, but Lassie was always there.\n\n\""The Doctors\"" (19 years)\n\nThe medical soap opera started out as an anthology series. The show premiered in 1963 and ran until 1982.\n\n\""Death Valley Days\"" (18 years)\n\nBefore he was president, Ronald Reagan was an actor and ... "",""title"":""https://www.businessinsider.com/longest-running-tv-shows-all-time-2018-1""},{""docid"":""88468"",""score"":21.4251153836108,""snippet"":"" ... The adaptation changes a character's ethnicity.\n\n- Real-Life Relative: Related characters are played by actors who actually are related in real life.\n\n- Real Life Writes the Hairstyle: A character's hairstyle is affected by real-life circumstances.\n\n- Real-Person Cameo: A work with a character based on ... "",""title"":""https://tvtropes.org/pmwiki/pmwiki.php/Main/CharactersAndCasting""},{""docid"":""51230"",""score"":21.246680040051935,""snippet"":"" ... UK actor to play the Master in the 1996 Doctor Who television film, as well as recurring roles on the NBC drama Heroes (2007–2010), the CBS soap opera The Young and the Restless (2010–2011), the legal drama Suits (2014–2019), and the HBO series The Righteous ... "",""title"":""https://en.wikipedia.org/wiki/Eric_Roberts""}]"
1,22,2026-09-15T13:18:38.199643+00:00,character married three four times soap opera child dies,"[""character"",""married"",""three"",""four"",""times"",""soap"",""opera"",""child"",""dies""]","""character"" OR ""married"" OR ""three"" OR ""four"" OR ""times"" OR ""soap"" OR ""opera"" OR ""child"" OR ""dies""",5,a197e1f205c2fa899807e965e254ba4f47d4f1c74361267b3fbbcc49f73493d1,d0b6801b362d4892c6aa395e60aec514f1b8c102987ba4276edf6b98d4af6411,False,"[""d1"",""d11"",""d4"",""d12"",""d13""]","[""60248"",""21301"",""49471"",""49256"",""89473""]","[{""docid"":""60248"",""score"":23.522217239140378,""snippet"":"" ... have put more effort into saving Josh.Soap Opera Digest. January 27, 2009.\n\nErica's youngest child, Bianca Montgomery, enters the series in 1988. At that time, Bianca is Erica's first and only child since the Kendall and Josh characters were not created yet. In the storyline ... "",""title"":""https://en.wikipedia.org/wiki/Erica_Kane""},{""docid"":""21301"",""score"":22.46667671239479,""snippet"":"" ... soap — which has been airing since 1973 — multiple times since: once in 2014 for a guest appearance; again in 2019 to honor cast member Kristoff St. John (who died that same year); and in 2023 to attend a fictional gala in honor of St. John's character, Neil ... "",""title"":""https://ew.com/gallery/celebrities-soap-operas/?srsltid=AfmBOooScLBqg_4Io3CmVSXCv3yQ8T4GbnGXu-AtQy6qdzf755uOdvm9""},{""docid"":""49471"",""score"":22.35342721412055,""snippet"":"" ... Gretel on the three other ABC daytime dramas at the time—All My Children, General Hospital, and Port Charles—in an extended crossover storyline which was the first time a daytime character had ever appeared on four series. Gretel's search for the child she had given up ... "",""title"":""https://en.wikipedia.org/wiki/One_Life_to_Live""},{""docid"":""49256"",""score"":22.30916643526889,""snippet"":"" ... Ramoray Dies,\"" in which his character was killed off by falling down an elevator shaft in retaliation for claiming during a Soap Opera Digest interview that he wrote most of his lines, angering the soap's writers. Later, in the Season 7 episode \""The One With Joey's ... "",""title"":""https://en.wikipedia.org/wiki/Days_of_Our_Lives""},{""docid"":""89473"",""score"":22.276054632970126,""snippet"":"" ... debuted on Days of Our Lives as Doug Williams in 1970; four years later, he married Susan, his costar. In 1976, the Williams' were the first daytime soap stars to cover TIME magazine, per Soap Opera Digest. In 2005, he and Susan co-wrote the memoir Like Sands ... "",""title"":""https://people.com/tv/soap-stars-who-have-played-roles-for-40-years/""}]"
2,36,2026-09-15T13:18:43.024551+00:00,actor plays alongside real life sister brother soap opera unrelated characters,"[""actor"",""plays"",""alongside"",""real"",""life"",""sister"",""brother"",""soap"",""opera"",""unrelated"",""characters""]","""actor"" OR ""plays"" OR ""alongside"" OR ""real"" OR ""life"" OR ""sister"" OR ""brother"" OR ""soap"" OR ""opera"" OR ""unrelated"" OR ""characters""",5,bf666680c2a7d80ceffa252283f0ad13e75c4f59e58faa5016ceb9fdc076d61e,0c31446810fd58950de26a1cc49f8d465624e0054ccfa89e7375a445530e537c,False,"[""d14"",""d15"",""d16"",""d17"",""d18""]","[""85469"",""62987"",""26352"",""31363"",""17469""]","[{""docid"":""85469"",""score"":29.137566742980592,""snippet"":"" ... Artist alongside his two brothers.\n\n3 Elle Plays Younger Versions Of Dakota In Films\n\nDakota Fanning rose to fame for her performance at merely seven years old in the 2001 film I Am Sam. She became the youngest nominee ever to be nominated for a Screen Actors Guild ... "",""title"":""https://www.cbr.com/famous-actors-with-famous-siblings/""},{""docid"":""62987"",""score"":28.15006860203275,""snippet"":"" ... actor\n\nAlan Ackles, who happened to play his\n\ncharacter's father, Paul Kilton. The movie, however, received mixed\n\nreviews from the public.\n\nThat same year, Jensen joined the cast of the CW series,\n\nSupernatural (2005), where he\n\nplays the role of Dean Winchester. Dean and his brother Sam ... "",""title"":""https://www.imdb.com/list/ls075115011/""},{""docid"":""26352"",""score"":28.14479527827271,""snippet"":"" ... actor\n\nAlan Ackles, who happened to play his\n\ncharacter's father, Paul Kilton. The movie, however, received mixed\n\nreviews from the public.\n\nThat same year, Jensen joined the cast of the CW series,\n\nSupernatural (2005), where he\n\nplays the role of Dean Winchester. Dean and his brother Sam ... "",""title"":""https://www.imdb.com/list/ls000363298/""},{""docid"":""31363"",""score"":28.140826107660835,""snippet"":"" ... As a high school junior, she performed the lead in the play Lady Precious Stream. As a senior, she played the title character in the comedy My Sister Eileen, earning mentions in the local newspapers. In 1964, Sarandon was inducted into the National Honor Society.\n\nIn May 1964 ... "",""title"":""https://en.wikipedia.org/wiki/Susan_Sarandon""},{""docid"":""17469"",""score"":28.109874446023156,""snippet"":"" ... actor\n\nAlan Ackles, who happened to play his\n\ncharacter's father, Paul Kilton. The movie, however, received mixed\n\nreviews from the public.\n\nThat same year, Jensen joined the cast of the CW series,\n\nSupernatural (2005), where he\n\nplays the role of Dean Winchester. Dean and his brother Sam ... "",""title"":""https://www.imdb.com/list/ls024783564/""}]"
2,44,2026-09-15T13:18:43.789670+00:00,real life siblings actors same soap opera different characters,"[""real"",""life"",""siblings"",""actors"",""same"",""soap"",""opera"",""different"",""characters""]","""real"" OR ""life"" OR ""siblings"" OR ""actors"" OR ""same"" OR ""soap"" OR ""opera"" OR ""different"" OR ""characters""",5,f5731defe9d54ddc5d2c0bf5500ae494667525282a1926ebee87f498659f951d,ea8adf182eb4c88fa77cb7a9fe66a57e81ce771713131f5a65899d2122badf6a,False,"[""d14"",""d19"",""d7"",""d20"",""d10""]","[""85469"",""98186"",""36741"",""50514"",""51230""]","[{""docid"":""85469"",""score"":23.987258641168413,""snippet"":"" ... in the Australian soap opera Neighbours, before he stars on Westworld as Ashley Stubbs. Liam also stars on Neighbours before he rises to fame for his role as Gale Hawthorne in the Hunger Games film series.\n\n8 Maggie And Jake Gyllenhaal Play On-Screen Siblings In Donnie Darko ... "",""title"":""https://www.cbr.com/famous-actors-with-famous-siblings/""},{""docid"":""98186"",""score"":23.63500215411745,""snippet"":"" ... as a little-known actor on \""General Hospital.\"" He played Kent Murray, Jessie Brewer's teenage nephew, on the ABC soap in 1972.\n\nAlec Baldwin starred on CBS's nighttime soap opera \""Knots Landing.\"" He played Joshua Rush from 1984 to 1985. His character was killed when Joshua ... "",""title"":""https://www.wonderwall.com/entertainment/tv/kelly-ripa-brad-pitt-stars-started-on-soap-operas-34328.gallery""},{""docid"":""36741"",""score"":23.597299560664133,""snippet"":"" ... Australian and British soap operas also feature a significant proportion of romance storylines. In Russia, most popular serials explore the \""romantic quality\"" of criminal and/or oligarch life.\n\nIn soap opera storylines, previously unknown children, siblings and twins (including the evil variety) of established characters often emerge to ... "",""title"":""https://en.wikipedia.org/wiki/Soap_opera""},{""docid"":""50514"",""score"":23.187092541811825,""snippet"":"" ... Eight Is Enough (1977 to 1981)\n\nSyndicated newspaper columnist Thomas Braden, a real-life parent with eight children, wrote a book by the same title that served as the model for this comedy-drama featuring Dick Van Patten as the patriarch who worked for the fictional Sacramento Register ... "",""title"":""https://www.longislandpress.com/2019/09/29/family-affair-tv-shows-of-the-70s/""},{""docid"":""51230"",""score"":22.623879921632962,""snippet"":"" ... soap opera The Young and the Restless (2010–2011), the legal drama Suits (2014–2019), and the HBO series The Righteous Gemstones (2022).\n\nEarly life\n\nEric Anthony Roberts was born in Biloxi, Mississippi, on April 18, 1956, to Betty Lou Bredemus and Walter Grady Roberts, one-time actors ... "",""title"":""https://en.wikipedia.org/wiki/Eric_Roberts""}]"
2,49,2026-09-15T13:18:44.571006+00:00,soap opera actor real life daughter mother plays together unrelated,"[""soap"",""opera"",""actor"",""real"",""life"",""daughter"",""mother"",""plays"",""together"",""unrelated""]","""soap"" OR ""opera"" OR ""actor"" OR ""real"" OR ""life"" OR ""daughter"" OR ""mother"" OR ""plays"" OR ""together"" OR ""unrelated""",5,edf2d072e21391a9896f7d216e02dc900d44ab238f6cb59acd156ad328b2a788,77fe4e3d6a77e2dc008e9f7a1df2ee1140d7b61fcc4da8fb393fc9bc52906e8b,False,"[""d1"",""d3"",""d21"",""d7"",""d22""]","[""60248"",""58666"",""34251"",""36741"",""53295""]","[{""docid"":""60248"",""score"":24.262625868404093,""snippet"":"" ... Like others in this category, Erica was written as \""flamboyant, frivolous and carefree, with little commitment other than [her] own selfish enjoyment of life.\""\n\nOverall, Erica is the embodiment of \""the bitch goddess,\""Siegel, p. 3. a soap opera archetype that \""transformed and defined\"" the soap opera genre ... "",""title"":""https://en.wikipedia.org/wiki/Erica_Kane""},{""docid"":""58666"",""score"":24.201547372508532,""snippet"":"" ... Olivia is the mother of Pauline Price, played by Gibbs's 227 co-star Harry.\n\nOlivia comes to town, and orders Paulina out of Salem and away from Lani, on behalf of her daughter Tamara. Paulina wants to tell Lani that she is her real mother but Olivia ... "",""title"":""https://en.wikipedia.org/wiki/List_of_Days_of_Our_Lives_characters_introduced_in_the_2020s""},{""docid"":""34251"",""score"":24.158396544620416,""snippet"":"" ... he recalled for Soap Opera Digest in 2020, \""started with April pressuring Paul to take responsibility\"" for daughter Heather. The rest, as they say, is history.\n\nErin Torpey\n\nWhen One Life to Live decided to transform Jessica from a cute moppet into a real character in 1990, Torpey ... "",""title"":""https://soaps.sheknows.com/gallery/soap-stars-who-grew-up-on-screen/""},{""docid"":""36741"",""score"":23.867886761393244,""snippet"":"" ... This allows both characters to appear together in a single shot, and with both of them facing the audience. This is unrealistic in real life and is not frequently seen in film or on television outside American daytime serials, but it is an accepted soap opera convention, sometimes ... "",""title"":""https://en.wikipedia.org/wiki/Soap_opera""},{""docid"":""53295"",""score"":23.747637681604118,""snippet"":"" ... But Doug's theater background (he had been a Broadway actor), his personal passion for great drama, and the joy he got from creating characters for this great company of very talented actors yielded superb, highly intelligent soap opera.\n\nYet back then few viewers and magazine writers knew ... "",""title"":""https://marlenadelacroix.com/2009/04/guiding-light-my-favorite-years-and-what-you-can-learn-from-yours/""}]"
3,62,2026-09-15T13:18:50.126261+00:00,actor real life spouse plays different character same soap opera unrelated,"[""actor"",""real"",""life"",""spouse"",""plays"",""different"",""character"",""same"",""soap"",""opera"",""unrelated""]","""actor"" OR ""real"" OR ""life"" OR ""spouse"" OR ""plays"" OR ""different"" OR ""character"" OR ""same"" OR ""soap"" OR ""opera"" OR ""unrelated""",5,3e80ff2b2001758fea7f57bc149eb73ac2a90815d162ee6c4d3a15a8eeb06413,bbc196165d1a03f9a5b9bc34faebbebcb53d2895784715103fc6110fc57b1486,False,"[""d10"",""d23"",""d17"",""d3"",""d1""]","[""51230"",""14449"",""31363"",""58666"",""60248""]","[{""docid"":""51230"",""score"":23.20927283371487,""snippet"":"" ... His other varied television work includes being the only non-UK actor to play the Master in the 1996 Doctor Who television film, as well as recurring roles on the NBC drama Heroes (2007–2010), the CBS soap opera The Young and the Restless (2010–2011), the legal ... "",""title"":""https://en.wikipedia.org/wiki/Eric_Roberts""},{""docid"":""14449"",""score"":23.12669423688626,""snippet"":"" ... Fairchild played Jenna Wade in the soap opera Dallas for one episode in 1978. The same year, Fairchild made the television film The Initiation of Sarah and also had a recurring role on the sitcom Mork & Mindy. In 1980, she scored her first regular primetime role as Constance ... "",""title"":""https://en.wikipedia.org/wiki/Morgan_Fairchild""},{""docid"":""31363"",""score"":23.10887510129606,""snippet"":"" ... Between 1970 and 1972, she appeared in the soap operas A World Apart and Search for Tomorrow, playing Patrice Kahlman and Sarah Fairbanks, respectively. Her career gained momentum in 1974, when she starred in F. Scott Fitzgerald and 'The Last of the Belles', a highly rated made-for ... "",""title"":""https://en.wikipedia.org/wiki/Susan_Sarandon""},{""docid"":""58666"",""score"":23.05191843059229,""snippet"":"" ... Former, regular\nspouse: Jada Hunter\nfather: Mr. Stein\nmother: Helen Lynch\n\nDays of Our Lives is an American television soap opera that was first broadcast on November 8, 1965. The following is a list of characters that first appear in the show during the 2020s, by order of ... "",""title"":""https://en.wikipedia.org/wiki/List_of_Days_of_Our_Lives_characters_introduced_in_the_2020s""},{""docid"":""60248"",""score"":22.947659845527923,""snippet"":"" ... and I enjoy playing her now, when she's still the naughty girl, but she's broadened her area of operation to include the entire world.\""\n\nArchetypes\n\nOver the years, Erica developed into different character archetypes. Soap operas once featured only one-dimensional characters who were either good ... "",""title"":""https://en.wikipedia.org/wiki/Erica_Kane""}]"
3,66,2026-09-15T13:18:50.845588+00:00,soap opera couple married real life but characters not related on screen,"[""soap"",""opera"",""couple"",""married"",""real"",""life"",""but"",""characters"",""not"",""related"",""on"",""screen""]","""soap"" OR ""opera"" OR ""couple"" OR ""married"" OR ""real"" OR ""life"" OR ""but"" OR ""characters"" OR ""not"" OR ""related"" OR ""on"" OR ""screen""",5,570c6e40e1d1a32a6d70bf1b5b0cee33cdb6c5f113220d99eb1207a6c2ac4235,f6ee0215783209321b6e96fc1fc19e3fedc6a91a8906d4b16043012cf935bdce,False,"[""d12"",""d8"",""d1"",""d19"",""d7""]","[""49256"",""16167"",""60248"",""98186"",""36741""]","[{""docid"":""49256"",""score"":25.576683955253998,""snippet"":"" ... The Hayeses themselves were a couple whose on-screen and real-life romance (they met on the series in 1970 and married in 1974) was widely covered by both the soap opera magazines and the mainstream press.\n\nIn the 1990s, the show branched out into supernatural storylines, which ... "",""title"":""https://en.wikipedia.org/wiki/Days_of_Our_Lives""},{""docid"":""16167"",""score"":24.853999134996393,""snippet"":"" ... the TV screen in 1993 and have been on ever since. The characters, costumes, and stories have changed, but the heart of the show remains.\n\n\""The Edge of Night\"" (28 years)\n\nThe mystery soap opera focused on crime, rather than a familial drama like most soaps of the ... "",""title"":""https://www.businessinsider.com/longest-running-tv-shows-all-time-2018-1""},{""docid"":""60248"",""score"":24.552994023205336,""snippet"":"" ... Erica and Phil marry to give the baby they conceive a name. In the 1970s, pregnancy on a soap opera was romanticized so it was more influenced by the emotions and actions of the characters than by modern medicine. Since Phil and Erica do not conceive their baby ... "",""title"":""https://en.wikipedia.org/wiki/Erica_Kane""},{""docid"":""98186"",""score"":24.25967090906303,""snippet"":"" ... but he started out as a little-known actor on \""General Hospital.\"" He played Kent Murray, Jessie Brewer's teenage nephew, on the ABC soap in 1972.\n\nAlec Baldwin starred on CBS's nighttime soap opera \""Knots Landing.\"" He played Joshua Rush from 1984 to 1985. His character ... "",""title"":""https://www.wonderwall.com/entertainment/tv/kelly-ripa-brad-pitt-stars-started-on-soap-operas-34328.gallery""},{""docid"":""36741"",""score"":24.13463840783253,""snippet"":"" ... This allows both characters to appear together in a single shot, and with both of them facing the audience. This is unrealistic in real life and is not frequently seen in film or on television outside American daytime serials, but it is an accepted soap opera convention, sometimes ... "",""title"":""https://en.wikipedia.org/wiki/Soap_opera""}]"
3,69,2026-09-15T13:18:52.299935+00:00,real life husband wife both cast same soap opera different characters,"[""real"",""life"",""husband"",""wife"",""both"",""cast"",""same"",""soap"",""opera"",""different"",""characters""]","""real"" OR ""life"" OR ""husband"" OR ""wife"" OR ""both"" OR ""cast"" OR ""same"" OR ""soap"" OR ""opera"" OR ""different"" OR ""characters""",5,337ae615df0d8544baa74072255b0ee21ce41ee583e9dcff6527cda2335a2119,ecc9e86b404fc8136bbc4ff22b860fe25a0e8010528541640aca83f0d7446c12,False,"[""d3"",""d24"",""d1"",""d12"",""d13""]","[""58666"",""26889"",""60248"",""49256"",""89473""]","[{""docid"":""58666"",""score"":26.820886998336398,""snippet"":"" ... They both have sex in her sister's apartment and both are ashamed. When the truth comes out, Shawn leaves Salem to check into rehab and Talia decides to move back to California.\n\nSellivian's casting and the character was announced in February 2023 in Soap Opera Digest ... "",""title"":""https://en.wikipedia.org/wiki/List_of_Days_of_Our_Lives_characters_introduced_in_the_2020s""},{""docid"":""26889"",""score"":26.45091936078817,""snippet"":"" ... Both shows (like The Waltons) were produced for CBS by the same company, Lorimar Productions.\n\nEach episode of the series cost $1 million.\n\nCasting\n\nOpposite to Wyman, Robert Foxworth was cast as Chase Gioberti, Angela's nephew, and later David Selby as Richard Channing, the illegitimate son of ... "",""title"":""https://en.wikipedia.org/wiki/Falcon_Crest""},{""docid"":""60248"",""score"":26.2686523085151,""snippet"":"" ... The Erica character officially debuted in 1970 once All My Children made it onto the air.\n\nCasting\n\nAt the time, soap operas featured mostly older casts. To add a contemporary feel to the show, Nixon focused on younger characters, while also mixing in older ones so as not ... "",""title"":""https://en.wikipedia.org/wiki/Erica_Kane""},{""docid"":""49256"",""score"":25.583721691161337,""snippet"":"" ... fictional Days cast member Jessica Ashley (instead of her real-life series character, Sami Brady), Kristian Alfonso as Hope Brady, and Roark Critchlow as Mike Horton. In the Season 9 episode \""The One With The Soap Opera Party,\"" in which Joey hosts a \""soap opera party\"" on the ... "",""title"":""https://en.wikipedia.org/wiki/Days_of_Our_Lives""},{""docid"":""89473"",""score"":24.759496270575347,""snippet"":"" ... as Lisa Grimaldi, who experienced quite the life of ups and downs on the series — experiencing eight marriages and three divorces. Fulton's character, considered one of soap's most infamous vixens, led her to be inducted into the Soap Opera Hall of Fame in 1998. She also ... "",""title"":""https://people.com/tv/soap-stars-who-have-played-roles-for-40-years/""}]"
5,89,2026-09-15T13:19:03.533420+00:00,character only one child survives others died series,"[""character"",""only"",""one"",""child"",""survives"",""others"",""died"",""series""]","""character"" OR ""only"" OR ""one"" OR ""child"" OR ""survives"" OR ""others"" OR ""died"" OR ""series""",5,9bb6b1e6afa81e3bdd903ae7e2ff9e65bc4ba11793b6c67bedfc56bdd852befb,0c45a78167d66d5202863028b7591f0c7871b45746c3e7c6d4e654924b3ef6cf,False,"[""d25"",""d26"",""d27"",""d28"",""d29""]","[""7773"",""48832"",""71307"",""70582"",""93593""]","[{""docid"":""7773"",""score"":11.79999293124295,""snippet"":"" ... The only child to come under any threat is Eggsy's little sister and she survives.\n\n- Knowing: While all the other children on the planet presumably die, the only two kids who receive significant screen time, Abby and Caleb, survive the literal end of the world, as do ... "",""title"":""https://tvtropes.org/pmwiki/pmwiki.php/Main/ImprobableInfantSurvival""},{""docid"":""48832"",""score"":10.977386779708146,""snippet"":"" ... They must work to find a way to the other side, where something valuable is.\n\n- A character finds lost paint cans from a famous artist.\n\n- Three friends go on a trip to a foreign country together, only for them each to get lost.\n\n- A character deeply embedded in ... "",""title"":""https://www.emwelsh.com/blog/story-ideas""},{""docid"":""71307"",""score"":10.908896481601943,""snippet"":"" ... And the one who died? Portrayed by the same actress who went on to play Mac in the rest of the series.\n\n- In Kamen Rider Agito, any woman who doesn't want to get killed by an Unknown would better avoid Ryo/Gills. The only one who survived ... "",""title"":""https://tvtropes.org/pmwiki/pmwiki.php/Main/CartwrightCurse""},{""docid"":""70582"",""score"":10.82795361205417,""snippet"":"" ... He is thematically succeeded by a similar character named Diego Brando (ディエゴ・ブランドー), nicknamed Dio. Like Dio of the original continuity, Diego is the child of an abusive household, and one who reveres his mother. She instilled in him a sense of pride that he took with him ... "",""title"":""https://en.wikipedia.org/wiki/Dio_Brando""},{""docid"":""93593"",""score"":10.79181935678494,""snippet"":"" ... When I was coming up with Alison, I was thinking of this character we were going to meet right after her child died. As any parent would ask themselves in that terrible situation — even hypothetically as you do sometimes — would you be able to survive it? So that ... "",""title"":""https://www.hollywoodreporter.com/tv/tv-news/affair-death-explained-1132269/""}]"
5,97,2026-09-15T13:19:04.795482+00:00,tv character lost multiple children one survives,"[""tv"",""character"",""lost"",""multiple"",""children"",""one"",""survives""]","""tv"" OR ""character"" OR ""lost"" OR ""multiple"" OR ""children"" OR ""one"" OR ""survives""",5,de85f3911471f4e6c31afe01429f1afa7bac476e524af85eb16163455e44b22a,63561db5ed9e70899a390d7455f1dcc717f186ba2c38e0179de512676fbd2e29,False,"[""d30"",""d31"",""d32"",""d33"",""d34""]","[""53008"",""89786"",""93526"",""5965"",""84059""]","[{""docid"":""53008"",""score"":13.756669729972659,""snippet"":"" ... He is survived by his four children.\n\nNed Eisenberg\n\nThe veteran character actor died on Feb. 27, after a battle with cancer. He was 65. Eisenberg is best known for playing Defense Attorney Roger Kressler on Law & Order: SVU. His most recent role came as Detective Hauser in ... "",""title"":""https://www.etonline.com/gallery/stars-weve-lost-in-2022-177426""},{""docid"":""89786"",""score"":12.97944840703006,""snippet"":"" ... With rich storytelling, an eccentric set of unusual characters, and Lynch's distinctive sense of surrealism, Twin Peaks was unlike anything else on TV at the time.\n\nWith a hugely influential first episode, countless modern TV shows wouldn't exist without Twin Peaks. From the ethereal beauty of ... "",""title"":""https://screenrant.com/tv-shows-perfect-pilot-episodes/""},{""docid"":""93526"",""score"":12.919065453888955,""snippet"":"" ... the characters drive the plot. This isn't \""CSI\"" or \""Law and Order,\"" where each week is a variation on the same theme. On \""Lost,\"" you have a group of fascinatingly different, tragically flawed characters who must somehow learn to survive together, while at the same time trying ... "",""title"":""https://www.imdb.com/title/tt0411008/""},{""docid"":""5965"",""score"":12.849323530205638,""snippet"":"" ... He's also featured on multiple tracks with other prominent artists including Ed Sheeran, Chance the Rapper, Wiz Khalifa, Pop Smoke, and more.\n\nJack Ging\n\nJack Ging, a character actor known for his roles on TV classics such as The A-Team and Hawaii Five-O, died Sept ... "",""title"":""https://ew.com/celebrity/stars-we-lost-in-2022/?srsltid=AfmBOoqgtseDJPvB8Bamfe3oZlhWJZaiC5kf4fxP0pjffkBximQEpPNy""},{""docid"":""84059"",""score"":12.786131252541528,""snippet"":"" ... Don West on the 1960s sci-fi show Lost in Space, died Oct. 10, at 87. Born Charles Harvey Goddard, he began his TV career in the late 1950s with roles on Johnny Ringo and The Detectives. His most notable part came in 1965, on Lost in Space ... "",""title"":""https://ew.com/celebrity/stars-we-lost-in-2023-celebrity-deaths/?srsltid=AfmBOoquZ8XzskhVCclayEhMpQe5gv7r6Kz4o5tg6OyTyOQ4BYEBtxki""}]"
5,105,2026-09-15T13:19:05.831902+00:00,series character children died only one alive,"[""series"",""character"",""children"",""died"",""only"",""one"",""alive""]","""series"" OR ""character"" OR ""children"" OR ""died"" OR ""only"" OR ""one"" OR ""alive""",5,10b51840d94f2da9a0de5a2e4636e5cbf348f49bd2733a54ba6c698358ddb2d0,bb54808abfeafeac02ddc7d82c0b1ab2889167eaed905b870625d01911142086,False,"[""d35"",""d36"",""d27"",""d37"",""d38""]","[""98607"",""67477"",""71307"",""48585"",""55383""]","[{""docid"":""98607"",""score"":11.956060935671228,""snippet"":"" ... He's only alive because he made a deal with the Hayagami Okoro (as he was dying) that he would only stay alive for as long as he keeps winning in fights. He dies for real after losing his fight with Kannagi.\n\n- In Attack on Titan, Eren Jaeger ... "",""title"":""https://tvtropes.org/pmwiki/pmwiki.php/Main/DeadAllAlong""},{""docid"":""67477"",""score"":11.534156572388264,""snippet"":"" ... Did she run out to get chips and guac on an escape pod and miss the whole fight? Thompson jokingly tweeted in September that Valkyrie was alive \""and thriving\"" after the apocalypse. And the poster of characters who died and survived confirmed that she is indeed alive.\n\nWong ... "",""title"":""https://time.com/5252990/avengers-infinity-war-deaths/""},{""docid"":""71307"",""score"":11.020084427679478,""snippet"":"" ... Every woman who gets involved with Nate Romanowski - the series' resident badass - meets an untimely end.\n\n- The Cat Who... Series: Supporting character Iris Cobb was married three times, and all three of her husbands predeceased her — her first one (and the father of her only son) died of ... "",""title"":""https://tvtropes.org/pmwiki/pmwiki.php/Main/CartwrightCurse""},{""docid"":""48585"",""score"":10.999223412441332,""snippet"":"" ... At other times they must rely on him. Some of them, at least, become a sort of second family to him. Jim is also the only teenage character in the novel.\n\nThe teenage protagonist of my YA series has two parents, both alive and well, and well balanced ... "",""title"":""https://nathanbransford.com/blog/2010/09/in-defense-of-deadabsent-parents-in""},{""docid"":""55383"",""score"":10.975501846838018,""snippet"":"" ... Supporting characters include three of Cross's children, Damon, Janelle, Ali (Little Alex), as well as his grandmother Nana Mama. The series is usually narrated in first-person perspective by Alex Cross, and occasionally from the villains' point of view in third-person.\n\nThe series began in 1993 ... "",""title"":""https://en.wikipedia.org/wiki/Alex_Cross""}]"
6,120,2026-09-15T13:19:12.104844+00:00,telenovela actor plays alongside real life relative unrelated characters,"[""telenovela"",""actor"",""plays"",""alongside"",""real"",""life"",""relative"",""unrelated"",""characters""]","""telenovela"" OR ""actor"" OR ""plays"" OR ""alongside"" OR ""real"" OR ""life"" OR ""relative"" OR ""unrelated"" OR ""characters""",5,4b84240e82d72a79481e53ae8b8225cecd34ecdf366322cb383ec16c87315e5e,1a185e45e53d397340f40fe4b563c48f2b0063ea726cf2f3eb9e2e2c4d3157e0,False,"[""d39"",""d40"",""d41"",""d42"",""d7""]","[""5705"",""15325"",""67017"",""36986"",""36741""]","[{""docid"":""5705"",""score"":22.996539929035414,""snippet"":"" ... Directly after that she was offered her second role as the young ingenue in the telenovela 'La Otra Cara del Alma' alongside the latin telenovela star Gabriela Spanic. In this telenovela she earned great reviews for her acting abilities and earned her first lead in a telenovela as ... "",""title"":""https://www.imdb.com/search/name/?birth_date=1990-01-01,1990-12-31&gender=female""},{""docid"":""15325"",""score"":22.17939589102535,""snippet"":"" ... A triple threat, the singer, dancer, and actor debuted on screen in 2013 in the telenovela Porque el amor manda.\n\nOsorio was able to showcase his talents on screen and from there, he has had no lack of work.\n\nHis big break came through the 2014 telenovela Mi ... "",""title"":""https://www.superprof.com/blog/top-10-mexican-celebrities/""},{""docid"":""67017"",""score"":21.595115043643375,""snippet"":"" ... actors Karen Gillan and Peter Capaldi back to play leading roles. Most fans would know that Gillan played the spirited Amy Pond from 2010 to 2012, and Capaldi appeared as the 12th Doctor from 2013 to 2017.\n\nInterestingly enough, both Capaldi and Gillan played minor, unrelated characters in ... "",""title"":""https://www.cbr.com/10-actors-multiple-roles-same-show/""},{""docid"":""36986"",""score"":21.567070589268205,""snippet"":"" ... As the story goes, the public listened to novelas as if they were for \""real.\"" So much so that a radio actor, Amaral Gurgel, who played the role of a doctor in Em busca da felicidade, was daily followed by fans seeking his medical advice (Federico, p. 63 ... "",""title"":""https://www.globalmediajournal.com/open-access/novelas-novelinhas-noveloesthe-evolution-of-the-telenovela-in-brazil.php?aid=35082""},{""docid"":""36741"",""score"":21.479037714956164,""snippet"":"" ... Erika Slezak played Victoria Lord #3 on One Life to Live from 1971 until the show ended its network television run on ABC on January 13, 2012, and resumed the role in its short-lived online revival on April 29, 2013.\n\nOther actors have played several characters on ... "",""title"":""https://en.wikipedia.org/wiki/Soap_opera""}]"
6,127,2026-09-15T13:19:12.832653+00:00,telenovela real life siblings actors same show different characters,"[""telenovela"",""real"",""life"",""siblings"",""actors"",""same"",""show"",""different"",""characters""]","""telenovela"" OR ""real"" OR ""life"" OR ""siblings"" OR ""actors"" OR ""same"" OR ""show"" OR ""different"" OR ""characters""",5,defc83b4c46c142fc0dd2ff3c5d1d1b3904d991fd85782cc0030a6b175d426a9,e5f17c1412ac0b9599ed04876067b612dfe0aa330ebb17c0e553729bee6a635c,False,"[""d39"",""d43"",""d44"",""d45"",""d7""]","[""5705"",""62890"",""11805"",""99719"",""36741""]","[{""docid"":""5705"",""score"":23.58823042797044,""snippet"":"" ... Success continued with appearances in Dan in Real Life (2007), Scream 4 (2011), and the lead roles in two series, Lux in Life Unexpected (2010) and Cassie in The Secret Circle (2011). Britt also starred in the television film Avalon High (2010), opposite Gregg Sulkin, had a supporting ... "",""title"":""https://www.imdb.com/search/name/?birth_date=1990-01-01,1990-12-31&gender=female""},{""docid"":""62890"",""score"":22.665318820100985,""snippet"":"" ... the show. The chief reason for this is that telenovelas are not shot in advance (instead chapters are shot around two weeks before their airdate) so that they can respond to public reaction. Under this scheme, the occasional poor performance of the actor playing the main character may ... "",""title"":""https://en.wikipedia.org/wiki/Telenovela""},{""docid"":""11805"",""score"":21.057748811646324,""snippet"":"" ... After actor Elliott Page came out as a trans man in 2020, his Umbrella Academy character also transitioned and introduced himself to his family and the wider world as Viktor Hargreeves. In the show's third season, Viktor debuts a shorter haircut and tells his siblings his chosen ... "",""title"":""https://www.netflix.com/tudum/articles/movies-and-tv-shows-with-trans-characters""},{""docid"":""99719"",""score"":20.996020853217953,""snippet"":"" ... As well as a supporting role portraying real life Torpedo Bomber and World War 2 hero, George Gay, in Roland Emmerich's upcoming World War 2 epic Midway. - Actor\n\n- Producer\n\nJack Lowden grew up in the Scottish Borders. He graduated from the prestigious Royal Scottish Academy of Music ... "",""title"":""https://www.imdb.com/search/name/?birth_year=1990""},{""docid"":""36741"",""score"":20.68054877926572,""snippet"":"" ... 3 on One Life to Live from 1971 until the show ended its network television run on ABC on January 13, 2012, and resumed the role in its short-lived online revival on April 29, 2013.\n\nOther actors have played several characters on different shows. Millette Alexander, Bernard ... "",""title"":""https://en.wikipedia.org/wiki/Soap_opera""}]"
6,133,2026-09-15T13:19:13.725668+00:00,Jane the Virgin actor real life relative cast,"[""jane"",""the"",""virgin"",""actor"",""real"",""life"",""relative"",""cast""]","""jane"" OR ""the"" OR ""virgin"" OR ""actor"" OR ""real"" OR ""life"" OR ""relative"" OR ""cast""",5,59c22e558f9374d6d3c3cb363cc068359d271799b14efda562955c54cf7342f1,e2e3d4b696d34c161028e46a66e41e4e17dcba11b5a42f17b9ffcecff736e7af,False,"[""d46"",""d47"",""d48"",""d49"",""d50""]","[""18001"",""25173"",""10828"",""21678"",""32098""]","[{""docid"":""18001"",""score"":18.576121278723885,""snippet"":"" ... Art Streiber.\"",\""image_credit\"":\""NBCU Photo Bank\\/NBCUniversal via\"",\""url\"":\""https:\\/\\/ 10:39:17\"",\""modified\"":\""2019-12-04 14:30:52\"",\""title\"":\""'Jane the Virgin'\"",\""subtitle\"":null,\""slug\"":\""44-jane-the-virgin-914780\"",\""caption\"":\""\"",\""description\"":\""\\n\\t\\t\\t\\t\n\n\\nStreaming on Netflix\\u00a0<\\/em><\\/span><\\/p>\\n ... "",""title"":""https://www.rollingstone.com/tv-movies/tv-movie-lists/50-best-tv-shows-of-decade-2010s-914737/""},{""docid"":""25173"",""score"":18.433447056552478,""snippet"":"" ... In a testament to how big the program had gotten and how major a piece of news this casting announcement was, an entire half-hour special was created to make the announcement, despite the fact that they had cast a relatively unknown actor in the part.\n\nBut despite ... "",""title"":""https://www.eruditorumpress.com/blog/a-mild-curiosity-in-a-junkyard-silence-in-the-library-the-forest-of-the-dead""},{""docid"":""10828"",""score"":18.08572231184672,""snippet"":"" ... Lloyd and Davis cast actor Patrick Troughton, who first appeared in November 1966 after the changeover from Hartnell had been seen at the end of the story The Tenth Planet. That serial also introduced the popular Cybermen, villains who would return to face the Doctor on several subsequent ... "",""title"":""https://en.wikipedia.org/wiki/History_of_Doctor_Who""},{""docid"":""21678"",""score"":18.083550656650154,""snippet"":"" ... So throughout the episode, Justine had to go on dinner dates with her real-life brother Jason, admit she was attracted to him and have him ask her to marry her at the end.\n\nMy point is this: When the chemistry between the actors is good, when the ... "",""title"":""https://www.boredpanda.com/age-difference-parent-vs-child-movies/""},{""docid"":""32098"",""score"":17.834884108441454,""snippet"":"" ... sex life in his middle age.\n\nBanks plays Beth, a bookstore clerk who is intoxicated by Andy, though she scares him with her unexpectedly wild side in bed when he hoped she would be the one to take his virginity. Also a part of the cast is Paul ... "",""title"":""https://www.yahoo.com/entertainment/articles/12-elizabeth-banks-movies-deserve-120040220.html""}]"
7,149,2026-09-15T13:19:22.934688+00:00,Jane the Virgin cast real life relatives siblings,"[""jane"",""the"",""virgin"",""cast"",""real"",""life"",""relatives"",""siblings""]","""jane"" OR ""the"" OR ""virgin"" OR ""cast"" OR ""real"" OR ""life"" OR ""relatives"" OR ""siblings""",5,aa29c20ac7be6d355c8a1b46d79390fa8080546df6d45c206d713a0980610b3b,39a1717d57722b10f0aea4277a554f0c31a4da0c282c27b1473ca2c245a1f249,False,"[""d46"",""d51"",""d52"",""d53"",""d54""]","[""18001"",""49741"",""57372"",""11078"",""4824""]","[{""docid"":""18001"",""score"":18.663764997555056,""snippet"":"" ... Art Streiber.\"",\""image_credit\"":\""NBCU Photo Bank\\/NBCUniversal via\"",\""url\"":\""https:\\/\\/ 10:39:17\"",\""modified\"":\""2019-12-04 14:30:52\"",\""title\"":\""'Jane the Virgin'\"",\""subtitle\"":null,\""slug\"":\""44-jane-the-virgin-914780\"",\""caption\"":\""\"",\""description\"":\""\\n\\t\\t\\t\\t\n\n\\nStreaming on Netflix\\u00a0<\\/em><\\/span><\\/p>\\n ... "",""title"":""https://www.rollingstone.com/tv-movies/tv-movie-lists/50-best-tv-shows-of-decade-2010s-914737/""},{""docid"":""49741"",""score"":18.18262589180235,""snippet"":"" ... the late Peter Fonda and Jane Fonda. Jane spoke openly about her fraught relationship with her dad but later explained that she got some closure at the end of his life, saying, \""Before he died I was able to tell him that I loved him and that I ... "",""title"":""https://www.marieclaire.com/celebrity/celebrities-from-famous-families/""},{""docid"":""57372"",""score"":17.13204158064043,""snippet"":"" ... Frasier Crane\"" as he had \""spent over 20 years\"" of his \""creative life on the Paramount lot\"". In October 2022, Paramount+ officially gave the series a season order of 10 episodes. In January 2023, Jack Cutmore-Scott joined the cast as Freddy Crane. It was also reported that ... "",""title"":""https://en.wikipedia.org/wiki/Frasier""},{""docid"":""11078"",""score"":16.76723481873195,""snippet"":"" ... siblings. With their blond hair, grey-blue eyes, peaches-and-cream complexions, and identical last names, coupled with the fact that both actors were relative unknowns at the time, it was unsurprising when many moviegoers assumed they were real-life brother-and-sister.\n\n- The Lord of the Rings ... "",""title"":""https://tvtropes.org/pmwiki/pmwiki.php/Main/SeparatedAtBirthCasting""},{""docid"":""4824"",""score"":16.44927005703314,""snippet"":"" ... Hogan considers Alice, Sweet Alice among a series of films made between the 1970s and 1980s preoccupied with sibling rivalry, and which feature \""violations of the integrity of the nuclear family.\"" Hogan views the film as an extension of such features as What Ever Happened to Baby Jane ... "",""title"":""https://en.wikipedia.org/wiki/Alice,_Sweet_Alice""}]"
7,156,2026-09-15T13:19:24.524475+00:00,Rogelio De La Vega actor real life family cast,"[""rogelio"",""de"",""la"",""vega"",""actor"",""real"",""life"",""family"",""cast""]","""rogelio"" OR ""de"" OR ""la"" OR ""vega"" OR ""actor"" OR ""real"" OR ""life"" OR ""family"" OR ""cast""",5,0cbcc6f101bd15de9229071ef981def660594374b71100e4207f9f30c5e4ca31,9b32f2ca9c2a67e0ff90a437eeeb70f9a5bc89ce342698298e40152d6b9c61c3,False,"[""d55"",""d56"",""d57"",""d58"",""d59""]","[""81889"",""75351"",""12385"",""32535"",""57395""]","[{""docid"":""81889"",""score"":21.526064999183227,""snippet"":"" ... She currently is in pre-production for the webseries Beverly Hill, a dystopian puppet parody of Bravo's Real Housewives franchise.\n\nVikas Adam\n\nFacultyVikas Adam is an actor, voiceover artist, director and writer. As an educator, he has taught acting, voice and movement-based studies to all levels ... "",""title"":""https://summer.ucla.edu/program/acting-and-performance-summer-institute/""},{""docid"":""75351"",""score"":19.7995052695482,""snippet"":"" ... After Cooper turned down the role, Robert De Niro was cast instead. \""From the moment you get Robert De Niro in your movie, all the other actors come running\"", says Robert Rodriguez on De Niro's involvement in the film.\n\n\""What I liked about the character was that ... "",""title"":""https://en.wikipedia.org/wiki/Machete_(2010_film)""},{""docid"":""12385"",""score"":18.934283753399008,""snippet"":"" ... Carlos Malamud\n\nInvestigador principal, Real Instituto Elcano | @CarlosMalamud\n\nRogelio Núñez\n\nProfesor colaborador del IELAT, Universidad de Alcalá de Henares"",""title"":""https://www.realinstitutoelcano.org/en/analyses/the-anger-vote-the-new-or-not-so-new-latin-american-electoral-phenomenon/""},{""docid"":""32535"",""score"":18.71218566907639,""snippet"":"" ... Juan Bautista de Santa Maria Fung, O.P.- Entered Letran on July 8, 1736. Embraced the Dominican Order in 1744 and martyred in July 1755Bazaco, E. (1933). Historia documentada del real Colegio de San Juan de Letran. Manila: Imprenta de la Universidad de Santo Tomas.\n\nBlesseds\n*Beato Fr ... "",""title"":""https://en.wikipedia.org/wiki/Colegio_de_San_Juan_de_Letran""},{""docid"":""57395"",""score"":18.663207870366012,""snippet"":"" ... Vegas (sequel)\n\nReferences[]\n\n- ↑ \n\n- ↑ [1]\n\n- ↑ New York Times, making it one of the most watched shows in history\n\n- ↑ Stars Spend a Night at the Museum\n\n- ↑ New CSI Exhibit at MGM Grand Las Vegas\n\n- ↑ Pro-Family Group Outraged Over CSI \""Toy\""\n\n- ↑ Top 10 Best and Worst Shows on Primetime Network ... "",""title"":""https://csi.fandom.com/wiki/CSI:Crime_Scene_Investigation""}]"
7,164,2026-09-15T13:19:25.461598+00:00,Jaime Camil real life relative Jane Virgin,"[""jaime"",""camil"",""real"",""life"",""relative"",""jane"",""virgin""]","""jaime"" OR ""camil"" OR ""real"" OR ""life"" OR ""relative"" OR ""jane"" OR ""virgin""",5,8b709d1bfef398a43af04669b441da162e7b00aa379186ed8b986073130f502d,56451cd8d147504efd09fab34cbe7aa7efedebc6af39bdec14e5a31e7f428151,False,"[""d60"",""d61"",""d62"",""d63"",""d46""]","[""44399"",""58904"",""33665"",""76430"",""18001""]","[{""docid"":""44399"",""score"":22.189353238553444,""snippet"":"" ... Jaime Camil: The Secret Life of Camil\n\nJaime Camil is a Mexican actor, singer, and television personality who is famous for his versatile career in both the Mexican and international entertainment industries. Some of his more recent work includes parts in Jane the Virgin, Duck Tales, and The ... "",""title"":""https://www.paddletek.com/blogs/news/celebrities-in-pickleball?srsltid=AfmBOooTeXd_PdVXYHLtCh_32Aqcxp6j3kpLXfe6OB_Lv-L6A9LmKeBS""},{""docid"":""58904"",""score"":18.460682975324787,""snippet"":"" ... When tragedy strikes again, Camille is at her stepmother's mercy, and that of the two evil stepbrothers who appear. Camille needs to fight--first for her legacy, and then for her very life. But as she grapples with the plots being carried out against her, the countess ... "",""title"":""https://www.nypl.org/blog/2019/02/15/brief-history-romance-novel-recommendations""},{""docid"":""33665"",""score"":18.452731519735355,""snippet"":"" ... Cecily Strong and Keegan-Michael Key lead the cast, supported by legends like Alan Cumming, Kristin Chenoweth, Jane Krakowski, Aaron Tveit, Dove Cameron, Jaime Camil, Ariana DeBose, Ann Harada, and Fred Armisen.\n\nEven if you don't get the seemingly endless musical theater in-jokes and references, \""Schmigadoon ... "",""title"":""https://www.businessinsider.com/most-underrated-tv-shows-of-this-year-2021-12""},{""docid"":""76430"",""score"":18.292191314251745,""snippet"":"" ... Virgin EMI, BMG Rights Management, Pure Cut\nassociated_acts: *Little Mix, *Clean Bandit, *Mabel, *Jess Glynne, *Dua Lipa\n\nCamille Angelina Purcell (born 29 June 1988), known professionally as Kamille, is a British singer-songwriter and record producer.\n\nKamille's co-writing and co-production contributions have accumulated to ... "",""title"":""https://en.wikipedia.org/wiki/Kamille_(musician)""},{""docid"":""18001"",""score"":17.53494808420833,""snippet"":"" ... as Camille Braverman, Mae Whitman as Amber Holt, Erika Christensen as Julia Braverman-Graham, Savannah Paige Rae as Sydney Graham -- NBC Photo: Art Streiber.\"",\""image_credit\"":\""NBCU Photo Bank\\/NBCUniversal via\"",\""url\"":\""https:\\/\\/ 10:39:17\"",\""modified\"":\""2019-12-04 14:30:52\"",\""title\"":\""'Jane the Virgin'\"",\""subtitle ... "",""title"":""https://www.rollingstone.com/tv-movies/tv-movie-lists/50-best-tv-shows-of-decade-2010s-914737/""}]"
8,179,2026-09-15T13:19:29.352434+00:00,actor real life sister plays different character same tv series unrelated on screen,"[""actor"",""real"",""life"",""sister"",""plays"",""different"",""character"",""same"",""tv"",""series"",""unrelated"",""on"",""screen""]","""actor"" OR ""real"" OR ""life"" OR ""sister"" OR ""plays"" OR ""different"" OR ""character"" OR ""same"" OR ""tv"" OR ""series"" OR ""unrelated"" OR ""on"" OR ""screen""",5,5c7854b6441a05939401e2e88603a7fb039b2c68ed12a271f8aaa431c56404b0,0a53e537205415492022a84c340279233ecc4aee4494dedd222409c4aec9af3a,False,"[""d64"",""d6"",""d53"",""d41"",""d65""]","[""69326"",""32179"",""11078"",""67017"",""35680""]","[{""docid"":""69326"",""score"":22.21368685427107,""snippet"":"" ... actors in completely unrelated roles in TV shows can go unnoticed by the audience, like Charles-Dean Chapman in Game of Thrones.\n\n- Talented actors, such as Tatiana Maslany in Orphan Black and Lisa Kudrow in Friends, can successfully portray multiple characters and create complex relationships on-screen.\n\nPlaying ... "",""title"":""https://screenrant.com/actors-multiple-characters-same-tv-show/""},{""docid"":""32179"",""score"":21.803575270297117,""snippet"":"" ... The Rembrandts - Jay Silverheels, an indigenous Canadian actor from Ontario's Six Nations on the Grand River Reserve, is probably best remembered today for playing what trusty TV sidekick in the 1950s?\n\nAnswer: Tonto - Based on its title, what actor was \""in charge\"" as the titular character on ... "",""title"":""https://www.watercoolertrivia.com/trivia-questions/classic-tv-trivia-questions""},{""docid"":""11078"",""score"":21.60662742990299,""snippet"":"" ... They look very similar, making it extremely believable.\n\n- French \""back from the dead\"" show Les Revenants has twin sisters as two of its main characters, Lena and Camille. One dies, but comes back to life 4 years later, when her sister is played by an unrelated actress who ... "",""title"":""https://tvtropes.org/pmwiki/pmwiki.php/Main/SeparatedAtBirthCasting""},{""docid"":""67017"",""score"":21.32593634162478,""snippet"":"" ... Shows like The Vampire Diaries and Orphan Black had some of the best writing centered around the same actor playing different roles, and these roles remain iconic to date. These actors did a stellar job of portraying more than one character in a way that made them very ... "",""title"":""https://www.cbr.com/10-actors-multiple-roles-same-show/""},{""docid"":""35680"",""score"":21.004636147626893,""snippet"":"" ... The series was commissioned in October 2019 by Apple TV+, with Sudeikis reprising the role. Television producer and Scrubs creator Bill Lawrence was brought in to work on a television series based around the character in 2017. The series is co-owned by Warner Bros. Television, where Lawrence ... "",""title"":""https://en.wikipedia.org/wiki/Ted_Lasso""}]"
8,184,2026-09-15T13:19:30.553036+00:00,real life siblings cast same show not playing relatives,"[""real"",""life"",""siblings"",""cast"",""same"",""show"",""not"",""playing"",""relatives""]","""real"" OR ""life"" OR ""siblings"" OR ""cast"" OR ""same"" OR ""show"" OR ""not"" OR ""playing"" OR ""relatives""",5,5f43d2afacce85741135e4fa3bb440dad488771b5647ac95f04a7009e143e112,59b3cd2feb671b594e41c2eb6d242591ae36f85cd33838b4c47e838b958ee082,False,"[""d53"",""d66"",""d67"",""d68"",""d69""]","[""11078"",""1808"",""62963"",""36128"",""55946""]","[{""docid"":""11078"",""score"":13.556139019172186,""snippet"":"" ... young Diana Rigg that they could realistically play grandmother and granddaughter on the show.\n\n- Likewise, Finn Jones and Natalie Dormer could pass for brother and sister◊ in real life, despite not being related.\n\n- Emilia Clarke and Harry Lloyd as siblings Daenerys and Viserys Targaryen have an uncanny similarity ... "",""title"":""https://tvtropes.org/pmwiki/pmwiki.php/Main/SeparatedAtBirthCasting""},{""docid"":""1808"",""score"":13.366084083981926,""snippet"":"" ... Several on screen at once, interacting and in relative motion. It helps to have an incredibly versatile actor playing all the parts.\n\nEvery-time one hears of all the onerous editing of producing movie \""twins\"" always mumble/wondered: \""Why the hell didn't they just cast (real) twins ... "",""title"":""https://bbs.boingboing.net/t/how-hollywood-has-produced-twins-scenes-for-a-century/191653""},{""docid"":""62963"",""score"":13.068725050736116,""snippet"":"" ... more than occasionally like to cast actors who are actually related to one another in real life, or are married and have decided to form a new family with one another.\n\nWhether these two relatives show up on the same show or not depends on the specifics of ... "",""title"":""https://screenrant.com/cw-stars-family/""},{""docid"":""36128"",""score"":12.77997264786045,""snippet"":"" ... Casting\n\nPD Lee said that the casting of My Sibling's Romance required real relatives, but public auditions weren't able to be held because the new production idea was supposed to not be known in advance. The staff contacted around 1500 people through Instagram direct messaging; after ... "",""title"":""https://en.wikipedia.org/wiki/My_Sibling%27s_Romance""},{""docid"":""55946"",""score"":12.38158823498774,""snippet"":"" ... talent show, having won Pop Idol in 2001.\n\nBut you may not know he also has a twin brother called Rupert.\n\nNot to be confused with the Merlin actor Rupert Young, Will's brother mostly avoids the showbiz world. But he would make an excellent red life jackets ... "",""title"":""https://www.bbc.com/news/entertainment-arts-40171105""}]"
8,191,2026-09-15T13:19:31.799084+00:00,tv show real life brother sister actors unrelated characters,"[""tv"",""show"",""real"",""life"",""brother"",""sister"",""actors"",""unrelated"",""characters""]","""tv"" OR ""show"" OR ""real"" OR ""life"" OR ""brother"" OR ""sister"" OR ""actors"" OR ""unrelated"" OR ""characters""",5,2f6a3e4001c36e7ebbe3f639af055430ebcf7b5b27cc836f97628cb9a3037e13,519a6903d2b42fef1864da7d2b177261c77ff91efd61abee3d1be785885b7aae,False,"[""d64"",""d41"",""d53"",""d70"",""d71""]","[""69326"",""67017"",""11078"",""53770"",""42395""]","[{""docid"":""69326"",""score"":20.772057519513325,""snippet"":"" ... of their characters who exist across the multiverse. However, there have been occasions in TV shows where an actor was recast in a completely unrelated role without the audience even noticing.\n\n12 Patton Oswalt (Agents of S.H.I.E.L.D.)\n\nPlayed identical brothers Eric, Billy, Sam ... "",""title"":""https://screenrant.com/actors-multiple-characters-same-tv-show/""},{""docid"":""67017"",""score"":20.231272117529727,""snippet"":"" ... Some actors take this a step further when they play more than one role in the same TV show. Dual roles are not a new phenomenon, and if added deliberately, they can make a series much more engaging than before. Sometimes, they are just casting errors.\n\nShows like ... "",""title"":""https://www.cbr.com/10-actors-multiple-roles-same-show/""},{""docid"":""11078"",""score"":20.016937474344292,""snippet"":"" ... They look very similar, making it extremely believable.\n\n- French \""back from the dead\"" show Les Revenants has twin sisters as two of its main characters, Lena and Camille. One dies, but comes back to life 4 years later, when her sister is played by an unrelated actress who ... "",""title"":""https://tvtropes.org/pmwiki/pmwiki.php/Main/SeparatedAtBirthCasting""},{""docid"":""53770"",""score"":19.01283705140773,""snippet"":"" ... And that's just the regular cast; actors would frequently play one-off characters in sketches as well.\n\n- On the Buses: In \""Going Steady\"", Blakey shows Stan a picture of his twin sister, also played by Stephen Lewis.\n\n- The Onedin Line: Alongside Captain James Onedin, Peter Gilmore also ... "",""title"":""https://tvtropes.org/pmwiki/pmwiki.php/Main/ActingForTwo""},{""docid"":""42395"",""score"":18.4120684221772,""snippet"":"" ... Aqua Teen Hunger Force - A short-lived animated TV show based on what 1994 cult classic film featured the voices of actors Jeff Anderson, Jason Mewes, and Kevin Smith (although, for character reasons, not as frequently) reprising their original roles?\n\nAnswer: Clerks - Songwriters Hayley Williams and Josh Farro ... "",""title"":""https://www.watercoolertrivia.com/trivia-questions/2000s-pop-culture-trivia""}]"
9,204,2026-09-15T13:19:37.766774+00:00,character married three times children died one survives telenovela,"[""character"",""married"",""three"",""times"",""children"",""died"",""one"",""survives"",""telenovela""]","""character"" OR ""married"" OR ""three"" OR ""times"" OR ""children"" OR ""died"" OR ""one"" OR ""survives"" OR ""telenovela""",5,d2704137d4e9aa6f8cc08f59e341eae6f87499cd58ad37fc27e5d47eda3074cb,539d36a43b7a7e4e198d491efc66e0c209f4e0a985029c701a9dbfd7fdff1aef,False,"[""d72"",""d73"",""d74"",""d39"",""d40""]","[""98996"",""256"",""96659"",""5705"",""15325""]","[{""docid"":""98996"",""score"":20.465196751406424,""snippet"":"" ... Bird of an Iron Feather had an all Black cast and ran for 21 episodes three times a week starting in January 1970. Newton Minow was the chairman of the Channel 11 WTTW TV station that put on the show via a grant from the Ford Foundation. Television ... "",""title"":""https://en.wikipedia.org/wiki/List_of_soap_operas""},{""docid"":""256"",""score"":18.440348221471382,""snippet"":"" ... drama | Telemundo | United States | Selected territories | | | |\n| Surviving Escobar: Alias JJ | Biographical crime telenovela | Caracol Televisión | Colombia | Selected territories | | | |\n| The Barrier | Dystopian drama | Antena 3 | Spain | Selected territories | | | |\n| The Cook of Castamar | Period drama | Atresplayer Premium | Spain | Selected territories | | | |\n| The Department of Time | Science fiction drama | La 1 TVE ... "",""title"":""https://en.wikipedia.org/wiki/List_of_Netflix_exclusive_international_distribution_TV_shows""},{""docid"":""96659"",""score"":18.25254983885433,""snippet"":"" ... Best Performance by an Actress\n\nHelena Bonham Carter\n\nEnid\n\nCarnival Film & Television for BBC\n\nUnited Kingdom\n\nHelena Bonham Carter is English children's author Enid Blyton, one of the most successful storytellers of the 20th century. Blyton's life and career span a time of enormous social and ... "",""title"":""https://www.iemmys.tv/2010/11/""},{""docid"":""5705"",""score"":18.228236701930175,""snippet"":"" ... of four children, having two brothers and one sister. She graduated from Somerset College in Mudgeeraba, Queensland, Australia, a suburb in the Gold Coast hinterland of South East Queensland, where she and her siblings were raised by their mother and spent much of her time at the farm ... "",""title"":""https://www.imdb.com/search/name/?birth_date=1990-01-01,1990-12-31&gender=female""},{""docid"":""15325"",""score"":18.217729615054466,""snippet"":"" ... world cinema.\n\n- \""Children of Men\"" (2006) – A dystopian thriller set in a future where humans have become infertile, and society is on the brink of collapse. The film is celebrated for its groundbreaking long takes and its exploration of hope and survival in dark times.\n\n- \""Gravity\"" (2013) – This ... "",""title"":""https://www.superprof.com/blog/top-10-mexican-celebrities/""}]"
9,210,2026-09-15T13:19:38.835627+00:00,telenovela character lost children only one alive married multiple times,"[""telenovela"",""character"",""lost"",""children"",""only"",""one"",""alive"",""married"",""multiple"",""times""]","""telenovela"" OR ""character"" OR ""lost"" OR ""children"" OR ""only"" OR ""one"" OR ""alive"" OR ""married"" OR ""multiple"" OR ""times""",5,545efa9ba2d10e4002f83c48c8ce29819580716ce2cc8e95ebfa6929fc9bf09b,250dd5210505b37786ed027019801255965168d5d2263f7a94b970f6b9ba1fc8,False,"[""d39"",""d46"",""d75"",""d76"",""d7""]","[""5705"",""18001"",""85325"",""3878"",""36741""]","[{""docid"":""5705"",""score"":20.159815390653005,""snippet"":"" ... It was announced that Rambin had been cast in another role on All My Children, playing the street-smart but lovable older half sister of Lily Montgomery, Ava Benton, where the role only lasted for two consecutive years. Rambin was the only actress from All My Children to ... "",""title"":""https://www.imdb.com/search/name/?birth_date=1990-01-01,1990-12-31&gender=female""},{""docid"":""18001"",""score"":19.90031820224327,""snippet"":"" ... Men of a Certain Age <\\/span><\\/i>seemed designed to be lost to history. It arrived in December of 2009 (making it barely eligible for this list), a time of year when linear TV shows don't typically premiere, since no one is paying attention. It was part ... "",""title"":""https://www.rollingstone.com/tv-movies/tv-movie-lists/50-best-tv-shows-of-decade-2010s-914737/""},{""docid"":""85325"",""score"":19.73719546522112,""snippet"":"" ... Jekyll and Miss Millicent getting married, and getting to the occasion on time was the former's goal. The normal ending only shows the church.\n\n- Fatal Fury: Real Bout 2: Mai Shiranui's ending involves her finally getting married to her longtime crush Andy Bogard. It turns out ... "",""title"":""https://tvtropes.org/pmwiki/pmwiki.php/Main/WeddingFinale""},{""docid"":""3878"",""score"":19.635516656508038,""snippet"":"" ... If they were dead the whole time, how would they have met characters who were not even on Oceanic 815?\n\nIt definitely creates some brow furrowing. But I've decided that on my tombstone it will say: \""Here lies Damon Lindelof. He was dead the whole time.\"" — As ... "",""title"":""https://www.nytimes.com/interactive/2019/arts/television/best-drama-series.html""},{""docid"":""36741"",""score"":19.570993793665735,""snippet"":"" ... These two groups of characters make up the vast majority of the people who appear on any given soap. There are also characters who appear only for a short time as dictated by a specific storyline, and even characters who may only get a first name and no ... "",""title"":""https://en.wikipedia.org/wiki/Soap_opera""}]"
9,215,2026-09-15T13:19:39.886093+00:00,tv character married 3 times only one child survives,"[""tv"",""character"",""married"",""3"",""times"",""only"",""one"",""child"",""survives""]","""tv"" OR ""character"" OR ""married"" OR ""3"" OR ""times"" OR ""only"" OR ""one"" OR ""child"" OR ""survives""",5,2d7f2ded530dadb72a2a85dd98ea31553f27532a780698bf8d4c47b173d1f00e,a660512fcf80e478ea0a17ee5b99b64e5377fb0d8944ee770a96c97c483da65c,False,"[""d77"",""d78"",""d79"",""d1"",""d80""]","[""78953"",""85765"",""81882"",""60248"",""32327""]","[{""docid"":""78953"",""score"":13.33068435905439,""snippet"":"" ... on Aidy Bryant's Hulu series Shrill and in the 2019 film James vs. His Future Self. In 2023, he joined season 4 of Apple TV+'s critically acclaimed science fiction drama For All Mankind as the character Eli Hobson.\n\nHe and actress Laure Mattos have been married ... "",""title"":""https://people.com/movies/home-alone-cast-where-are-they-now/""},{""docid"":""85765"",""score"":12.961263394559573,""snippet"":"" ... A drama teacher and vocal coach in later years, Harris died of a blood clot to the heart on November 3, 2002, just three days before his 88th birthday. He was survived by his long-time wife (from 1938), Gertrude Bregman, and son Richard (born 1942). He was ... "",""title"":""https://www.imdb.com/search/name/?death_date=2002""},{""docid"":""81882"",""score"":12.856692744663254,""snippet"":"" ... He was married a total of seven times, and fathered eight children.\n\nAfter long battles with ill health, Richard Pryor passed away on December 10th, 2005.- Vincent Schiavelli, selected in 1997 by Vanity Fair as one of the best character actors in America, had made over 120 film ... "",""title"":""https://m.imdb.com/search/name/?death_date=2005&ref_=nmbio""},{""docid"":""60248"",""score"":12.681362216291086,""snippet"":"" ... At that time, Bianca is Erica's first and only child since the Kendall and Josh characters were not created yet. In the storyline, Erica becomes pregnant with Travis Montgomery's child and develops toxemia. The story was written to inform and educate the audience on the details ... "",""title"":""https://en.wikipedia.org/wiki/Erica_Kane""},{""docid"":""32327"",""score"":12.620575907869867,""snippet"":"" ... Gene also appeared in his one-man cabaret show entitled \""Gene Barry in One\"" from time to time.\n\nIn later years he made only occasional TV and stage appearances (bringing back his famous characters Bat Masterson and Amos Burke, much to the enjoyment of his fans), preferring to ... "",""title"":""https://m.imdb.com/search/name/?death_date=2009&ref_=nm_ov_dth_year""}]"
10,230,2026-09-15T13:19:45.579161+00:00,Jane the Virgin Petra Solano marriages children,"[""jane"",""the"",""virgin"",""petra"",""solano"",""marriages"",""children""]","""jane"" OR ""the"" OR ""virgin"" OR ""petra"" OR ""solano"" OR ""marriages"" OR ""children""",5,d7def8eaa8e139ebab8ee647ffa64a7340a7eaf547731d372d017ed42250869b,6a90c7ffbc509e013ac95f8d53e9dd85daba73b4f9f72903df843a1d046cc635,False,"[""d81"",""d82"",""d83"",""d41"",""d84""]","[""9298"",""94609"",""44211"",""67017"",""66000""]","[{""docid"":""9298"",""score"":25.03058290585151,""snippet"":"" ... In 2014, he joined the cast of the rom-com drama show Jane the Virgin. He played one of the main characters, Rafael Solano. He received international recognition from the show, which successfully ran for five seasons (2014–2019). Apart from that, he has also appeared in TV ... "",""title"":""https://www.soapcentral.com/entertainment/list-of-justin-baldonis-movies-and-tv-shows""},{""docid"":""94609"",""score"":23.05187403362758,""snippet"":"" ... It is the adults in the movie that really drives these hated rivals together.\n\nYour comment has not been saved\n\nDirty Dancing\n\n- Release Date\n\n- August 21, 1987\n\n- Runtime\n\n- 100 minutes\n\n- Director\n\n- Emile Ardolino\n\nJane Villanueva & Rafael Solano\n\nJane The Virgin (2014–2019)\n\nJane (Gina Rodriguez) and Rafael (Justin ... "",""title"":""https://screenrant.com/best-enemies-to-lovers-couples-movies-tv/""},{""docid"":""44211"",""score"":21.609311283887074,""snippet"":"" ... 1934)\n\n- 1878 Mirra Richard [The Mother], French-born Indian spiritual leader (Sri Aurobindo), born in Paris, France (d. 1973)\n\n- 1880 Frank Orth, American actor (Boston Blackie, Brothers), born in Philadelphia, Pennsylvania (d. 1962)\n\n- 1880 Waldemar Bonsels, German novelist, children's literature writer (Maya the Bee), and outspoken anti ... "",""title"":""https://www.onthisday.com/birthdays/february/21""},{""docid"":""67017"",""score"":21.419852831439872,""snippet"":"" ... 9 Yael Grobglas (Jane the Virgin)\n\nYael Grobglas added her spin to the twin storyline in the extremely binge-worthy sitcom Jane the Virgin. Petra and Aneszka were polar opposites, both in appearance as well as personality. Petra was a polished, fashionable socialite, while her twin was a ... "",""title"":""https://www.cbr.com/10-actors-multiple-roles-same-show/""},{""docid"":""66000"",""score"":21.10396237158597,""snippet"":"" ... That's why, when Justin, known for his breakout role as Rafael Solano on Jane the Virgin, wasn't being as present a partner or parent, they were able to confront the problem head on.\n\n\""We're sharing this space together and I'm literally seeing my kids ... "",""title"":""https://www.yahoo.com/lifestyle/we-fight-every-day-justin-and-emily-baldoni-share-relationship-ups-and-downs-during-quarantine-200837542.html""}]"
10,237,2026-09-15T13:19:47.972777+00:00,Petra Solano Jane Virgin married times children,"[""petra"",""solano"",""jane"",""virgin"",""married"",""times"",""children""]","""petra"" OR ""solano"" OR ""jane"" OR ""virgin"" OR ""married"" OR ""times"" OR ""children""",5,a3cc211cf6f978d7b705955a0c6008278d3137d8d52ce9c30e490f9dc7575e93,cdcf43fcfb78c14acec480a77466656ff758570ff5d94f94aa9f911d308663c1,False,"[""d81"",""d84"",""d85"",""d83"",""d41""]","[""9298"",""66000"",""58653"",""44211"",""67017""]","[{""docid"":""9298"",""score"":25.030580732291103,""snippet"":"" ... In 2014, he joined the cast of the rom-com drama show Jane the Virgin. He played one of the main characters, Rafael Solano. He received international recognition from the show, which successfully ran for five seasons (2014–2019). Apart from that, he has also appeared in TV ... "",""title"":""https://www.soapcentral.com/entertainment/list-of-justin-baldonis-movies-and-tv-shows""},{""docid"":""66000"",""score"":23.779790971547644,""snippet"":"" ... That's why, when Justin, known for his breakout role as Rafael Solano on Jane the Virgin, wasn't being as present a partner or parent, they were able to confront the problem head on.\n\n\""We're sharing this space together and I'm literally seeing my kids ... "",""title"":""https://www.yahoo.com/lifestyle/we-fight-every-day-justin-and-emily-baldoni-share-relationship-ups-and-downs-during-quarantine-200837542.html""},{""docid"":""58653"",""score"":23.77050373038732,""snippet"":"" ... 1 spot on The New York Times' Best Sellers list in 2021, where it stayed for more than 90 weeks, according to Deadline.\n\nJane the Virgin star Justin Baldoni and his production company Wayfarer Studios optioned the book in 2019, but production on the movie didn't start ... "",""title"":""https://people.com/it-ends-with-us-cast-everything-to-know-7505758""},{""docid"":""44211"",""score"":21.609310278129698,""snippet"":"" ... 1937)\n\n- 1852 Burner Matthews, American academic and critic who established study of theatre (NY Times), born in New Orleans, Louisiana (d. 1929)\n\n- 1855 Alice Freeman Palmer, American educator (President of Wesley College), born in Colesville, New York (d. 1902)\n\n- 1856 Hendrik Petrus Berlage, Dutch architect (Stock exchange Amsterdam ... "",""title"":""https://www.onthisday.com/birthdays/february/21""},{""docid"":""67017"",""score"":21.419852580545324,""snippet"":"" ... of times, Ursula became an unforgettable part of F.R.I.E.N.D.S., a credit to Kudrow's acting prowess.\n\n9 Yael Grobglas (Jane the Virgin)\n\nYael Grobglas added her spin to the twin storyline in the extremely binge-worthy sitcom Jane the Virgin. Petra and ... "",""title"":""https://www.cbr.com/10-actors-multiple-roles-same-show/""}]"
10,241,2026-09-15T13:19:48.614347+00:00,Yael Grobglas Petra Jane the Virgin character,"[""yael"",""grobglas"",""petra"",""jane"",""the"",""virgin"",""character""]","""yael"" OR ""grobglas"" OR ""petra"" OR ""jane"" OR ""the"" OR ""virgin"" OR ""character""",5,228589d2146af3ae637c2044125754caf4048d648fb045e0a91194d3ff02c245,3b4e067a731d177276d021b408f961755485419afa9000cda1cc897f1e3c7581,False,"[""d41"",""d86"",""d87"",""d88"",""d89""]","[""67017"",""499"",""88650"",""1040"",""87976""]","[{""docid"":""67017"",""score"":54.55517953092503,""snippet"":"" ... 9 Yael Grobglas (Jane the Virgin)\n\nYael Grobglas added her spin to the twin storyline in the extremely binge-worthy sitcom Jane the Virgin. Petra and Aneszka were polar opposites, both in appearance as well as personality. Petra was a polished, fashionable socialite, while her twin was a ... "",""title"":""https://www.cbr.com/10-actors-multiple-roles-same-show/""},{""docid"":""499"",""score"":24.341260081614315,""snippet"":"" ... The Dark Knight Rises, Premium Rush | |\n| Katerina Graham | 1989– | Swiss-born American | The Vampire Diaries | |\n| Ari Graynor | 1983– | American | Holy Rollers, Nick and Norah's Infinite Playlist, Whip It | |\n| Eva Green | 1980– | French | The Dreamers, Casino Royale | |\n| Yael Grobglas | 1984– | French-born Israeli | Reign, Jane the Virgin, JeruZalem ... "",""title"":""https://en.wikipedia.org/wiki/List_of_Jewish_actors""},{""docid"":""88650"",""score"":21.49330051306138,""snippet"":"" ... Every couple of years, showrunner Shawn Ryan (The Shield, Timeless, The Unit) teases the idea of reviving the show. So I keep holding out hope that Terriers will be back. —Amy Amatangelo\n\n64. Jane the Virgin\n\nCreated by: Jennie Snyder Urman\n\nStars: Gina Rodriguez, Andrea Navedo, Yael Grobglas ... "",""title"":""https://www.pastemagazine.com/tv/best-of-the-decade/best-tv-shows-2010s""},{""docid"":""1040"",""score"":17.963175490200083,""snippet"":"" ... Koon; Witness Mapanga; Beryl Maritim; Atiya Mosam; Jane Goudge\n\nPages 1-12\n\nKent Buse; Amy Bestman; Siddharth Srivastava; Robert Marten; Sonam Yangchen; Devaki Nambiar\n\nPages 1-10\n\nDevaki Nambiar; Amy Bestman; Siddharth Srivastava; Robert Marten; Sonam Yangchen; Kent Buse\n\nPages 1-7\n\nYuwei Su; Zhengying Liu; Jie Chang ... "",""title"":""https://www.ijhpm.com/volume_720.html""},{""docid"":""87976"",""score"":16.386091920712417,""snippet"":"" ... The Hindustan Times praised the season for how it dealt with the topic of rape, while negatively describing the new characters as \""mere one-dimensional fillers\"". IGN gave the season a positive review, describing it as \""dramatic and insightful\"".\n\nThe fifth season received \""generally favorable reviews\"". On Metacritic ... "",""title"":""https://en.wikipedia.org/wiki/Orange_Is_the_New_Black""}]"
11,256,2026-09-15T13:19:55.082519+00:00,Jane the Virgin cast real life relatives siblings married,"[""jane"",""the"",""virgin"",""cast"",""real"",""life"",""relatives"",""siblings"",""married""]","""jane"" OR ""the"" OR ""virgin"" OR ""cast"" OR ""real"" OR ""life"" OR ""relatives"" OR ""siblings"" OR ""married""",5,6dcfd89a34e78241dd53305cd8bb50191a1e979ae217891bb9be3c1fe34de4a3,fd0535579c55fa660bb9ebc6a1da908f38201a4e5d1de821480a62487f7be734,False,"[""d46"",""d51"",""d52"",""d90"",""d91""]","[""18001"",""49741"",""57372"",""85777"",""22625""]","[{""docid"":""18001"",""score"":20.648587973927548,""snippet"":"" ... Art Streiber.\"",\""image_credit\"":\""NBCU Photo Bank\\/NBCUniversal via\"",\""url\"":\""https:\\/\\/ 10:39:17\"",\""modified\"":\""2019-12-04 14:30:52\"",\""title\"":\""'Jane the Virgin'\"",\""subtitle\"":null,\""slug\"":\""44-jane-the-virgin-914780\"",\""caption\"":\""\"",\""description\"":\""\\n\\t\\t\\t\\t\n\n\\nStreaming on Netflix\\u00a0<\\/em><\\/span><\\/p>\\n ... "",""title"":""https://www.rollingstone.com/tv-movies/tv-movie-lists/50-best-tv-shows-of-decade-2010s-914737/""},{""docid"":""49741"",""score"":20.389338234751396,""snippet"":"" ... the late Peter Fonda and Jane Fonda. Jane spoke openly about her fraught relationship with her dad but later explained that she got some closure at the end of his life, saying, \""Before he died I was able to tell him that I loved him and that I ... "",""title"":""https://www.marieclaire.com/celebrity/celebrities-from-famous-families/""},{""docid"":""57372"",""score"":19.622227364967458,""snippet"":"" ... Frasier Crane\"" as he had \""spent over 20 years\"" of his \""creative life on the Paramount lot\"". In October 2022, Paramount+ officially gave the series a season order of 10 episodes. In January 2023, Jack Cutmore-Scott joined the cast as Freddy Crane. It was also reported that ... "",""title"":""https://en.wikipedia.org/wiki/Frasier""},{""docid"":""85777"",""score"":19.110892597014043,""snippet"":"" ... That was the case for Queen Elizabeth I of England way back in the 16th century. At the age of eight, she announced, \""I will never marry,\"" and didn't change her mind. Known as the \""Virgin Queen,\"" Elizabeth I had her share of suitors but chose not ... "",""title"":""https://www.rd.com/list/famous-people-who-chose-to-stay-single/""},{""docid"":""22625"",""score"":18.63910129066772,""snippet"":"" ... quiz show You Bet Your Life (1947-1961).\n\n5. The Barrymores\n\nIt began in 1874, when Maurice Barrymore moved from England to New York City and made his Broadway debut alongside actress Georgiana Drew, herself the daughter of an acting family. They married in 1876, and their three ... "",""title"":""https://www.vanityfair.com/hollywood/2017/09/hollywood-family-legacies?srsltid=AfmBOorr9EDtwps6mL_PL0r-4XUOinYAuqJ0Cy6eNzYb5rTkuRkGZRIX""}]"
11,261,2026-09-15T13:19:57.716242+00:00,Gina Rodriguez real life relative cast Jane Virgin,"[""gina"",""rodriguez"",""real"",""life"",""relative"",""cast"",""jane"",""virgin""]","""gina"" OR ""rodriguez"" OR ""real"" OR ""life"" OR ""relative"" OR ""cast"" OR ""jane"" OR ""virgin""",5,e4e85a6e80584809863d96f18d1851e67040501ddff60d94deda5059b419efe1,9c04697555977615a030dde6c47b13eee331ca3f2a566396fbb8d7e454cd19d2,False,"[""d46"",""d49"",""d92"",""d93"",""d94""]","[""18001"",""21678"",""18929"",""87588"",""74759""]","[{""docid"":""18001"",""score"":28.550988421506638,""snippet"":"" ... title\"":\""'Jane the Virgin'\"",\""subtitle\"":null,\""slug\"":\""44-jane-the-virgin-914780\"",\""caption\"":\""\"",\""description\"":\""\\n\\t\\t\\t\\t\n\n\\nStreaming on Netflix\\u00a0<\\/em><\\/span><\\/p>\\n<\\/div>\"",\""alt\"":\""Jane The Virgin -- \\\""Chapter Eighty-Six\\\"" -- Image Number: JAV505a_0356.jpg -- Pictured (L-R): Gina Rodriguez as Jane and ... "",""title"":""https://www.rollingstone.com/tv-movies/tv-movie-lists/50-best-tv-shows-of-decade-2010s-914737/""},{""docid"":""21678"",""score"":26.90675124485871,""snippet"":"" ... Son In Supernatural, Jeffrey Dean Morgan And Jensen Ackles, Were Born Just 12 Years Apart\n\nIn Jane The Virgin, Andrea Navedo Is Only Seven Years Older Than Her Daughter, Gina Rodriguez\n\nIt's pretty obvious from the start Andrea is too young to play mother of anyone older ... "",""title"":""https://www.boredpanda.com/age-difference-parent-vs-child-movies/""},{""docid"":""18929"",""score"":26.084336051586053,""snippet"":"" ... 7.Gina Rodriguez was 29 when Jane the Virgin started filming.\n\nAndrea Navedo was 36 when it started filming.\n\nIn Jane the Virgin, Andrea Navedo and Gina Rodriguez played mother and daughter, despite having only a seven-year age gap.\n\n8.Taron Egerton was 28 when Rocketman, started ... "",""title"":""https://www.buzzfeed.com/ajanibazile/parent-child-actor-age-gaps""},{""docid"":""87588"",""score"":25.97881785050216,""snippet"":"" ... 7.Gina Rodriguez was 29 when Jane the Virgin started filming.\n\nAndrea Navedo was 36 when it started filming.\n\nIn Jane the Virgin, Andrea Navedo and Gina Rodriguez played mother and daughter, despite having only a seven-year age gap.\n\n8.Taron Egerton was 28 when Rocketman, started ... "",""title"":""https://www.yahoo.com/entertainment/25-age-gaps-between-actors-142149944.html""},{""docid"":""74759"",""score"":25.800323742281762,""snippet"":"" ... Jane Villanueva — Spanish\n\nJane the Virgin is the CW's modern remake of a classic Venezuelan telenovela, Juana la Virgen. The CW version, which has become very popular in the United States, stars Gina Rodriguez as the titular character, Jane Villanueva.\n\nJane is fully bilingual in Spanish and ... "",""title"":""https://www.babbel.com/en/magazine/fictional-characters-language/""}]"
11,267,2026-09-15T13:19:58.389436+00:00,Jane the Virgin actor real life spouse sibling cast member,"[""jane"",""the"",""virgin"",""actor"",""real"",""life"",""spouse"",""sibling"",""cast"",""member""]","""jane"" OR ""the"" OR ""virgin"" OR ""actor"" OR ""real"" OR ""life"" OR ""spouse"" OR ""sibling"" OR ""cast"" OR ""member""",5,9f08f4874620709ba63663d8a83b6315a2263f89f0682286aa6f1de8d0aa504f,7be3edf16672b9d6c2ede1cb67c67ac5c816e79a2aaf6bcbf08e7ac184333e3b,False,"[""d46"",""d95"",""d91"",""d96"",""d54""]","[""18001"",""99992"",""22625"",""50327"",""4824""]","[{""docid"":""18001"",""score"":22.56315652759727,""snippet"":"" ... feel like a competitive crying event, for both viewers and the deep, versatile cast playing the huge but pathologically close-knit members of the Braverman clan. (Of the actors, Mae Whitman was the undisputed weeping champ.) As the Bravermans grappled with a wide swath of issues \\u2014 infertility ... "",""title"":""https://www.rollingstone.com/tv-movies/tv-movie-lists/50-best-tv-shows-of-decade-2010s-914737/""},{""docid"":""99992"",""score"":22.323287572498053,""snippet"":"" ... Evans appeared in three movies with actor Farley Granger. Her first film with him was as the title role in Roseanna McCoy (1949), based on the real-life romance between two members of the Hatfield-McCoy feud. She gained the role after producer Samuel Goldwyn conducted a national ... "",""title"":""https://www.wiclarkcountyhistory.org/0data/11/11212.htm""},{""docid"":""22625"",""score"":21.410975762045695,""snippet"":"" ... Peter's daughter, Bridget Fonda, and Jane's son, Troy Garity, both actors, continue the family legacy into a third generation.\n\n7. The Murdochs\n\nBy the time Rupert Murdoch came to Hollywood, acquiring a struggling 20th Century Fox in 1985, he had already dominated print and broadcast media ... "",""title"":""https://www.vanityfair.com/hollywood/2017/09/hollywood-family-legacies?srsltid=AfmBOorr9EDtwps6mL_PL0r-4XUOinYAuqJ0Cy6eNzYb5rTkuRkGZRIX""},{""docid"":""50327"",""score"":21.05727768029416,""snippet"":"" ... Patricia Arquette & Thomas Jane\n\nHow the Movie Ended in Divorce\n\n\""Boyhood\"" was an extraordinary cinematic experiment unlike any other, as its main character Mason (Ellar Coltrane) ages not only in the film but in real life. Writer-director Richard Linklater (of the \""Before\"" trilogy and \""Dazed and Confused ... "",""title"":""https://familyminded.com/s/movies-ended-divorce-celebrity-couples-910fccfeff094145""},{""docid"":""4824"",""score"":20.46950803328165,""snippet"":"" ... of the cast were \""New York actors who were doing me a favor.\"" He also commented that he and Miller clashed significantly, describing her as \""really difficult to work with... A real nightmare.\"" Despite this, he conceded: \""Linda is an excellent actor; they all are.\""\n\nFilming\n\nThe film ... "",""title"":""https://en.wikipedia.org/wiki/Alice,_Sweet_Alice""}]"
12,280,2026-09-15T13:20:03.842589+00:00,actor plays alongside real life daughter son tv series unrelated characters,"[""actor"",""plays"",""alongside"",""real"",""life"",""daughter"",""son"",""tv"",""series"",""unrelated"",""characters""]","""actor"" OR ""plays"" OR ""alongside"" OR ""real"" OR ""life"" OR ""daughter"" OR ""son"" OR ""tv"" OR ""series"" OR ""unrelated"" OR ""characters""",5,8e457fc91c20ebdfdfe01466773716c52f9d46f394618c1fea095a10c4d885fc,778a349be85fbd49c0e4e631313440c4dde45dd473ccebd6809d74364411470e,False,"[""d97"",""d98"",""d53"",""d99"",""d100""]","[""80216"",""64629"",""11078"",""55772"",""78415""]","[{""docid"":""80216"",""score"":22.35484485150405,""snippet"":"" ... Ron Ely\n\nActor Ron Ely, best known for his role on the TV series \""Tarzan,\"" died on Sept. 29.\n\nHe passed away in a home near Santa Barbara, Calif. that belonged to one of his daughters, according to The New York Times.\n\nHe was 86.\n\nMichael Kelcourse\n\nMichael ... "",""title"":""https://pagesix.com/celebrity-news/celebrity-deaths-2024/""},{""docid"":""64629"",""score"":22.24831247422224,""snippet"":"" ... the first Japanese animated TV series produced in the aesthetic that would later become popular worldwide as anime. Created by a scientist to replace his deceased son, Astro is a powerful android who fights evil of all shapes. In three different remakes characters are shown to have different ... "",""title"":""https://www.boredpanda.com/60s-cartoons/""},{""docid"":""11078"",""score"":22.183610662027917,""snippet"":"" ... see her acting alongside her kid. The resemblance between her and Skye is uncanny. Chloe Bennet, who's mixed-race in real life, really does look like she could be the daughter of Lachmann and Kyle MacLachlan.\n\n- Adam Faison, the Time-Shifted Actor who played a young version ... "",""title"":""https://tvtropes.org/pmwiki/pmwiki.php/Main/SeparatedAtBirthCasting""},{""docid"":""55772"",""score"":21.866716626775624,""snippet"":"" ... He became a reliable character actor (often in Westerns in which he often played the villain), but hit the big time when he was offered the role of the somewhat irascible Dr. Leonard \""Bones\"" McCoy on the television series Star Trek (1966). He later reprised his role for ... "",""title"":""https://www.imdb.com/search/name/?birth_year=1920""},{""docid"":""78415"",""score"":21.80140166150125,""snippet"":"" ... Olyphant plays one of several real-life characters in Once Upon a Time in Hollywood, as Jim Stacy, star of the little-known Western series Lancer, which Dalton guest stars on. The film is a surprisingly touching love letter to this era in television and moviemaking while also ... "",""title"":""https://screenrant.com/timothy-olyphant-best-movies-tv-shows/""}]"
12,287,2026-09-15T13:20:04.667493+00:00,real life mother daughter actors same tv show not related on screen,"[""real"",""life"",""mother"",""daughter"",""actors"",""same"",""tv"",""show"",""not"",""related"",""on"",""screen""]","""real"" OR ""life"" OR ""mother"" OR ""daughter"" OR ""actors"" OR ""same"" OR ""tv"" OR ""show"" OR ""not"" OR ""related"" OR ""on"" OR ""screen""",5,162e4b35806545a5cb678d9bc576de78a7a77659af8c16cb1ede79f4b0ae8c77,0e6e794f4b285ceab2717f859f0a4a14a93ea2d4cf3bfbb4f965786245f74266,False,"[""d101"",""d79"",""d53"",""d102"",""d30""]","[""69831"",""81882"",""11078"",""51536"",""53008""]","[{""docid"":""69831"",""score"":18.48136719916876,""snippet"":"" ... mother of Lea Michele, who, in real life is 25 years old,\"" Menzel told \""The Talk\"" in 2012. \""I was like, 'This is not the best day of my life.'\""\n\nEven though Al Lewis played Grandpa on \""The Munsters,\"" he was a year younger than his TV daughter ... "",""title"":""https://www.businessinsider.com/age-difference-tv-movie-parents-kids-2018-5""},{""docid"":""81882"",""score"":17.55117095108259,""snippet"":"" ... On the big screen, he is perhaps best remembered as Harry Callahan's Chief of Police in the original Dirty Harry (1971). - Actor\n\n- Director\n\n- Writer\n\nFrank John Gorshin, Jr. was born on April 5, 1933 in Pittsburgh, Pennsylvania. His father was a railroad worker and his mother, Frances ... "",""title"":""https://m.imdb.com/search/name/?death_date=2005&ref_=nmbio""},{""docid"":""11078"",""score"":17.464175813537757,""snippet"":"" ... Chloe Bennet, who's mixed-race in real life, really does look like she could be the daughter of Lachmann and Kyle MacLachlan.\n\n- Adam Faison, the Time-Shifted Actor who played a young version of Agent Jasper Sitwell in one episode of Season 5, not only bears a ... "",""title"":""https://tvtropes.org/pmwiki/pmwiki.php/Main/SeparatedAtBirthCasting""},{""docid"":""51536"",""score"":17.36784438436574,""snippet"":"" ... Unfortunately, Ryan was reportedly jealous of his daughter's success, and the affection on-screen didn't transfer over into the real world. The two grew estranged as the elder O'Neal struggled with drug addiction, and he admitted later that he didn't even recognize Tatum when ... "",""title"":""https://collider.com/galleries/celebrity-children-parents-movies/""},{""docid"":""53008"",""score"":17.251526754350465,""snippet"":"" ... He also appeared on Jennifer Lopez's TV show, Shades of Blue, which ended after three seasons. Liotta is survived by his daughter, Karsen and his fiancée Jacy Nittolo.\n\nJohn Zderko\n\nThe actor -- best known for his work in TV dramas including The Mentalist, Bosch: Legacy, and 9 ... "",""title"":""https://www.etonline.com/gallery/stars-weve-lost-in-2022-177426""}]"
12,292,2026-09-15T13:20:05.977080+00:00,actor real life child cast same series different family,"[""actor"",""real"",""life"",""child"",""cast"",""same"",""series"",""different"",""family""]","""actor"" OR ""real"" OR ""life"" OR ""child"" OR ""cast"" OR ""same"" OR ""series"" OR ""different"" OR ""family""",5,f22cf3a254c6becda7bdc071cdb067d78a2f61056128bf496b56bef8ebb0a75e,0c2a5fc81144ac45fe1756d452ef681295168fd36c17062ec83ec844ac225b9d,False,"[""d9"",""d53"",""d103"",""d104"",""d77""]","[""88468"",""11078"",""81480"",""51239"",""78953""]","[{""docid"":""88468"",""score"":13.44094676264342,""snippet"":"" ... A character and their disguised self are played by separate actors.\n\n- Cast Full of Writers: A show or movie where the main cast also serve as the writers of the piece.\n\n- Cast Incest: Family members are played by actors who are in a relationship in real life.\n\n- Cast ... "",""title"":""https://tvtropes.org/pmwiki/pmwiki.php/Main/CharactersAndCasting""},{""docid"":""11078"",""score"":13.311237947440613,""snippet"":"" ... same eyes as Rebecca Romijn.\n\n- The Untamed:\n\n- Although they were cast as either uncle and nephew or father and son, the resemblance between actors Qi Peixin (Jin Ling), Zhu Zanjin (Jin Guangyao), and Cao Yuchen (Jin Zixuan) is so uncanny that — given their ages in Real Life — you ... "",""title"":""https://tvtropes.org/pmwiki/pmwiki.php/Main/SeparatedAtBirthCasting""},{""docid"":""81480"",""score"":12.999741363762292,""snippet"":"" ... Dawson Casting\ndate: 1998-01-01\n---\nHigh school students in live-action films and shows very often look older than their real-life counterparts for a very good reason: they are often played by actors who are old enough to have finished high school. This practice has been ... "",""title"":""https://tvtropes.org/pmwiki/pmwiki.php/Main/DawsonCasting""},{""docid"":""51239"",""score"":12.95188761715685,""snippet"":"" ... Fields has remained a mainstay on television, including a brief stint as a cast member on \""The Real Housewives of Atlanta\"" and a starring role on Netflix's \""The Upshaws\"" since 2021.\n\nCorey Feldman\n\nAs famous as he is infamous, child actor Corey Feldman began his career as ... "",""title"":""https://stacker.com/stories/celebrities/iconic-child-stars-70s""},{""docid"":""78953"",""score"":12.847125534105281,""snippet"":"" ... In 1991, Pesci earned an Oscar for Best Supporting Actor for his portrayal of real-life gangster Tommy DeVito in Goodfellas and two additional nominations in the same category for Raging Bull (1980) and The Irishman. Apart from acting, Pesci has dappled in music, having released three studio ... "",""title"":""https://people.com/movies/home-alone-cast-where-are-they-now/""}]"
13,305,2026-09-15T13:20:11.394961+00:00,Grey's Anatomy character married three times children died,"[""grey"",""s"",""anatomy"",""character"",""married"",""three"",""times"",""children"",""died""]","""grey"" OR ""s"" OR ""anatomy"" OR ""character"" OR ""married"" OR ""three"" OR ""times"" OR ""children"" OR ""died""",5,3559dd1e56c98edc3d6def6940efe0a4b0e740b6038ca14ed78f244c17339719,86c625e024cca8e93c114d218469446f08ae31ce183d0a454e785c84d45f2455,False,"[""d105"",""d106"",""d107"",""d108"",""d109""]","[""99983"",""15009"",""77586"",""7460"",""35496""]","[{""docid"":""99983"",""score"":20.31466045802277,""snippet"":"" ... He later appeared in episodes of Friends (1994), Grey's Anatomy (2005) and Crazylove (2005).\n\nHe has been married three times (most recently to Angela Imperato since 2000) and has three children.\n\nValerie Landsburg as Doris Schwartz\n\nValerie Landsburg became a globally-recognized star playing Doris Schwartz in ... "",""title"":""https://www.yahoo.com/lifestyle/fame-tv-show-cast-see-151938446.html""},{""docid"":""15009"",""score"":19.50809878659553,""snippet"":"" ... Drama Series (Grey's Anatomy), Screen Actors Guild (2006)\n\n- Outstanding Performance by an Ensemble in a Drama Series (Grey's Anatomy), Screen Actors Guild (2007)\n\n- ACTRA Award of Excellence, ACTRA (2009)\n\n- Favorite TV Character We Miss Most (Dr. Christina Yang, Grey's Anatomy), People's Choice Awards (2015 ... "",""title"":""https://www.thecanadianencyclopedia.ca/en/article/sandra-oh""},{""docid"":""77586"",""score"":19.250968291820623,""snippet"":"" ... Grey's Anatomy\"". She has also lent her voice to several episodes of the popular Disney Channel series, \""Sofia The First.\""\n\nIn addition to acting, Smollett is an activist for HIV/AIDS causes and Time's Up. She also serves on the Board of Directors for the Children ... "",""title"":""https://www.imdb.com/date/10-01/births""},{""docid"":""7460"",""score"":18.556839526881785,""snippet"":"" ... Many other characters either left Grey Sloan Memorial Hospital (formerly Seattle Grace Hospital) or have been killed off but a few ended up in a Grey's Anatomy spin-off. There have been three Grey's Anatomy spin-off shows, which were met with mixed levels of success ... "",""title"":""https://screenrant.com/greys-anatomy-spinoff-shows-timeline-connections-explained/""},{""docid"":""35496"",""score"":18.422993665688722,""snippet"":"" ... Grey's Anatomy superbly portrays the effect of losing patients and the importance of attending to one's physical and mental health. Characters in Grey's Anatomy and The Resident lose loved ones to COVID-19; in the latter, this loss is also tainted with the suspicion of ... "",""title"":""https://jamanetwork.com/journals/jama/fullarticle/2787497""}]"
13,313,2026-09-15T13:20:13.033913+00:00,Grey's Anatomy character lost child only one survives multiple marriages,"[""grey"",""s"",""anatomy"",""character"",""lost"",""child"",""only"",""one"",""survives"",""multiple"",""marriages""]","""grey"" OR ""s"" OR ""anatomy"" OR ""character"" OR ""lost"" OR ""child"" OR ""only"" OR ""one"" OR ""survives"" OR ""multiple"" OR ""marriages""",5,c8a75d74ede90888d980acf473f491578213bb38d0afa911852b6817b21fee1b,f245f3e2a7ea51f4be5ad0f663545b160da78b57b867e70ec2c8628d1a656af0,False,"[""d110"",""d76"",""d111"",""d112"",""d113""]","[""68225"",""3878"",""6695"",""93432"",""72500""]","[{""docid"":""68225"",""score"":21.89163945285383,""snippet"":"" ... Between bomb blasts and patient attacks and hospital shooters and multiple visits from the Grim Reaper, our poor Mer must be the unluckiest character on TV. Just scroll down to see all the misfortune and tragedy that has befallen Dr. Grey over the years…\n\nWhen she has to ... "",""title"":""https://www.tvinsider.com/979458/greys-anatomy-meredith-covid-near-death-traumas/""},{""docid"":""3878"",""score"":21.603486376106467,""snippet"":"" ... MIKE HALE\n\nStream on Amazon.\n\n2005-present\n\nGrey's Anatomy\n\nBecause we all need our \""person.\""\n\nMore tears have been shed over \""Grey's Anatomy\"" than any other prime time drama. It's been on longer than almost anything else, and it's also embraced tragedy, plucked heartstrings ... "",""title"":""https://www.nytimes.com/interactive/2019/arts/television/best-drama-series.html""},{""docid"":""6695"",""score"":21.186332486181076,""snippet"":"" ... Grey's Anatomy\n\nLike most daughters of 'narcissistic mothers', Meredith Grey never felt loved. She spends much of the series living in the shadow of her emotionally unavailable mother and famous surgeon Ellis Grey. As the series progresses, she is finally able to carve out her own path ... "",""title"":""https://www.jodiegale.com/50-on-screen-mothers-and-daughters-a-collection-of-movies-and-tv-series-showing-the-many-facets-of-the-mother-daughter-relationship/""},{""docid"":""93432"",""score"":20.820648573870354,""snippet"":"" ... As the characters and universe of The Walking Dead live on in the new series, it's unlikely that the original show will be forgotten anytime soon.\n\n|\n\nTItle |\n\nRotten Tomatoes Critic Score |\n\nRotten Tomatoes Audience Score |\n\n|\n\nThe Walking Dead (2010–2022) |\n\n79% |\n\n78% |\n\n3 Grey's Anatomy (2005 ... "",""title"":""https://screenrant.com/tv-shows-ruled-world-airing-list/""},{""docid"":""72500"",""score"":20.595299431383793,""snippet"":"" ... s marriage to King George of England ushers in an epic love story and transforms high society. [More]\n\n#41\n\nSynopsis: Helen embarks on a passionate affair with a man who has no idea what her secret identity is; caught in [More]\n\n#42\n\nSynopsis: Even for a cartoon character ... "",""title"":""https://editorial.rottentomatoes.com/guide/best-netflix-shows-and-movies-to-binge-watch-now/""}]"
13,320,2026-09-15T13:20:14.603930+00:00,Grey's Anatomy cast real life relative sibling spouse same show,"[""grey"",""s"",""anatomy"",""cast"",""real"",""life"",""relative"",""sibling"",""spouse"",""same"",""show""]","""grey"" OR ""s"" OR ""anatomy"" OR ""cast"" OR ""real"" OR ""life"" OR ""relative"" OR ""sibling"" OR ""spouse"" OR ""same"" OR ""show""",5,8326bbed976c9b5745abd8e3abb0156df6454ff7ffadcea6f94263c71257242c,924bb221d54afef3533f86d73bd86df8939acb53289c765628636aff8208f23a,False,"[""d10"",""d114"",""d115"",""d116"",""d117""]","[""51230"",""26864"",""46"",""5959"",""39235""]","[{""docid"":""51230"",""score"":21.44003282808017,""snippet"":"" ... The award show was held in March 2017 in Lagos State. The same year, Roberts was featured in season 4 of the hit American TV show Brooklyn Nine-Nine; he portrayed the character of Jimmy Figgis. He played Robert Avery in Grey's Anatomy.\n\nIn 2017, he had ... "",""title"":""https://en.wikipedia.org/wiki/Eric_Roberts""},{""docid"":""26864"",""score"":21.22892995480385,""snippet"":"" ... only Stone sibling with children — in the film, she has a daughter, and she is pregnant during the holidays.\n\nReaser recently appeared in \""The Haunting of Hill House.\""\n\nTo many, Reaser, 47, will always be Jane Doe/Ava/Rebecca from season three of \""Grey's Anatomy.\"" To many ... "",""title"":""https://www.businessinsider.com/the-family-stone-cast-then-and-now""},{""docid"":""46"",""score"":21.176244348629904,""snippet"":"" ... With Ellen Pompeo's Meredith Grey as the show's heart and moral compass, Grey's Anatomy successfully navigated the departures of several original cast members, including male lead Patrick Dempsey, while reinventing itself. Dempsey is back this season, helping Grey's to once again dominate the pop ... "",""title"":""https://deadline.com/2020/12/most-influential-tv-series-21st-century-so-far-deadline-list-1234662438/""},{""docid"":""5959"",""score"":21.09227640548635,""snippet"":"" ... cast with Ellen Pompeo serving as titular character Meredith Grey, who provides narration for a majority of the series' episodes.\n\nIn 2007, Rhimes created and produced the Grey's Anatomy spin-off series Private Practice, which debuted September 26, 2007, on ABC. The show chronicles the life of ... "",""title"":""https://en.wikipedia.org/wiki/Shonda_Rhimes""},{""docid"":""39235"",""score"":21.055399240483737,""snippet"":"" ... An ensemble series, Grey's Anatomy also followed other surgical interns, residents, and attendings, including Sandra Oh's Dr. Christina Yang, Meredith's best friend, and Dr. Derek Shepherd (Patrick Dempsey), Meredith's love interest. Steamy and sentimental, Grey's also uses its enduring platform to tackle real ... "",""title"":""https://screenrant.com/most-influential-tv-shows-2000s/""}]"
14,335,2026-09-15T13:20:19.847177+00:00,This Is Us character married multiple times children died,"[""this"",""is"",""us"",""character"",""married"",""multiple"",""times"",""children"",""died""]","""this"" OR ""is"" OR ""us"" OR ""character"" OR ""married"" OR ""multiple"" OR ""times"" OR ""children"" OR ""died""",5,c39d8235e7e3deeb4845ddee87ffcdb9ba3ff53aa962c2481344659993d4c6a1,41f1975a0be5ffca2fa59731a8607d370f1fcca5d42fb487668df7c13b304fa7,False,"[""d118"",""d119"",""d120"",""d121"",""d122""]","[""27007"",""11779"",""52027"",""92952"",""10385""]","[{""docid"":""27007"",""score"":11.285021441679415,""snippet"":"" ... He would use his love of baseball and advocacy for MS to help publish reviews of handicap accessible areas in different ballparks.\n\nPersonal Life[]\n\nLander was married to Thea Markus from 1969 until the couple divorced in 1976. He married Kathy Fields in 1979. His daughter is actress ... "",""title"":""https://marriedwithchildren.fandom.com/wiki/David_L._Lander""},{""docid"":""11779"",""score"":11.136553237348334,""snippet"":"" ... died on July 9, 2005.\n\nDean Butler as Almanzo James Wilder\n\nDean Butler portrayed the character Almanzo Wilder, who later married Laura. Almanzo, lovingly called \""Manly\"" by Laura, also attracted the attention of Nellie Oleson and other young ladies in Walnut Grove.\n\nButler has appeared in multiple TV ... "",""title"":""https://people.com/little-house-on-the-prairie-cast-where-are-they-now-8603014""},{""docid"":""52027"",""score"":11.04752946870391,""snippet"":"" ... He died over 30 years later, in 2004.\n\nFrank Sinatra is another old Hollywood star who seemingly loved to walk down the aisle — he was married four times.\n\nOl' Blue Eyes himself was married four times: to Nancy Barbato from 1939 to 1951; Ava Gardner from 1951 to ... "",""title"":""https://www.businessinsider.com/celebrities-married-three-or-more-times""},{""docid"":""92952"",""score"":10.990592275734238,""snippet"":"" ... are inherently sexist.\n\nCharacters\n\n* Ramatoulaye: The widowed Senegalese woman who, after 30 years of marriage and 12 children, narrates the story of her psychological abandonment by her husband, who marries a second wife. Ramatoulaye physically distances herself from Modou who dies four years after this second marriage. Ramatoulaye ... "",""title"":""https://en.wikipedia.org/wiki/So_Long_a_Letter""},{""docid"":""10385"",""score"":10.890115434993987,""snippet"":"" ... Personal life\n\nLander was married to Thea Markus from 1969 until the couple divorced in 1976. He married Kathy Fields in 1979. His daughter is actress Natalie Lander.\n\nHealth\n\nLander was diagnosed with multiple sclerosis at Cedars-Sinai Medical Center in Los Angeles in 1984. He went public ... "",""title"":""https://en.wikipedia.org/wiki/David_Lander""}]"
14,343,2026-09-15T13:20:21.704110+00:00,This Is Us Kate Kevin Randall marriages children,"[""this"",""is"",""us"",""kate"",""kevin"",""randall"",""marriages"",""children""]","""this"" OR ""is"" OR ""us"" OR ""kate"" OR ""kevin"" OR ""randall"" OR ""marriages"" OR ""children""",5,a3eb0e2005fb730e24d479a3d7df7ab9ed3a661ef09b2bdadfc8ce68c7774268,5d57e2d6e4787471c6a05b0b928b1cdf9dd51519dbb78f1c04f7238239e138fb,False,"[""d123"",""d124"",""d125"",""d126"",""d127""]","[""66026"",""43217"",""88686"",""4640"",""25792""]","[{""docid"":""66026"",""score"":22.739310349865796,""snippet"":"" ... This Is Us - Amazon Prime\n\nThis Is Us tells the heart-warming and emotional story of the Pearson triplets, Randall (Sterling K. Brown), Kate (Chrissy Metz) and Kevin (Justin Hartley), known as 'the big three', and their parents Jack (Milo Ventimiglia) and Rebecca (Mandy Moore).\n\nTaking place in ... "",""title"":""https://rts.org.uk/article/best-tv-shows-about-parenting""},{""docid"":""43217"",""score"":20.35624194860494,""snippet"":"" ... Mark Duplass, Sarah Paulson\n\nCrazy, Stupid, Love. (2001)\n\nLong before Dan Fogelman was tugging on our heartstrings with This Is Us, he gave Hollywood a taste of what he could do with Crazy, Stupid, Love. The film stars Ryan Gosling as Jacob, a super-smooth chick magnet who ... "",""title"":""https://ew.com/movies/best-romantic-movies-netflix/?srsltid=AfmBOorWWTNWSVWQOmC1Pom3TWsMRNDmR6uK-3KLjCoqlq4CE4FnWO9H""},{""docid"":""88686"",""score"":18.51432783150185,""snippet"":"" ... Hoffman | Captain Hook | Hook | |\n| 1991 | Kevin Kline | Jeffrey Anderson / Rod Randall | Soapdish | |\n| 1992 | Tim Robbins | Griffin Mill | The Player | |\n| 1992 | Nicolas Cage | Jack Singer | Honeymoon in Vegas | |\n| 1992 | Billy Crystal | Buddy Young Jr. | Mr. Saturday Night | |\n| 1992 | Marcello Mastroianni | Joe Meledandri | Used People | |\n| 1992 | Tim Robbins | Bob Roberts ... "",""title"":""https://en.wikipedia.org/wiki/Golden_Globe_Award_for_Best_Actor_in_a_Motion_Picture_%E2%80%93_Musical_or_Comedy""},{""docid"":""4640"",""score"":18.428898401835905,""snippet"":"" ... do this,' which I think is, quite frankly, incredibly ballsy. Because you could be made a fool of, or you could look silly, and there will be people who say, 'That's crazy; he should never have done it.'\""\n\nAfter talking to the multiple agents of Kate Winslet ... "",""title"":""https://en.wikipedia.org/wiki/Movie_43""},{""docid"":""25792"",""score"":17.73606455802791,""snippet"":"" ... Following the box office section, this list is organized chronologically, providing information on release dates, production companies, directors, and principal cast members.\n\nBox office\n\nThe highest-grossing American films released in 2023, by domestic box office gross revenue, are as follows:\n\n**Table 1**: Highest-grossing films of 2023 ... "",""title"":""https://en.wikipedia.org/wiki/List_of_American_films_of_2023""}]"
14,351,2026-09-15T13:20:23.099492+00:00,This Is Us cast real life relative sibling same show,"[""this"",""is"",""us"",""cast"",""real"",""life"",""relative"",""sibling"",""same"",""show""]","""this"" OR ""is"" OR ""us"" OR ""cast"" OR ""real"" OR ""life"" OR ""relative"" OR ""sibling"" OR ""same"" OR ""show""",5,53d7f56c7369405cd37644c1c79ffc3970c26d2bcb8cdf5eacaceb6a13ff109d,40aa8f4e241f65d513a0d2f39e23f3fddae8faac80a9cba02a3f8a00e190b0b7,False,"[""d53"",""d66"",""d68"",""d67"",""d128""]","[""11078"",""1808"",""36128"",""62963"",""16947""]","[{""docid"":""11078"",""score"":13.12615807764226,""snippet"":"" ... version of the same character. And sometimes, they find someone that looks so uncannily like the original actor that it comes as a surprise to the viewers that the two aren't actually related.\n\nNot to be confused with Real-Life Relative, which is when the actors actually ... "",""title"":""https://tvtropes.org/pmwiki/pmwiki.php/Main/SeparatedAtBirthCasting""},{""docid"":""1808"",""score"":13.069529944091217,""snippet"":"" ... Every-time one hears of all the onerous editing of producing movie \""twins\"" always mumble/wondered: \""Why the hell didn't they just cast (real) twins!?\""\n\n\""Why the hell didn't they just cast (real) twins!?\""\n\nI admire James Cameron's use of practical effects in this regard ... "",""title"":""https://bbs.boingboing.net/t/how-hollywood-has-produced-twins-scenes-for-a-century/191653""},{""docid"":""36128"",""score"":12.779974921264001,""snippet"":"" ... It is also has the format of mystery drama, in which the participants should guess the identity of the other's blood relatives. The siblings who appear in My Sibling's Romance pretend not to know who their siblings are. This is the first dating reality show to ... "",""title"":""https://en.wikipedia.org/wiki/My_Sibling%27s_Romance""},{""docid"":""62963"",""score"":12.647726977869434,""snippet"":"" ... they more than occasionally like to cast actors who are actually related to one another in real life, or are married and have decided to form a new family with one another.\n\nWhether these two relatives show up on the same show or not depends on the specifics ... "",""title"":""https://screenrant.com/cw-stars-family/""},{""docid"":""16947"",""score"":12.286678019475092,""snippet"":"" ... All of the other \""regions\"" for locations for where both of us are from match. Is this possible?\n\nAbsolutely. 1% can be noise and if it is accurate, your half sibling might not have inherited that segment from the same parent.\n\nHi Roberta: I got matched with a ... "",""title"":""https://dna-explained.com/2019/04/03/full-or-half-siblings/""}]"
15,363,2026-09-15T13:20:29.428484+00:00,Jane the Virgin Rogelio marriages wives children,"[""jane"",""the"",""virgin"",""rogelio"",""marriages"",""wives"",""children""]","""jane"" OR ""the"" OR ""virgin"" OR ""rogelio"" OR ""marriages"" OR ""wives"" OR ""children""",5,bc25f94f878fef2b08598c6a683767868f4703e7cbdc79e769230003b7aee38a,41a3446c75fef6c4fd9153bbe53555f98eb1d8f9f78e85fc9b47c33176d132a2,False,"[""d129"",""d130"",""d131"",""d132"",""d133""]","[""96228"",""19927"",""43353"",""73303"",""37321""]","[{""docid"":""96228"",""score"":20.738720752330792,""snippet"":"" ... the deposition of Kat Ashley, Catherine appears not only to have acquiesced in episodes of horseplay, but actually to have assisted her husband.Deposition of Katherine Ashley in ; Christopher Hibbert (1990) The Virgin Queen; Antonia Fraser (1992) The Six Wives of Henry VIII; Alison Weir (1996) Children of ... "",""title"":""https://en.wikipedia.org/wiki/Catherine_Parr""},{""docid"":""19927"",""score"":19.464078572215843,""snippet"":"" ... Henry VII's wives in order were:\n\n- Catherine of Aragon\n\n- Anne Boleyn\n\n- Jane Seymour\n\n- Anne of Cleves\n\n- Catherine Howard\n\n- Catherine Parr\n\nThe First Wife: Henry VIII and Catherine of Aragon\n\nName: Catherine of Aragon\n\nMarriage Dates: 1509–1533\n\nChildren: Henry, Duke of Cornwall; Mary I of England\n\nHenry ... "",""title"":""https://study.com/academy/lesson/henry-vii-the-kings-great-matter-and-the-succession-acts.html""},{""docid"":""43353"",""score"":19.282476054305537,""snippet"":"" ... 1536 - 1537 (Died)\n\nSurviving Children: Edward VI\n\nIn May 1536, Henry married Jane Seymour. Unlike his previous wives, Jane never had a coronation and so was never crowned queen. In October 1537, Henry finally got his wish with Jane giving birth to the future King Edward VI. Sadly ... "",""title"":""https://www.rmg.co.uk/stories/royal-history/who-were-henry-viiis-wives""},{""docid"":""73303"",""score"":19.18772314819974,""snippet"":"" ... While Catherine Parr outlived Henry and was widowed when he died during their marriage, long-since annulled Anne of Cleves also survived him and was the last of his wives to die.\n\nDescendants and relationships\n\nCatherine of Aragon, Anne Boleyn, and Jane Seymour each gave Henry VIII one ... "",""title"":""https://en.wikipedia.org/wiki/Wives_of_Henry_VIII""},{""docid"":""37321"",""score"":18.57461372151826,""snippet"":"" ... Pride and Prejudice, Jane Austen\n\nSometimes one is in the mood for a simple novel of manners and marriage, and obviously P&P is the example par excellence of that genre. — Michelle Dean\n\n15. David Copperfield, Charles Dickens\n\nDickens loved the faux-autobiography Copperfield the most out of ... "",""title"":""https://www.flavorwire.com/442262/the-50-greatest-british-novels-of-the-19th-century""}]"
15,371,2026-09-15T13:20:31.855217+00:00,Jaime Camil Jane the Virgin real life relative cast,"[""jaime"",""camil"",""jane"",""the"",""virgin"",""real"",""life"",""relative"",""cast""]","""jaime"" OR ""camil"" OR ""jane"" OR ""the"" OR ""virgin"" OR ""real"" OR ""life"" OR ""relative"" OR ""cast""",5,d42ebefcd3334ec6372201d9fbe30d2b31a1777d93895a5e618844d04b4362a4,e09264330fe7993d2d0fbdc604b60ac38b6ee4b65e7a309b68f50aa1c7793a81,False,"[""d60"",""d62"",""d46"",""d134"",""d135""]","[""44399"",""33665"",""18001"",""698"",""64829""]","[{""docid"":""44399"",""score"":22.18935542807894,""snippet"":"" ... Jaime Camil: The Secret Life of Camil\n\nJaime Camil is a Mexican actor, singer, and television personality who is famous for his versatile career in both the Mexican and international entertainment industries. Some of his more recent work includes parts in Jane the Virgin, Duck Tales, and The ... "",""title"":""https://www.paddletek.com/blogs/news/celebrities-in-pickleball?srsltid=AfmBOooTeXd_PdVXYHLtCh_32Aqcxp6j3kpLXfe6OB_Lv-L6A9LmKeBS""},{""docid"":""33665"",""score"":21.780469423793864,""snippet"":"" ... Cecily Strong and Keegan-Michael Key lead the cast, supported by legends like Alan Cumming, Kristin Chenoweth, Jane Krakowski, Aaron Tveit, Dove Cameron, Jaime Camil, Ariana DeBose, Ann Harada, and Fred Armisen.\n\nEven if you don't get the seemingly endless musical theater in-jokes and references, \""Schmigadoon ... "",""title"":""https://www.businessinsider.com/most-underrated-tv-shows-of-this-year-2021-12""},{""docid"":""18001"",""score"":20.747670925493,""snippet"":"" ... as Camille Braverman, Mae Whitman as Amber Holt, Erika Christensen as Julia Braverman-Graham, Savannah Paige Rae as Sydney Graham -- NBC Photo: Art Streiber.\"",\""image_credit\"":\""NBCU Photo Bank\\/NBCUniversal via\"",\""url\"":\""https:\\/\\/ 10:39:17\"",\""modified\"":\""2019-12-04 14:30:52\"",\""title\"":\""'Jane the Virgin'\"",\""subtitle ... "",""title"":""https://www.rollingstone.com/tv-movies/tv-movie-lists/50-best-tv-shows-of-decade-2010s-914737/""},{""docid"":""698"",""score"":20.317578302607117,""snippet"":"" ... Shyer | Michael Keaton, Mila Kunis | United States | Comedy-drama |\n| Harold and the Purple Crayon | Carlos Saldanha | Zachary Levi, Lil Rel Howery, Zooey Deschanel, Ravi Patel, Camille Guaty, Tanya Reynolds, Pete Gardner | United States | Fantasy Comedy |\n| The Idea of You | Michael Showalter | Anne Hathaway, Nicholas Galitzine | United States | Rom ... "",""title"":""https://en.wikipedia.org/wiki/List_of_comedy_films_of_the_2020s""},{""docid"":""64829"",""score"":18.814287746703165,""snippet"":"" ... The Plot Against America warns of the constant cycle of evil and the relative ease at which the worst parts of our society can overwhelm us if the good parts don't stand against them. Zoe Kazan and Morgan Spector lead an ensemble cast that includes Winona Ryder ... "",""title"":""https://collider.com/hbo-miniseries-based-on-books-best-ranked/""}]"
15,376,2026-09-15T13:20:35.100461+00:00,Jane the Virgin Rogelio de la Vega married times,"[""jane"",""the"",""virgin"",""rogelio"",""de"",""la"",""vega"",""married"",""times""]","""jane"" OR ""the"" OR ""virgin"" OR ""rogelio"" OR ""de"" OR ""la"" OR ""vega"" OR ""married"" OR ""times""",5,62b921e22888ad597307884ecc65fe39bede59725058ca9ba4b43dfcc7e37f16,97902d2468f42ae2a3ef6b0bbfc04940153b5fd863995011eba47b54382d496a,False,"[""d136"",""d137"",""d138"",""d139"",""d140""]","[""69820"",""70537"",""31831"",""95079"",""12337""]","[{""docid"":""69820"",""score"":20.618507159649816,""snippet"":"" ... Castillo de Bonzo, a widow who had emigrated from Mexico to Los Angeles in 1899. La Mision was demolished to build City Hall and in 1928 moved to Olvera Street, the oldest surviving street in the city. Olvera Street was getting a re-birth at the time by ... "",""title"":""https://thelosangelesbeat.com/2019/10/offbeat-l-a-the-oldest-surviving-mexican-restaurants-in-los-angeles/""},{""docid"":""70537"",""score"":19.45637740351646,""snippet"":"" ... the Time Barrier\n*The Big Risk (Classe tous risques), starring Lino Ventura, Sandra Milo, Jean-Paul Belmondo – (France)\n*Black Sunday (La maschera del demonio) – (Italy)\n*Les Bonnes Femmes (The Girls), directed by Claude Chabrol – (France)\n*The Bramble Bush, starring Richard Burton and Angie Dickinson\n*Breathless (À bout de ... "",""title"":""https://en.wikipedia.org/wiki/1960_in_film""},{""docid"":""31831"",""score"":19.2132831760192,""snippet"":"" ... Metonymic Self-Performance in Hell's Angels and Fear and Loathing in Las Vegas | Rozny Noel-Hunter Thompson is decadent and Depraved Metonymic Self-Performance in Hell's Angels andFear and Loathing in Las Vegas.pdf |\n\n| Sarah L. Townsend | 2002 | Walking the \""Thorny Way\"": Pressures and Predicaments of ... "",""title"":""https://lsa.umich.edu/english/undergraduate/Capstone/thesis-archive.html""},{""docid"":""95079"",""score"":19.082214314719838,""snippet"":"" ... Despite planning a big wedding, the couple eloped to Las Vegas and married during the early hours of the morning on July 28, 1941 with just her mother Ethel and her stepfather Will Gilmore present. However, their marriage went downhill as, after discovering that she was pregnant in ... "",""title"":""https://www.imdb.com/list/ls062289087/""},{""docid"":""12337"",""score"":19.080820061739438,""snippet"":"" ... Despite planning a big wedding, the couple eloped to Las Vegas and married during the early hours of the morning on July 28, 1941 with just her mother Ethel and her stepfather Will Gilmore present. However, their marriage went downhill as, after discovering that she was pregnant in ... "",""title"":""https://www.imdb.com/list/ls031048963/""}]"
