round,seq,utc,query,terms,expression,top_k,equivalence_key,cache_key,cached,returned_dN,returned_docids,result_docs
1,6,2026-09-15T09:57:03.380241+00:00,literary award created 2000s translated over 25 languages,"[""literary"",""award"",""created"",""2000s"",""translated"",""over"",""25"",""languages""]","""literary"" OR ""award"" OR ""created"" OR ""2000s"" OR ""translated"" OR ""over"" OR ""25"" OR ""languages""",8,e76c58cddb211be9827cd4e3b338a840316a3f57687f168e1980148a76a75e16,74f0b516ddf0129fc9fb598ae5253f37829694f4dd231d7267c430c48d763cd1,False,"[""d1"",""d2"",""d3"",""d4"",""d5"",""d6"",""d7"",""d8""]","[""3002"",""89168"",""93725"",""18263"",""57021"",""39589"",""2064"",""59579""]","[{""docid"":""3002"",""score"":15.472408741555418,""snippet"":"" ... created in 1992 called the Booker-Open Russia Literary Prize, also known as the Russian Booker Prize. In 2007, Man Group plc established the Man Asian Literary Prize, an annual literary award given to the best novel by an Asian writer, either written in English or translated into ... "",""title"":""https://en.wikipedia.org/wiki/Booker_Prize""},{""docid"":""89168"",""score"":15.4240384112888,""snippet"":"" ... He is the recipient of a Guggenheim Fellowship, the PEN Translation Prize for Six Early Stories by Thomas Mann (Green Integer, 2003), and the National Translation Award for The Undiscovered Chekhov (Seven Stories Press, 2000). He is professor of translation studies and director of the Literary Translation Program ... "",""title"":""https://pen.org/meet-the-2021-literary-awards-judges/""},{""docid"":""93725"",""score"":15.39887956675115,""snippet"":"" ... Hill, American anthropologist and linguist working with Native American languages of the Uto-Aztecan language family and anthropological linguistics of North American communities, 79 (born 1939)\n*November 3 – Alistair Elliot, English librarian, poet, translator of Euripides's Medea and 2000 Cholmondeley Award recipient, 86 (born 1932)\n**Eric Schiller ... "",""title"":""https://en.wikipedia.org/wiki/2018_in_literature""},{""docid"":""18263"",""score"":15.378525783652155,""snippet"":"" ... Over the years, the Translation Prize was joined by several smaller language-specific awards, and the PEN Award for Poetry in Translation followed in 1996. Though many of the smaller awards have been discontinued over the years, the PEN Translation Prize and PEN Award for Poetry in Translation ... "",""title"":""https://pen.org/literary-awards/literary-awards-history/""},{""docid"":""57021"",""score"":15.310682250104772,""snippet"":"" ... Laurea honoris causa (honorary degree), Italian Language and Literature, University of Siena for Foreigners, Italy, 2015\n\n- Honorary Doctor of Letters, Williams College, 2005\n\n- Honorary Doctor of Humane Letters, University of Rhode Island, 2001\n\nLITERARY AWARDS & CITATIONS\n\n- The John Florio Prize for translation into English from Italian, 2021\n\n- Named ... "",""title"":""https://barnard.edu/profiles/jhumpa-lahiri""},{""docid"":""39589"",""score"":15.174585311559408,""snippet"":"" ... Translations aren't allowed unless a poet translates their own work.\n\nWord count: 40 lines\n\nPrize: $20,000 CAD\n\nEntry fee: $25\n\nClosing date: 15 May 2024\n\nThis poetry competition awards one poem with publication in The American Poetry Review. All entrants receive a copy of the magazine ... "",""title"":""https://www.papertrue.com/blog/writing-contests-2024/""},{""docid"":""2064"",""score"":15.14368512918637,""snippet"":"" ... It was also awarded France's Prix Femina for a work in translation. Her seventh novel, Someone, was a New York Times bestseller, a finalist for the Dublin IMPAC Award, the National Book Critics Circle Award, the Patterson Prize for Fiction, and the Dayton Literary Peace Prize. Three ... "",""title"":""https://missionandministry.georgetown.edu/conference-participants/""},{""docid"":""59579"",""score"":15.07774305315661,""snippet"":"" ... over, who have a history of publication in creative writing. Genre: Short fiction. Prize: £15,000 to the winner, £3,000 for the runner-up and £500 for three further shortlisted writers. Deadline: March 17, 2025.\n\nAmerican Literary Translators Association Italian Prose in Translation Award. Genre: Translation of ... "",""title"":""https://publishedtodeath.blogspot.com/2025/02/77-free-writing-contests-in-march-2025.html""}]"
1,17,2026-09-15T09:57:18.623391+00:00,book award established 2000s international translated twenty five languages,"[""book"",""award"",""established"",""2000s"",""international"",""translated"",""twenty"",""five"",""languages""]","""book"" OR ""award"" OR ""established"" OR ""2000s"" OR ""international"" OR ""translated"" OR ""twenty"" OR ""five"" OR ""languages""",8,aef03c5da58a68c0aeddc2890eb21fbfcf16c5924739aa22a19d5912fc11af7c,1ed32686d3a0a2f9ae45f25a48ffe57c4ccc18c3cdcfe7cca62f020c71ba7a77,False,"[""d9"",""d10"",""d5"",""d11"",""d12"",""d1"",""d13"",""d14""]","[""26607"",""81265"",""57021"",""31267"",""34459"",""3002"",""56350"",""84033""]","[{""docid"":""26607"",""score"":16.716736776826636,""snippet"":"" ... authors/books, translators, and publishers/editors, through translation and publication grants overseas. Additionally, they have also created the Worth Sharing and Lifelong Favorites publications, which I mentioned previously, with the hopes of reaching as many international publishers as possible to further their mission.\n\nRegarding foreign language translation and ... "",""title"":""https://www.asymptotejournal.com/interview/an-interview-with-shun-inoue-from-the-japan-foundation/""},{""docid"":""81265"",""score"":16.302865171490623,""snippet"":"" ... Proverbs in the Horn of Africa, all languages. Also, Bible translations\n\nPeriods: Twenty-first Century (2000-present CE)\n\nLanguages: English (native fluency), Amharic (good)\n\nPosition: University professor or lecturer\n\nDegree: PhD\n\nDegree from: Dallas International University\n\nCountry from: United States\n\nCountry in: United States: Southern\n\nInstitution at: PhD ... "",""title"":""https://wendybelcher.com/african-literature/ethiopianists/""},{""docid"":""57021"",""score"":15.911039567240913,""snippet"":"" ... She has translated three novels by the Italian writer Domenico Starnone, and is the editor of The Penguin Book of Italian Short Stories. A contributor for over twenty-five years toThe New Yorker magazine, she has published critical essays on authors including Ovid, Dante, Primo Levi, Alessandro Manzoni ... "",""title"":""https://barnard.edu/profiles/jhumpa-lahiri""},{""docid"":""31267"",""score"":15.871402591058924,""snippet"":"" ... Three of his stories have been adapted for puppet shows and some poems and stories have also been translated into other languages. His children's works include the picture book Klobuk gospoda Konstantina (Mr Constantine's hat, 2007), winner of the Original Slovenian Picture Book Award in 2008 ... "",""title"":""https://www.ibby.org/subnavigation/archives/hans-christian-andersen-awards/2020""},{""docid"":""34459"",""score"":15.86244550438533,""snippet"":"" ... The American Book Award was established in 1978 by the Before Columbus Foundation. It seeks to recognize outstanding literary achievement by contemporary American authors, without restriction to race, sex, ethnic background, or genre.\n\nThe Best American Poetry series consists of annual poetry anthologies, each containing seventy-five poems ... "",""title"":""https://americanwritersmuseum.org/literary-links/literary-awards/?srsltid=AfmBOooYIGTV-EUbGd9xDLmBUtcV_Ts9VM7oqhh4K0lfwTLcUoKmITFg""},{""docid"":""3002"",""score"":15.854922312095495,""snippet"":"" ... In 2016, the award was significantly reconfigured, and is now given annually to a single book in English translation, with a £50,000 prize for the winning title, shared equally between author and translator. The award has been known as the International Booker Prize since the Man Group ... "",""title"":""https://en.wikipedia.org/wiki/Booker_Prize""},{""docid"":""56350"",""score"":15.73455349754897,""snippet"":"" ... Her books have been translated into more than fifty languages and have won dozens of international awards, including the Orange Prize, the Guardian Fiction Prize, the Lannan Award for Fiction, and the Commonwealth Poetry Prize for the Americas. Among many other honours, she is a Royal … Read More ... "",""title"":""https://griffinpoetryprize.com/judges/""},{""docid"":""84033"",""score"":15.651715085790567,""snippet"":"" ... Now living in Montreal, she works as a language professional in cinema, education, and literary translation. Arielle translated 21 Days in October a YA novel by Magali Favre.\n\nPeter McCambridge is a full-time, award-winning literary translator. Originally from Ireland, Peter holds a BA in modern languages ... "",""title"":""https://www.barakabooks.com/authors/""}]"
1,26,2026-09-15T09:57:20.492377+00:00,novel contender award translated many languages 2010s,"[""novel"",""contender"",""award"",""translated"",""many"",""languages"",""2010s""]","""novel"" OR ""contender"" OR ""award"" OR ""translated"" OR ""many"" OR ""languages"" OR ""2010s""",8,d67e1a5ae2b7a3f4f9a86ceb8c215675ff12a84985c369a00fe37287af381b17,23c5d92e999cf9c699f2628edc00d75bce9bc0532446c46372d7e67b701d0ab0,False,"[""d15"",""d16"",""d17"",""d18"",""d19"",""d20"",""d21"",""d22""]","[""11229"",""94942"",""913"",""46767"",""38155"",""30757"",""13228"",""50171""]","[{""docid"":""11229"",""score"":16.859502574783754,""snippet"":"" ... The 2019 National Book Awards Longlist: Translated Literature\nauthor: The New Yorker\ndate: 2019-09-17\n---\nThis week, The New Yorker will be announcing the longlists for the 2019 National Book Awards. This morning, we present the ten contenders in the category of Translated Literature. Check back tomorrow ... "",""title"":""https://www.newyorker.com/books/page-turner/the-2019-national-book-awards-longlist-translated-literature""},{""docid"":""94942"",""score"":16.326964869490485,""snippet"":"" ... The essays in this book explore the many facets of language rights and language protection from a variety of theoretical, legal, and academic perspectives.\n\nThe Song of Everlasting Sorrow: A Novel of Shanghai by Wang Anyi, translated by Michael Berry and Susan Chan Egan\n\nSet in post-World ... "",""title"":""https://translationstudies.complit.ucsb.edu/publications""},{""docid"":""913"",""score"":16.05752034413052,""snippet"":"" ... The novel, the first in a planned trilogy, explores the porousness of borders, climate change, language, and forced migration.\n\n\""Scattered All Over the Earth\"" is one of two dystopian novels on the longlist for this year's National Book Award for Translated Literature, along with Olga Ravn's ... "",""title"":""https://www.newyorker.com/books/page-turner/the-2022-national-book-awards-longlist-translated-literature""},{""docid"":""46767"",""score"":15.842273587017628,""snippet"":"" ... It has been translated into 50 languages. The most for any author, dead or alive.\n\nIn 2005, Time magazine named the \""milestone in African literature\"", Achebe's magnum opus, one of the 'best 100 English language novels written since 1923' — the year Time was founded.\n\nThings Fall Apart ... "",""title"":""https://paanluelwel.com/2011/10/21/prof-taban-lo-liyong-south-sudanese-literary-icon-and-an-african-philosopher/""},{""docid"":""38155"",""score"":15.703787801470602,""snippet"":"" ... The Future is the translation of Leroux's French-language novel L'Avenir.\n\nLeroux is a writer, translator and journalist from Montreal. She was shortlisted for the 2016 Scotiabank Giller Prize for The Party Wall, which is an English translation of her French-language short story collection Le ... "",""title"":""https://www.cbc.ca/books/the-top-20-canadian-books-of-2024-so-far-1.7252475""},{""docid"":""30757"",""score"":15.691920593107428,""snippet"":"" ... Novels about transgender topics\nCategory:English-language novels\nCategory:American LGBTQ novels\nCategory:American children's novels\nCategory:2015 children's books\nCategory:Children's books with transgender themes\nCategory:LGBTQ-related children's novels\nCategory:2010s LGBTQ novels\nCategory:Scholastic Corporation books\nCategory:Stonewall Book Award–winning ... "",""title"":""https://en.wikipedia.org/wiki/Melissa_(novel)""},{""docid"":""13228"",""score"":15.62655744038442,""snippet"":"" ... We also find\n\nthis claim in Rebecca Walkowitz's seminal study of the born-translated novel, which maps\n\npatterns of global circulation across multiple languages and with a specific attention to the\n\ncreative shifts within and between popular genres. Not coincidentally, this recuperation and\n\nrevival of genre as ... "",""title"":""https://www.researchgate.net/publication/327409406_Planetary_Figurations_Intensive_Genre_in_World_Literature""},{""docid"":""50171"",""score"":14.933225171202734,""snippet"":"" ... John Brunner's \""non-novel\"" Stand on Zanzibar (1968), which won the Hugo Award, features his technique of using fictitious newspaper clippings, television announcements, and other \""samples\"" taken from the news and entertainment media of the year 2010. While influenced by Dos Passos's technique, Brunner's work ... "",""title"":""https://en.wikipedia.org/wiki/John_Dos_Passos""}]"
2,45,2026-09-15T09:57:25.231627+00:00,Man Asian Literary Prize winners list 2010s,"[""man"",""asian"",""literary"",""prize"",""winners"",""list"",""2010s""]","""man"" OR ""asian"" OR ""literary"" OR ""prize"" OR ""winners"" OR ""list"" OR ""2010s""",8,b9c655c45b3a5c851ddb874e490405fe1204b98e126974658bd3a67c4d089db8,bf930997c491bcb7109595a38d6629cd824339934280bc33295018783ed46656,False,"[""d1"",""d23"",""d24"",""d25"",""d26"",""d27"",""d28"",""d2""]","[""3002"",""605"",""56224"",""18890"",""32938"",""9796"",""23230"",""89168""]","[{""docid"":""3002"",""score"":21.10469653614624,""snippet"":"" ... A Russian version of the Booker Prize was created in 1992 called the Booker-Open Russia Literary Prize, also known as the Russian Booker Prize. In 2007, Man Group plc established the Man Asian Literary Prize, an annual literary award given to the best novel by an Asian ... "",""title"":""https://en.wikipedia.org/wiki/Booker_Prize""},{""docid"":""605"",""score"":20.992900118908143,""snippet"":"" ... List 2012 . International IMPAC Dublin Literary Award 2012. Retrieved 23 January 2015.\n* Financial Times 2010 Fiction of the YearBlau, Rosie (3 December 2010). FT Fiction Round-up 2010. Financial Times, Fiction Round-up 2010. Retrieved 25 January 2015.\n\nLife of Pi\n\n* Winner of the 2002 Man Booker Prize ... "",""title"":""https://en.wikipedia.org/wiki/Yann_Martel""},{""docid"":""56224"",""score"":20.44231104299815,""snippet"":"" ... Recent prize winners are listed below.\n\nAlice Davis Hitchcock Book Award (Society of Architectural Historians)\n\n2004: Jordan Sand, House and Home in Modern Japan: Architecture, Domestic Space, and Bourgeois Culture, 1880–1930 (HEAM 223)\n\nAldo and Jeanne Scaglione Prize for East Asian Studies (Modern Language Association of America ... "",""title"":""https://asiacenter.harvard.edu/publications/awards""},{""docid"":""18890"",""score"":20.297599193949786,""snippet"":"" ... 2010)as well as numerous short stories, articles and reviews. Gibb was the winner of the Trillium Book Award in 2006, a Scotiabank Giller Prize short list nominee in 2005, winner of the city of Toronto Book Award in 2000 and the recipient of the CBC Canadian Literary ... "",""title"":""https://www.yorku.ca/laps/huma/canadian-writers/""},{""docid"":""32938"",""score"":20.210692731976135,""snippet"":"" ... 1935\n\nThe is a Japanese literary award presented biannually. Because of its prestige and the considerable attention the winner receives from the media, it is, along with the Naoki Prize, one of Japan's most sought after literary prizes.\n\nHistory\n\nThe Akutagawa Prize was established in 1935 by ... "",""title"":""https://en.wikipedia.org/wiki/Akutagawa_Prize""},{""docid"":""9796"",""score"":19.908206063826803,""snippet"":"" ... the Pulitzer Prize in 2010. Read a selection of her work.\n\nUC Santa Barbara\n\nShirley Geok-lin Lim — a professor emerita of English and two-time American Book Award winner, Lim is known for her poems as well as her scholarship on Asian and Asian American literature. Read ... "",""title"":""https://www.universityofcalifornia.edu/news/ucs-rich-and-thriving-poetic-tradition-goes-back-100-years-and-will-keep-you-reading-all-year""},{""docid"":""23230"",""score"":19.80417524957736,""snippet"":"" ... His previous collections include Phantom Camera (winner of the 2012 Green Rose Prize in Poetry from New Issues Press), Carrier Wave (winner of the 2006 Colorado Prize for Poetry from the Center for Literary Publishing at Colorado State University), and the digital chapbook The Tallest Building in America ... "",""title"":""https://artsandsciences.syracuse.edu/english-department/creative-writing-mf-program/raymond-carver-reading-series/previous-raymond-carver-reading-series/""},{""docid"":""89168"",""score"":19.458858514801637,""snippet"":"" ... The winner of the 2010 Asian American Short Story Award, Yapa's fiction and nonfiction have appeared in American Short Fiction; Guernica; Hyphen; Literary Hub; The Margins; O, The Oprah Magazine; Poets & Writers; Slice; and others. He lives in New York City and teaches online and in the ... "",""title"":""https://pen.org/meet-the-2021-literary-awards-judges/""}]"
2,54,2026-09-15T09:57:26.446166+00:00,Man Asian Literary Prize shortlist novel translated 25 languages,"[""man"",""asian"",""literary"",""prize"",""shortlist"",""novel"",""translated"",""25"",""languages""]","""man"" OR ""asian"" OR ""literary"" OR ""prize"" OR ""shortlist"" OR ""novel"" OR ""translated"" OR ""25"" OR ""languages""",8,756095e403ec18791752a888964e8808f59be51c4d368cbf710066d545e9d205,5b39c9f972741b47be397e39a9ced182cd50e578ca68d0a006c3fb17d5610dbe,False,"[""d1"",""d29"",""d30"",""d25"",""d13"",""d2"",""d31"",""d32""]","[""3002"",""6058"",""41360"",""18890"",""56350"",""89168"",""93951"",""90942""]","[{""docid"":""3002"",""score"":33.60813291573018,""snippet"":"" ... In 2007, Man Group plc established the Man Asian Literary Prize, an annual literary award given to the best novel by an Asian writer, either written in English or translated into English, and published in the previous calendar year.\n\nFor many years, as part of The Times Literature ... "",""title"":""https://en.wikipedia.org/wiki/Booker_Prize""},{""docid"":""6058"",""score"":32.2357889354243,""snippet"":"" ... His award-winning novels have been adapted for the cinema, shortlisted for the Man Booker Prize, and translated into more than thirty languages. His essays and short stories have appeared in The New York Times, The Washington Post, and The New Yorker, among many other publications. Hamid now ... "",""title"":""https://www.aspeninstitute.org/blog-posts/20-new-works-fiction-social-impact/""},{""docid"":""41360"",""score"":31.875096327600644,""snippet"":"" ... prize more than once), Praiseworthy wins the UK's James Tait Black Prize and is shortlisted for the Dublin Literary Award and the Climate Fiction Prize, among others. Marosia Castaldi's The Hunger of Women wins the ALTA Prize for Prose (for the best translation from any language ... "",""title"":""https://www.andotherstories.org/about-us/""},{""docid"":""18890"",""score"":31.581903191165672,""snippet"":"" ... She is the author of three novels, Frog Moon (1994), translated into French as Kaki (1997), The Jasmine Man (2001), and her most recent novel, The Other Sister (2008). She is also the author of several poetry collections and works of literary criticism, and has translated the works ... "",""title"":""https://www.yorku.ca/laps/huma/canadian-writers/""},{""docid"":""56350"",""score"":30.91828892050896,""snippet"":"" ... A selection of his poetry is collected in Desire Never … Read More\n\nColm Toíbín\n\nColm Toíbín is the author of six novels, including The Master, winner of the International IMPAC Dublin Literary Award and shortlisted for the Man Booker Prize, as well as winner of the LA Times ... "",""title"":""https://griffinpoetryprize.com/judges/""},{""docid"":""89168"",""score"":30.547630191949324,""snippet"":"" ... JHUMPA LAHIRI won the 2000 Pulitzer Prize for her debut collection, Interpreter of Maladies (Houghton Mifflin, 1999). The Lowland (Knopf, 2013), her second novel, was a finalist for the Man Booker Prize. She has written three and translated two books in Italian and is the editor of The ... "",""title"":""https://pen.org/meet-the-2021-literary-awards-judges/""},{""docid"":""93951"",""score"":30.363189860392684,""snippet"":"" ... Christina Baker Kline\n\nA #1 New York Times bestselling author of eight novels, including The Exiles, Orphan Train, and A Piece of the World, Christina Baker Kline is published in 40 countries. Her novels have received the New England Prize for Fiction, the Maine Literary Award, and a ... "",""title"":""https://authorsguild.org/about/team/council-bios/""},{""docid"":""90942"",""score"":30.27104480833465,""snippet"":"" ... Her acclaimed books include the novels The Handmaid's Tale, Alias Grace, Oryx and Crake and The Edible Woman. She has won several awards for her work including the Governor General's Literary Award, the Scotiabank Giller Prize and the Booker Prize. Her other poetry collections include The ... "",""title"":""https://www.cbc.ca/books/37-canadian-poetry-collections-to-watch-for-in-fall-2020-1.5716100""}]"
2,61,2026-09-15T09:57:27.223455+00:00,International Booker Prize established 2005 2016 winners,"[""international"",""booker"",""prize"",""established"",""2005"",""2016"",""winners""]","""international"" OR ""booker"" OR ""prize"" OR ""established"" OR ""2005"" OR ""2016"" OR ""winners""",8,cdfbed9ded91351902587a4567715c229226c270595684ad93dbe3cefa46fd1e,9d0f2b2d7b18afab852400d337322acf100f80288ff0144ec7768f36fb01f84b,False,"[""d1"",""d33"",""d34"",""d35"",""d36"",""d37"",""d38"",""d39""]","[""3002"",""35372"",""53487"",""38708"",""62176"",""20177"",""54683"",""65921""]","[{""docid"":""3002"",""score"":24.24140216629984,""snippet"":"" ... world may qualify, the Man Booker International Prize, was inaugurated in 2005. Until 2015, it was given every two years to a living author of any nationality for a body of work published in English or generally available in English translation. In 2016, the award was significantly reconfigured ... "",""title"":""https://en.wikipedia.org/wiki/Booker_Prize""},{""docid"":""35372"",""score"":23.11944292758784,""snippet"":"" ... Previously called the Man Booker Prize, it has been awarded since 1969.\n\nRecent Winner\n\nPrevious Winner (2023)\n\nInternational Booker Prize\n\nA counterpart to the Booker Prize, the International Booker Prize was established in 2005. Originally presented biennially, in 2016 it had become an annual occurrence. Awarded to a ... "",""title"":""https://rocketexpansion.com/book-awards/""},{""docid"":""53487"",""score"":22.671100074521675,""snippet"":"" ... The Man Group invested in the prize from 2005 to 2015 renaming it the Man Booker Prize and awarding it every two years. Previously, the Man Booker Prize accepted work from the Commonwealth, Zimbabwe, and Ireland, but from 2014 the international Prize was widened to accept any writing ... "",""title"":""https://www.worldatlas.com/articles/the-most-prestigious-literary-awards-in-the-world.html""},{""docid"":""38708"",""score"":22.632285840020337,""snippet"":"" ... Rocco |\n| 2005 The Booker Prizes |url= |access-date=2022-10-19 |website=thebookerprizes.com |language=en |archive-date=10 December 2022 |archive-url= |url-status=live }} | Winner | John Banville | The Sea | Picador | *John Sutherland (chair) *Lindsay Duguid *Rick Gekoski *Josephine Hart *David Sexton |\n| 2005 The Booker Prizes |url ... "",""title"":""https://en.wikipedia.org/wiki/List_of_winners_and_nominated_authors_of_the_Booker_Prize""},{""docid"":""62176"",""score"":22.490359166280445,""snippet"":"" ... Prize for Fiction.)\n* Oryx and Crake (2003, finalist for the 2003 Booker Prize and the 2003 Governor General's Award and shortlisted for the 2004 Orange Prize for Fiction.)\n* The Penelopiad (2005, nominated for the 2006 Mythopoeic Fantasy Award for Adult Literature and longlisted for the 2007 International ... "",""title"":""https://en.wikipedia.org/wiki/Margaret_Atwood""},{""docid"":""20177"",""score"":22.48914327795557,""snippet"":"" ... Short-listed for the Booker International Prize, 2005\n\n- Banff Centre's National Arts Award, 2005\n\n- Edinburgh's International Book Festival Enlightenment Award, 2005\n\n- Chicago Tribune Literary Prize, 2005\n\n- Markets Initiative Order of the Forest, 2006\n\n- Short-listed for Booker International Prize, 2007\n\n- Winner Blue Metropolis Literary Grand Prix ... "",""title"":""https://margaretatwood.ca/awards-recognitions/""},{""docid"":""54683"",""score"":22.346134907345775,""snippet"":"" ... Since 2005, a second prize, the International Booker Prize, has also been awarded, which since 2016 has gone to the best work in translation.\n\nThese 70 judges were 57 percent men; 75 percent English; 16 percent Irish, Scottish, or Welsh; 10 percent other nationalities; and 99 percent white ... "",""title"":""https://pmc.ncbi.nlm.nih.gov/articles/PMC10837049/""},{""docid"":""65921"",""score"":21.860844820922555,""snippet"":"" ... Smith, with their books and authors receiving significant awards including the Nobel Prize for Literature, the Pulitzer Prize for Poetry, the Man Booker Prize, the National Book Critics Circle Award, the Booker International Prize, the International Dublin IMPAC Award and the National Book Award. In 2022, The Center ... "",""title"":""https://centerforfiction.org/grants-awards/medal-for-editorial-excellence/medal-for-editorial-excellence-past-recipients/""}]"
3,81,2026-09-15T09:57:32.047351+00:00,Man Asian Literary Prize Wikipedia winners shortlist,"[""man"",""asian"",""literary"",""prize"",""wikipedia"",""winners"",""shortlist""]","""man"" OR ""asian"" OR ""literary"" OR ""prize"" OR ""wikipedia"" OR ""winners"" OR ""shortlist""",8,db53c10362c18874595e5620c337ba417c9220efe73594af76d982edfb90dca5,901768dc45077d66e4ab86f3e86c7289a299d1128b60441f69623e31fd51fa54,False,"[""d1"",""d29"",""d40"",""d41"",""d42"",""d43"",""d25"",""d13""]","[""3002"",""6058"",""16447"",""26680"",""14924"",""60594"",""18890"",""56350""]","[{""docid"":""3002"",""score"":30.04862502387624,""snippet"":"" ... A Russian version of the Booker Prize was created in 1992 called the Booker-Open Russia Literary Prize, also known as the Russian Booker Prize. In 2007, Man Group plc established the Man Asian Literary Prize, an annual literary award given to the best novel by an Asian ... "",""title"":""https://en.wikipedia.org/wiki/Booker_Prize""},{""docid"":""6058"",""score"":26.934078866037105,""snippet"":"" ... In 2015, Mabanckou was a finalist for the Man Booker International Prize.\n\nThe Refugees by Viet Thanh Nguyen\n\nViet Thanh Nguyen's novel The Sympathizer is a New York Times best seller and won the Pulitzer Prize for Fiction. Other honors include the Dayton Literary Peace Prize, the ... "",""title"":""https://www.aspeninstitute.org/blog-posts/20-new-works-fiction-social-impact/""},{""docid"":""16447"",""score"":26.36910760462063,""snippet"":"" ... The Stella Prize was created in 2013 as a reaction to the supposed under-representation of women as winners of literary prizes, in particular the 2011 Miles Franklin Award shortlist. However, since 2013, only one man (A. S. Patrić in 2016) has won the Miles Franklin Award.\n\nRepeat ... "",""title"":""https://en.wikipedia.org/wiki/Miles_Franklin_Award""},{""docid"":""26680"",""score"":25.97344062585679,""snippet"":"" ... Winners and shortlists\n\n1990s\n\n**Table 1**: 1990s Samuel Johnson Prize winners and shortlists\n\n| Year | Author | Title | Result | Ref. |\n|---|---|---|---|---|\n| 1999 | | Stalingrad | | |\n| 1999 | | Hitler 1889–1936: Hubris (about Adolf Hitler) | | |\n| 1999 | | Pilate: The Biography of an Invented Man (about Pontius Pilate) | | |\n| 1999 | | C: Because Cowards Get Cancer Too | | |\n| 1999 | | Coleridge ... "",""title"":""https://en.wikipedia.org/wiki/Baillie_Gifford_Prize""},{""docid"":""14924"",""score"":25.93682209619962,""snippet"":"" ... Austrian State Prize for European Literature\n*2004: Commandeur de L'Ordre des Arts et des Lettres (Chevalier, 1988).\n*2008: San Clemente Literary Prize\n*2011: David Cohen Prize for Literature\n*2011: Man Booker Prize, winner, The Sense of an Ending\n*2011 Costa Book Awards, shortlist, The Sense of an ... "",""title"":""https://en.wikipedia.org/wiki/Julian_Barnes""},{""docid"":""60594"",""score"":25.88570254493317,""snippet"":"" ... 2014 Man Booker Prize (longlist)\n* 2014 California Book Awards Silver Medal Fiction winner for Orfeo\n* 2018 Man Booker Prize (shortlist)\n* 2019 Pulitzer Prize for Fiction\n* 2019 PEN Oakland Josephine Miles Literary Award for The Overstory\n* 2020 William Dean Howells Medal for The Overstory\n* 2021 Booker Prize (shortlist)\n* 2021 ... "",""title"":""https://en.wikipedia.org/wiki/Richard_Powers""},{""docid"":""18890"",""score"":25.884967312445976,""snippet"":"" ... Gibb was the winner of the Trillium Book Award in 2006, a Scotiabank Giller Prize short list nominee in 2005, winner of the city of Toronto Book Award in 2000 and the recipient of the CBC Canadian Literary Award for short fiction in 2001. Her books have been ... "",""title"":""https://www.yorku.ca/laps/huma/canadian-writers/""},{""docid"":""56350"",""score"":25.596449274967156,""snippet"":"" ... A selection of his poetry is collected in Desire Never … Read More\n\nColm Toíbín\n\nColm Toíbín is the author of six novels, including The Master, winner of the International IMPAC Dublin Literary Award and shortlisted for the Man Booker Prize, as well as winner of the LA Times ... "",""title"":""https://griffinpoetryprize.com/judges/""}]"
3,88,2026-09-15T09:57:32.822740+00:00,Man Asian Literary Prize 2010 2011 2012 2013 winner shortlisted novels,"[""man"",""asian"",""literary"",""prize"",""2010"",""2011"",""2012"",""2013"",""winner"",""shortlisted"",""novels""]","""man"" OR ""asian"" OR ""literary"" OR ""prize"" OR ""2010"" OR ""2011"" OR ""2012"" OR ""2013"" OR ""winner"" OR ""shortlisted"" OR ""novels""",8,959a7034e8cb6fe4ad9ef2a4db11c550aebc41397268c5c79f0e4743ce49e3db,bffc79efd774bd80e51002e9632d6a090eae281f7d9beeb1b1db60959e91e482,False,"[""d1"",""d40"",""d28"",""d13"",""d2"",""d38"",""d29"",""d44""]","[""3002"",""16447"",""23230"",""56350"",""89168"",""54683"",""6058"",""90941""]","[{""docid"":""3002"",""score"":38.11232897751172,""snippet"":"" ... Gathering | Literary fiction | |\n| 2008 | Aravind Adiga | The White Tiger | Literary fiction | |\n| 2009 | Hilary Mantel | Wolf Hall | Historical fiction | |\n| 2010 | Howard Jacobson | The Finkler Question | Comic novel | |\n| 2011 | Julian Barnes | The Sense of an Ending | Literary fiction | |\n| 2012 | Hilary Mantel | Bring Up the Bodies | Historical fiction | |\n| 2013 | Eleanor Catton ... "",""title"":""https://en.wikipedia.org/wiki/Booker_Prize""},{""docid"":""16447"",""score"":36.35290787407859,""snippet"":"" ... The Stella Prize was created in 2013 as a reaction to the supposed under-representation of women as winners of literary prizes, in particular the 2011 Miles Franklin Award shortlist. However, since 2013, only one man (A. S. Patrić in 2016) has won the Miles Franklin Award.\n\nRepeat ... "",""title"":""https://en.wikipedia.org/wiki/Miles_Franklin_Award""},{""docid"":""23230"",""score"":36.05416479259103,""snippet"":"" ... Fall 2021 Writers\n\nDana Spiotta\n\nSeptember 15, 2021\n\nPhoto by Jessica Marx\n\nDana Spiotta is the author of five novels: Wayward (2021), Innocents and Others (2016), winner of the St. Francis College Literary Prize and a finalist for the Los Angeles Times Book Prize; Stone Arabia (2011), which ... "",""title"":""https://artsandsciences.syracuse.edu/english-department/creative-writing-mf-program/raymond-carver-reading-series/previous-raymond-carver-reading-series/""},{""docid"":""56350"",""score"":36.01872668079438,""snippet"":"" ... A selection of his poetry is collected in Desire Never … Read More\n\nColm Toíbín\n\nColm Toíbín is the author of six novels, including The Master, winner of the International IMPAC Dublin Literary Award and shortlisted for the Man Booker Prize, as well as winner of the LA Times ... "",""title"":""https://griffinpoetryprize.com/judges/""},{""docid"":""89168"",""score"":35.66429553172185,""snippet"":"" ... Neel Mukherjee is the author of three novels: A Life Apart (2010), which won the Writers' Guild of Great Britain Award for Best Fiction Book; The Lives of Others (2014), which was shortlisted for the Man Booker Prize and the Costa Best Novel Award, and won the Royal ... "",""title"":""https://pen.org/meet-the-2021-literary-awards-judges/""},{""docid"":""54683"",""score"":35.10254387255621,""snippet"":"" ... We estimate 14 sales per rating from 2011 sales data for all longlisted, shortlisted, and winning Booker Prize books from 2001 through 2010 (a longlist was introduced in 2001). For these 180 novels, we used the Internet Archive Wayback Machine to locate static screenshots for each GoodReads page ... "",""title"":""https://pmc.ncbi.nlm.nih.gov/articles/PMC10837049/""},{""docid"":""6058"",""score"":34.657625065903154,""snippet"":"" ... The Locals by Jonathan Dee\n\nJonathan Dee is the author of six previous novels, most recently A Thousand Pardons. His novel The Privileges was a finalist for the 2011 Pulitzer Prize and winner of the 2011 Prix Fitzgerald and the St. Francis College Literary Prize. A former contributing ... "",""title"":""https://www.aspeninstitute.org/blog-posts/20-new-works-fiction-social-impact/""},{""docid"":""90941"",""score"":34.476518056717325,""snippet"":"" ... Cloud Atlas won the British Book Awards Literary Fiction Award and was shortlisted for the Booker Prize, the Nebula Award for Best Novel and the Arthur C. Clarke Award.\n\nThe novel was made into a movie in 2012, directed by Tom Tykwer, Lana Wachowski and Lilly Wachowski, starring ... "",""title"":""https://www.cbc.ca/books/30-books-to-celebrate-30-years-of-writers-company-1.5755144""}]"
4,100,2026-09-15T09:57:38.122917+00:00,Man Asian Literary Prize Wikipedia,"[""man"",""asian"",""literary"",""prize"",""wikipedia""]","""man"" OR ""asian"" OR ""literary"" OR ""prize"" OR ""wikipedia""",8,8a8636c1105d33471cd9a3e443710eb30d620359f1d2689b8f31d8569a30cee4,0d1bc4acd045a81dc0373ab19162543b52b13a401b63ba77cb77de7d689ff5bb,False,"[""d26"",""d1"",""d45"",""d23"",""d46"",""d47"",""d48"",""d49""]","[""32938"",""3002"",""96517"",""605"",""54094"",""3542"",""25454"",""80942""]","[{""docid"":""32938"",""score"":17.089445114989296,""snippet"":"" ... Akutagawa Prize - Wikipedia\nauthor: Authority control databases National France BnF data Japan\ndate: 2004-01-20\n---\nname: Akutagawa Prize\nsubheader: 芥川龍之介賞 (Akutagawa Ryūnosuke Shō)\nawarded_for: Best published literary story by a rising author\npresenter: Society for the Promotion of Japanese Literature\ncountry: Japan\ndate: 10 08 1935 ... "",""title"":""https://en.wikipedia.org/wiki/Akutagawa_Prize""},{""docid"":""3002"",""score"":16.827539437357,""snippet"":"" ... A Russian version of the Booker Prize was created in 1992 called the Booker-Open Russia Literary Prize, also known as the Russian Booker Prize. In 2007, Man Group plc established the Man Asian Literary Prize, an annual literary award given to the best novel by an Asian ... "",""title"":""https://en.wikipedia.org/wiki/Booker_Prize""},{""docid"":""96517"",""score"":16.75118395066134,""snippet"":"" ... The Asian/Pacific American Awards for Literature are administered by the Asian/Pacific American Librarians Association to honor outstanding literary works by or about Asian/Pacific Americans. Books in various genres written by or about Asian/Pacific Americans are eligible.\n\n31. Aspen Words Literary Prize:\n\nThe Aspen Words ... "",""title"":""https://mybookcave.com/authorpost/the-ultimate-list-of-book-awards-and-author-recognitions-part-one-american-awards/""},{""docid"":""605"",""score"":16.581281691036246,""snippet"":"" ... International IMPAC Dublin Literary Award 2012. Retrieved 23 January 2015.\n* Financial Times 2010 Fiction of the YearBlau, Rosie (3 December 2010). FT Fiction Round-up 2010. Financial Times, Fiction Round-up 2010. Retrieved 25 January 2015.\n\nLife of Pi\n\n* Winner of the 2002 Man Booker Prize for FictionLife ... "",""title"":""https://en.wikipedia.org/wiki/Yann_Martel""},{""docid"":""54094"",""score"":15.672636665468133,""snippet"":"" ... Among the most decorated American writers of his generation, he has won every major American literary award, including the Pulitzer Prize for his major novel American Pastoral (1997).\n\nIn the realm of African-American literature, Ralph Ellison's 1952 novel Invisible Man was instantly recognized as among the ... "",""title"":""https://en.wikipedia.org/wiki/American_literature""},{""docid"":""3542"",""score"":15.631760434997837,""snippet"":"" ... The English translation of the novel appeared in the long list of Man Asian Literary Prize 2012 and in the short list of the DSC Prize for South Asian Literature 2013. It won the Kerala Sahitya Akademi Award for Novel for Benyamin in 2009.\n\nSynopsis\n\nThe book is ... "",""title"":""https://en.wikipedia.org/wiki/Aadujeevitham""},{""docid"":""25454"",""score"":15.445091736432937,""snippet"":"" ... 2006, Asian/Pacific American Awards for Literature Honorable Mention for Saving Fish From Drowning\n* The Joy Luck Club selected for the National Endowment for the Arts' Big Read\n* The New York Times Notable Book\n* Booklist Editors Choice\n* Finalist for the Orange Prize\n* Nominated for the Orange Prize\n* Nominated ... "",""title"":""https://en.wikipedia.org/wiki/Amy_Tan""},{""docid"":""80942"",""score"":15.390434296795723,""snippet"":"" ... His acclaimed new novel, Between Clay and Dust, was shortlisted for The Man Asian Literary Prize 2012 and longlisted for the 2013 DSC Prize for South Asian Literature. Farooqi's second novel, The Story of a Widow, was shortlisted for the DSC Prize for South Asian Literature 2011 ... "",""title"":""https://lithub.com/20-writers-from-around-the-world-on-the-olympics/""}]"
4,108,2026-09-15T09:57:38.651199+00:00,Man Asian Literary Prize winners shortlist 2010 2011 2012 2013,"[""man"",""asian"",""literary"",""prize"",""winners"",""shortlist"",""2010"",""2011"",""2012"",""2013""]","""man"" OR ""asian"" OR ""literary"" OR ""prize"" OR ""winners"" OR ""shortlist"" OR ""2010"" OR ""2011"" OR ""2012"" OR ""2013""",8,e5a32b12097b715e55107b4794bfd54c52a644cfe7f19dc5dd1af8285f3d5f82,ac49669edc62147bda5fc09d983e9884a804f8c6cb74214410cd03b56eedb33a,False,"[""d1"",""d24"",""d40"",""d13"",""d28"",""d41"",""d2"",""d38""]","[""3002"",""56224"",""16447"",""56350"",""23230"",""26680"",""89168"",""54683""]","[{""docid"":""3002"",""score"":34.5991018408844,""snippet"":"" ... Gathering | Literary fiction | |\n| 2008 | Aravind Adiga | The White Tiger | Literary fiction | |\n| 2009 | Hilary Mantel | Wolf Hall | Historical fiction | |\n| 2010 | Howard Jacobson | The Finkler Question | Comic novel | |\n| 2011 | Julian Barnes | The Sense of an Ending | Literary fiction | |\n| 2012 | Hilary Mantel | Bring Up the Bodies | Historical fiction | |\n| 2013 | Eleanor Catton ... "",""title"":""https://en.wikipedia.org/wiki/Booker_Prize""},{""docid"":""56224"",""score"":33.78668581997482,""snippet"":"" ... Daqing and the Formation of the Chinese Socialist State (HYI 110)\n\nFrancis Hsu Book Prize for East Asian Anthropology (American Anthropological Association)\n\n2010: Catherine Clayton, Sovereignty at the Edge: Macau and the Question of Chineseness (HEAM 324)\n\nFranklin R. Buchanan Prize for Asia Curriculum Materials (Association of Asian ... "",""title"":""https://asiacenter.harvard.edu/publications/awards""},{""docid"":""16447"",""score"":33.184525030756944,""snippet"":"" ... The Stella Prize was created in 2013 as a reaction to the supposed under-representation of women as winners of literary prizes, in particular the 2011 Miles Franklin Award shortlist. However, since 2013, only one man (A. S. Patrić in 2016) has won the Miles Franklin Award.\n\nRepeat ... "",""title"":""https://en.wikipedia.org/wiki/Miles_Franklin_Award""},{""docid"":""56350"",""score"":32.70157130322508,""snippet"":"" ... A selection of his poetry is collected in Desire Never … Read More\n\nColm Toíbín\n\nColm Toíbín is the author of six novels, including The Master, winner of the International IMPAC Dublin Literary Award and shortlisted for the Man Booker Prize, as well as winner of the LA Times ... "",""title"":""https://griffinpoetryprize.com/judges/""},{""docid"":""23230"",""score"":32.569296387505275,""snippet"":"" ... His previous collections include Phantom Camera (winner of the 2012 Green Rose Prize in Poetry from New Issues Press), Carrier Wave (winner of the 2006 Colorado Prize for Poetry from the Center for Literary Publishing at Colorado State University), and the digital chapbook The Tallest Building in America ... "",""title"":""https://artsandsciences.syracuse.edu/english-department/creative-writing-mf-program/raymond-carver-reading-series/previous-raymond-carver-reading-series/""},{""docid"":""26680"",""score"":32.53745885129541,""snippet"":"" ... 2010s Baillie Gifford Prize winner and shortlist\n\n| Year | Author | Title | Result | Ref. |\n|---|---|---|---|---|\n| 2010 | | Nothing to Envy: Ordinary Lives in North Korea | | |\n| 2010 | | Alex's Adventures in Numberland: Dispatches from the Wonderful World of Mathematics | | |\n| 2010 | | Blood Knots: On Fathers, Friendship and Fishing | | |\n| 2010 | | Too Big to Fail: The ... "",""title"":""https://en.wikipedia.org/wiki/Baillie_Gifford_Prize""},{""docid"":""89168"",""score"":32.27812674553876,""snippet"":"" ... A Life Apart (2010), which won the Writers' Guild of Great Britain Award for Best Fiction Book; The Lives of Others (2014), which was shortlisted for the Man Booker Prize and the Costa Best Novel Award, and won the Royal Society of Literature's Encore Award; and A ... "",""title"":""https://pen.org/meet-the-2021-literary-awards-judges/""},{""docid"":""54683"",""score"":31.792311615952034,""snippet"":"" ... We estimate 14 sales per rating from 2011 sales data for all longlisted, shortlisted, and winning Booker Prize books from 2001 through 2010 (a longlist was introduced in 2001). For these 180 novels, we used the Internet Archive Wayback Machine to locate static screenshots for each GoodReads page ... "",""title"":""https://pmc.ncbi.nlm.nih.gov/articles/PMC10837049/""}]"
5,119,2026-09-15T09:57:42.467177+00:00,Man Asian Literary Prize site:wikipedia.org,"[""man"",""asian"",""literary"",""prize"",""site"",""wikipedia"",""org""]","""man"" OR ""asian"" OR ""literary"" OR ""prize"" OR ""site"" OR ""wikipedia"" OR ""org""",8,1a4bb143f2c3ee94d903f21a960d16f8ec40d937610635ecaf4414bb78d9c0b8,ce1874a739c61dc229a166acda69d85d56a81a62443c83544d511f983b892feb,False,"[""d23"",""d50"",""d51"",""d52"",""d53"",""d54"",""d55"",""d56""]","[""605"",""61315"",""17746"",""16967"",""37956"",""21658"",""29969"",""59213""]","[{""docid"":""605"",""score"":22.11325859111397,""snippet"":"" ... International IMPAC Dublin Literary Award 2012. Retrieved 23 January 2015.\n* Financial Times 2010 Fiction of the YearBlau, Rosie (3 December 2010). FT Fiction Round-up 2010. Financial Times, Fiction Round-up 2010. Retrieved 25 January 2015.\n\nLife of Pi\n\n* Winner of the 2002 Man Booker Prize for FictionLife ... "",""title"":""https://en.wikipedia.org/wiki/Yann_Martel""},{""docid"":""61315"",""score"":20.46093581407022,""snippet"":"" ... By using this site, you agree to the Terms of Use and Privacy Policy. Wikipedia® is a registered trademark of the Wikimedia Foundation, Inc., a non-profit organization.\nPrivacy policyAbout WikipediaDisclaimersContact WikipediaCode of ConductDevelopersStatisticsCookie statementMobile view\nWikimedia Foundation\nPowered by MediaWiki"",""title"":""https://en.wikipedia.org/wiki/Christopher_Atwood""},{""docid"":""17746"",""score"":19.789984065159807,""snippet"":"" ... Prize; MLA Prize in United States Latina and Latino and Chicana and Chicano Literary and Cultural Studies; Matei Calinescu Prize; MLA Prize for an Edited Collection; Aldo and Jeanne Scaglione Prize for African Studies; Aldo and Jeanne Scaglione Prize for East Asian Studies; Aldo and Jeanne Scaglione Prize ... "",""title"":""https://www.cambridge.org/core/journals/pmla/article/program/780F9405D933EC623EC16B14AD1FB42B""},{""docid"":""16967"",""score"":19.09511605811228,""snippet"":"" ... Her famous works include La Place (\""A Man's Place\"", 1983), L'événement (\""Happening\"", 2000), Se perdre (\""Getting Lost\"", 2001), L'Occupation (\""The Possession\"", 2002), and Les Années (\""The Years\"", 2008).Annie Ernaux annie-ernaux.org\n\nPrize announcement\n\nFollowing the announcement, Carin Klaesson interviewed Nobel Committee chairman Anders ... "",""title"":""https://en.wikipedia.org/wiki/2022_Nobel_Prize_in_Literature""},{""docid"":""37956"",""score"":19.080244038716152,""snippet"":"" ... His poems appear in Eastlit, Asian American Literary Review, TAYO Literary Magazine, and Cha: An Asian Literary Journal. He holds an MFA from Emerson College and works at a public library.\n\nERIC ROY's poems have appeared or are forthcoming from Bennington Review, Green Mountains Review, Salamander, Salt ... "",""title"":""https://lilypoetryreview.blog/issue-six-contributors/""},{""docid"":""21658"",""score"":18.884224143551904,""snippet"":"" ... Henry James said \""Kipling strikes me personally as the most complete man of genius, as distinct from fine intelligence, that I have ever known.\"" In 1907, he was awarded the Nobel Prize in Literature, as the first English-language writer to receive the prize, and at 41, its ... "",""title"":""https://en.wikipedia.org/wiki/Rudyard_Kipling""},{""docid"":""29969"",""score"":18.660832566646,""snippet"":"" ... Robert Lowell and Robert Pinsky.[241] During John Silber's tenure as president, he recruited two Nobel Prize–winning literary figures to the university's faculty: Elie Wiesel, winner of the 1986 Nobel Peace Prize, and Saul Bellow, winner of the 1976 Nobel Prize in Literature.[241] Another ... "",""title"":""https://en.wikipedia.org/wiki/Boston_University""},{""docid"":""59213"",""score"":18.504172875294632,""snippet"":"" ... Sharon Olds - Wikipedia\ndate: 2005-01-28\n---\nname: Sharon Olds\nimage_upright: 0.9\nbirth_date: 19 November 1942\nbirth_place: San Francisco, California, U.S.\neducation: Stanford University (BA)Columbia University (MA, PhD)\noccupation: Poet\nawards: Pulitzer Prize in Poetry, T. S. Eliot Prize, National Book Critics ... "",""title"":""https://en.wikipedia.org/wiki/Sharon_Olds""}]"
5,129,2026-09-15T09:57:43.397254+00:00,Man Asian Literary Prize 2012 shortlist Between Clay and Dust,"[""man"",""asian"",""literary"",""prize"",""2012"",""shortlist"",""between"",""clay"",""and"",""dust""]","""man"" OR ""asian"" OR ""literary"" OR ""prize"" OR ""2012"" OR ""shortlist"" OR ""between"" OR ""clay"" OR ""and"" OR ""dust""",8,fceb0cf11e518cc6e51015b30b6c5ee6cc90b92cba8ca8483fdfcf3c7bcfed72,1ea69ffa1dd7883a5df8b229319de3fd2fdf455a06b13ee831257faab7f1cbe6,False,"[""d49"",""d1"",""d29"",""d57"",""d58"",""d59"",""d30"",""d60""]","[""80942"",""3002"",""6058"",""59739"",""77062"",""85225"",""41360"",""4926""]","[{""docid"":""80942"",""score"":28.791236106777855,""snippet"":"" ... He was born in 1968 in Hyderabad, Pakistan, and now divides his time between Toronto and Karachi. His acclaimed new novel, Between Clay and Dust, was shortlisted for The Man Asian Literary Prize 2012 and longlisted for the 2013 DSC Prize for South Asian Literature. Farooqi's second ... "",""title"":""https://lithub.com/20-writers-from-around-the-world-on-the-olympics/""},{""docid"":""3002"",""score"":28.412493222892596,""snippet"":"" ... In 2007, Man Group plc established the Man Asian Literary Prize, an annual literary award given to the best novel by an Asian writer, either written in English or translated into English, and published in the previous calendar year.\n\nFor many years, as part of The Times Literature ... "",""title"":""https://en.wikipedia.org/wiki/Booker_Prize""},{""docid"":""6058"",""score"":25.305244714742546,""snippet"":"" ... His award-winning novels have been adapted for the cinema, shortlisted for the Man Booker Prize, and translated into more than thirty languages. His essays and short stories have appeared in The New York Times, The Washington Post, and The New Yorker, among many other publications. Hamid now ... "",""title"":""https://www.aspeninstitute.org/blog-posts/20-new-works-fiction-social-impact/""},{""docid"":""59739"",""score"":25.244812165044188,""snippet"":"" ... the Book of the Year 2015 of the Warsaw Literary Premiere, the 2016 Gombrowicz Prize and was shortlisted to the 2016 Norwid Prize and the 2016 Angelus Prize. His third novel, Deutsch dla średnio zaawansowanych (Deutsch for Intermediates; Wydawnictwo Literackie) appeared in 2019. In 2021 he published his ... "",""title"":""https://www.hhousebooks.com/authors/""},{""docid"":""77062"",""score"":24.84079089125862,""snippet"":"" ... In this otherworldly landscape Alice thinks she has found solace, until she meets a charismatic and ultimately dangerous man.\n\nSpanning two decades, set between sugar cane fields by the sea, a native Australian flower farm, and a celestial crater in the central desert, The Lost Flowers of Alice ... "",""title"":""https://wnba-books.org/great-group-reads-2019-list/""},{""docid"":""85225"",""score"":24.57150450591808,""snippet"":"" ... Outside China, his work is widely translated and has gone on to receive a slew of international literary honors. He's been shortlisted and longlisted for the Man Booker International Prize; shortlisted for the Man Asian Literary Prize; and received the Franz Kafka Prize and the Newman Prize ... "",""title"":""https://www.brianhaman.com/writing/yan-lianke-interview""},{""docid"":""41360"",""score"":24.369640326711313,""snippet"":"" ... 2012\n\nLevy's Swimming Home made it to the 2012 Man Booker Prize shortlist, relaunching her career. Delighted readers send us presents, including a set of coloured spoons.\n\n2013\n\nWe set up office in the US, run initially by Sarah Russo, and started publicising and publishing many of ... "",""title"":""https://www.andotherstories.org/about-us/""},{""docid"":""4926"",""score"":24.198131375688796,""snippet"":"" ... Daljit Nagra's prize-winning Look We Have Coming to Dover! and his follow-up Tippoo Sultan's Incredible White-Man-Eating Tiger Toy-Machine!!!, both rarities on Faber's list, depict British Asians with enthusiastic racialized self-mockery (note the increasing exclamation marks). Voiced in the hysterics ... "",""title"":""https://lareviewofbooks.org/article/not-a-british-subject-race-and-poetry-in-the-uk""}]"
5,136,2026-09-15T09:57:46.483577+00:00,Man Asian Literary Prize 2011 2012 2013 winner,"[""man"",""asian"",""literary"",""prize"",""2011"",""2012"",""2013"",""winner""]","""man"" OR ""asian"" OR ""literary"" OR ""prize"" OR ""2011"" OR ""2012"" OR ""2013"" OR ""winner""",8,eb26502082f2213f4d275f664dfb9f2b5845bd3d39ee11dacae7f706fd4b752f,0419626bd8b6632fcdd6e4d29f79211f2eb81063fe23e190026e0187d8de3e35,False,"[""d23"",""d26"",""d24"",""d28"",""d1"",""d2"",""d61"",""d62""]","[""605"",""32938"",""56224"",""23230"",""3002"",""89168"",""81437"",""3516""]","[{""docid"":""605"",""score"":24.744047326995425,""snippet"":"" ... International IMPAC Dublin Literary Award 2012. Retrieved 23 January 2015.\n* Financial Times 2010 Fiction of the YearBlau, Rosie (3 December 2010). FT Fiction Round-up 2010. Financial Times, Fiction Round-up 2010. Retrieved 25 January 2015.\n\nLife of Pi\n\n* Winner of the 2002 Man Booker Prize for FictionLife ... "",""title"":""https://en.wikipedia.org/wiki/Yann_Martel""},{""docid"":""32938"",""score"":24.00700496768008,""snippet"":"" ... 1935\n\nThe is a Japanese literary award presented biannually. Because of its prestige and the considerable attention the winner receives from the media, it is, along with the Naoki Prize, one of Japan's most sought after literary prizes.\n\nHistory\n\nThe Akutagawa Prize was established in 1935 by ... "",""title"":""https://en.wikipedia.org/wiki/Akutagawa_Prize""},{""docid"":""56224"",""score"":23.989988376197388,""snippet"":"" ... Recent prize winners are listed below.\n\nAlice Davis Hitchcock Book Award (Society of Architectural Historians)\n\n2004: Jordan Sand, House and Home in Modern Japan: Architecture, Domestic Space, and Bourgeois Culture, 1880–1930 (HEAM 223)\n\nAldo and Jeanne Scaglione Prize for East Asian Studies (Modern Language Association of America ... "",""title"":""https://asiacenter.harvard.edu/publications/awards""},{""docid"":""23230"",""score"":23.654029066877627,""snippet"":"" ... His previous collections include Phantom Camera (winner of the 2012 Green Rose Prize in Poetry from New Issues Press), Carrier Wave (winner of the 2006 Colorado Prize for Poetry from the Center for Literary Publishing at Colorado State University), and the digital chapbook The Tallest Building in America ... "",""title"":""https://artsandsciences.syracuse.edu/english-department/creative-writing-mf-program/raymond-carver-reading-series/previous-raymond-carver-reading-series/""},{""docid"":""3002"",""score"":23.520506608327935,""snippet"":"" ... A Russian version of the Booker Prize was created in 1992 called the Booker-Open Russia Literary Prize, also known as the Russian Booker Prize. In 2007, Man Group plc established the Man Asian Literary Prize, an annual literary award given to the best novel by an Asian ... "",""title"":""https://en.wikipedia.org/wiki/Booker_Prize""},{""docid"":""89168"",""score"":23.355819622211378,""snippet"":"" ... She has edited the last six winners of the PEN/Bellwether Prize for Socially Engaged Fiction, for which she is also a judge. Her authors have been Alex Award winners and finalists for the National Book Award, the Dayton Literary Peace Prize, the Kirkus Prize, the Story Prize ... "",""title"":""https://pen.org/meet-the-2021-literary-awards-judges/""},{""docid"":""81437"",""score"":23.280865464267496,""snippet"":"" ... Tope Folarin is the winner of the 2013 Caine Prize for African Writing. His short story \""Miracle\"" garnered him the award in 2013 and his story \""Genesis\"" was shortlisted for the 2016 Caine Prize. Folarin's first novel, A Particular Kind of Black Man, was released in 2019 ... "",""title"":""https://guides.loc.gov/african-jewish-middle-east-studies/african-studies/event-videos""},{""docid"":""3516"",""score"":23.05687625367789,""snippet"":"" ... and trans-Asian studies; empire and postcolonial studies; critical translation theory; politics of language, literary form, genre; literatures of migration and diaspora\n\nRecent Publications\n\n- Disarming Words: Empire and the Seductions of Translation in Egypt. Berkeley: University of California Press, 2011. Honorable Mention, 2013 Harry Levin Prize of the ... "",""title"":""https://oxfordre.com/literature/page/editorial/editorial-board""}]"
6,149,2026-09-15T09:57:50.639123+00:00,Man Asian Literary Prize Wikipedia winners list,"[""man"",""asian"",""literary"",""prize"",""wikipedia"",""winners"",""list""]","""man"" OR ""asian"" OR ""literary"" OR ""prize"" OR ""wikipedia"" OR ""winners"" OR ""list""",8,bd130f7e497909b54ca5035f19c15953b102ef9dfaef68896bf7085dde89d1fc,1fe676583e6cbbea04f17a225e76ce39732192d9066c2d3ec45e13e31f20017a,False,"[""d26"",""d1"",""d23"",""d29"",""d46"",""d63"",""d64"",""d25""]","[""32938"",""3002"",""605"",""6058"",""54094"",""71991"",""51004"",""18890""]","[{""docid"":""32938"",""score"":21.53685232951854,""snippet"":"" ... 1935\n\nThe is a Japanese literary award presented biannually. Because of its prestige and the considerable attention the winner receives from the media, it is, along with the Naoki Prize, one of Japan's most sought after literary prizes.\n\nHistory\n\nThe Akutagawa Prize was established in 1935 by ... "",""title"":""https://en.wikipedia.org/wiki/Akutagawa_Prize""},{""docid"":""3002"",""score"":21.512093466418342,""snippet"":"" ... A Russian version of the Booker Prize was created in 1992 called the Booker-Open Russia Literary Prize, also known as the Russian Booker Prize. In 2007, Man Group plc established the Man Asian Literary Prize, an annual literary award given to the best novel by an Asian ... "",""title"":""https://en.wikipedia.org/wiki/Booker_Prize""},{""docid"":""605"",""score"":21.189392653582523,""snippet"":"" ... List 2012 . International IMPAC Dublin Literary Award 2012. Retrieved 23 January 2015.\n* Financial Times 2010 Fiction of the YearBlau, Rosie (3 December 2010). FT Fiction Round-up 2010. Financial Times, Fiction Round-up 2010. Retrieved 25 January 2015.\n\nLife of Pi\n\n* Winner of the 2002 Man Booker Prize ... "",""title"":""https://en.wikipedia.org/wiki/Yann_Martel""},{""docid"":""6058"",""score"":19.27276719159235,""snippet"":"" ... In 2015, Mabanckou was a finalist for the Man Booker International Prize.\n\nThe Refugees by Viet Thanh Nguyen\n\nViet Thanh Nguyen's novel The Sympathizer is a New York Times best seller and won the Pulitzer Prize for Fiction. Other honors include the Dayton Literary Peace Prize, the ... "",""title"":""https://www.aspeninstitute.org/blog-posts/20-new-works-fiction-social-impact/""},{""docid"":""54094"",""score"":19.061155677078215,""snippet"":"" ... Among the most decorated American writers of his generation, he has won every major American literary award, including the Pulitzer Prize for his major novel American Pastoral (1997).\n\nIn the realm of African-American literature, Ralph Ellison's 1952 novel Invisible Man was instantly recognized as among the ... "",""title"":""https://en.wikipedia.org/wiki/American_literature""},{""docid"":""71991"",""score"":19.029659048638386,""snippet"":"" ... List of Asian Americans - Wikipedia\ndate: 2006-09-07\n---\nNotable Asian Americans include:\n\nAcademia\n\n*Manjul Bhargava, mathematician\n*Raj Chetty, professor of economics\n*Leon O. Chua, computer scientist\n*Margaret Chung, first female Chinese physician in the United States\n*S. I. Hayakawa, professor of English, president of San Francisco State ... "",""title"":""https://en.wikipedia.org/wiki/List_of_Asian_Americans""},{""docid"":""51004"",""score"":18.92173381528512,""snippet"":"" ... Here's how:\n\n-\n\nVisit NoveList, log in with your library card\n\n-\n\nIn the Main Menu, click Browse By > Award Winners\n\n-\n\nBrowse the lists\n\n-\n\nFound a book you want? Click the Check the library catalog link and place a hold in the SAILS catalog\n\nLiterary Awards & Prizes\n\nBrowse these ... "",""title"":""https://www.bridgewaterpubliclibrary.org/award-winners""},{""docid"":""18890"",""score"":18.431892154435115,""snippet"":"" ... Gibb was the winner of the Trillium Book Award in 2006, a Scotiabank Giller Prize short list nominee in 2005, winner of the city of Toronto Book Award in 2000 and the recipient of the CBC Canadian Literary Award for short fiction in 2001. Her books have been ... "",""title"":""https://www.yorku.ca/laps/huma/canadian-writers/""}]"
6,154,2026-09-15T09:57:51.573769+00:00,literary award founded 2004 2005 2006 2007 2008 2009 novel translated many languages,"[""literary"",""award"",""founded"",""2004"",""2005"",""2006"",""2007"",""2008"",""2009"",""novel"",""translated"",""many"",""languages""]","""literary"" OR ""award"" OR ""founded"" OR ""2004"" OR ""2005"" OR ""2006"" OR ""2007"" OR ""2008"" OR ""2009"" OR ""novel"" OR ""translated"" OR ""many"" OR ""languages""",8,d9bc0c5a52419facb2adf6134260636185b4425dd64b0a61e1b17373fde25279,70d59ae902f77589f5847af3d741f810360f850bc391a9771d839c7a6ba31985,False,"[""d65"",""d13"",""d66"",""d67"",""d68"",""d69"",""d11"",""d25""]","[""49894"",""56350"",""69762"",""30196"",""88647"",""39699"",""31267"",""18890""]","[{""docid"":""49894"",""score"":30.60207384027161,""snippet"":"" ... Since 1999\n\nSputnik Sweetheart was first published in 1999, followed by Kafka on the Shore in 2002, with the English translation following in 2005. Kafka on the Shore won the World Fantasy Award in 2006. The English version of his novel After Dark was released in May 2007 ... "",""title"":""https://en.wikipedia.org/wiki/Haruki_Murakami""},{""docid"":""56350"",""score"":30.40356102811407,""snippet"":"" ... His … Read More\n\n2008 Judges\n\nGeorge Bowering\n\nGeorge Bowering was born in Penticton, and now lives in Vancouver, BC. A prolific writer, he has published more than 40 books, including novels, stories, booklength poems and poetry collections, and won many awards. He received the Governor General's Literary ... "",""title"":""https://griffinpoetryprize.com/judges/""},{""docid"":""69762"",""score"":30.166690276466426,""snippet"":"" ... Among her many awards and honors are the Yale Younger Poets Award, the National Book Critic's Circle Award, the Lannan Foundation Lifetime Achievement Award, the National Book Award, and a MacArthur Fellowship.\n\n2007-2008: Ana Castillo\n\nChicana novelist Ana Castillo read from her novel The Guardians on ... "",""title"":""https://www.grinnell.edu/campus-life/arts-culture/writersgrinnell/distinguished-authors""},{""docid"":""30196"",""score"":30.11672126560011,""snippet"":"" ... Norton & Company, 2007. H. L. Mitchell Award (2008); Liberty Legacy Foundation Award (2008); Robert F. Kennedy Book Award (2008); International Labor History Association Book of the Year Award (2009) »\n\nHoogenboom, Hilde (NHC Fellow, 2000–01), trans. The Memoirs of Catherine the Great. Translated by Hilde Hoogenboom and Mark ... "",""title"":""https://nationalhumanitiescenter.org/scholarly-programs/books-by-fellows/""},{""docid"":""88647"",""score"":29.84568911459575,""snippet"":"" ... with the Dragon Tattoo (first English translation, 2008), Keith Gessen, All the Sad Young Literary Men (2008), Steven Millhauser, Dangerous Laughter (2008), Joseph O'Neill, Netherland (2008), Richard Price, Lush Life (2008), John Updike, The Widows of Eastwick (2008), Curtis Sittenfeld, Prep (2005), Hilary Mantel, Wolf Hall (2009)"",""title"":""https://lithub.com/a-century-of-reading-the-10-books-that-defined-the-2000s/""},{""docid"":""39699"",""score"":29.777875956941905,""snippet"":"" ... Makobe | Nkune se, Mphe se! | Sepedi | |\n| 2009 | J.J. Ncongwane | Tikhatsi Letimatima | Swati | |\n| 2008 | No award | No award | No award | |\n| 2007 | Otty E.H.M Nxumalo | Body of work | Zulu | |\n\nNovel Award\n\n**Table 3**: Novel Award Winners\n\n| Year | Winner | Work | Language | Ref. |\n|---|---|---|---|---|\n| 2024 | Barry Gilder | At Fire Hour ... "",""title"":""https://en.wikipedia.org/wiki/South_African_Literary_Awards""},{""docid"":""31267"",""score"":29.64931690379255,""snippet"":"" ... Three of his stories have been adapted for puppet shows and some poems and stories have also been translated into other languages. His children's works include the picture book Klobuk gospoda Konstantina (Mr Constantine's hat, 2007), winner of the Original Slovenian Picture Book Award in 2008 ... "",""title"":""https://www.ibby.org/subnavigation/archives/hans-christian-andersen-awards/2020""},{""docid"":""18890"",""score"":29.513756023863188,""snippet"":"" ... 2004-2005.\n\nShe is the author of three novels, Frog Moon (1994), translated into French as Kaki (1997), The Jasmine Man (2001), and her most recent novel, The Other Sister (2008). She is also the author of several poetry collections and works of literary criticism, and has translated ... "",""title"":""https://www.yorku.ca/laps/huma/canadian-writers/""}]"
7,170,2026-09-15T09:57:57.459943+00:00,Man Asian Literary Prize Wikipedia,"[""man"",""asian"",""literary"",""prize"",""wikipedia""]","""man"" OR ""asian"" OR ""literary"" OR ""prize"" OR ""wikipedia""",8,8a8636c1105d33471cd9a3e443710eb30d620359f1d2689b8f31d8569a30cee4,0d1bc4acd045a81dc0373ab19162543b52b13a401b63ba77cb77de7d689ff5bb,True,"[""d26"",""d1"",""d45"",""d23"",""d46"",""d47"",""d48"",""d49""]","[""32938"",""3002"",""96517"",""605"",""54094"",""3542"",""25454"",""80942""]","[{""docid"":""32938"",""score"":17.089445114989296,""snippet"":"" ... Akutagawa Prize - Wikipedia\nauthor: Authority control databases National France BnF data Japan\ndate: 2004-01-20\n---\nname: Akutagawa Prize\nsubheader: 芥川龍之介賞 (Akutagawa Ryūnosuke Shō)\nawarded_for: Best published literary story by a rising author\npresenter: Society for the Promotion of Japanese Literature\ncountry: Japan\ndate: 10 08 1935 ... "",""title"":""https://en.wikipedia.org/wiki/Akutagawa_Prize""},{""docid"":""3002"",""score"":16.827539437357,""snippet"":"" ... A Russian version of the Booker Prize was created in 1992 called the Booker-Open Russia Literary Prize, also known as the Russian Booker Prize. In 2007, Man Group plc established the Man Asian Literary Prize, an annual literary award given to the best novel by an Asian ... "",""title"":""https://en.wikipedia.org/wiki/Booker_Prize""},{""docid"":""96517"",""score"":16.75118395066134,""snippet"":"" ... The Asian/Pacific American Awards for Literature are administered by the Asian/Pacific American Librarians Association to honor outstanding literary works by or about Asian/Pacific Americans. Books in various genres written by or about Asian/Pacific Americans are eligible.\n\n31. Aspen Words Literary Prize:\n\nThe Aspen Words ... "",""title"":""https://mybookcave.com/authorpost/the-ultimate-list-of-book-awards-and-author-recognitions-part-one-american-awards/""},{""docid"":""605"",""score"":16.581281691036246,""snippet"":"" ... International IMPAC Dublin Literary Award 2012. Retrieved 23 January 2015.\n* Financial Times 2010 Fiction of the YearBlau, Rosie (3 December 2010). FT Fiction Round-up 2010. Financial Times, Fiction Round-up 2010. Retrieved 25 January 2015.\n\nLife of Pi\n\n* Winner of the 2002 Man Booker Prize for FictionLife ... "",""title"":""https://en.wikipedia.org/wiki/Yann_Martel""},{""docid"":""54094"",""score"":15.672636665468133,""snippet"":"" ... Among the most decorated American writers of his generation, he has won every major American literary award, including the Pulitzer Prize for his major novel American Pastoral (1997).\n\nIn the realm of African-American literature, Ralph Ellison's 1952 novel Invisible Man was instantly recognized as among the ... "",""title"":""https://en.wikipedia.org/wiki/American_literature""},{""docid"":""3542"",""score"":15.631760434997837,""snippet"":"" ... The English translation of the novel appeared in the long list of Man Asian Literary Prize 2012 and in the short list of the DSC Prize for South Asian Literature 2013. It won the Kerala Sahitya Akademi Award for Novel for Benyamin in 2009.\n\nSynopsis\n\nThe book is ... "",""title"":""https://en.wikipedia.org/wiki/Aadujeevitham""},{""docid"":""25454"",""score"":15.445091736432937,""snippet"":"" ... 2006, Asian/Pacific American Awards for Literature Honorable Mention for Saving Fish From Drowning\n* The Joy Luck Club selected for the National Endowment for the Arts' Big Read\n* The New York Times Notable Book\n* Booklist Editors Choice\n* Finalist for the Orange Prize\n* Nominated for the Orange Prize\n* Nominated ... "",""title"":""https://en.wikipedia.org/wiki/Amy_Tan""},{""docid"":""80942"",""score"":15.390434296795723,""snippet"":"" ... His acclaimed new novel, Between Clay and Dust, was shortlisted for The Man Asian Literary Prize 2012 and longlisted for the 2013 DSC Prize for South Asian Literature. Farooqi's second novel, The Story of a Widow, was shortlisted for the DSC Prize for South Asian Literature 2011 ... "",""title"":""https://lithub.com/20-writers-from-around-the-world-on-the-olympics/""}]"
7,171,2026-09-15T09:57:57.475422+00:00,DSC Prize South Asian Literature Wikipedia winners,"[""dsc"",""prize"",""south"",""asian"",""literature"",""wikipedia"",""winners""]","""dsc"" OR ""prize"" OR ""south"" OR ""asian"" OR ""literature"" OR ""wikipedia"" OR ""winners""",8,f5a6ed6f15f316fe4f5ab89fcbfe19b2ff070dfedc2f9c88a25c05d43d0966f2,f8d50c6112911610ea44487d9d4473e8140a4da9bc293559af1417fa6e31aa92,False,"[""d70"",""d71"",""d72"",""d47"",""d3"",""d73"",""d74"",""d49""]","[""29280"",""10270"",""70533"",""3542"",""93725"",""93313"",""73821"",""80942""]","[{""docid"":""29280"",""score"":26.106997515986336,""snippet"":"" ... science for two terms in 1901 \n*Herbert Read, poet and literary critic (English)\n*Wole Soyinka, Nigerian writer and first African winner of the Nobel Prize in Literature in 1986 (English, 1957)\n*Greg Stekelman, writer and illustrator, author of A Year in the Life of TheManWhoFellAsleep (English and Spanish ... "",""title"":""https://en.wikipedia.org/wiki/List_of_University_of_Leeds_people""},{""docid"":""10270"",""score"":25.5438363035841,""snippet"":"" ... It was nominated for both the Man Booker Prize (now known as the Booker Prize) and the National Book Award and earned Lahiri the 2015 DSC Prize for South Asian Literature, a prize established in 2010 by infrastructure developers DSC Limited to honor the achievements of South Asian ... "",""title"":""https://www.britannica.com/biography/Jhumpa-Lahiri""},{""docid"":""70533"",""score"":25.12013208597251,""snippet"":"" ... He continued, \""We also have high hopes for The Prisoner, by Omar Shahid Hamid, a thriller from Pakistan that has already won international acclaim and has just been longlisted for the DSC Prize for South Asian Literature; the semi-autobiographical novel, A Gushing Fountain, which is a portrait ... "",""title"":""https://www.independentpublisher.com/article.php?page=1885""},{""docid"":""3542"",""score"":24.288000415054345,""snippet"":"" ... The English translation of the novel appeared in the long list of Man Asian Literary Prize 2012 and in the short list of the DSC Prize for South Asian Literature 2013. It won the Kerala Sahitya Akademi Award for Novel for Benyamin in 2009.\n\nSynopsis\n\nThe book is ... "",""title"":""https://en.wikipedia.org/wiki/Aadujeevitham""},{""docid"":""93725"",""score"":23.53607593133291,""snippet"":"" ... Prize | Dayne Ogilvie Prize | | Ben Ladouceur | — | — | CBC Books |url= |access-date=19 August 2018 |website=CBC}} |\n| Desmond Elliott Prize | Desmond Elliott Prize | | Preti Taneja | We That Are Young | | |\n| DSC Prize for South Asian Literature | DSC Prize for South Asian Literature | | Jayanth Kaikini | No Presents Please | | |\n| Dylan Thomas Prize ... "",""title"":""https://en.wikipedia.org/wiki/2018_in_literature""},{""docid"":""93313"",""score"":23.126254167933453,""snippet"":"" ... In 1947, Watson left the University of Chicago to become a graduate student at Indiana University, attracted by the presence at Bloomington of the 1946 Nobel Prize winner Hermann Joseph Muller, who in crucial papers published in 1922, 1929, and in the 1930s had laid out all the ... "",""title"":""https://en.wikipedia.org/wiki/James_Watson""},{""docid"":""73821"",""score"":22.75165290449627,""snippet"":"" ... Her book, The Lowland, won the DSC award for south Asian fiction, and was a finalist for both the Man Booker prize and the National Book Award in fiction.\n\nLahiri's first book written in Italian, In Altre Parole, later published in English as In Other Words, explores ... "",""title"":""https://carolinaperformingarts.org/events/jaipur-literature-festival-usa/""},{""docid"":""80942"",""score"":22.252634471178382,""snippet"":"" ... His acclaimed new novel, Between Clay and Dust, was shortlisted for The Man Asian Literary Prize 2012 and longlisted for the 2013 DSC Prize for South Asian Literature. Farooqi's second novel, The Story of a Widow, was shortlisted for the DSC Prize for South Asian Literature 2011 ... "",""title"":""https://lithub.com/20-writers-from-around-the-world-on-the-olympics/""}]"
7,179,2026-09-15T09:57:58.140899+00:00,Jan Michalski Prize Wikipedia,"[""jan"",""michalski"",""prize"",""wikipedia""]","""jan"" OR ""michalski"" OR ""prize"" OR ""wikipedia""",8,0b8a28b00c4e42796b3124af3b7bfe817abeb3f394d3b290ceab71be31ec949b,b3a0874c060a39f62e14aefa4ed1f017f35aa34bfa76dea3e664a9e08db39f3a,False,"[""d75"",""d76"",""d77"",""d78"",""d79"",""d80"",""d81"",""d30""]","[""74546"",""22768"",""5349"",""67981"",""12093"",""83615"",""68777"",""41360""]","[{""docid"":""74546"",""score"":16.988109145214302,""snippet"":"" ... List of Polish people - Wikipedia\ndate: 2002-12-17\n---\nThis is a partial list of notable Polish or Polish-speaking or -writing people. People of partial Polish heritage have their respective ancestries credited.\n\nPhysics\n\n*Miedziak Antal\n* Czesław Białobrzeski\n* Andrzej Buras\n* Georges Charpak, 1995 Nobel Prize\n* Jan Kazimierz Danysz ... "",""title"":""https://en.wikipedia.org/wiki/List_of_Polish_people""},{""docid"":""22768"",""score"":16.355476058795553,""snippet"":"" ... She has been a Miles Morland Foundation Writing Scholar (UK), a Writer-in-Residence at the Jan Michalski Foundation for Writing and Literature (Switzerland), a Maison Baldwin St. Paul de Vence Writer-in-Residence (France), an Austrian Federal Chancellery/KulturKontakt Artist-in-Residence (Austria), and has held fellowships ... "",""title"":""https://cmsw.mit.edu/people/lecturers/""},{""docid"":""5349"",""score"":15.905350566843417,""snippet"":"" ... But the ideal space would be this luxury treehouse, at the Jan Michalski Foundation. That's literally the ideal for most people, I would think. Anything that has a little bit of access to nature so that you can take a walk when you need a break.\n\nYou ... "",""title"":""https://thecreativeindependent.com/people/author-and-translator-jennifer-croft-on-challenging-preconceived-notions/""},{""docid"":""67981"",""score"":15.828379466091382,""snippet"":"" ... Development's 2023 Outstanding Paper Prize Available\nauthor: James Briscoe\ndate: 2024-04-29\n---\nWe are delighted to announce the winners of Development's Outstanding Paper Prize for papers published in 2023. Initiated last year (Briscoe et al., 2023), this prize highlights some of the best research published ... "",""title"":""https://journals.biologists.com/dev/article/151/8/dev202948/347021/Development-s-2023-Outstanding-Paper-Prize""},{""docid"":""12093"",""score"":15.605280405982787,""snippet"":"" ... 2008)\n\n- Jan 16 Ezra Sims, American composer of microtonal music, born in Birmingham, Alabama (d. 2015)\n\n- Jan 16 Pilar Lorengar [Lorenza Pilar García], Aragones soprano, born in El Gancho, Zaragoza, Spain (d. 1996)\n\n- Jan 17 Jean Barraqué, French composer, born in Hauts-de-Seine, France (d. 1973)\n\n- Jan ... "",""title"":""https://www.onthisday.com/music/birthdays/date/1928""},{""docid"":""83615"",""score"":14.433331763520059,""snippet"":"" ... She is a recipient of the Rome Prize in Literature as well as fellowships from the Lannan, Jan Michalski and Santa Maddalena Foundations. She teaches in the creative writing program at New York University. Her new novel, Audition, will be published by Riverhead Books in 2025.\n\nShe will ... "",""title"":""https://manor-mill.com/prose-authors""},{""docid"":""68777"",""score"":13.963248244746254,""snippet"":"" ... In 2019, he was writer-in-residence at the Jan Michalski Foundation in Switzerland, where he worked on his third novel. He is currently on a 14-month, 49-state road trip in his 1979 VW bus, while he and his wife, Miracle, produce a podcast called \""So ... "",""title"":""https://www.writersdigest.com/wd-competitions/announcing-the-winners-of-the-90th-annual-writers-digest-writing-competition""},{""docid"":""41360"",""score"":13.078819585019204,""snippet"":"" ... Her debut novel We That Are Young won the 2018 Desmond Elliott Prize and was also nominated for international awards including the Rathbones Folio Prize, the Jan Michalski Prize and the Shakti Bhatt First Book Award. It was a Book of the Decade in The Hindu, a top ... "",""title"":""https://www.andotherstories.org/about-us/""}]"
8,197,2026-09-15T09:58:02.635047+00:00,Man Asian Literary Prize Wikipedia,"[""man"",""asian"",""literary"",""prize"",""wikipedia""]","""man"" OR ""asian"" OR ""literary"" OR ""prize"" OR ""wikipedia""",8,8a8636c1105d33471cd9a3e443710eb30d620359f1d2689b8f31d8569a30cee4,0d1bc4acd045a81dc0373ab19162543b52b13a401b63ba77cb77de7d689ff5bb,True,"[""d26"",""d1"",""d45"",""d23"",""d46"",""d47"",""d48"",""d49""]","[""32938"",""3002"",""96517"",""605"",""54094"",""3542"",""25454"",""80942""]","[{""docid"":""32938"",""score"":17.089445114989296,""snippet"":"" ... Akutagawa Prize - Wikipedia\nauthor: Authority control databases National France BnF data Japan\ndate: 2004-01-20\n---\nname: Akutagawa Prize\nsubheader: 芥川龍之介賞 (Akutagawa Ryūnosuke Shō)\nawarded_for: Best published literary story by a rising author\npresenter: Society for the Promotion of Japanese Literature\ncountry: Japan\ndate: 10 08 1935 ... "",""title"":""https://en.wikipedia.org/wiki/Akutagawa_Prize""},{""docid"":""3002"",""score"":16.827539437357,""snippet"":"" ... A Russian version of the Booker Prize was created in 1992 called the Booker-Open Russia Literary Prize, also known as the Russian Booker Prize. In 2007, Man Group plc established the Man Asian Literary Prize, an annual literary award given to the best novel by an Asian ... "",""title"":""https://en.wikipedia.org/wiki/Booker_Prize""},{""docid"":""96517"",""score"":16.75118395066134,""snippet"":"" ... The Asian/Pacific American Awards for Literature are administered by the Asian/Pacific American Librarians Association to honor outstanding literary works by or about Asian/Pacific Americans. Books in various genres written by or about Asian/Pacific Americans are eligible.\n\n31. Aspen Words Literary Prize:\n\nThe Aspen Words ... "",""title"":""https://mybookcave.com/authorpost/the-ultimate-list-of-book-awards-and-author-recognitions-part-one-american-awards/""},{""docid"":""605"",""score"":16.581281691036246,""snippet"":"" ... International IMPAC Dublin Literary Award 2012. Retrieved 23 January 2015.\n* Financial Times 2010 Fiction of the YearBlau, Rosie (3 December 2010). FT Fiction Round-up 2010. Financial Times, Fiction Round-up 2010. Retrieved 25 January 2015.\n\nLife of Pi\n\n* Winner of the 2002 Man Booker Prize for FictionLife ... "",""title"":""https://en.wikipedia.org/wiki/Yann_Martel""},{""docid"":""54094"",""score"":15.672636665468133,""snippet"":"" ... Among the most decorated American writers of his generation, he has won every major American literary award, including the Pulitzer Prize for his major novel American Pastoral (1997).\n\nIn the realm of African-American literature, Ralph Ellison's 1952 novel Invisible Man was instantly recognized as among the ... "",""title"":""https://en.wikipedia.org/wiki/American_literature""},{""docid"":""3542"",""score"":15.631760434997837,""snippet"":"" ... The English translation of the novel appeared in the long list of Man Asian Literary Prize 2012 and in the short list of the DSC Prize for South Asian Literature 2013. It won the Kerala Sahitya Akademi Award for Novel for Benyamin in 2009.\n\nSynopsis\n\nThe book is ... "",""title"":""https://en.wikipedia.org/wiki/Aadujeevitham""},{""docid"":""25454"",""score"":15.445091736432937,""snippet"":"" ... 2006, Asian/Pacific American Awards for Literature Honorable Mention for Saving Fish From Drowning\n* The Joy Luck Club selected for the National Endowment for the Arts' Big Read\n* The New York Times Notable Book\n* Booklist Editors Choice\n* Finalist for the Orange Prize\n* Nominated for the Orange Prize\n* Nominated ... "",""title"":""https://en.wikipedia.org/wiki/Amy_Tan""},{""docid"":""80942"",""score"":15.390434296795723,""snippet"":"" ... His acclaimed new novel, Between Clay and Dust, was shortlisted for The Man Asian Literary Prize 2012 and longlisted for the 2013 DSC Prize for South Asian Literature. Farooqi's second novel, The Story of a Widow, was shortlisted for the DSC Prize for South Asian Literature 2011 ... "",""title"":""https://lithub.com/20-writers-from-around-the-world-on-the-olympics/""}]"
8,198,2026-09-15T09:58:02.686612+00:00,Man Asian Literary Prize 2012 shortlist Between Clay and Dust,"[""man"",""asian"",""literary"",""prize"",""2012"",""shortlist"",""between"",""clay"",""and"",""dust""]","""man"" OR ""asian"" OR ""literary"" OR ""prize"" OR ""2012"" OR ""shortlist"" OR ""between"" OR ""clay"" OR ""and"" OR ""dust""",8,fceb0cf11e518cc6e51015b30b6c5ee6cc90b92cba8ca8483fdfcf3c7bcfed72,1ea69ffa1dd7883a5df8b229319de3fd2fdf455a06b13ee831257faab7f1cbe6,True,"[""d49"",""d1"",""d29"",""d57"",""d58"",""d59"",""d30"",""d60""]","[""80942"",""3002"",""6058"",""59739"",""77062"",""85225"",""41360"",""4926""]","[{""docid"":""80942"",""score"":28.791236106777855,""snippet"":"" ... He was born in 1968 in Hyderabad, Pakistan, and now divides his time between Toronto and Karachi. His acclaimed new novel, Between Clay and Dust, was shortlisted for The Man Asian Literary Prize 2012 and longlisted for the 2013 DSC Prize for South Asian Literature. Farooqi's second ... "",""title"":""https://lithub.com/20-writers-from-around-the-world-on-the-olympics/""},{""docid"":""3002"",""score"":28.412493222892596,""snippet"":"" ... In 2007, Man Group plc established the Man Asian Literary Prize, an annual literary award given to the best novel by an Asian writer, either written in English or translated into English, and published in the previous calendar year.\n\nFor many years, as part of The Times Literature ... "",""title"":""https://en.wikipedia.org/wiki/Booker_Prize""},{""docid"":""6058"",""score"":25.305244714742546,""snippet"":"" ... His award-winning novels have been adapted for the cinema, shortlisted for the Man Booker Prize, and translated into more than thirty languages. His essays and short stories have appeared in The New York Times, The Washington Post, and The New Yorker, among many other publications. Hamid now ... "",""title"":""https://www.aspeninstitute.org/blog-posts/20-new-works-fiction-social-impact/""},{""docid"":""59739"",""score"":25.244812165044188,""snippet"":"" ... the Book of the Year 2015 of the Warsaw Literary Premiere, the 2016 Gombrowicz Prize and was shortlisted to the 2016 Norwid Prize and the 2016 Angelus Prize. His third novel, Deutsch dla średnio zaawansowanych (Deutsch for Intermediates; Wydawnictwo Literackie) appeared in 2019. In 2021 he published his ... "",""title"":""https://www.hhousebooks.com/authors/""},{""docid"":""77062"",""score"":24.84079089125862,""snippet"":"" ... In this otherworldly landscape Alice thinks she has found solace, until she meets a charismatic and ultimately dangerous man.\n\nSpanning two decades, set between sugar cane fields by the sea, a native Australian flower farm, and a celestial crater in the central desert, The Lost Flowers of Alice ... "",""title"":""https://wnba-books.org/great-group-reads-2019-list/""},{""docid"":""85225"",""score"":24.57150450591808,""snippet"":"" ... Outside China, his work is widely translated and has gone on to receive a slew of international literary honors. He's been shortlisted and longlisted for the Man Booker International Prize; shortlisted for the Man Asian Literary Prize; and received the Franz Kafka Prize and the Newman Prize ... "",""title"":""https://www.brianhaman.com/writing/yan-lianke-interview""},{""docid"":""41360"",""score"":24.369640326711313,""snippet"":"" ... 2012\n\nLevy's Swimming Home made it to the 2012 Man Booker Prize shortlist, relaunching her career. Delighted readers send us presents, including a set of coloured spoons.\n\n2013\n\nWe set up office in the US, run initially by Sarah Russo, and started publicising and publishing many of ... "",""title"":""https://www.andotherstories.org/about-us/""},{""docid"":""4926"",""score"":24.198131375688796,""snippet"":"" ... Daljit Nagra's prize-winning Look We Have Coming to Dover! and his follow-up Tippoo Sultan's Incredible White-Man-Eating Tiger Toy-Machine!!!, both rarities on Faber's list, depict British Asians with enthusiastic racialized self-mockery (note the increasing exclamation marks). Voiced in the hysterics ... "",""title"":""https://lareviewofbooks.org/article/not-a-british-subject-race-and-poetry-in-the-uk""}]"
8,199,2026-09-15T09:58:02.706335+00:00,Man Asian Literary Prize 2011 2012 2013 winner,"[""man"",""asian"",""literary"",""prize"",""2011"",""2012"",""2013"",""winner""]","""man"" OR ""asian"" OR ""literary"" OR ""prize"" OR ""2011"" OR ""2012"" OR ""2013"" OR ""winner""",8,eb26502082f2213f4d275f664dfb9f2b5845bd3d39ee11dacae7f706fd4b752f,0419626bd8b6632fcdd6e4d29f79211f2eb81063fe23e190026e0187d8de3e35,True,"[""d23"",""d26"",""d24"",""d28"",""d1"",""d2"",""d61"",""d62""]","[""605"",""32938"",""56224"",""23230"",""3002"",""89168"",""81437"",""3516""]","[{""docid"":""605"",""score"":24.744047326995425,""snippet"":"" ... International IMPAC Dublin Literary Award 2012. Retrieved 23 January 2015.\n* Financial Times 2010 Fiction of the YearBlau, Rosie (3 December 2010). FT Fiction Round-up 2010. Financial Times, Fiction Round-up 2010. Retrieved 25 January 2015.\n\nLife of Pi\n\n* Winner of the 2002 Man Booker Prize for FictionLife ... "",""title"":""https://en.wikipedia.org/wiki/Yann_Martel""},{""docid"":""32938"",""score"":24.00700496768008,""snippet"":"" ... 1935\n\nThe is a Japanese literary award presented biannually. Because of its prestige and the considerable attention the winner receives from the media, it is, along with the Naoki Prize, one of Japan's most sought after literary prizes.\n\nHistory\n\nThe Akutagawa Prize was established in 1935 by ... "",""title"":""https://en.wikipedia.org/wiki/Akutagawa_Prize""},{""docid"":""56224"",""score"":23.989988376197388,""snippet"":"" ... Recent prize winners are listed below.\n\nAlice Davis Hitchcock Book Award (Society of Architectural Historians)\n\n2004: Jordan Sand, House and Home in Modern Japan: Architecture, Domestic Space, and Bourgeois Culture, 1880–1930 (HEAM 223)\n\nAldo and Jeanne Scaglione Prize for East Asian Studies (Modern Language Association of America ... "",""title"":""https://asiacenter.harvard.edu/publications/awards""},{""docid"":""23230"",""score"":23.654029066877627,""snippet"":"" ... His previous collections include Phantom Camera (winner of the 2012 Green Rose Prize in Poetry from New Issues Press), Carrier Wave (winner of the 2006 Colorado Prize for Poetry from the Center for Literary Publishing at Colorado State University), and the digital chapbook The Tallest Building in America ... "",""title"":""https://artsandsciences.syracuse.edu/english-department/creative-writing-mf-program/raymond-carver-reading-series/previous-raymond-carver-reading-series/""},{""docid"":""3002"",""score"":23.520506608327935,""snippet"":"" ... A Russian version of the Booker Prize was created in 1992 called the Booker-Open Russia Literary Prize, also known as the Russian Booker Prize. In 2007, Man Group plc established the Man Asian Literary Prize, an annual literary award given to the best novel by an Asian ... "",""title"":""https://en.wikipedia.org/wiki/Booker_Prize""},{""docid"":""89168"",""score"":23.355819622211378,""snippet"":"" ... She has edited the last six winners of the PEN/Bellwether Prize for Socially Engaged Fiction, for which she is also a judge. Her authors have been Alex Award winners and finalists for the National Book Award, the Dayton Literary Peace Prize, the Kirkus Prize, the Story Prize ... "",""title"":""https://pen.org/meet-the-2021-literary-awards-judges/""},{""docid"":""81437"",""score"":23.280865464267496,""snippet"":"" ... Tope Folarin is the winner of the 2013 Caine Prize for African Writing. His short story \""Miracle\"" garnered him the award in 2013 and his story \""Genesis\"" was shortlisted for the 2016 Caine Prize. Folarin's first novel, A Particular Kind of Black Man, was released in 2019 ... "",""title"":""https://guides.loc.gov/african-jewish-middle-east-studies/african-studies/event-videos""},{""docid"":""3516"",""score"":23.05687625367789,""snippet"":"" ... and trans-Asian studies; empire and postcolonial studies; critical translation theory; politics of language, literary form, genre; literatures of migration and diaspora\n\nRecent Publications\n\n- Disarming Words: Empire and the Seductions of Translation in Egypt. Berkeley: University of California Press, 2011. Honorable Mention, 2013 Harry Levin Prize of the ... "",""title"":""https://oxfordre.com/literature/page/editorial/editorial-board""}]"
9,207,2026-09-15T09:58:06.451812+00:00,Man Asian Literary Prize Wikipedia,"[""man"",""asian"",""literary"",""prize"",""wikipedia""]","""man"" OR ""asian"" OR ""literary"" OR ""prize"" OR ""wikipedia""",8,8a8636c1105d33471cd9a3e443710eb30d620359f1d2689b8f31d8569a30cee4,0d1bc4acd045a81dc0373ab19162543b52b13a401b63ba77cb77de7d689ff5bb,True,"[""d26"",""d1"",""d45"",""d23"",""d46"",""d47"",""d48"",""d49""]","[""32938"",""3002"",""96517"",""605"",""54094"",""3542"",""25454"",""80942""]","[{""docid"":""32938"",""score"":17.089445114989296,""snippet"":"" ... Akutagawa Prize - Wikipedia\nauthor: Authority control databases National France BnF data Japan\ndate: 2004-01-20\n---\nname: Akutagawa Prize\nsubheader: 芥川龍之介賞 (Akutagawa Ryūnosuke Shō)\nawarded_for: Best published literary story by a rising author\npresenter: Society for the Promotion of Japanese Literature\ncountry: Japan\ndate: 10 08 1935 ... "",""title"":""https://en.wikipedia.org/wiki/Akutagawa_Prize""},{""docid"":""3002"",""score"":16.827539437357,""snippet"":"" ... A Russian version of the Booker Prize was created in 1992 called the Booker-Open Russia Literary Prize, also known as the Russian Booker Prize. In 2007, Man Group plc established the Man Asian Literary Prize, an annual literary award given to the best novel by an Asian ... "",""title"":""https://en.wikipedia.org/wiki/Booker_Prize""},{""docid"":""96517"",""score"":16.75118395066134,""snippet"":"" ... The Asian/Pacific American Awards for Literature are administered by the Asian/Pacific American Librarians Association to honor outstanding literary works by or about Asian/Pacific Americans. Books in various genres written by or about Asian/Pacific Americans are eligible.\n\n31. Aspen Words Literary Prize:\n\nThe Aspen Words ... "",""title"":""https://mybookcave.com/authorpost/the-ultimate-list-of-book-awards-and-author-recognitions-part-one-american-awards/""},{""docid"":""605"",""score"":16.581281691036246,""snippet"":"" ... International IMPAC Dublin Literary Award 2012. Retrieved 23 January 2015.\n* Financial Times 2010 Fiction of the YearBlau, Rosie (3 December 2010). FT Fiction Round-up 2010. Financial Times, Fiction Round-up 2010. Retrieved 25 January 2015.\n\nLife of Pi\n\n* Winner of the 2002 Man Booker Prize for FictionLife ... "",""title"":""https://en.wikipedia.org/wiki/Yann_Martel""},{""docid"":""54094"",""score"":15.672636665468133,""snippet"":"" ... Among the most decorated American writers of his generation, he has won every major American literary award, including the Pulitzer Prize for his major novel American Pastoral (1997).\n\nIn the realm of African-American literature, Ralph Ellison's 1952 novel Invisible Man was instantly recognized as among the ... "",""title"":""https://en.wikipedia.org/wiki/American_literature""},{""docid"":""3542"",""score"":15.631760434997837,""snippet"":"" ... The English translation of the novel appeared in the long list of Man Asian Literary Prize 2012 and in the short list of the DSC Prize for South Asian Literature 2013. It won the Kerala Sahitya Akademi Award for Novel for Benyamin in 2009.\n\nSynopsis\n\nThe book is ... "",""title"":""https://en.wikipedia.org/wiki/Aadujeevitham""},{""docid"":""25454"",""score"":15.445091736432937,""snippet"":"" ... 2006, Asian/Pacific American Awards for Literature Honorable Mention for Saving Fish From Drowning\n* The Joy Luck Club selected for the National Endowment for the Arts' Big Read\n* The New York Times Notable Book\n* Booklist Editors Choice\n* Finalist for the Orange Prize\n* Nominated for the Orange Prize\n* Nominated ... "",""title"":""https://en.wikipedia.org/wiki/Amy_Tan""},{""docid"":""80942"",""score"":15.390434296795723,""snippet"":"" ... His acclaimed new novel, Between Clay and Dust, was shortlisted for The Man Asian Literary Prize 2012 and longlisted for the 2013 DSC Prize for South Asian Literature. Farooqi's second novel, The Story of a Widow, was shortlisted for the DSC Prize for South Asian Literature 2011 ... "",""title"":""https://lithub.com/20-writers-from-around-the-world-on-the-olympics/""}]"
9,208,2026-09-15T09:58:06.472067+00:00,Man Asian Literary Prize 2012 shortlist Between Clay and Dust,"[""man"",""asian"",""literary"",""prize"",""2012"",""shortlist"",""between"",""clay"",""and"",""dust""]","""man"" OR ""asian"" OR ""literary"" OR ""prize"" OR ""2012"" OR ""shortlist"" OR ""between"" OR ""clay"" OR ""and"" OR ""dust""",8,fceb0cf11e518cc6e51015b30b6c5ee6cc90b92cba8ca8483fdfcf3c7bcfed72,1ea69ffa1dd7883a5df8b229319de3fd2fdf455a06b13ee831257faab7f1cbe6,True,"[""d49"",""d1"",""d29"",""d57"",""d58"",""d59"",""d30"",""d60""]","[""80942"",""3002"",""6058"",""59739"",""77062"",""85225"",""41360"",""4926""]","[{""docid"":""80942"",""score"":28.791236106777855,""snippet"":"" ... He was born in 1968 in Hyderabad, Pakistan, and now divides his time between Toronto and Karachi. His acclaimed new novel, Between Clay and Dust, was shortlisted for The Man Asian Literary Prize 2012 and longlisted for the 2013 DSC Prize for South Asian Literature. Farooqi's second ... "",""title"":""https://lithub.com/20-writers-from-around-the-world-on-the-olympics/""},{""docid"":""3002"",""score"":28.412493222892596,""snippet"":"" ... In 2007, Man Group plc established the Man Asian Literary Prize, an annual literary award given to the best novel by an Asian writer, either written in English or translated into English, and published in the previous calendar year.\n\nFor many years, as part of The Times Literature ... "",""title"":""https://en.wikipedia.org/wiki/Booker_Prize""},{""docid"":""6058"",""score"":25.305244714742546,""snippet"":"" ... His award-winning novels have been adapted for the cinema, shortlisted for the Man Booker Prize, and translated into more than thirty languages. His essays and short stories have appeared in The New York Times, The Washington Post, and The New Yorker, among many other publications. Hamid now ... "",""title"":""https://www.aspeninstitute.org/blog-posts/20-new-works-fiction-social-impact/""},{""docid"":""59739"",""score"":25.244812165044188,""snippet"":"" ... the Book of the Year 2015 of the Warsaw Literary Premiere, the 2016 Gombrowicz Prize and was shortlisted to the 2016 Norwid Prize and the 2016 Angelus Prize. His third novel, Deutsch dla średnio zaawansowanych (Deutsch for Intermediates; Wydawnictwo Literackie) appeared in 2019. In 2021 he published his ... "",""title"":""https://www.hhousebooks.com/authors/""},{""docid"":""77062"",""score"":24.84079089125862,""snippet"":"" ... In this otherworldly landscape Alice thinks she has found solace, until she meets a charismatic and ultimately dangerous man.\n\nSpanning two decades, set between sugar cane fields by the sea, a native Australian flower farm, and a celestial crater in the central desert, The Lost Flowers of Alice ... "",""title"":""https://wnba-books.org/great-group-reads-2019-list/""},{""docid"":""85225"",""score"":24.57150450591808,""snippet"":"" ... Outside China, his work is widely translated and has gone on to receive a slew of international literary honors. He's been shortlisted and longlisted for the Man Booker International Prize; shortlisted for the Man Asian Literary Prize; and received the Franz Kafka Prize and the Newman Prize ... "",""title"":""https://www.brianhaman.com/writing/yan-lianke-interview""},{""docid"":""41360"",""score"":24.369640326711313,""snippet"":"" ... 2012\n\nLevy's Swimming Home made it to the 2012 Man Booker Prize shortlist, relaunching her career. Delighted readers send us presents, including a set of coloured spoons.\n\n2013\n\nWe set up office in the US, run initially by Sarah Russo, and started publicising and publishing many of ... "",""title"":""https://www.andotherstories.org/about-us/""},{""docid"":""4926"",""score"":24.198131375688796,""snippet"":"" ... Daljit Nagra's prize-winning Look We Have Coming to Dover! and his follow-up Tippoo Sultan's Incredible White-Man-Eating Tiger Toy-Machine!!!, both rarities on Faber's list, depict British Asians with enthusiastic racialized self-mockery (note the increasing exclamation marks). Voiced in the hysterics ... "",""title"":""https://lareviewofbooks.org/article/not-a-british-subject-race-and-poetry-in-the-uk""}]"
9,209,2026-09-15T09:58:06.491500+00:00,Man Asian Literary Prize 2011 2012 2013 winner,"[""man"",""asian"",""literary"",""prize"",""2011"",""2012"",""2013"",""winner""]","""man"" OR ""asian"" OR ""literary"" OR ""prize"" OR ""2011"" OR ""2012"" OR ""2013"" OR ""winner""",8,eb26502082f2213f4d275f664dfb9f2b5845bd3d39ee11dacae7f706fd4b752f,0419626bd8b6632fcdd6e4d29f79211f2eb81063fe23e190026e0187d8de3e35,True,"[""d23"",""d26"",""d24"",""d28"",""d1"",""d2"",""d61"",""d62""]","[""605"",""32938"",""56224"",""23230"",""3002"",""89168"",""81437"",""3516""]","[{""docid"":""605"",""score"":24.744047326995425,""snippet"":"" ... International IMPAC Dublin Literary Award 2012. Retrieved 23 January 2015.\n* Financial Times 2010 Fiction of the YearBlau, Rosie (3 December 2010). FT Fiction Round-up 2010. Financial Times, Fiction Round-up 2010. Retrieved 25 January 2015.\n\nLife of Pi\n\n* Winner of the 2002 Man Booker Prize for FictionLife ... "",""title"":""https://en.wikipedia.org/wiki/Yann_Martel""},{""docid"":""32938"",""score"":24.00700496768008,""snippet"":"" ... 1935\n\nThe is a Japanese literary award presented biannually. Because of its prestige and the considerable attention the winner receives from the media, it is, along with the Naoki Prize, one of Japan's most sought after literary prizes.\n\nHistory\n\nThe Akutagawa Prize was established in 1935 by ... "",""title"":""https://en.wikipedia.org/wiki/Akutagawa_Prize""},{""docid"":""56224"",""score"":23.989988376197388,""snippet"":"" ... Recent prize winners are listed below.\n\nAlice Davis Hitchcock Book Award (Society of Architectural Historians)\n\n2004: Jordan Sand, House and Home in Modern Japan: Architecture, Domestic Space, and Bourgeois Culture, 1880–1930 (HEAM 223)\n\nAldo and Jeanne Scaglione Prize for East Asian Studies (Modern Language Association of America ... "",""title"":""https://asiacenter.harvard.edu/publications/awards""},{""docid"":""23230"",""score"":23.654029066877627,""snippet"":"" ... His previous collections include Phantom Camera (winner of the 2012 Green Rose Prize in Poetry from New Issues Press), Carrier Wave (winner of the 2006 Colorado Prize for Poetry from the Center for Literary Publishing at Colorado State University), and the digital chapbook The Tallest Building in America ... "",""title"":""https://artsandsciences.syracuse.edu/english-department/creative-writing-mf-program/raymond-carver-reading-series/previous-raymond-carver-reading-series/""},{""docid"":""3002"",""score"":23.520506608327935,""snippet"":"" ... A Russian version of the Booker Prize was created in 1992 called the Booker-Open Russia Literary Prize, also known as the Russian Booker Prize. In 2007, Man Group plc established the Man Asian Literary Prize, an annual literary award given to the best novel by an Asian ... "",""title"":""https://en.wikipedia.org/wiki/Booker_Prize""},{""docid"":""89168"",""score"":23.355819622211378,""snippet"":"" ... She has edited the last six winners of the PEN/Bellwether Prize for Socially Engaged Fiction, for which she is also a judge. Her authors have been Alex Award winners and finalists for the National Book Award, the Dayton Literary Peace Prize, the Kirkus Prize, the Story Prize ... "",""title"":""https://pen.org/meet-the-2021-literary-awards-judges/""},{""docid"":""81437"",""score"":23.280865464267496,""snippet"":"" ... Tope Folarin is the winner of the 2013 Caine Prize for African Writing. His short story \""Miracle\"" garnered him the award in 2013 and his story \""Genesis\"" was shortlisted for the 2016 Caine Prize. Folarin's first novel, A Particular Kind of Black Man, was released in 2019 ... "",""title"":""https://guides.loc.gov/african-jewish-middle-east-studies/african-studies/event-videos""},{""docid"":""3516"",""score"":23.05687625367789,""snippet"":"" ... and trans-Asian studies; empire and postcolonial studies; critical translation theory; politics of language, literary form, genre; literatures of migration and diaspora\n\nRecent Publications\n\n- Disarming Words: Empire and the Seductions of Translation in Egypt. Berkeley: University of California Press, 2011. Honorable Mention, 2013 Harry Levin Prize of the ... "",""title"":""https://oxfordre.com/literature/page/editorial/editorial-board""}]"
11,224,2026-09-15T09:58:13.714895+00:00,Man Asian Literary Prize Wikipedia,"[""man"",""asian"",""literary"",""prize"",""wikipedia""]","""man"" OR ""asian"" OR ""literary"" OR ""prize"" OR ""wikipedia""",8,8a8636c1105d33471cd9a3e443710eb30d620359f1d2689b8f31d8569a30cee4,0d1bc4acd045a81dc0373ab19162543b52b13a401b63ba77cb77de7d689ff5bb,True,"[""d26"",""d1"",""d45"",""d23"",""d46"",""d47"",""d48"",""d49""]","[""32938"",""3002"",""96517"",""605"",""54094"",""3542"",""25454"",""80942""]","[{""docid"":""32938"",""score"":17.089445114989296,""snippet"":"" ... Akutagawa Prize - Wikipedia\nauthor: Authority control databases National France BnF data Japan\ndate: 2004-01-20\n---\nname: Akutagawa Prize\nsubheader: 芥川龍之介賞 (Akutagawa Ryūnosuke Shō)\nawarded_for: Best published literary story by a rising author\npresenter: Society for the Promotion of Japanese Literature\ncountry: Japan\ndate: 10 08 1935 ... "",""title"":""https://en.wikipedia.org/wiki/Akutagawa_Prize""},{""docid"":""3002"",""score"":16.827539437357,""snippet"":"" ... A Russian version of the Booker Prize was created in 1992 called the Booker-Open Russia Literary Prize, also known as the Russian Booker Prize. In 2007, Man Group plc established the Man Asian Literary Prize, an annual literary award given to the best novel by an Asian ... "",""title"":""https://en.wikipedia.org/wiki/Booker_Prize""},{""docid"":""96517"",""score"":16.75118395066134,""snippet"":"" ... The Asian/Pacific American Awards for Literature are administered by the Asian/Pacific American Librarians Association to honor outstanding literary works by or about Asian/Pacific Americans. Books in various genres written by or about Asian/Pacific Americans are eligible.\n\n31. Aspen Words Literary Prize:\n\nThe Aspen Words ... "",""title"":""https://mybookcave.com/authorpost/the-ultimate-list-of-book-awards-and-author-recognitions-part-one-american-awards/""},{""docid"":""605"",""score"":16.581281691036246,""snippet"":"" ... International IMPAC Dublin Literary Award 2012. Retrieved 23 January 2015.\n* Financial Times 2010 Fiction of the YearBlau, Rosie (3 December 2010). FT Fiction Round-up 2010. Financial Times, Fiction Round-up 2010. Retrieved 25 January 2015.\n\nLife of Pi\n\n* Winner of the 2002 Man Booker Prize for FictionLife ... "",""title"":""https://en.wikipedia.org/wiki/Yann_Martel""},{""docid"":""54094"",""score"":15.672636665468133,""snippet"":"" ... Among the most decorated American writers of his generation, he has won every major American literary award, including the Pulitzer Prize for his major novel American Pastoral (1997).\n\nIn the realm of African-American literature, Ralph Ellison's 1952 novel Invisible Man was instantly recognized as among the ... "",""title"":""https://en.wikipedia.org/wiki/American_literature""},{""docid"":""3542"",""score"":15.631760434997837,""snippet"":"" ... The English translation of the novel appeared in the long list of Man Asian Literary Prize 2012 and in the short list of the DSC Prize for South Asian Literature 2013. It won the Kerala Sahitya Akademi Award for Novel for Benyamin in 2009.\n\nSynopsis\n\nThe book is ... "",""title"":""https://en.wikipedia.org/wiki/Aadujeevitham""},{""docid"":""25454"",""score"":15.445091736432937,""snippet"":"" ... 2006, Asian/Pacific American Awards for Literature Honorable Mention for Saving Fish From Drowning\n* The Joy Luck Club selected for the National Endowment for the Arts' Big Read\n* The New York Times Notable Book\n* Booklist Editors Choice\n* Finalist for the Orange Prize\n* Nominated for the Orange Prize\n* Nominated ... "",""title"":""https://en.wikipedia.org/wiki/Amy_Tan""},{""docid"":""80942"",""score"":15.390434296795723,""snippet"":"" ... His acclaimed new novel, Between Clay and Dust, was shortlisted for The Man Asian Literary Prize 2012 and longlisted for the 2013 DSC Prize for South Asian Literature. Farooqi's second novel, The Story of a Widow, was shortlisted for the DSC Prize for South Asian Literature 2011 ... "",""title"":""https://lithub.com/20-writers-from-around-the-world-on-the-olympics/""}]"
11,225,2026-09-15T09:58:13.753698+00:00,Man Asian Literary Prize 2012 shortlist Between Clay and Dust,"[""man"",""asian"",""literary"",""prize"",""2012"",""shortlist"",""between"",""clay"",""and"",""dust""]","""man"" OR ""asian"" OR ""literary"" OR ""prize"" OR ""2012"" OR ""shortlist"" OR ""between"" OR ""clay"" OR ""and"" OR ""dust""",8,fceb0cf11e518cc6e51015b30b6c5ee6cc90b92cba8ca8483fdfcf3c7bcfed72,1ea69ffa1dd7883a5df8b229319de3fd2fdf455a06b13ee831257faab7f1cbe6,True,"[""d49"",""d1"",""d29"",""d57"",""d58"",""d59"",""d30"",""d60""]","[""80942"",""3002"",""6058"",""59739"",""77062"",""85225"",""41360"",""4926""]","[{""docid"":""80942"",""score"":28.791236106777855,""snippet"":"" ... He was born in 1968 in Hyderabad, Pakistan, and now divides his time between Toronto and Karachi. His acclaimed new novel, Between Clay and Dust, was shortlisted for The Man Asian Literary Prize 2012 and longlisted for the 2013 DSC Prize for South Asian Literature. Farooqi's second ... "",""title"":""https://lithub.com/20-writers-from-around-the-world-on-the-olympics/""},{""docid"":""3002"",""score"":28.412493222892596,""snippet"":"" ... In 2007, Man Group plc established the Man Asian Literary Prize, an annual literary award given to the best novel by an Asian writer, either written in English or translated into English, and published in the previous calendar year.\n\nFor many years, as part of The Times Literature ... "",""title"":""https://en.wikipedia.org/wiki/Booker_Prize""},{""docid"":""6058"",""score"":25.305244714742546,""snippet"":"" ... His award-winning novels have been adapted for the cinema, shortlisted for the Man Booker Prize, and translated into more than thirty languages. His essays and short stories have appeared in The New York Times, The Washington Post, and The New Yorker, among many other publications. Hamid now ... "",""title"":""https://www.aspeninstitute.org/blog-posts/20-new-works-fiction-social-impact/""},{""docid"":""59739"",""score"":25.244812165044188,""snippet"":"" ... the Book of the Year 2015 of the Warsaw Literary Premiere, the 2016 Gombrowicz Prize and was shortlisted to the 2016 Norwid Prize and the 2016 Angelus Prize. His third novel, Deutsch dla średnio zaawansowanych (Deutsch for Intermediates; Wydawnictwo Literackie) appeared in 2019. In 2021 he published his ... "",""title"":""https://www.hhousebooks.com/authors/""},{""docid"":""77062"",""score"":24.84079089125862,""snippet"":"" ... In this otherworldly landscape Alice thinks she has found solace, until she meets a charismatic and ultimately dangerous man.\n\nSpanning two decades, set between sugar cane fields by the sea, a native Australian flower farm, and a celestial crater in the central desert, The Lost Flowers of Alice ... "",""title"":""https://wnba-books.org/great-group-reads-2019-list/""},{""docid"":""85225"",""score"":24.57150450591808,""snippet"":"" ... Outside China, his work is widely translated and has gone on to receive a slew of international literary honors. He's been shortlisted and longlisted for the Man Booker International Prize; shortlisted for the Man Asian Literary Prize; and received the Franz Kafka Prize and the Newman Prize ... "",""title"":""https://www.brianhaman.com/writing/yan-lianke-interview""},{""docid"":""41360"",""score"":24.369640326711313,""snippet"":"" ... 2012\n\nLevy's Swimming Home made it to the 2012 Man Booker Prize shortlist, relaunching her career. Delighted readers send us presents, including a set of coloured spoons.\n\n2013\n\nWe set up office in the US, run initially by Sarah Russo, and started publicising and publishing many of ... "",""title"":""https://www.andotherstories.org/about-us/""},{""docid"":""4926"",""score"":24.198131375688796,""snippet"":"" ... Daljit Nagra's prize-winning Look We Have Coming to Dover! and his follow-up Tippoo Sultan's Incredible White-Man-Eating Tiger Toy-Machine!!!, both rarities on Faber's list, depict British Asians with enthusiastic racialized self-mockery (note the increasing exclamation marks). Voiced in the hysterics ... "",""title"":""https://lareviewofbooks.org/article/not-a-british-subject-race-and-poetry-in-the-uk""}]"
11,226,2026-09-15T09:58:13.779388+00:00,Man Asian Literary Prize 2011 2012 2013 winner,"[""man"",""asian"",""literary"",""prize"",""2011"",""2012"",""2013"",""winner""]","""man"" OR ""asian"" OR ""literary"" OR ""prize"" OR ""2011"" OR ""2012"" OR ""2013"" OR ""winner""",8,eb26502082f2213f4d275f664dfb9f2b5845bd3d39ee11dacae7f706fd4b752f,0419626bd8b6632fcdd6e4d29f79211f2eb81063fe23e190026e0187d8de3e35,True,"[""d23"",""d26"",""d24"",""d28"",""d1"",""d2"",""d61"",""d62""]","[""605"",""32938"",""56224"",""23230"",""3002"",""89168"",""81437"",""3516""]","[{""docid"":""605"",""score"":24.744047326995425,""snippet"":"" ... International IMPAC Dublin Literary Award 2012. Retrieved 23 January 2015.\n* Financial Times 2010 Fiction of the YearBlau, Rosie (3 December 2010). FT Fiction Round-up 2010. Financial Times, Fiction Round-up 2010. Retrieved 25 January 2015.\n\nLife of Pi\n\n* Winner of the 2002 Man Booker Prize for FictionLife ... "",""title"":""https://en.wikipedia.org/wiki/Yann_Martel""},{""docid"":""32938"",""score"":24.00700496768008,""snippet"":"" ... 1935\n\nThe is a Japanese literary award presented biannually. Because of its prestige and the considerable attention the winner receives from the media, it is, along with the Naoki Prize, one of Japan's most sought after literary prizes.\n\nHistory\n\nThe Akutagawa Prize was established in 1935 by ... "",""title"":""https://en.wikipedia.org/wiki/Akutagawa_Prize""},{""docid"":""56224"",""score"":23.989988376197388,""snippet"":"" ... Recent prize winners are listed below.\n\nAlice Davis Hitchcock Book Award (Society of Architectural Historians)\n\n2004: Jordan Sand, House and Home in Modern Japan: Architecture, Domestic Space, and Bourgeois Culture, 1880–1930 (HEAM 223)\n\nAldo and Jeanne Scaglione Prize for East Asian Studies (Modern Language Association of America ... "",""title"":""https://asiacenter.harvard.edu/publications/awards""},{""docid"":""23230"",""score"":23.654029066877627,""snippet"":"" ... His previous collections include Phantom Camera (winner of the 2012 Green Rose Prize in Poetry from New Issues Press), Carrier Wave (winner of the 2006 Colorado Prize for Poetry from the Center for Literary Publishing at Colorado State University), and the digital chapbook The Tallest Building in America ... "",""title"":""https://artsandsciences.syracuse.edu/english-department/creative-writing-mf-program/raymond-carver-reading-series/previous-raymond-carver-reading-series/""},{""docid"":""3002"",""score"":23.520506608327935,""snippet"":"" ... A Russian version of the Booker Prize was created in 1992 called the Booker-Open Russia Literary Prize, also known as the Russian Booker Prize. In 2007, Man Group plc established the Man Asian Literary Prize, an annual literary award given to the best novel by an Asian ... "",""title"":""https://en.wikipedia.org/wiki/Booker_Prize""},{""docid"":""89168"",""score"":23.355819622211378,""snippet"":"" ... She has edited the last six winners of the PEN/Bellwether Prize for Socially Engaged Fiction, for which she is also a judge. Her authors have been Alex Award winners and finalists for the National Book Award, the Dayton Literary Peace Prize, the Kirkus Prize, the Story Prize ... "",""title"":""https://pen.org/meet-the-2021-literary-awards-judges/""},{""docid"":""81437"",""score"":23.280865464267496,""snippet"":"" ... Tope Folarin is the winner of the 2013 Caine Prize for African Writing. His short story \""Miracle\"" garnered him the award in 2013 and his story \""Genesis\"" was shortlisted for the 2016 Caine Prize. Folarin's first novel, A Particular Kind of Black Man, was released in 2019 ... "",""title"":""https://guides.loc.gov/african-jewish-middle-east-studies/african-studies/event-videos""},{""docid"":""3516"",""score"":23.05687625367789,""snippet"":"" ... and trans-Asian studies; empire and postcolonial studies; critical translation theory; politics of language, literary form, genre; literatures of migration and diaspora\n\nRecent Publications\n\n- Disarming Words: Empire and the Seductions of Translation in Egypt. Berkeley: University of California Press, 2011. Honorable Mention, 2013 Harry Levin Prize of the ... "",""title"":""https://oxfordre.com/literature/page/editorial/editorial-board""}]"
