round,seq,utc,query,terms,expression,top_k,equivalence_key,cache_key,cached,returned_dN,returned_docids,result_docs
1,6,2026-09-14T10:13:55.019448+00:00,actor plays alongside real life relative TV series character married multiple times,"[""actor"",""plays"",""alongside"",""real"",""life"",""relative"",""tv"",""series"",""character"",""married"",""multiple"",""times""]","""actor"" OR ""plays"" OR ""alongside"" OR ""real"" OR ""life"" OR ""relative"" OR ""tv"" OR ""series"" OR ""character"" OR ""married"" OR ""multiple"" OR ""times""",5,323033e39dc9332f0e1cce2a28800249e5fa2166e374fa3ca6e9a29cf938350f,e4b9a7f24e22b5208c1712d192d167ce188f13dc8ca8447377e95d31782d5084,False,"[""d1"",""d2"",""d3"",""d4"",""d5""]","[""73100"",""81882"",""68181"",""32118"",""77683""]","[{""docid"":""73100"",""score"":20.6154668935253,""snippet"":"" ... of the Iowa City West High School volleyball team, Hunt played Kathy Bresnahan, a volleyball coach. In 2019, Hunt appeared in the BBC series World on Fire as journalist Nancy Campbell, a character inspired by real-life war correspondent Clare Hollingworth, and reprised the role of Jamie Buchman ... "",""title"":""https://en.wikipedia.org/wiki/Helen_Hunt""},{""docid"":""81882"",""score"":20.600519712350618,""snippet"":"" ... He made his first appearance with Gene Wilder in the very popular action/comedy Silver Streak (1976), played three different characters in Which Way Is Up? (1977) and portrayed real-life stock-car driver \""Wendell Scott\"" in Greased Lightning (1977). Proving he was more than just a comedian ... "",""title"":""https://m.imdb.com/search/name/?death_date=2005&ref_=nmbio""},{""docid"":""68181"",""score"":20.59732476572501,""snippet"":"" ... In 2013, Canto made his debut in American television, playing the role of Paul Torres on the Fox drama series, The Following. In 2015 Canto played real life politician Rodrigo Lara Bonia in Netflix drama series Narcos. In 2016, he was cast in the ABC political drama series ... "",""title"":""https://m.imdb.com/search/name/?death_date=2024&ref_=nmbio""},{""docid"":""32118"",""score"":20.161091968880136,""snippet"":"" ... In 2000, Margaret earned a Saturn Award for Best Genre TV Actress for her role as Lisa Wiseman in the series Now and Again (1999). From 2007 to 2013, she played Eleanor Waldorf in the series Gossip Girl (2007).\n\n- Actor\n\n- Writer\n\n- Art Department\n\nPeter Wilton Cushing was born ... "",""title"":""https://www.imdb.com/date/05-26""},{""docid"":""77683"",""score"":20.130828796768498,""snippet"":"" ... Beauty on the Vine, playing three characters. She was also in The Death and Life of Bobby Z (2007) and the short-lived drama television series The Black Donnellys (2007). In September 2007, she joined the cast of the medical drama TV series House as Remy \""Thirteen\"" Hadley ... "",""title"":""https://en.wikipedia.org/wiki/Olivia_Wilde""}]"
1,14,2026-09-14T10:13:56.334188+00:00,TV series character married three times only one child survives,"[""tv"",""series"",""character"",""married"",""three"",""times"",""only"",""one"",""child"",""survives""]","""tv"" OR ""series"" OR ""character"" OR ""married"" OR ""three"" OR ""times"" OR ""only"" OR ""one"" OR ""child"" OR ""survives""",5,03d96c1af9a1fc44d266a56493a00dd63edcab9a16d2ddb8f019fe81de7e0420,1f79b0d9de21649b414383ef926e640e99e3e9e4eac12503c105dc95024eb70a,False,"[""d6"",""d7"",""d2"",""d8"",""d9""]","[""78953"",""85765"",""81882"",""60248"",""32327""]","[{""docid"":""78953"",""score"":14.614701988548417,""snippet"":"" ... on Aidy Bryant's Hulu series Shrill and in the 2019 film James vs. His Future Self. In 2023, he joined season 4 of Apple TV+'s critically acclaimed science fiction drama For All Mankind as the character Eli Hobson.\n\nHe and actress Laure Mattos have been married ... "",""title"":""https://people.com/movies/home-alone-cast-where-are-they-now/""},{""docid"":""85765"",""score"":14.218299963578515,""snippet"":"" ... In 1974, the duo won their second Tony Award for their show \""Good Night\"", which was the stage version of their TV series \""Not Only... But Also\"".\n\nIn the mid- to late 1970s, they issued three comic albums in the guise of the characters \""Derek\"" and \""Clive\"" (Moore ... "",""title"":""https://www.imdb.com/search/name/?death_date=2002""},{""docid"":""81882"",""score"":14.087372641476005,""snippet"":"" ... He was married a total of seven times, and fathered eight children.\n\nAfter long battles with ill health, Richard Pryor passed away on December 10th, 2005.- Vincent Schiavelli, selected in 1997 by Vanity Fair as one of the best character actors in America, had made over 120 film ... "",""title"":""https://m.imdb.com/search/name/?death_date=2005&ref_=nmbio""},{""docid"":""60248"",""score"":13.957010229724709,""snippet"":"" ... Erica's youngest child, Bianca Montgomery, enters the series in 1988. At that time, Bianca is Erica's first and only child since the Kendall and Josh characters were not created yet. In the storyline, Erica becomes pregnant with Travis Montgomery's child and develops toxemia. The story ... "",""title"":""https://en.wikipedia.org/wiki/Erica_Kane""},{""docid"":""32327"",""score"":13.928691937066805,""snippet"":"" ... His wife and three children survive him, as do three grandchildren.- Actor\n\n- Soundtrack\n\nHenry Gibson was born on 21 September 1935 in Germantown, Pennsylvania. Before appearing in films and television series, he was a child star on the stage during the 1940s and during the late 1950s he ... "",""title"":""https://m.imdb.com/search/name/?death_date=2009&ref_=nm_ov_dth_year""}]"
1,21,2026-09-14T10:13:57.860444+00:00,actor real life relative plays together series character married four times,"[""actor"",""real"",""life"",""relative"",""plays"",""together"",""series"",""character"",""married"",""four"",""times""]","""actor"" OR ""real"" OR ""life"" OR ""relative"" OR ""plays"" OR ""together"" OR ""series"" OR ""character"" OR ""married"" OR ""four"" OR ""times""",5,309c8ab16093be243770f32f7ec1a9c6fce5d04af7d20a12d0b6d91b0febe0bd,bc66f38099d50af11972ec98f95ff219c85c58d01abcfd84a53816922ea9431c,False,"[""d10"",""d11"",""d12"",""d13"",""d14""]","[""21678"",""20480"",""97320"",""59390"",""5054""]","[{""docid"":""21678"",""score"":15.572367887140908,""snippet"":"" ... Four Years\n\nElizabeth Rodriguez And Dascha Polanco Played Mother And Daughter In Orange Is The New Black, But In Real Life There's Less Than A Two-Year Age Gap Between Them\n\nI think everyone noticed they could play sisters and no way mother and daughter. First time ... "",""title"":""https://www.boredpanda.com/age-difference-parent-vs-child-movies/""},{""docid"":""20480"",""score"":15.29155024960349,""snippet"":"" ... They need that, too.\""\n\nWhile her TV dad played an influential role in her life on That Girl, Thomas's real-life father was, and remains, the overwhelming inspiration in both her life and career.\n\nA multi-talented performer - beloved nightclub headliner, movie actor, TV producer and star ... "",""title"":""https://www.televisionacademy.com/features/news/online-originals/girl-one-who-changed-everything""},{""docid"":""97320"",""score"":15.226794261212763,""snippet"":"" ... In a note, Silverman deemed the character Frasier as \""a windbag with a sense of humor\"" and \""a whining schoolboy with a series of lame excuses.\""\n\nReception on Frasier and Lilith\n\nMartha Nolan from The New York Times called Frasier and Lilith \""repressed\"" when married together in Cheers ... "",""title"":""https://en.wikipedia.org/wiki/Frasier_Crane""},{""docid"":""59390"",""score"":15.135418612491927,""snippet"":"" ... Fortunately for Ed, they were cast as Emily and George, the leads in their senior class play \""Our Town\"". Ed and Barbara were married in real life after they graduated from the University of Kentucky in June 1954.\n\nPrior to earning a B.S. degree in the Business ... "",""title"":""https://www.imdb.com/date/02-29/births""},{""docid"":""5054"",""score"":15.115358191870884,""snippet"":"" ... Both actors were born on June 26. Plaza was born in 1984 and Offerman in 1970.\n\nSome cast members' real-life partners appeared on the show.\n\nPoehler's then-husband Will Arnett appeared on season two, episode 13 (\""The Set-Up\""), playing an eccentric MRI technician who goes ... "",""title"":""https://www.businessinsider.com/things-fun-facts-you-didnt-know-about-parks-and-recreation""}]"
1,30,2026-09-14T10:13:58.683967+00:00,soap opera character married 3 times one child survives actor real life relative,"[""soap"",""opera"",""character"",""married"",""3"",""times"",""one"",""child"",""survives"",""actor"",""real"",""life"",""relative""]","""soap"" OR ""opera"" OR ""character"" OR ""married"" OR ""3"" OR ""times"" OR ""one"" OR ""child"" OR ""survives"" OR ""actor"" OR ""real"" OR ""life"" OR ""relative""",5,159e23bee9ab02a179c362e28dd975bb2a5b48e7c2cf8747e84d075998bf0efd,4a2f938e1663fee8f41f85df372f46654982c777f84ca8b22af0206119418bc7,False,"[""d8"",""d15"",""d16"",""d17"",""d18""]","[""60248"",""16167"",""58666"",""51230"",""53295""]","[{""docid"":""60248"",""score"":28.83561830011371,""snippet"":"" ... The Erica character officially debuted in 1970 once All My Children made it onto the air.\n\nCasting\n\nAt the time, soap operas featured mostly older casts. To add a contemporary feel to the show, Nixon focused on younger characters, while also mixing in older ones so as not ... "",""title"":""https://en.wikipedia.org/wiki/Erica_Kane""},{""docid"":""16167"",""score"":27.504884785626448,""snippet"":"" ... The characters, costumes, and stories have changed, but the heart of the show remains.\n\n\""The Edge of Night\"" (28 years)\n\nThe mystery soap opera focused on crime, rather than a familial drama like most soaps of the time. It aired from 1956 until 1984.\n\n\""Arthur\"" (25 years)\n\nArthur ... "",""title"":""https://www.businessinsider.com/longest-running-tv-shows-all-time-2018-1""},{""docid"":""58666"",""score"":27.269217975479528,""snippet"":"" ... Gibbs actually announced the casting herself during an interview with the New York Daily News as she was inducted into the Hollywood Walk of Fame on July 20, 2021. Soap Opera Digest officially confirmed the casting and character on July 22. \""Get excited...,\"" Carlivati said on social media ... "",""title"":""https://en.wikipedia.org/wiki/List_of_Days_of_Our_Lives_characters_introduced_in_the_2020s""},{""docid"":""51230"",""score"":26.80949219784418,""snippet"":"" ... In 1983, she divorced Motes, citing \""cruelty\""; she later said that marrying him was the biggest mistake of her life.\n\nCareer\n\nHe made his acting debut in 1974, appearing on the soap opera How to Survive a Marriage. He also appeared on the NBC daytime soap opera Another ... "",""title"":""https://en.wikipedia.org/wiki/Eric_Roberts""},{""docid"":""53295"",""score"":26.585143937811797,""snippet"":"" ... Harley at that time was everything a soap heroine should be, not like the helpless, spoiled, self-absorbed cookie cutter types that we are too often told to root for. Ed and Maureen were like people one would know in real life. Alexandra, Holly, and Vanessa were three ... "",""title"":""https://marlenadelacroix.com/2009/04/guiding-light-my-favorite-years-and-what-you-can-learn-from-yours/""}]"
1,37,2026-09-14T10:13:59.892317+00:00,drama series character multiple marriages one surviving child actor family member cast,"[""drama"",""series"",""character"",""multiple"",""marriages"",""one"",""surviving"",""child"",""actor"",""family"",""member"",""cast""]","""drama"" OR ""series"" OR ""character"" OR ""multiple"" OR ""marriages"" OR ""one"" OR ""surviving"" OR ""child"" OR ""actor"" OR ""family"" OR ""member"" OR ""cast""",5,d623742718f839bd7ec5b1911d8f337f16d5b15097c3ac4a569b7e1e23fe316d,d5e166e0160384a1bd4f46132584a6224271de5f5488e1f143c48de959ba2b08,False,"[""d19"",""d20"",""d21"",""d2"",""d22""]","[""60134"",""5965"",""49471"",""81882"",""77966""]","[{""docid"":""60134"",""score"":24.714654857123826,""snippet"":"" ... the ensemble film The Family Stone, with Sarah Jessica Parker. He was also in the film Abduction (2011) as Martin Price.\n\nIn 2003, Mulroney played Gavin Mitchell on the TV series Friends. He appeared in three episodes of the ninth season, his character briefly dating Rachel. This would ... "",""title"":""https://en.wikipedia.org/wiki/Dermot_Mulroney""},{""docid"":""5965"",""score"":24.2927460678753,""snippet"":"" ... Mickey Kuhn\n\nMickey Kuhn, the last surviving credited cast member of Gone With the Wind, died Nov. 20 at 90. Born in Waukegan, Ill., Kuhn made his film debut as a toddler in 1934 before going on to an impressive career as a child actor. In 1939 he ... "",""title"":""https://ew.com/celebrity/stars-we-lost-in-2022/?srsltid=AfmBOoqgtseDJPvB8Bamfe3oZlhWJZaiC5kf4fxP0pjffkBximQEpPNy""},{""docid"":""49471"",""score"":23.914470016706,""snippet"":"" ... daytime drama The First Hundred Years.\n\nCast and characters\n\nThe show originally concentrated on the wealthy, White Anglo-Saxon Protestant Lord family, the less wealthy Siegels (among the first attempts to showcase either an interfaith marriage or Jewish character on daytime television), the middle-class Riley family and ... "",""title"":""https://en.wikipedia.org/wiki/One_Life_to_Live""},{""docid"":""81882"",""score"":23.63120986318475,""snippet"":"" ... the lead in his own police drama Ohara (1987), and guest-starred on other high-profile television series including Magnum, P.I. (1980), Murder, She Wrote (1984), Baywatch (1989) and The Hughleys (1998). Although most often used as a minor character actor, he remained consistently busy and occasionally ... "",""title"":""https://m.imdb.com/search/name/?death_date=2005&ref_=nmbio""},{""docid"":""77966"",""score"":23.47821851889102,""snippet"":"" ... cast of \""That Was the Week That Was\"" (1963-1965), a political satire series which targeted various political figures of the era. It was based on a British satire series of the same name. Most episodes of the American version are considered lost, though there are surviving audio ... "",""title"":""https://www.imdb.com/list/ls020245374/""}]"
2,53,2026-09-14T10:14:04.972159+00:00,actor plays alongside real life son daughter TV series unrelated characters,"[""actor"",""plays"",""alongside"",""real"",""life"",""son"",""daughter"",""tv"",""series"",""unrelated"",""characters""]","""actor"" OR ""plays"" OR ""alongside"" OR ""real"" OR ""life"" OR ""son"" OR ""daughter"" OR ""tv"" OR ""series"" OR ""unrelated"" OR ""characters""",5,61170c779d6b14984cdd0165e7d00a8dad6aa845b0bd446ca0c051dac44de879,e374f080103ac758b0bafd3f8b4fd81fab019e824a046d3eb087e0e71cd953a0,False,"[""d23"",""d24"",""d25"",""d26"",""d27""]","[""80216"",""64629"",""11078"",""55772"",""78415""]","[{""docid"":""80216"",""score"":22.35484485150405,""snippet"":"" ... Ron Ely\n\nActor Ron Ely, best known for his role on the TV series \""Tarzan,\"" died on Sept. 29.\n\nHe passed away in a home near Santa Barbara, Calif. that belonged to one of his daughters, according to The New York Times.\n\nHe was 86.\n\nMichael Kelcourse\n\nMichael ... "",""title"":""https://pagesix.com/celebrity-news/celebrity-deaths-2024/""},{""docid"":""64629"",""score"":22.248312474222235,""snippet"":"" ... the first Japanese animated TV series produced in the aesthetic that would later become popular worldwide as anime. Created by a scientist to replace his deceased son, Astro is a powerful android who fights evil of all shapes. In three different remakes characters are shown to have different ... "",""title"":""https://www.boredpanda.com/60s-cartoons/""},{""docid"":""11078"",""score"":22.183610662027917,""snippet"":"" ... see her acting alongside her kid. The resemblance between her and Skye is uncanny. Chloe Bennet, who's mixed-race in real life, really does look like she could be the daughter of Lachmann and Kyle MacLachlan.\n\n- Adam Faison, the Time-Shifted Actor who played a young version ... "",""title"":""https://tvtropes.org/pmwiki/pmwiki.php/Main/SeparatedAtBirthCasting""},{""docid"":""55772"",""score"":21.866716626775624,""snippet"":"" ... He became a reliable character actor (often in Westerns in which he often played the villain), but hit the big time when he was offered the role of the somewhat irascible Dr. Leonard \""Bones\"" McCoy on the television series Star Trek (1966). He later reprised his role for ... "",""title"":""https://www.imdb.com/search/name/?birth_year=1920""},{""docid"":""78415"",""score"":21.80140166150125,""snippet"":"" ... Olyphant plays one of several real-life characters in Once Upon a Time in Hollywood, as Jim Stacy, star of the little-known Western series Lancer, which Dalton guest stars on. The film is a surprisingly touching love letter to this era in television and moviemaking while also ... "",""title"":""https://screenrant.com/timothy-olyphant-best-movies-tv-shows/""}]"
2,61,2026-09-14T10:14:05.693420+00:00,actor real life spouse sibling plays together TV show different characters,"[""actor"",""real"",""life"",""spouse"",""sibling"",""plays"",""together"",""tv"",""show"",""different"",""characters""]","""actor"" OR ""real"" OR ""life"" OR ""spouse"" OR ""sibling"" OR ""plays"" OR ""together"" OR ""tv"" OR ""show"" OR ""different"" OR ""characters""",5,5ed8cbc02f7baf6437cab7acb0a0620e442e7e663fc258fe01c7d69d4108f7aa,79d51299d3e0f735b38e215e1d4a834eed5140aa0a418019688a9ff1dc48e5b1,False,"[""d28"",""d29"",""d30"",""d31"",""d32""]","[""66096"",""45568"",""32370"",""18551"",""82774""]","[{""docid"":""66096"",""score"":18.64180397513424,""snippet"":"" ... I don't have real big aspirations to be a movie star. I would love to be on a long-running hit TV show. You end up playing a defining role.\"" For the third season of The Office, Fischer was nominated for Outstanding Supporting Actress in a Comedy ... "",""title"":""https://en.wikipedia.org/wiki/Jenna_Fischer""},{""docid"":""45568"",""score"":18.5655457320588,""snippet"":"" ... The two made several films together as well as \""Dekalog,\"" a 10-part cinematic TV series, before creating the acclaimed \""The Double Life of Véronique,\"" starring Irène Jacob as two women who look the same and somehow lead entwined lives. They are best known for the \""Three Colours ... "",""title"":""https://blog.giggster.com/15-iconic-director-screenwriter-partnerships/""},{""docid"":""32370"",""score"":18.492556665422498,""snippet"":"" ... she's even roasted him on TV several times. Ireland briefly ran a restaurant in Oregon, which closed in late 2023.\n\nIreland announced in December 2022 that she and boyfriend RAC (real name André Allen Anjos) were expecting their first baby together. They welcomed daughter Holland in May ... "",""title"":""https://www.yahoo.com/entertainment/meet-baldwin-family-guide-brothers-171301996.html""},{""docid"":""18551"",""score"":18.175323338971452,""snippet"":"" ... Germany\n\nSpouse\n\nNina Seely1984 - present (1 child)\n\nParents Clemens Ernst Joseph Adolf Sommer \n\nRelatives Sebastian Clemens Sommer(Sibling) \nOther worksPlayed Anton Schill in Friedrich Dürrenmatt's play \""The Visit\"" in Chicago in Goodman Theater's 1990-1991 season. \n\n### Did you know\nEdit\n\nTriviaHe has played 3 different historical ... "",""title"":""https://www.imdb.com/name/nm0813977/""},{""docid"":""82774"",""score"":18.15824527394926,""snippet"":"" ... Greatest TV Scenes \nGreatest Cast of Characters in a Comedy TV Show \nFavorite General \nJanuary 15 is National Hat Day\nThe battle of the sourpusses! \n\nPhotos\nLGBTQIA+ Stars to Watch\nSee the gallery\nRecently viewed\nClear all\n\nMcLean Stevenson\nGet the IMDb App\nSign in for more accessSign ... "",""title"":""https://www.imdb.com/name/nm0829004/bio/""}]"
2,69,2026-09-14T10:14:06.513093+00:00,TV series cast real life family members play unrelated characters,"[""tv"",""series"",""cast"",""real"",""life"",""family"",""members"",""play"",""unrelated"",""characters""]","""tv"" OR ""series"" OR ""cast"" OR ""real"" OR ""life"" OR ""family"" OR ""members"" OR ""play"" OR ""unrelated"" OR ""characters""",5,8ec17e2b4756903217391da2c9b727bbf687c31ae64c598675e1410f38ec5d94,b51693d438809bd3aca42a1ff827033b7e73190fe9b89716633d787e6fac7e3c,False,"[""d33"",""d27"",""d34"",""d35"",""d36""]","[""57395"",""78415"",""46"",""88468"",""9044""]","[{""docid"":""57395"",""score"":17.89522590961918,""snippet"":"" ... Trivia[]\n\n- This had the most main cast members leave the series, with a total of 11 (although Jorja Fox later returned as a main cast member).\n\n- This was the penultimate CSI series to end.\n\n- This was the only CSI to lose both of its original lead actors (William ... "",""title"":""https://csi.fandom.com/wiki/CSI:Crime_Scene_Investigation""},{""docid"":""78415"",""score"":17.38651762452902,""snippet"":"" ... Olyphant plays one of several real-life characters in Once Upon a Time in Hollywood, as Jim Stacy, star of the little-known Western series Lancer, which Dalton guest stars on. The film is a surprisingly touching love letter to this era in television and moviemaking while also ... "",""title"":""https://screenrant.com/timothy-olyphant-best-movies-tv-shows/""},{""docid"":""46"",""score"":16.971064910795416,""snippet"":"" ... Maybe the sprawling and yet so specific tales that ex-reporter David Simon and ex-detective Ed Burns told of the institutions of modern life and their underbellies were just too real for America then. Now heralded as the greatest TV series ever in prestigious circles, maybe the ... "",""title"":""https://deadline.com/2020/12/most-influential-tv-series-21st-century-so-far-deadline-list-1234662438/""},{""docid"":""88468"",""score"":16.964790966478407,""snippet"":"" ... A character and their disguised self are played by separate actors.\n\n- Cast Full of Writers: A show or movie where the main cast also serve as the writers of the piece.\n\n- Cast Incest: Family members are played by actors who are in a relationship in real life.\n\n- Cast ... "",""title"":""https://tvtropes.org/pmwiki/pmwiki.php/Main/CharactersAndCasting""},{""docid"":""9044"",""score"":16.905492395300154,""snippet"":"" ... Boasting a diverse cast of eclectic characters, and beautifully shot on location in New York and Italy, it's a remarkable undertaking in storytelling and demonstrates what a modern TV series can be.—TO\n\nAh, jeez. Noah Hawley's Emmy-winning anthology black comedy-crime series is a ... "",""title"":""https://www.indiewire.com/feature/best-tv-shows-decade-2010-2019-netflix-hbo-1202148573/""}]"
2,77,2026-09-14T10:14:07.246073+00:00,character married three times four times TV series one child survives,"[""character"",""married"",""three"",""times"",""four"",""tv"",""series"",""one"",""child"",""survives""]","""character"" OR ""married"" OR ""three"" OR ""times"" OR ""four"" OR ""tv"" OR ""series"" OR ""one"" OR ""child"" OR ""survives""",5,528640b63ab4ab24952c8dd9bc7bb6e8c989175e3816fbb3fbc8358e040153b5,2b71986a195ab2f8b5656d2a148125de18c010087ac412033b85f39b2f85680e,False,"[""d6"",""d7"",""d2"",""d37"",""d38""]","[""78953"",""85765"",""81882"",""45036"",""9215""]","[{""docid"":""78953"",""score"":15.09546255034533,""snippet"":"" ... on Aidy Bryant's Hulu series Shrill and in the 2019 film James vs. His Future Self. In 2023, he joined season 4 of Apple TV+'s critically acclaimed science fiction drama For All Mankind as the character Eli Hobson.\n\nHe and actress Laure Mattos have been married ... "",""title"":""https://people.com/movies/home-alone-cast-where-are-they-now/""},{""docid"":""85765"",""score"":14.767322589453995,""snippet"":"" ... He died in Watchung, New Jersey on March 27, 2002, a month shy of his 67th birthday, from the pneumonia related to progressive supra-nuclear palsy.\n\nDudley Moore was married four times, to actresses Suzy Kendall, Tuesday Weld, Brogan Lane and Nicole Rothschild, and had two sons, one ... "",""title"":""https://www.imdb.com/search/name/?death_date=2002""},{""docid"":""81882"",""score"":14.69901871028425,""snippet"":"" ... He was married a total of seven times, and fathered eight children.\n\nAfter long battles with ill health, Richard Pryor passed away on December 10th, 2005.- Vincent Schiavelli, selected in 1997 by Vanity Fair as one of the best character actors in America, had made over 120 film ... "",""title"":""https://m.imdb.com/search/name/?death_date=2005&ref_=nmbio""},{""docid"":""45036"",""score"":14.44984614667677,""snippet"":"" ... They married in 1967 but divorced three years later. At this stage, the actor already had four children (by second wife, sometime actress Nancy Ashe).\n\nFollowing the series' demise, Culp took on perhaps his most-famous and controversial film role as Natalie Wood's husband \""Bob\"" in the ... "",""title"":""https://www.imdb.com/search/name/?birth_year=1930""},{""docid"":""9215"",""score"":14.430687458506245,""snippet"":"" ... In 2010 alone he was nominated for three Emmys and won two, for co-producing the 2009 Tonys and guest-starring on Glee.\n\nThe quadruple-threat—acting, singing, dancing, magic!—entertainer has now hosted the Tonys four times (winning the Emmy for special class programing as a producer ... "",""title"":""https://www.eonline.com/photos/9198/child-stars-who-turned-out-all-right""}]"
2,82,2026-09-14T10:14:08.257931+00:00,TV series character multiple marriages only one surviving child drama,"[""tv"",""series"",""character"",""multiple"",""marriages"",""only"",""one"",""surviving"",""child"",""drama""]","""tv"" OR ""series"" OR ""character"" OR ""multiple"" OR ""marriages"" OR ""only"" OR ""one"" OR ""surviving"" OR ""child"" OR ""drama""",5,dbe2eb08b5a87ee75847a9dd563a47860a8afdbd84bcdd61a0072b54bc566e30,d7db5f2b07486ae98e60d2be84e8fd68131c452937ec224ce6fef72398356117,False,"[""d20"",""d38"",""d39"",""d19"",""d40""]","[""5965"",""9215"",""53008"",""60134"",""68362""]","[{""docid"":""5965"",""score"":19.709735508562524,""snippet"":"" ... portrayed the titular character of multiple Greek tragedies, including Antigone (1961) and Electra (1964). Her final role was in the 2004 film Ecuba, which she co-directed with Giuliana Berlinguer.\n\nMark Miller\n\nMark Miller, the actor and screenwriter known for starring on the TV series Please Don't ... "",""title"":""https://ew.com/celebrity/stars-we-lost-in-2022/?srsltid=AfmBOoqgtseDJPvB8Bamfe3oZlhWJZaiC5kf4fxP0pjffkBximQEpPNy""},{""docid"":""9215"",""score"":19.435875585800527,""snippet"":"" ... 40-year-old posing as a millennial in the critically acclaimed TV Land series, which is due to return for a seventh season. And though the prospect of a spin-off centered on Duff's Younger character Kelsey is exciting, O.G. fans really couldn't wait to ... "",""title"":""https://www.eonline.com/photos/9198/child-stars-who-turned-out-all-right""},{""docid"":""53008"",""score"":19.31770328012509,""snippet"":"" ... Marriage Story and No Sudden Move. He also appeared on Jennifer Lopez's TV show, Shades of Blue, which ended after three seasons. Liotta is survived by his daughter, Karsen and his fiancée Jacy Nittolo.\n\nJohn Zderko\n\nThe actor -- best known for his work in TV dramas including ... "",""title"":""https://www.etonline.com/gallery/stars-weve-lost-in-2022-177426""},{""docid"":""60134"",""score"":19.274663860244786,""snippet"":"" ... In 2003, Mulroney played Gavin Mitchell on the TV series Friends. He appeared in three episodes of the ninth season, his character briefly dating Rachel. This would mark Mulroney's last on-screen appearance on television for a number of years, later revealing in a May 2007 interview ... "",""title"":""https://en.wikipedia.org/wiki/Dermot_Mulroney""},{""docid"":""68362"",""score"":19.177952958288483,""snippet"":"" ... he cruised the country in a Corvette convertible in the hit television series \""Route 66.\"" May 24\n\nJohn Beasley, 79. The veteran character actor who played a kindly school bus driver on the TV drama \""Everwood\"" and appeared in dozens of films dating back to the 1980s. May ... "",""title"":""https://www.wcnc.com/article/news/year-in-review/celebrities-entertainers-who-died-2023/507-97a8795c-d3d9-4a3e-96c5-956f87aa6ebf""}]"
3,96,2026-09-14T10:14:14.406712+00:00,actor real life daughter plays niece TV series,"[""actor"",""real"",""life"",""daughter"",""plays"",""niece"",""tv"",""series""]","""actor"" OR ""real"" OR ""life"" OR ""daughter"" OR ""plays"" OR ""niece"" OR ""tv"" OR ""series""",5,c5b8aa186c7c0fe6193a19341def225d23aa3e1eddf39c92614b2bacf8eb4794,d6c7070e3e40ec10244efa948e3a4b087582a5f3023fa91246133211ca293d76,False,"[""d41"",""d11"",""d42"",""d43"",""d44""]","[""48538"",""20480"",""51536"",""11779"",""27252""]","[{""docid"":""48538"",""score"":18.696880866122626,""snippet"":"" ... The story of their strange marriage, the child it produced and its violent end was a Hollywood tragedy played out in court.\n\nOnce hailed as among the finest actors of his generation, Blake became better known as the center of a real-life murder trial, a story more ... "",""title"":""https://www.pbs.org/newshour/arts/robert-blake-actor-acquitted-in-wifes-killing-dies-at-89""},{""docid"":""20480"",""score"":18.63087915735836,""snippet"":"" ... They need that, too.\""\n\nWhile her TV dad played an influential role in her life on That Girl, Thomas's real-life father was, and remains, the overwhelming inspiration in both her life and career.\n\nA multi-talented performer - beloved nightclub headliner, movie actor, TV producer and star ... "",""title"":""https://www.televisionacademy.com/features/news/online-originals/girl-one-who-changed-everything""},{""docid"":""51536"",""score"":18.622128107713962,""snippet"":"" ... it was the first big movie break for the talented, late actor Anton Yelchin, and it allowed Robin Williams to share the screen with his daughter Zelda.\n\nYelchin's plays Duchovny as a boy, whose best friend is a mentally challenged deliveryman, played by Williams. Zelda Williams plays ... "",""title"":""https://collider.com/galleries/celebrity-children-parents-movies/""},{""docid"":""11779"",""score"":18.06236804587279,""snippet"":"" ... Doherty later starred in the Kevin Smith film Mallrats and the TV series Charmed.\n\nIn 2023, the actor and director launched Let's Be Clear with Shannen Doherty, a podcast that reflects on her life and career. \""I wanted to be clear about what it was like for ... "",""title"":""https://people.com/little-house-on-the-prairie-cast-where-are-they-now-8603014""},{""docid"":""27252"",""score"":17.802101342039794,""snippet"":"" ... Scott | | |\n| BET Comedy Awards | 2004 | Outstanding Comedy Series | George Lopez | | |\n| BET Comedy Awards | 2004 | Outstanding Lead Actor in a Comedy Series | George Lopez | | |\n| Casting Society of America | 2002 | Best Casting for TV, Comedy Pilot (\""Prototype\"") | Mary V. BuckSusan Edelman | | |\n| Emmy Awards (Creative Arts) | 2004 | Outstanding Cinematography for a ... "",""title"":""https://en.wikipedia.org/wiki/George_Lopez_(TV_series)""}]"
3,103,2026-09-14T10:14:15.000975+00:00,actor real life son plays unrelated character TV show,"[""actor"",""real"",""life"",""son"",""plays"",""unrelated"",""character"",""tv"",""show""]","""actor"" OR ""real"" OR ""life"" OR ""son"" OR ""plays"" OR ""unrelated"" OR ""character"" OR ""tv"" OR ""show""",5,54939772d527a727c4e4a4cd375ace27972cd17cfcdf48ccbd7cf79a6b997fd7,186b25c5ce5104eb7bad2ac592a8b3dd73bc4bde4acb44578dd593e39b9d170f,False,"[""d45"",""d46"",""d27"",""d47"",""d24""]","[""69326"",""63690"",""78415"",""32179"",""64629""]","[{""docid"":""69326"",""score"":17.608058152860483,""snippet"":"" ... actors in completely unrelated roles in TV shows can go unnoticed by the audience, like Charles-Dean Chapman in Game of Thrones.\n\n- Talented actors, such as Tatiana Maslany in Orphan Black and Lisa Kudrow in Friends, can successfully portray multiple characters and create complex relationships on-screen.\n\nPlaying ... "",""title"":""https://screenrant.com/actors-multiple-characters-same-tv-show/""},{""docid"":""63690"",""score"":17.307014678439057,""snippet"":"" ... People] (94 quizzes)\n\nReal Name\n\n[Celebrities] (73 quizzes)\n\nThe Best Name Game\n\n[People] (605 quizzes)\n\nName the People\n\n[Movies] (398 quizzes)\n\nNames in Songs\n\n[Music] (126 quizzes)\n\nSurnames\n\n[General] (10 quizzes)\n\nThematic Names\n\n[General] (151 quizzes)\n\n1. Which actor played Dr. Robb in the TV series \""In The ... "",""title"":""https://www.funtrivia.com/quizzes/people/name_game/same_surname.html""},{""docid"":""78415"",""score"":16.991242550960894,""snippet"":"" ... movie follows fading TV hero Rick Dalton (Leonardo DiCaprio) and his best friend/stunt double Cliff Booth (Brad Pitt) as they navigate the changing landscape of Hollywood while also living next door to Sharon Tate (Margot Robbie).\n\nOlyphant plays one of several real-life characters in Once Upon ... "",""title"":""https://screenrant.com/timothy-olyphant-best-movies-tv-shows/""},{""docid"":""32179"",""score"":16.75430642685047,""snippet"":"" ... The Penguin - \""The Fishin' Hole\"" is the name of the iconic whistling theme song of what classic TV show, which features the title figure walking to the \""fishin' hole\"" with his son?\n\nAnswer: The Andy Griffith Show - Even though the character was first played by Susan Neher in ... "",""title"":""https://www.watercoolertrivia.com/trivia-questions/classic-tv-trivia-questions""},{""docid"":""64629"",""score"":16.6460355950987,""snippet"":"" ... Huck has various career ambitions in life, and he tries them all, though not particularly succeeding in any. This TV series was one of the six TV shows in 1960 and the first animation in history to win an Emmy for Outstanding Achievement in the Field of Children ... "",""title"":""https://www.boredpanda.com/60s-cartoons/""}]"
3,109,2026-09-14T10:14:15.696921+00:00,TV series actor family member cast unrelated role,"[""tv"",""series"",""actor"",""family"",""member"",""cast"",""unrelated"",""role""]","""tv"" OR ""series"" OR ""actor"" OR ""family"" OR ""member"" OR ""cast"" OR ""unrelated"" OR ""role""",5,926b5ad16c406760231902a802affccc9ecf484551833494d8bd71d09e634b0f,519938cc51f961ebe64dbcb827d1f5b0c02770f081d1dc8fc353acc8debc2b64,False,"[""d45"",""d33"",""d27"",""d46"",""d48""]","[""69326"",""57395"",""78415"",""63690"",""56024""]","[{""docid"":""69326"",""score"":18.76403021129144,""snippet"":"" ... 2023-11-14\n---\nSummary\n\n- Some actors excel at playing multiple roles in TV shows and movies, like Winona Ryder in Bram Stoker's Dracula and the cast of Everything Everywhere All at Once.\n\n- Recasting actors in completely unrelated roles in TV shows can go unnoticed by the audience ... "",""title"":""https://screenrant.com/actors-multiple-characters-same-tv-show/""},{""docid"":""57395"",""score"":18.072108702580366,""snippet"":"" ... Trivia[]\n\n- This had the most main cast members leave the series, with a total of 11 (although Jorja Fox later returned as a main cast member).\n\n- This was the penultimate CSI series to end.\n\n- This was the only CSI to lose both of its original lead actors (William ... "",""title"":""https://csi.fandom.com/wiki/CSI:Crime_Scene_Investigation""},{""docid"":""78415"",""score"":17.889209447110897,""snippet"":"" ... patriarch of the family. He initially plays the role with the cool calmness he pulls off so well in other roles, but becomes an anxious and desperate man when things start to unravel. The series makes for a gripping noir movie with a terrific cast that also includes ... "",""title"":""https://screenrant.com/timothy-olyphant-best-movies-tv-shows/""},{""docid"":""63690"",""score"":17.43938333974542,""snippet"":"" ... Which actor played Dr. Robb in the TV series \""In The Heat of The Night\""?\n\nFrom Quiz My Name is Robb\n\nAnswer: Dan Biggars\n\nDan Biggars was also an American college official prior to acting. William Windom played Dr. Seth Hazlitt in \""Murder She Wrote\"". Robert Young was ... "",""title"":""https://www.funtrivia.com/quizzes/people/name_game/same_surname.html""},{""docid"":""56024"",""score"":17.375538910828254,""snippet"":"" ... At 24 she won the role of the title character in UPN's drama Veronica Mars, which was launched in the fall of 2004. Created by Rob Thomas, the series starred Bell as the seventeen year old detective Veronica, which put her alongside actors Enrico Colantoni who played ... "",""title"":""https://unionfilms.org/films/people/kristen-bell.html""}]"
3,114,2026-09-14T10:14:16.284331+00:00,character married 3 times one child survives TV series 2000s,"[""character"",""married"",""3"",""times"",""one"",""child"",""survives"",""tv"",""series"",""2000s""]","""character"" OR ""married"" OR ""3"" OR ""times"" OR ""one"" OR ""child"" OR ""survives"" OR ""tv"" OR ""series"" OR ""2000s""",5,c9c062871b30893c9447ce45e87e6504375dfae99fdf6c1353e79599774caf6b,c470efb1a9b429148472627ec591e0453570f344b59db596bed9e6b635ebfe8c,False,"[""d6"",""d49"",""d50"",""d19"",""d2""]","[""78953"",""4035"",""3161"",""60134"",""81882""]","[{""docid"":""78953"",""score"":16.2824976074087,""snippet"":"" ... on Aidy Bryant's Hulu series Shrill and in the 2019 film James vs. His Future Self. In 2023, he joined season 4 of Apple TV+'s critically acclaimed science fiction drama For All Mankind as the character Eli Hobson.\n\nHe and actress Laure Mattos have been married ... "",""title"":""https://people.com/movies/home-alone-cast-where-are-they-now/""},{""docid"":""4035"",""score"":15.898290019368474,""snippet"":"" ... He was married to Star Herrmann and Leigh Curran. He died on 31 December 2014 in New York City, New York, USA.- Actor\n\n- Producer\n\n- Additional Crew\n\nOne of Hollywood's finest character / \""Method\"" actors, Eli Wallach was in demand for over 60 years (first film/TV role was ... "",""title"":""https://www.imdb.com/search/name/?death_date=2014""},{""docid"":""3161"",""score"":15.76035451695941,""snippet"":"" ... In the early 1970s, she landed minor roles in film and TV, and finally won a role on the series Three's Company (1976). She married Hamel in 1977. She was fired from the series after she asked for a raise at the beginning of the fifth season ... "",""title"":""https://m.imdb.com/search/name/?death_date=2023&ref_=nmbio_dth_yr""},{""docid"":""60134"",""score"":15.715324421687555,""snippet"":"" ... In 2003, Mulroney played Gavin Mitchell on the TV series Friends. He appeared in three episodes of the ninth season, his character briefly dating Rachel. This would mark Mulroney's last on-screen appearance on television for a number of years, later revealing in a May 2007 interview ... "",""title"":""https://en.wikipedia.org/wiki/Dermot_Mulroney""},{""docid"":""81882"",""score"":15.691378997718399,""snippet"":"" ... He was married a total of seven times, and fathered eight children.\n\nAfter long battles with ill health, Richard Pryor passed away on December 10th, 2005.- Vincent Schiavelli, selected in 1997 by Vanity Fair as one of the best character actors in America, had made over 120 film ... "",""title"":""https://m.imdb.com/search/name/?death_date=2005&ref_=nmbio""}]"
3,119,2026-09-14T10:14:17.310957+00:00,TV show character three marriages one surviving child,"[""tv"",""show"",""character"",""three"",""marriages"",""one"",""surviving"",""child""]","""tv"" OR ""show"" OR ""character"" OR ""three"" OR ""marriages"" OR ""one"" OR ""surviving"" OR ""child""",5,dcfdfe59d4312591ff3d757fe02035f881e4a26022e07fa519df09748ec9df4a,3f31bf042d8cc6df97db1dfa7b9b5da5c52351b9d4583f684f1cbc8fdbd5e8e2,False,"[""d39"",""d8"",""d51"",""d52"",""d53""]","[""53008"",""60248"",""37367"",""77637"",""54031""]","[{""docid"":""53008"",""score"":13.664801548271926,""snippet"":"" ... Most recently, Liotta appeared in The Many Saints of Newark, Marriage Story and No Sudden Move. He also appeared on Jennifer Lopez's TV show, Shades of Blue, which ended after three seasons. Liotta is survived by his daughter, Karsen and his fiancée Jacy Nittolo.\n\nJohn Zderko\n\nThe ... "",""title"":""https://www.etonline.com/gallery/stars-weve-lost-in-2022-177426""},{""docid"":""60248"",""score"":13.648348285782436,""snippet"":"" ... Lucci was expected to guest star on Prospect Park's continuation of All My Children in 2013, but the appearance never came to fruition due to the show's second cancellation.\n\nErica is considered to be the most popular character in American soap opera history. TV Guide calls ... "",""title"":""https://en.wikipedia.org/wiki/Erica_Kane""},{""docid"":""37367"",""score"":13.510584826136753,""snippet"":"" ... Midway through the season, an attempt was made to increase ratings by having Havoc's character relocate to New York to represent show business clients; however, the show lasted only one season.\""Lady Lawyer Practices Law,\"" TV Guide May 7–13, 1955, p. 12.\n\nFrom the 1960s through ... "",""title"":""https://en.wikipedia.org/wiki/June_Havoc""},{""docid"":""77637"",""score"":13.489606718134208,""snippet"":"" ... Besides his TV career, he was also an ordained Presbyterian minister.\n\nAfter starting her film career at the age of three, Shirley Temple went on to become Hollywood's highest-grossing child actress from 1935 to 1938. She is the epitome of popular child stars who lose their ... "",""title"":""https://www.thefamouspeople.com/born-1928.php""},{""docid"":""54031"",""score"":13.354763032640921,""snippet"":"" ... Simultaneously, numerous agencies in Britain and in America targeted various other aspects of child welfare, from educating parents (particularly women) on hygiene and child-rearing, to raising the age for compulsory schooling, instituting school nutrition programs, and recognizing child rights.\n\nThe Useless Child\n\nFalling infant mortality rates during ... "",""title"":""https://www.representingchildhood.pitt.edu/twentycent_child.htm""}]"
4,134,2026-09-14T10:14:21.561256+00:00,actor real life daughter plays niece TV series,"[""actor"",""real"",""life"",""daughter"",""plays"",""niece"",""tv"",""series""]","""actor"" OR ""real"" OR ""life"" OR ""daughter"" OR ""plays"" OR ""niece"" OR ""tv"" OR ""series""",5,c5b8aa186c7c0fe6193a19341def225d23aa3e1eddf39c92614b2bacf8eb4794,d6c7070e3e40ec10244efa948e3a4b087582a5f3023fa91246133211ca293d76,True,"[""d41"",""d11"",""d42"",""d43"",""d44""]","[""48538"",""20480"",""51536"",""11779"",""27252""]","[{""docid"":""48538"",""score"":18.696880866122626,""snippet"":"" ... The story of their strange marriage, the child it produced and its violent end was a Hollywood tragedy played out in court.\n\nOnce hailed as among the finest actors of his generation, Blake became better known as the center of a real-life murder trial, a story more ... "",""title"":""https://www.pbs.org/newshour/arts/robert-blake-actor-acquitted-in-wifes-killing-dies-at-89""},{""docid"":""20480"",""score"":18.63087915735836,""snippet"":"" ... They need that, too.\""\n\nWhile her TV dad played an influential role in her life on That Girl, Thomas's real-life father was, and remains, the overwhelming inspiration in both her life and career.\n\nA multi-talented performer - beloved nightclub headliner, movie actor, TV producer and star ... "",""title"":""https://www.televisionacademy.com/features/news/online-originals/girl-one-who-changed-everything""},{""docid"":""51536"",""score"":18.622128107713962,""snippet"":"" ... it was the first big movie break for the talented, late actor Anton Yelchin, and it allowed Robin Williams to share the screen with his daughter Zelda.\n\nYelchin's plays Duchovny as a boy, whose best friend is a mentally challenged deliveryman, played by Williams. Zelda Williams plays ... "",""title"":""https://collider.com/galleries/celebrity-children-parents-movies/""},{""docid"":""11779"",""score"":18.06236804587279,""snippet"":"" ... Doherty later starred in the Kevin Smith film Mallrats and the TV series Charmed.\n\nIn 2023, the actor and director launched Let's Be Clear with Shannen Doherty, a podcast that reflects on her life and career. \""I wanted to be clear about what it was like for ... "",""title"":""https://people.com/little-house-on-the-prairie-cast-where-are-they-now-8603014""},{""docid"":""27252"",""score"":17.802101342039794,""snippet"":"" ... Scott | | |\n| BET Comedy Awards | 2004 | Outstanding Comedy Series | George Lopez | | |\n| BET Comedy Awards | 2004 | Outstanding Lead Actor in a Comedy Series | George Lopez | | |\n| Casting Society of America | 2002 | Best Casting for TV, Comedy Pilot (\""Prototype\"") | Mary V. BuckSusan Edelman | | |\n| Emmy Awards (Creative Arts) | 2004 | Outstanding Cinematography for a ... "",""title"":""https://en.wikipedia.org/wiki/George_Lopez_(TV_series)""}]"
4,135,2026-09-14T10:14:21.562198+00:00,actor real life son plays unrelated character TV show,"[""actor"",""real"",""life"",""son"",""plays"",""unrelated"",""character"",""tv"",""show""]","""actor"" OR ""real"" OR ""life"" OR ""son"" OR ""plays"" OR ""unrelated"" OR ""character"" OR ""tv"" OR ""show""",5,54939772d527a727c4e4a4cd375ace27972cd17cfcdf48ccbd7cf79a6b997fd7,186b25c5ce5104eb7bad2ac592a8b3dd73bc4bde4acb44578dd593e39b9d170f,True,"[""d45"",""d46"",""d27"",""d47"",""d24""]","[""69326"",""63690"",""78415"",""32179"",""64629""]","[{""docid"":""69326"",""score"":17.608058152860483,""snippet"":"" ... actors in completely unrelated roles in TV shows can go unnoticed by the audience, like Charles-Dean Chapman in Game of Thrones.\n\n- Talented actors, such as Tatiana Maslany in Orphan Black and Lisa Kudrow in Friends, can successfully portray multiple characters and create complex relationships on-screen.\n\nPlaying ... "",""title"":""https://screenrant.com/actors-multiple-characters-same-tv-show/""},{""docid"":""63690"",""score"":17.307014678439057,""snippet"":"" ... People] (94 quizzes)\n\nReal Name\n\n[Celebrities] (73 quizzes)\n\nThe Best Name Game\n\n[People] (605 quizzes)\n\nName the People\n\n[Movies] (398 quizzes)\n\nNames in Songs\n\n[Music] (126 quizzes)\n\nSurnames\n\n[General] (10 quizzes)\n\nThematic Names\n\n[General] (151 quizzes)\n\n1. Which actor played Dr. Robb in the TV series \""In The ... "",""title"":""https://www.funtrivia.com/quizzes/people/name_game/same_surname.html""},{""docid"":""78415"",""score"":16.991242550960894,""snippet"":"" ... movie follows fading TV hero Rick Dalton (Leonardo DiCaprio) and his best friend/stunt double Cliff Booth (Brad Pitt) as they navigate the changing landscape of Hollywood while also living next door to Sharon Tate (Margot Robbie).\n\nOlyphant plays one of several real-life characters in Once Upon ... "",""title"":""https://screenrant.com/timothy-olyphant-best-movies-tv-shows/""},{""docid"":""32179"",""score"":16.75430642685047,""snippet"":"" ... The Penguin - \""The Fishin' Hole\"" is the name of the iconic whistling theme song of what classic TV show, which features the title figure walking to the \""fishin' hole\"" with his son?\n\nAnswer: The Andy Griffith Show - Even though the character was first played by Susan Neher in ... "",""title"":""https://www.watercoolertrivia.com/trivia-questions/classic-tv-trivia-questions""},{""docid"":""64629"",""score"":16.6460355950987,""snippet"":"" ... Huck has various career ambitions in life, and he tries them all, though not particularly succeeding in any. This TV series was one of the six TV shows in 1960 and the first animation in history to win an Emmy for Outstanding Achievement in the Field of Children ... "",""title"":""https://www.boredpanda.com/60s-cartoons/""}]"
4,136,2026-09-14T10:14:21.563044+00:00,TV series actor family member cast unrelated role,"[""tv"",""series"",""actor"",""family"",""member"",""cast"",""unrelated"",""role""]","""tv"" OR ""series"" OR ""actor"" OR ""family"" OR ""member"" OR ""cast"" OR ""unrelated"" OR ""role""",5,926b5ad16c406760231902a802affccc9ecf484551833494d8bd71d09e634b0f,519938cc51f961ebe64dbcb827d1f5b0c02770f081d1dc8fc353acc8debc2b64,True,"[""d45"",""d33"",""d27"",""d46"",""d48""]","[""69326"",""57395"",""78415"",""63690"",""56024""]","[{""docid"":""69326"",""score"":18.76403021129144,""snippet"":"" ... 2023-11-14\n---\nSummary\n\n- Some actors excel at playing multiple roles in TV shows and movies, like Winona Ryder in Bram Stoker's Dracula and the cast of Everything Everywhere All at Once.\n\n- Recasting actors in completely unrelated roles in TV shows can go unnoticed by the audience ... "",""title"":""https://screenrant.com/actors-multiple-characters-same-tv-show/""},{""docid"":""57395"",""score"":18.072108702580366,""snippet"":"" ... Trivia[]\n\n- This had the most main cast members leave the series, with a total of 11 (although Jorja Fox later returned as a main cast member).\n\n- This was the penultimate CSI series to end.\n\n- This was the only CSI to lose both of its original lead actors (William ... "",""title"":""https://csi.fandom.com/wiki/CSI:Crime_Scene_Investigation""},{""docid"":""78415"",""score"":17.889209447110897,""snippet"":"" ... patriarch of the family. He initially plays the role with the cool calmness he pulls off so well in other roles, but becomes an anxious and desperate man when things start to unravel. The series makes for a gripping noir movie with a terrific cast that also includes ... "",""title"":""https://screenrant.com/timothy-olyphant-best-movies-tv-shows/""},{""docid"":""63690"",""score"":17.43938333974542,""snippet"":"" ... Which actor played Dr. Robb in the TV series \""In The Heat of The Night\""?\n\nFrom Quiz My Name is Robb\n\nAnswer: Dan Biggars\n\nDan Biggars was also an American college official prior to acting. William Windom played Dr. Seth Hazlitt in \""Murder She Wrote\"". Robert Young was ... "",""title"":""https://www.funtrivia.com/quizzes/people/name_game/same_surname.html""},{""docid"":""56024"",""score"":17.375538910828254,""snippet"":"" ... At 24 she won the role of the title character in UPN's drama Veronica Mars, which was launched in the fall of 2004. Created by Rob Thomas, the series starred Bell as the seventeen year old detective Veronica, which put her alongside actors Enrico Colantoni who played ... "",""title"":""https://unionfilms.org/films/people/kristen-bell.html""}]"
4,138,2026-09-14T10:14:21.565913+00:00,character married 3 times one child survives TV series 2000s,"[""character"",""married"",""3"",""times"",""one"",""child"",""survives"",""tv"",""series"",""2000s""]","""character"" OR ""married"" OR ""3"" OR ""times"" OR ""one"" OR ""child"" OR ""survives"" OR ""tv"" OR ""series"" OR ""2000s""",5,c9c062871b30893c9447ce45e87e6504375dfae99fdf6c1353e79599774caf6b,c470efb1a9b429148472627ec591e0453570f344b59db596bed9e6b635ebfe8c,True,"[""d6"",""d49"",""d50"",""d19"",""d2""]","[""78953"",""4035"",""3161"",""60134"",""81882""]","[{""docid"":""78953"",""score"":16.2824976074087,""snippet"":"" ... on Aidy Bryant's Hulu series Shrill and in the 2019 film James vs. His Future Self. In 2023, he joined season 4 of Apple TV+'s critically acclaimed science fiction drama For All Mankind as the character Eli Hobson.\n\nHe and actress Laure Mattos have been married ... "",""title"":""https://people.com/movies/home-alone-cast-where-are-they-now/""},{""docid"":""4035"",""score"":15.898290019368474,""snippet"":"" ... He was married to Star Herrmann and Leigh Curran. He died on 31 December 2014 in New York City, New York, USA.- Actor\n\n- Producer\n\n- Additional Crew\n\nOne of Hollywood's finest character / \""Method\"" actors, Eli Wallach was in demand for over 60 years (first film/TV role was ... "",""title"":""https://www.imdb.com/search/name/?death_date=2014""},{""docid"":""3161"",""score"":15.76035451695941,""snippet"":"" ... In the early 1970s, she landed minor roles in film and TV, and finally won a role on the series Three's Company (1976). She married Hamel in 1977. She was fired from the series after she asked for a raise at the beginning of the fifth season ... "",""title"":""https://m.imdb.com/search/name/?death_date=2023&ref_=nmbio_dth_yr""},{""docid"":""60134"",""score"":15.715324421687555,""snippet"":"" ... In 2003, Mulroney played Gavin Mitchell on the TV series Friends. He appeared in three episodes of the ninth season, his character briefly dating Rachel. This would mark Mulroney's last on-screen appearance on television for a number of years, later revealing in a May 2007 interview ... "",""title"":""https://en.wikipedia.org/wiki/Dermot_Mulroney""},{""docid"":""81882"",""score"":15.691378997718399,""snippet"":"" ... He was married a total of seven times, and fathered eight children.\n\nAfter long battles with ill health, Richard Pryor passed away on December 10th, 2005.- Vincent Schiavelli, selected in 1997 by Vanity Fair as one of the best character actors in America, had made over 120 film ... "",""title"":""https://m.imdb.com/search/name/?death_date=2005&ref_=nmbio""}]"
4,139,2026-09-14T10:14:21.566755+00:00,TV show character three marriages one surviving child,"[""tv"",""show"",""character"",""three"",""marriages"",""one"",""surviving"",""child""]","""tv"" OR ""show"" OR ""character"" OR ""three"" OR ""marriages"" OR ""one"" OR ""surviving"" OR ""child""",5,dcfdfe59d4312591ff3d757fe02035f881e4a26022e07fa519df09748ec9df4a,3f31bf042d8cc6df97db1dfa7b9b5da5c52351b9d4583f684f1cbc8fdbd5e8e2,True,"[""d39"",""d8"",""d51"",""d52"",""d53""]","[""53008"",""60248"",""37367"",""77637"",""54031""]","[{""docid"":""53008"",""score"":13.664801548271926,""snippet"":"" ... Most recently, Liotta appeared in The Many Saints of Newark, Marriage Story and No Sudden Move. He also appeared on Jennifer Lopez's TV show, Shades of Blue, which ended after three seasons. Liotta is survived by his daughter, Karsen and his fiancée Jacy Nittolo.\n\nJohn Zderko\n\nThe ... "",""title"":""https://www.etonline.com/gallery/stars-weve-lost-in-2022-177426""},{""docid"":""60248"",""score"":13.648348285782436,""snippet"":"" ... Lucci was expected to guest star on Prospect Park's continuation of All My Children in 2013, but the appearance never came to fruition due to the show's second cancellation.\n\nErica is considered to be the most popular character in American soap opera history. TV Guide calls ... "",""title"":""https://en.wikipedia.org/wiki/Erica_Kane""},{""docid"":""37367"",""score"":13.510584826136753,""snippet"":"" ... Midway through the season, an attempt was made to increase ratings by having Havoc's character relocate to New York to represent show business clients; however, the show lasted only one season.\""Lady Lawyer Practices Law,\"" TV Guide May 7–13, 1955, p. 12.\n\nFrom the 1960s through ... "",""title"":""https://en.wikipedia.org/wiki/June_Havoc""},{""docid"":""77637"",""score"":13.489606718134208,""snippet"":"" ... Besides his TV career, he was also an ordained Presbyterian minister.\n\nAfter starting her film career at the age of three, Shirley Temple went on to become Hollywood's highest-grossing child actress from 1935 to 1938. She is the epitome of popular child stars who lose their ... "",""title"":""https://www.thefamouspeople.com/born-1928.php""},{""docid"":""54031"",""score"":13.354763032640921,""snippet"":"" ... Simultaneously, numerous agencies in Britain and in America targeted various other aspects of child welfare, from educating parents (particularly women) on hygiene and child-rearing, to raising the age for compulsory schooling, instituting school nutrition programs, and recognizing child rights.\n\nThe Useless Child\n\nFalling infant mortality rates during ... "",""title"":""https://www.representingchildhood.pitt.edu/twentycent_child.htm""}]"
5,149,2026-09-14T10:14:25.852601+00:00,actor real life daughter plays niece TV series,"[""actor"",""real"",""life"",""daughter"",""plays"",""niece"",""tv"",""series""]","""actor"" OR ""real"" OR ""life"" OR ""daughter"" OR ""plays"" OR ""niece"" OR ""tv"" OR ""series""",5,c5b8aa186c7c0fe6193a19341def225d23aa3e1eddf39c92614b2bacf8eb4794,d6c7070e3e40ec10244efa948e3a4b087582a5f3023fa91246133211ca293d76,True,"[""d41"",""d11"",""d42"",""d43"",""d44""]","[""48538"",""20480"",""51536"",""11779"",""27252""]","[{""docid"":""48538"",""score"":18.696880866122626,""snippet"":"" ... The story of their strange marriage, the child it produced and its violent end was a Hollywood tragedy played out in court.\n\nOnce hailed as among the finest actors of his generation, Blake became better known as the center of a real-life murder trial, a story more ... "",""title"":""https://www.pbs.org/newshour/arts/robert-blake-actor-acquitted-in-wifes-killing-dies-at-89""},{""docid"":""20480"",""score"":18.63087915735836,""snippet"":"" ... They need that, too.\""\n\nWhile her TV dad played an influential role in her life on That Girl, Thomas's real-life father was, and remains, the overwhelming inspiration in both her life and career.\n\nA multi-talented performer - beloved nightclub headliner, movie actor, TV producer and star ... "",""title"":""https://www.televisionacademy.com/features/news/online-originals/girl-one-who-changed-everything""},{""docid"":""51536"",""score"":18.622128107713962,""snippet"":"" ... it was the first big movie break for the talented, late actor Anton Yelchin, and it allowed Robin Williams to share the screen with his daughter Zelda.\n\nYelchin's plays Duchovny as a boy, whose best friend is a mentally challenged deliveryman, played by Williams. Zelda Williams plays ... "",""title"":""https://collider.com/galleries/celebrity-children-parents-movies/""},{""docid"":""11779"",""score"":18.06236804587279,""snippet"":"" ... Doherty later starred in the Kevin Smith film Mallrats and the TV series Charmed.\n\nIn 2023, the actor and director launched Let's Be Clear with Shannen Doherty, a podcast that reflects on her life and career. \""I wanted to be clear about what it was like for ... "",""title"":""https://people.com/little-house-on-the-prairie-cast-where-are-they-now-8603014""},{""docid"":""27252"",""score"":17.802101342039794,""snippet"":"" ... Scott | | |\n| BET Comedy Awards | 2004 | Outstanding Comedy Series | George Lopez | | |\n| BET Comedy Awards | 2004 | Outstanding Lead Actor in a Comedy Series | George Lopez | | |\n| Casting Society of America | 2002 | Best Casting for TV, Comedy Pilot (\""Prototype\"") | Mary V. BuckSusan Edelman | | |\n| Emmy Awards (Creative Arts) | 2004 | Outstanding Cinematography for a ... "",""title"":""https://en.wikipedia.org/wiki/George_Lopez_(TV_series)""}]"
5,150,2026-09-14T10:14:25.853483+00:00,actor real life son plays unrelated character TV show,"[""actor"",""real"",""life"",""son"",""plays"",""unrelated"",""character"",""tv"",""show""]","""actor"" OR ""real"" OR ""life"" OR ""son"" OR ""plays"" OR ""unrelated"" OR ""character"" OR ""tv"" OR ""show""",5,54939772d527a727c4e4a4cd375ace27972cd17cfcdf48ccbd7cf79a6b997fd7,186b25c5ce5104eb7bad2ac592a8b3dd73bc4bde4acb44578dd593e39b9d170f,True,"[""d45"",""d46"",""d27"",""d47"",""d24""]","[""69326"",""63690"",""78415"",""32179"",""64629""]","[{""docid"":""69326"",""score"":17.608058152860483,""snippet"":"" ... actors in completely unrelated roles in TV shows can go unnoticed by the audience, like Charles-Dean Chapman in Game of Thrones.\n\n- Talented actors, such as Tatiana Maslany in Orphan Black and Lisa Kudrow in Friends, can successfully portray multiple characters and create complex relationships on-screen.\n\nPlaying ... "",""title"":""https://screenrant.com/actors-multiple-characters-same-tv-show/""},{""docid"":""63690"",""score"":17.307014678439057,""snippet"":"" ... People] (94 quizzes)\n\nReal Name\n\n[Celebrities] (73 quizzes)\n\nThe Best Name Game\n\n[People] (605 quizzes)\n\nName the People\n\n[Movies] (398 quizzes)\n\nNames in Songs\n\n[Music] (126 quizzes)\n\nSurnames\n\n[General] (10 quizzes)\n\nThematic Names\n\n[General] (151 quizzes)\n\n1. Which actor played Dr. Robb in the TV series \""In The ... "",""title"":""https://www.funtrivia.com/quizzes/people/name_game/same_surname.html""},{""docid"":""78415"",""score"":16.991242550960894,""snippet"":"" ... movie follows fading TV hero Rick Dalton (Leonardo DiCaprio) and his best friend/stunt double Cliff Booth (Brad Pitt) as they navigate the changing landscape of Hollywood while also living next door to Sharon Tate (Margot Robbie).\n\nOlyphant plays one of several real-life characters in Once Upon ... "",""title"":""https://screenrant.com/timothy-olyphant-best-movies-tv-shows/""},{""docid"":""32179"",""score"":16.75430642685047,""snippet"":"" ... The Penguin - \""The Fishin' Hole\"" is the name of the iconic whistling theme song of what classic TV show, which features the title figure walking to the \""fishin' hole\"" with his son?\n\nAnswer: The Andy Griffith Show - Even though the character was first played by Susan Neher in ... "",""title"":""https://www.watercoolertrivia.com/trivia-questions/classic-tv-trivia-questions""},{""docid"":""64629"",""score"":16.6460355950987,""snippet"":"" ... Huck has various career ambitions in life, and he tries them all, though not particularly succeeding in any. This TV series was one of the six TV shows in 1960 and the first animation in history to win an Emmy for Outstanding Achievement in the Field of Children ... "",""title"":""https://www.boredpanda.com/60s-cartoons/""}]"
5,151,2026-09-14T10:14:25.854518+00:00,TV series actor family member cast unrelated role,"[""tv"",""series"",""actor"",""family"",""member"",""cast"",""unrelated"",""role""]","""tv"" OR ""series"" OR ""actor"" OR ""family"" OR ""member"" OR ""cast"" OR ""unrelated"" OR ""role""",5,926b5ad16c406760231902a802affccc9ecf484551833494d8bd71d09e634b0f,519938cc51f961ebe64dbcb827d1f5b0c02770f081d1dc8fc353acc8debc2b64,True,"[""d45"",""d33"",""d27"",""d46"",""d48""]","[""69326"",""57395"",""78415"",""63690"",""56024""]","[{""docid"":""69326"",""score"":18.76403021129144,""snippet"":"" ... 2023-11-14\n---\nSummary\n\n- Some actors excel at playing multiple roles in TV shows and movies, like Winona Ryder in Bram Stoker's Dracula and the cast of Everything Everywhere All at Once.\n\n- Recasting actors in completely unrelated roles in TV shows can go unnoticed by the audience ... "",""title"":""https://screenrant.com/actors-multiple-characters-same-tv-show/""},{""docid"":""57395"",""score"":18.072108702580366,""snippet"":"" ... Trivia[]\n\n- This had the most main cast members leave the series, with a total of 11 (although Jorja Fox later returned as a main cast member).\n\n- This was the penultimate CSI series to end.\n\n- This was the only CSI to lose both of its original lead actors (William ... "",""title"":""https://csi.fandom.com/wiki/CSI:Crime_Scene_Investigation""},{""docid"":""78415"",""score"":17.889209447110897,""snippet"":"" ... patriarch of the family. He initially plays the role with the cool calmness he pulls off so well in other roles, but becomes an anxious and desperate man when things start to unravel. The series makes for a gripping noir movie with a terrific cast that also includes ... "",""title"":""https://screenrant.com/timothy-olyphant-best-movies-tv-shows/""},{""docid"":""63690"",""score"":17.43938333974542,""snippet"":"" ... Which actor played Dr. Robb in the TV series \""In The Heat of The Night\""?\n\nFrom Quiz My Name is Robb\n\nAnswer: Dan Biggars\n\nDan Biggars was also an American college official prior to acting. William Windom played Dr. Seth Hazlitt in \""Murder She Wrote\"". Robert Young was ... "",""title"":""https://www.funtrivia.com/quizzes/people/name_game/same_surname.html""},{""docid"":""56024"",""score"":17.375538910828254,""snippet"":"" ... At 24 she won the role of the title character in UPN's drama Veronica Mars, which was launched in the fall of 2004. Created by Rob Thomas, the series starred Bell as the seventeen year old detective Veronica, which put her alongside actors Enrico Colantoni who played ... "",""title"":""https://unionfilms.org/films/people/kristen-bell.html""}]"
5,153,2026-09-14T10:14:25.856999+00:00,character married 3 times one child survives TV series 2000s,"[""character"",""married"",""3"",""times"",""one"",""child"",""survives"",""tv"",""series"",""2000s""]","""character"" OR ""married"" OR ""3"" OR ""times"" OR ""one"" OR ""child"" OR ""survives"" OR ""tv"" OR ""series"" OR ""2000s""",5,c9c062871b30893c9447ce45e87e6504375dfae99fdf6c1353e79599774caf6b,c470efb1a9b429148472627ec591e0453570f344b59db596bed9e6b635ebfe8c,True,"[""d6"",""d49"",""d50"",""d19"",""d2""]","[""78953"",""4035"",""3161"",""60134"",""81882""]","[{""docid"":""78953"",""score"":16.2824976074087,""snippet"":"" ... on Aidy Bryant's Hulu series Shrill and in the 2019 film James vs. His Future Self. In 2023, he joined season 4 of Apple TV+'s critically acclaimed science fiction drama For All Mankind as the character Eli Hobson.\n\nHe and actress Laure Mattos have been married ... "",""title"":""https://people.com/movies/home-alone-cast-where-are-they-now/""},{""docid"":""4035"",""score"":15.898290019368474,""snippet"":"" ... He was married to Star Herrmann and Leigh Curran. He died on 31 December 2014 in New York City, New York, USA.- Actor\n\n- Producer\n\n- Additional Crew\n\nOne of Hollywood's finest character / \""Method\"" actors, Eli Wallach was in demand for over 60 years (first film/TV role was ... "",""title"":""https://www.imdb.com/search/name/?death_date=2014""},{""docid"":""3161"",""score"":15.76035451695941,""snippet"":"" ... In the early 1970s, she landed minor roles in film and TV, and finally won a role on the series Three's Company (1976). She married Hamel in 1977. She was fired from the series after she asked for a raise at the beginning of the fifth season ... "",""title"":""https://m.imdb.com/search/name/?death_date=2023&ref_=nmbio_dth_yr""},{""docid"":""60134"",""score"":15.715324421687555,""snippet"":"" ... In 2003, Mulroney played Gavin Mitchell on the TV series Friends. He appeared in three episodes of the ninth season, his character briefly dating Rachel. This would mark Mulroney's last on-screen appearance on television for a number of years, later revealing in a May 2007 interview ... "",""title"":""https://en.wikipedia.org/wiki/Dermot_Mulroney""},{""docid"":""81882"",""score"":15.691378997718399,""snippet"":"" ... He was married a total of seven times, and fathered eight children.\n\nAfter long battles with ill health, Richard Pryor passed away on December 10th, 2005.- Vincent Schiavelli, selected in 1997 by Vanity Fair as one of the best character actors in America, had made over 120 film ... "",""title"":""https://m.imdb.com/search/name/?death_date=2005&ref_=nmbio""}]"
5,154,2026-09-14T10:14:25.857735+00:00,TV show character three marriages one surviving child,"[""tv"",""show"",""character"",""three"",""marriages"",""one"",""surviving"",""child""]","""tv"" OR ""show"" OR ""character"" OR ""three"" OR ""marriages"" OR ""one"" OR ""surviving"" OR ""child""",5,dcfdfe59d4312591ff3d757fe02035f881e4a26022e07fa519df09748ec9df4a,3f31bf042d8cc6df97db1dfa7b9b5da5c52351b9d4583f684f1cbc8fdbd5e8e2,True,"[""d39"",""d8"",""d51"",""d52"",""d53""]","[""53008"",""60248"",""37367"",""77637"",""54031""]","[{""docid"":""53008"",""score"":13.664801548271926,""snippet"":"" ... Most recently, Liotta appeared in The Many Saints of Newark, Marriage Story and No Sudden Move. He also appeared on Jennifer Lopez's TV show, Shades of Blue, which ended after three seasons. Liotta is survived by his daughter, Karsen and his fiancée Jacy Nittolo.\n\nJohn Zderko\n\nThe ... "",""title"":""https://www.etonline.com/gallery/stars-weve-lost-in-2022-177426""},{""docid"":""60248"",""score"":13.648348285782436,""snippet"":"" ... Lucci was expected to guest star on Prospect Park's continuation of All My Children in 2013, but the appearance never came to fruition due to the show's second cancellation.\n\nErica is considered to be the most popular character in American soap opera history. TV Guide calls ... "",""title"":""https://en.wikipedia.org/wiki/Erica_Kane""},{""docid"":""37367"",""score"":13.510584826136753,""snippet"":"" ... Midway through the season, an attempt was made to increase ratings by having Havoc's character relocate to New York to represent show business clients; however, the show lasted only one season.\""Lady Lawyer Practices Law,\"" TV Guide May 7–13, 1955, p. 12.\n\nFrom the 1960s through ... "",""title"":""https://en.wikipedia.org/wiki/June_Havoc""},{""docid"":""77637"",""score"":13.489606718134208,""snippet"":"" ... Besides his TV career, he was also an ordained Presbyterian minister.\n\nAfter starting her film career at the age of three, Shirley Temple went on to become Hollywood's highest-grossing child actress from 1935 to 1938. She is the epitome of popular child stars who lose their ... "",""title"":""https://www.thefamouspeople.com/born-1928.php""},{""docid"":""54031"",""score"":13.354763032640921,""snippet"":"" ... Simultaneously, numerous agencies in Britain and in America targeted various other aspects of child welfare, from educating parents (particularly women) on hygiene and child-rearing, to raising the age for compulsory schooling, instituting school nutrition programs, and recognizing child rights.\n\nThe Useless Child\n\nFalling infant mortality rates during ... "",""title"":""https://www.representingchildhood.pitt.edu/twentycent_child.htm""}]"
6,164,2026-09-14T10:14:30.752845+00:00,actor real life daughter plays niece TV series,"[""actor"",""real"",""life"",""daughter"",""plays"",""niece"",""tv"",""series""]","""actor"" OR ""real"" OR ""life"" OR ""daughter"" OR ""plays"" OR ""niece"" OR ""tv"" OR ""series""",5,c5b8aa186c7c0fe6193a19341def225d23aa3e1eddf39c92614b2bacf8eb4794,d6c7070e3e40ec10244efa948e3a4b087582a5f3023fa91246133211ca293d76,True,"[""d41"",""d11"",""d42"",""d43"",""d44""]","[""48538"",""20480"",""51536"",""11779"",""27252""]","[{""docid"":""48538"",""score"":18.696880866122626,""snippet"":"" ... The story of their strange marriage, the child it produced and its violent end was a Hollywood tragedy played out in court.\n\nOnce hailed as among the finest actors of his generation, Blake became better known as the center of a real-life murder trial, a story more ... "",""title"":""https://www.pbs.org/newshour/arts/robert-blake-actor-acquitted-in-wifes-killing-dies-at-89""},{""docid"":""20480"",""score"":18.63087915735836,""snippet"":"" ... They need that, too.\""\n\nWhile her TV dad played an influential role in her life on That Girl, Thomas's real-life father was, and remains, the overwhelming inspiration in both her life and career.\n\nA multi-talented performer - beloved nightclub headliner, movie actor, TV producer and star ... "",""title"":""https://www.televisionacademy.com/features/news/online-originals/girl-one-who-changed-everything""},{""docid"":""51536"",""score"":18.622128107713962,""snippet"":"" ... it was the first big movie break for the talented, late actor Anton Yelchin, and it allowed Robin Williams to share the screen with his daughter Zelda.\n\nYelchin's plays Duchovny as a boy, whose best friend is a mentally challenged deliveryman, played by Williams. Zelda Williams plays ... "",""title"":""https://collider.com/galleries/celebrity-children-parents-movies/""},{""docid"":""11779"",""score"":18.06236804587279,""snippet"":"" ... Doherty later starred in the Kevin Smith film Mallrats and the TV series Charmed.\n\nIn 2023, the actor and director launched Let's Be Clear with Shannen Doherty, a podcast that reflects on her life and career. \""I wanted to be clear about what it was like for ... "",""title"":""https://people.com/little-house-on-the-prairie-cast-where-are-they-now-8603014""},{""docid"":""27252"",""score"":17.802101342039794,""snippet"":"" ... Scott | | |\n| BET Comedy Awards | 2004 | Outstanding Comedy Series | George Lopez | | |\n| BET Comedy Awards | 2004 | Outstanding Lead Actor in a Comedy Series | George Lopez | | |\n| Casting Society of America | 2002 | Best Casting for TV, Comedy Pilot (\""Prototype\"") | Mary V. BuckSusan Edelman | | |\n| Emmy Awards (Creative Arts) | 2004 | Outstanding Cinematography for a ... "",""title"":""https://en.wikipedia.org/wiki/George_Lopez_(TV_series)""}]"
6,165,2026-09-14T10:14:30.753800+00:00,actor real life son plays unrelated character TV show,"[""actor"",""real"",""life"",""son"",""plays"",""unrelated"",""character"",""tv"",""show""]","""actor"" OR ""real"" OR ""life"" OR ""son"" OR ""plays"" OR ""unrelated"" OR ""character"" OR ""tv"" OR ""show""",5,54939772d527a727c4e4a4cd375ace27972cd17cfcdf48ccbd7cf79a6b997fd7,186b25c5ce5104eb7bad2ac592a8b3dd73bc4bde4acb44578dd593e39b9d170f,True,"[""d45"",""d46"",""d27"",""d47"",""d24""]","[""69326"",""63690"",""78415"",""32179"",""64629""]","[{""docid"":""69326"",""score"":17.608058152860483,""snippet"":"" ... actors in completely unrelated roles in TV shows can go unnoticed by the audience, like Charles-Dean Chapman in Game of Thrones.\n\n- Talented actors, such as Tatiana Maslany in Orphan Black and Lisa Kudrow in Friends, can successfully portray multiple characters and create complex relationships on-screen.\n\nPlaying ... "",""title"":""https://screenrant.com/actors-multiple-characters-same-tv-show/""},{""docid"":""63690"",""score"":17.307014678439057,""snippet"":"" ... People] (94 quizzes)\n\nReal Name\n\n[Celebrities] (73 quizzes)\n\nThe Best Name Game\n\n[People] (605 quizzes)\n\nName the People\n\n[Movies] (398 quizzes)\n\nNames in Songs\n\n[Music] (126 quizzes)\n\nSurnames\n\n[General] (10 quizzes)\n\nThematic Names\n\n[General] (151 quizzes)\n\n1. Which actor played Dr. Robb in the TV series \""In The ... "",""title"":""https://www.funtrivia.com/quizzes/people/name_game/same_surname.html""},{""docid"":""78415"",""score"":16.991242550960894,""snippet"":"" ... movie follows fading TV hero Rick Dalton (Leonardo DiCaprio) and his best friend/stunt double Cliff Booth (Brad Pitt) as they navigate the changing landscape of Hollywood while also living next door to Sharon Tate (Margot Robbie).\n\nOlyphant plays one of several real-life characters in Once Upon ... "",""title"":""https://screenrant.com/timothy-olyphant-best-movies-tv-shows/""},{""docid"":""32179"",""score"":16.75430642685047,""snippet"":"" ... The Penguin - \""The Fishin' Hole\"" is the name of the iconic whistling theme song of what classic TV show, which features the title figure walking to the \""fishin' hole\"" with his son?\n\nAnswer: The Andy Griffith Show - Even though the character was first played by Susan Neher in ... "",""title"":""https://www.watercoolertrivia.com/trivia-questions/classic-tv-trivia-questions""},{""docid"":""64629"",""score"":16.6460355950987,""snippet"":"" ... Huck has various career ambitions in life, and he tries them all, though not particularly succeeding in any. This TV series was one of the six TV shows in 1960 and the first animation in history to win an Emmy for Outstanding Achievement in the Field of Children ... "",""title"":""https://www.boredpanda.com/60s-cartoons/""}]"
6,166,2026-09-14T10:14:30.754628+00:00,TV series actor family member cast unrelated role,"[""tv"",""series"",""actor"",""family"",""member"",""cast"",""unrelated"",""role""]","""tv"" OR ""series"" OR ""actor"" OR ""family"" OR ""member"" OR ""cast"" OR ""unrelated"" OR ""role""",5,926b5ad16c406760231902a802affccc9ecf484551833494d8bd71d09e634b0f,519938cc51f961ebe64dbcb827d1f5b0c02770f081d1dc8fc353acc8debc2b64,True,"[""d45"",""d33"",""d27"",""d46"",""d48""]","[""69326"",""57395"",""78415"",""63690"",""56024""]","[{""docid"":""69326"",""score"":18.76403021129144,""snippet"":"" ... 2023-11-14\n---\nSummary\n\n- Some actors excel at playing multiple roles in TV shows and movies, like Winona Ryder in Bram Stoker's Dracula and the cast of Everything Everywhere All at Once.\n\n- Recasting actors in completely unrelated roles in TV shows can go unnoticed by the audience ... "",""title"":""https://screenrant.com/actors-multiple-characters-same-tv-show/""},{""docid"":""57395"",""score"":18.072108702580366,""snippet"":"" ... Trivia[]\n\n- This had the most main cast members leave the series, with a total of 11 (although Jorja Fox later returned as a main cast member).\n\n- This was the penultimate CSI series to end.\n\n- This was the only CSI to lose both of its original lead actors (William ... "",""title"":""https://csi.fandom.com/wiki/CSI:Crime_Scene_Investigation""},{""docid"":""78415"",""score"":17.889209447110897,""snippet"":"" ... patriarch of the family. He initially plays the role with the cool calmness he pulls off so well in other roles, but becomes an anxious and desperate man when things start to unravel. The series makes for a gripping noir movie with a terrific cast that also includes ... "",""title"":""https://screenrant.com/timothy-olyphant-best-movies-tv-shows/""},{""docid"":""63690"",""score"":17.43938333974542,""snippet"":"" ... Which actor played Dr. Robb in the TV series \""In The Heat of The Night\""?\n\nFrom Quiz My Name is Robb\n\nAnswer: Dan Biggars\n\nDan Biggars was also an American college official prior to acting. William Windom played Dr. Seth Hazlitt in \""Murder She Wrote\"". Robert Young was ... "",""title"":""https://www.funtrivia.com/quizzes/people/name_game/same_surname.html""},{""docid"":""56024"",""score"":17.375538910828254,""snippet"":"" ... At 24 she won the role of the title character in UPN's drama Veronica Mars, which was launched in the fall of 2004. Created by Rob Thomas, the series starred Bell as the seventeen year old detective Veronica, which put her alongside actors Enrico Colantoni who played ... "",""title"":""https://unionfilms.org/films/people/kristen-bell.html""}]"
6,168,2026-09-14T10:14:30.757531+00:00,character married 3 times one child survives TV series 2000s,"[""character"",""married"",""3"",""times"",""one"",""child"",""survives"",""tv"",""series"",""2000s""]","""character"" OR ""married"" OR ""3"" OR ""times"" OR ""one"" OR ""child"" OR ""survives"" OR ""tv"" OR ""series"" OR ""2000s""",5,c9c062871b30893c9447ce45e87e6504375dfae99fdf6c1353e79599774caf6b,c470efb1a9b429148472627ec591e0453570f344b59db596bed9e6b635ebfe8c,True,"[""d6"",""d49"",""d50"",""d19"",""d2""]","[""78953"",""4035"",""3161"",""60134"",""81882""]","[{""docid"":""78953"",""score"":16.2824976074087,""snippet"":"" ... on Aidy Bryant's Hulu series Shrill and in the 2019 film James vs. His Future Self. In 2023, he joined season 4 of Apple TV+'s critically acclaimed science fiction drama For All Mankind as the character Eli Hobson.\n\nHe and actress Laure Mattos have been married ... "",""title"":""https://people.com/movies/home-alone-cast-where-are-they-now/""},{""docid"":""4035"",""score"":15.898290019368474,""snippet"":"" ... He was married to Star Herrmann and Leigh Curran. He died on 31 December 2014 in New York City, New York, USA.- Actor\n\n- Producer\n\n- Additional Crew\n\nOne of Hollywood's finest character / \""Method\"" actors, Eli Wallach was in demand for over 60 years (first film/TV role was ... "",""title"":""https://www.imdb.com/search/name/?death_date=2014""},{""docid"":""3161"",""score"":15.76035451695941,""snippet"":"" ... In the early 1970s, she landed minor roles in film and TV, and finally won a role on the series Three's Company (1976). She married Hamel in 1977. She was fired from the series after she asked for a raise at the beginning of the fifth season ... "",""title"":""https://m.imdb.com/search/name/?death_date=2023&ref_=nmbio_dth_yr""},{""docid"":""60134"",""score"":15.715324421687555,""snippet"":"" ... In 2003, Mulroney played Gavin Mitchell on the TV series Friends. He appeared in three episodes of the ninth season, his character briefly dating Rachel. This would mark Mulroney's last on-screen appearance on television for a number of years, later revealing in a May 2007 interview ... "",""title"":""https://en.wikipedia.org/wiki/Dermot_Mulroney""},{""docid"":""81882"",""score"":15.691378997718399,""snippet"":"" ... He was married a total of seven times, and fathered eight children.\n\nAfter long battles with ill health, Richard Pryor passed away on December 10th, 2005.- Vincent Schiavelli, selected in 1997 by Vanity Fair as one of the best character actors in America, had made over 120 film ... "",""title"":""https://m.imdb.com/search/name/?death_date=2005&ref_=nmbio""}]"
6,169,2026-09-14T10:14:30.758352+00:00,TV show character three marriages one surviving child,"[""tv"",""show"",""character"",""three"",""marriages"",""one"",""surviving"",""child""]","""tv"" OR ""show"" OR ""character"" OR ""three"" OR ""marriages"" OR ""one"" OR ""surviving"" OR ""child""",5,dcfdfe59d4312591ff3d757fe02035f881e4a26022e07fa519df09748ec9df4a,3f31bf042d8cc6df97db1dfa7b9b5da5c52351b9d4583f684f1cbc8fdbd5e8e2,True,"[""d39"",""d8"",""d51"",""d52"",""d53""]","[""53008"",""60248"",""37367"",""77637"",""54031""]","[{""docid"":""53008"",""score"":13.664801548271926,""snippet"":"" ... Most recently, Liotta appeared in The Many Saints of Newark, Marriage Story and No Sudden Move. He also appeared on Jennifer Lopez's TV show, Shades of Blue, which ended after three seasons. Liotta is survived by his daughter, Karsen and his fiancée Jacy Nittolo.\n\nJohn Zderko\n\nThe ... "",""title"":""https://www.etonline.com/gallery/stars-weve-lost-in-2022-177426""},{""docid"":""60248"",""score"":13.648348285782436,""snippet"":"" ... Lucci was expected to guest star on Prospect Park's continuation of All My Children in 2013, but the appearance never came to fruition due to the show's second cancellation.\n\nErica is considered to be the most popular character in American soap opera history. TV Guide calls ... "",""title"":""https://en.wikipedia.org/wiki/Erica_Kane""},{""docid"":""37367"",""score"":13.510584826136753,""snippet"":"" ... Midway through the season, an attempt was made to increase ratings by having Havoc's character relocate to New York to represent show business clients; however, the show lasted only one season.\""Lady Lawyer Practices Law,\"" TV Guide May 7–13, 1955, p. 12.\n\nFrom the 1960s through ... "",""title"":""https://en.wikipedia.org/wiki/June_Havoc""},{""docid"":""77637"",""score"":13.489606718134208,""snippet"":"" ... Besides his TV career, he was also an ordained Presbyterian minister.\n\nAfter starting her film career at the age of three, Shirley Temple went on to become Hollywood's highest-grossing child actress from 1935 to 1938. She is the epitome of popular child stars who lose their ... "",""title"":""https://www.thefamouspeople.com/born-1928.php""},{""docid"":""54031"",""score"":13.354763032640921,""snippet"":"" ... Simultaneously, numerous agencies in Britain and in America targeted various other aspects of child welfare, from educating parents (particularly women) on hygiene and child-rearing, to raising the age for compulsory schooling, instituting school nutrition programs, and recognizing child rights.\n\nThe Useless Child\n\nFalling infant mortality rates during ... "",""title"":""https://www.representingchildhood.pitt.edu/twentycent_child.htm""}]"
7,179,2026-09-14T10:14:34.884652+00:00,actor real life daughter plays niece TV series,"[""actor"",""real"",""life"",""daughter"",""plays"",""niece"",""tv"",""series""]","""actor"" OR ""real"" OR ""life"" OR ""daughter"" OR ""plays"" OR ""niece"" OR ""tv"" OR ""series""",5,c5b8aa186c7c0fe6193a19341def225d23aa3e1eddf39c92614b2bacf8eb4794,d6c7070e3e40ec10244efa948e3a4b087582a5f3023fa91246133211ca293d76,True,"[""d41"",""d11"",""d42"",""d43"",""d44""]","[""48538"",""20480"",""51536"",""11779"",""27252""]","[{""docid"":""48538"",""score"":18.696880866122626,""snippet"":"" ... The story of their strange marriage, the child it produced and its violent end was a Hollywood tragedy played out in court.\n\nOnce hailed as among the finest actors of his generation, Blake became better known as the center of a real-life murder trial, a story more ... "",""title"":""https://www.pbs.org/newshour/arts/robert-blake-actor-acquitted-in-wifes-killing-dies-at-89""},{""docid"":""20480"",""score"":18.63087915735836,""snippet"":"" ... They need that, too.\""\n\nWhile her TV dad played an influential role in her life on That Girl, Thomas's real-life father was, and remains, the overwhelming inspiration in both her life and career.\n\nA multi-talented performer - beloved nightclub headliner, movie actor, TV producer and star ... "",""title"":""https://www.televisionacademy.com/features/news/online-originals/girl-one-who-changed-everything""},{""docid"":""51536"",""score"":18.622128107713962,""snippet"":"" ... it was the first big movie break for the talented, late actor Anton Yelchin, and it allowed Robin Williams to share the screen with his daughter Zelda.\n\nYelchin's plays Duchovny as a boy, whose best friend is a mentally challenged deliveryman, played by Williams. Zelda Williams plays ... "",""title"":""https://collider.com/galleries/celebrity-children-parents-movies/""},{""docid"":""11779"",""score"":18.06236804587279,""snippet"":"" ... Doherty later starred in the Kevin Smith film Mallrats and the TV series Charmed.\n\nIn 2023, the actor and director launched Let's Be Clear with Shannen Doherty, a podcast that reflects on her life and career. \""I wanted to be clear about what it was like for ... "",""title"":""https://people.com/little-house-on-the-prairie-cast-where-are-they-now-8603014""},{""docid"":""27252"",""score"":17.802101342039794,""snippet"":"" ... Scott | | |\n| BET Comedy Awards | 2004 | Outstanding Comedy Series | George Lopez | | |\n| BET Comedy Awards | 2004 | Outstanding Lead Actor in a Comedy Series | George Lopez | | |\n| Casting Society of America | 2002 | Best Casting for TV, Comedy Pilot (\""Prototype\"") | Mary V. BuckSusan Edelman | | |\n| Emmy Awards (Creative Arts) | 2004 | Outstanding Cinematography for a ... "",""title"":""https://en.wikipedia.org/wiki/George_Lopez_(TV_series)""}]"
7,180,2026-09-14T10:14:34.885670+00:00,actor real life son plays unrelated character TV show,"[""actor"",""real"",""life"",""son"",""plays"",""unrelated"",""character"",""tv"",""show""]","""actor"" OR ""real"" OR ""life"" OR ""son"" OR ""plays"" OR ""unrelated"" OR ""character"" OR ""tv"" OR ""show""",5,54939772d527a727c4e4a4cd375ace27972cd17cfcdf48ccbd7cf79a6b997fd7,186b25c5ce5104eb7bad2ac592a8b3dd73bc4bde4acb44578dd593e39b9d170f,True,"[""d45"",""d46"",""d27"",""d47"",""d24""]","[""69326"",""63690"",""78415"",""32179"",""64629""]","[{""docid"":""69326"",""score"":17.608058152860483,""snippet"":"" ... actors in completely unrelated roles in TV shows can go unnoticed by the audience, like Charles-Dean Chapman in Game of Thrones.\n\n- Talented actors, such as Tatiana Maslany in Orphan Black and Lisa Kudrow in Friends, can successfully portray multiple characters and create complex relationships on-screen.\n\nPlaying ... "",""title"":""https://screenrant.com/actors-multiple-characters-same-tv-show/""},{""docid"":""63690"",""score"":17.307014678439057,""snippet"":"" ... People] (94 quizzes)\n\nReal Name\n\n[Celebrities] (73 quizzes)\n\nThe Best Name Game\n\n[People] (605 quizzes)\n\nName the People\n\n[Movies] (398 quizzes)\n\nNames in Songs\n\n[Music] (126 quizzes)\n\nSurnames\n\n[General] (10 quizzes)\n\nThematic Names\n\n[General] (151 quizzes)\n\n1. Which actor played Dr. Robb in the TV series \""In The ... "",""title"":""https://www.funtrivia.com/quizzes/people/name_game/same_surname.html""},{""docid"":""78415"",""score"":16.991242550960894,""snippet"":"" ... movie follows fading TV hero Rick Dalton (Leonardo DiCaprio) and his best friend/stunt double Cliff Booth (Brad Pitt) as they navigate the changing landscape of Hollywood while also living next door to Sharon Tate (Margot Robbie).\n\nOlyphant plays one of several real-life characters in Once Upon ... "",""title"":""https://screenrant.com/timothy-olyphant-best-movies-tv-shows/""},{""docid"":""32179"",""score"":16.75430642685047,""snippet"":"" ... The Penguin - \""The Fishin' Hole\"" is the name of the iconic whistling theme song of what classic TV show, which features the title figure walking to the \""fishin' hole\"" with his son?\n\nAnswer: The Andy Griffith Show - Even though the character was first played by Susan Neher in ... "",""title"":""https://www.watercoolertrivia.com/trivia-questions/classic-tv-trivia-questions""},{""docid"":""64629"",""score"":16.6460355950987,""snippet"":"" ... Huck has various career ambitions in life, and he tries them all, though not particularly succeeding in any. This TV series was one of the six TV shows in 1960 and the first animation in history to win an Emmy for Outstanding Achievement in the Field of Children ... "",""title"":""https://www.boredpanda.com/60s-cartoons/""}]"
7,181,2026-09-14T10:14:34.886756+00:00,TV series actor family member cast unrelated role,"[""tv"",""series"",""actor"",""family"",""member"",""cast"",""unrelated"",""role""]","""tv"" OR ""series"" OR ""actor"" OR ""family"" OR ""member"" OR ""cast"" OR ""unrelated"" OR ""role""",5,926b5ad16c406760231902a802affccc9ecf484551833494d8bd71d09e634b0f,519938cc51f961ebe64dbcb827d1f5b0c02770f081d1dc8fc353acc8debc2b64,True,"[""d45"",""d33"",""d27"",""d46"",""d48""]","[""69326"",""57395"",""78415"",""63690"",""56024""]","[{""docid"":""69326"",""score"":18.76403021129144,""snippet"":"" ... 2023-11-14\n---\nSummary\n\n- Some actors excel at playing multiple roles in TV shows and movies, like Winona Ryder in Bram Stoker's Dracula and the cast of Everything Everywhere All at Once.\n\n- Recasting actors in completely unrelated roles in TV shows can go unnoticed by the audience ... "",""title"":""https://screenrant.com/actors-multiple-characters-same-tv-show/""},{""docid"":""57395"",""score"":18.072108702580366,""snippet"":"" ... Trivia[]\n\n- This had the most main cast members leave the series, with a total of 11 (although Jorja Fox later returned as a main cast member).\n\n- This was the penultimate CSI series to end.\n\n- This was the only CSI to lose both of its original lead actors (William ... "",""title"":""https://csi.fandom.com/wiki/CSI:Crime_Scene_Investigation""},{""docid"":""78415"",""score"":17.889209447110897,""snippet"":"" ... patriarch of the family. He initially plays the role with the cool calmness he pulls off so well in other roles, but becomes an anxious and desperate man when things start to unravel. The series makes for a gripping noir movie with a terrific cast that also includes ... "",""title"":""https://screenrant.com/timothy-olyphant-best-movies-tv-shows/""},{""docid"":""63690"",""score"":17.43938333974542,""snippet"":"" ... Which actor played Dr. Robb in the TV series \""In The Heat of The Night\""?\n\nFrom Quiz My Name is Robb\n\nAnswer: Dan Biggars\n\nDan Biggars was also an American college official prior to acting. William Windom played Dr. Seth Hazlitt in \""Murder She Wrote\"". Robert Young was ... "",""title"":""https://www.funtrivia.com/quizzes/people/name_game/same_surname.html""},{""docid"":""56024"",""score"":17.375538910828254,""snippet"":"" ... At 24 she won the role of the title character in UPN's drama Veronica Mars, which was launched in the fall of 2004. Created by Rob Thomas, the series starred Bell as the seventeen year old detective Veronica, which put her alongside actors Enrico Colantoni who played ... "",""title"":""https://unionfilms.org/films/people/kristen-bell.html""}]"
7,183,2026-09-14T10:14:34.889907+00:00,character married 3 times one child survives TV series 2000s,"[""character"",""married"",""3"",""times"",""one"",""child"",""survives"",""tv"",""series"",""2000s""]","""character"" OR ""married"" OR ""3"" OR ""times"" OR ""one"" OR ""child"" OR ""survives"" OR ""tv"" OR ""series"" OR ""2000s""",5,c9c062871b30893c9447ce45e87e6504375dfae99fdf6c1353e79599774caf6b,c470efb1a9b429148472627ec591e0453570f344b59db596bed9e6b635ebfe8c,True,"[""d6"",""d49"",""d50"",""d19"",""d2""]","[""78953"",""4035"",""3161"",""60134"",""81882""]","[{""docid"":""78953"",""score"":16.2824976074087,""snippet"":"" ... on Aidy Bryant's Hulu series Shrill and in the 2019 film James vs. His Future Self. In 2023, he joined season 4 of Apple TV+'s critically acclaimed science fiction drama For All Mankind as the character Eli Hobson.\n\nHe and actress Laure Mattos have been married ... "",""title"":""https://people.com/movies/home-alone-cast-where-are-they-now/""},{""docid"":""4035"",""score"":15.898290019368474,""snippet"":"" ... He was married to Star Herrmann and Leigh Curran. He died on 31 December 2014 in New York City, New York, USA.- Actor\n\n- Producer\n\n- Additional Crew\n\nOne of Hollywood's finest character / \""Method\"" actors, Eli Wallach was in demand for over 60 years (first film/TV role was ... "",""title"":""https://www.imdb.com/search/name/?death_date=2014""},{""docid"":""3161"",""score"":15.76035451695941,""snippet"":"" ... In the early 1970s, she landed minor roles in film and TV, and finally won a role on the series Three's Company (1976). She married Hamel in 1977. She was fired from the series after she asked for a raise at the beginning of the fifth season ... "",""title"":""https://m.imdb.com/search/name/?death_date=2023&ref_=nmbio_dth_yr""},{""docid"":""60134"",""score"":15.715324421687555,""snippet"":"" ... In 2003, Mulroney played Gavin Mitchell on the TV series Friends. He appeared in three episodes of the ninth season, his character briefly dating Rachel. This would mark Mulroney's last on-screen appearance on television for a number of years, later revealing in a May 2007 interview ... "",""title"":""https://en.wikipedia.org/wiki/Dermot_Mulroney""},{""docid"":""81882"",""score"":15.691378997718399,""snippet"":"" ... He was married a total of seven times, and fathered eight children.\n\nAfter long battles with ill health, Richard Pryor passed away on December 10th, 2005.- Vincent Schiavelli, selected in 1997 by Vanity Fair as one of the best character actors in America, had made over 120 film ... "",""title"":""https://m.imdb.com/search/name/?death_date=2005&ref_=nmbio""}]"
7,184,2026-09-14T10:14:34.890850+00:00,TV show character three marriages one surviving child,"[""tv"",""show"",""character"",""three"",""marriages"",""one"",""surviving"",""child""]","""tv"" OR ""show"" OR ""character"" OR ""three"" OR ""marriages"" OR ""one"" OR ""surviving"" OR ""child""",5,dcfdfe59d4312591ff3d757fe02035f881e4a26022e07fa519df09748ec9df4a,3f31bf042d8cc6df97db1dfa7b9b5da5c52351b9d4583f684f1cbc8fdbd5e8e2,True,"[""d39"",""d8"",""d51"",""d52"",""d53""]","[""53008"",""60248"",""37367"",""77637"",""54031""]","[{""docid"":""53008"",""score"":13.664801548271926,""snippet"":"" ... Most recently, Liotta appeared in The Many Saints of Newark, Marriage Story and No Sudden Move. He also appeared on Jennifer Lopez's TV show, Shades of Blue, which ended after three seasons. Liotta is survived by his daughter, Karsen and his fiancée Jacy Nittolo.\n\nJohn Zderko\n\nThe ... "",""title"":""https://www.etonline.com/gallery/stars-weve-lost-in-2022-177426""},{""docid"":""60248"",""score"":13.648348285782436,""snippet"":"" ... Lucci was expected to guest star on Prospect Park's continuation of All My Children in 2013, but the appearance never came to fruition due to the show's second cancellation.\n\nErica is considered to be the most popular character in American soap opera history. TV Guide calls ... "",""title"":""https://en.wikipedia.org/wiki/Erica_Kane""},{""docid"":""37367"",""score"":13.510584826136753,""snippet"":"" ... Midway through the season, an attempt was made to increase ratings by having Havoc's character relocate to New York to represent show business clients; however, the show lasted only one season.\""Lady Lawyer Practices Law,\"" TV Guide May 7–13, 1955, p. 12.\n\nFrom the 1960s through ... "",""title"":""https://en.wikipedia.org/wiki/June_Havoc""},{""docid"":""77637"",""score"":13.489606718134208,""snippet"":"" ... Besides his TV career, he was also an ordained Presbyterian minister.\n\nAfter starting her film career at the age of three, Shirley Temple went on to become Hollywood's highest-grossing child actress from 1935 to 1938. She is the epitome of popular child stars who lose their ... "",""title"":""https://www.thefamouspeople.com/born-1928.php""},{""docid"":""54031"",""score"":13.354763032640921,""snippet"":"" ... Simultaneously, numerous agencies in Britain and in America targeted various other aspects of child welfare, from educating parents (particularly women) on hygiene and child-rearing, to raising the age for compulsory schooling, instituting school nutrition programs, and recognizing child rights.\n\nThe Useless Child\n\nFalling infant mortality rates during ... "",""title"":""https://www.representingchildhood.pitt.edu/twentycent_child.htm""}]"
8,194,2026-09-14T10:14:39.584506+00:00,actor real life daughter plays niece TV series,"[""actor"",""real"",""life"",""daughter"",""plays"",""niece"",""tv"",""series""]","""actor"" OR ""real"" OR ""life"" OR ""daughter"" OR ""plays"" OR ""niece"" OR ""tv"" OR ""series""",5,c5b8aa186c7c0fe6193a19341def225d23aa3e1eddf39c92614b2bacf8eb4794,d6c7070e3e40ec10244efa948e3a4b087582a5f3023fa91246133211ca293d76,True,"[""d41"",""d11"",""d42"",""d43"",""d44""]","[""48538"",""20480"",""51536"",""11779"",""27252""]","[{""docid"":""48538"",""score"":18.696880866122626,""snippet"":"" ... The story of their strange marriage, the child it produced and its violent end was a Hollywood tragedy played out in court.\n\nOnce hailed as among the finest actors of his generation, Blake became better known as the center of a real-life murder trial, a story more ... "",""title"":""https://www.pbs.org/newshour/arts/robert-blake-actor-acquitted-in-wifes-killing-dies-at-89""},{""docid"":""20480"",""score"":18.63087915735836,""snippet"":"" ... They need that, too.\""\n\nWhile her TV dad played an influential role in her life on That Girl, Thomas's real-life father was, and remains, the overwhelming inspiration in both her life and career.\n\nA multi-talented performer - beloved nightclub headliner, movie actor, TV producer and star ... "",""title"":""https://www.televisionacademy.com/features/news/online-originals/girl-one-who-changed-everything""},{""docid"":""51536"",""score"":18.622128107713962,""snippet"":"" ... it was the first big movie break for the talented, late actor Anton Yelchin, and it allowed Robin Williams to share the screen with his daughter Zelda.\n\nYelchin's plays Duchovny as a boy, whose best friend is a mentally challenged deliveryman, played by Williams. Zelda Williams plays ... "",""title"":""https://collider.com/galleries/celebrity-children-parents-movies/""},{""docid"":""11779"",""score"":18.06236804587279,""snippet"":"" ... Doherty later starred in the Kevin Smith film Mallrats and the TV series Charmed.\n\nIn 2023, the actor and director launched Let's Be Clear with Shannen Doherty, a podcast that reflects on her life and career. \""I wanted to be clear about what it was like for ... "",""title"":""https://people.com/little-house-on-the-prairie-cast-where-are-they-now-8603014""},{""docid"":""27252"",""score"":17.802101342039794,""snippet"":"" ... Scott | | |\n| BET Comedy Awards | 2004 | Outstanding Comedy Series | George Lopez | | |\n| BET Comedy Awards | 2004 | Outstanding Lead Actor in a Comedy Series | George Lopez | | |\n| Casting Society of America | 2002 | Best Casting for TV, Comedy Pilot (\""Prototype\"") | Mary V. BuckSusan Edelman | | |\n| Emmy Awards (Creative Arts) | 2004 | Outstanding Cinematography for a ... "",""title"":""https://en.wikipedia.org/wiki/George_Lopez_(TV_series)""}]"
8,195,2026-09-14T10:14:39.585429+00:00,actor real life son plays unrelated character TV show,"[""actor"",""real"",""life"",""son"",""plays"",""unrelated"",""character"",""tv"",""show""]","""actor"" OR ""real"" OR ""life"" OR ""son"" OR ""plays"" OR ""unrelated"" OR ""character"" OR ""tv"" OR ""show""",5,54939772d527a727c4e4a4cd375ace27972cd17cfcdf48ccbd7cf79a6b997fd7,186b25c5ce5104eb7bad2ac592a8b3dd73bc4bde4acb44578dd593e39b9d170f,True,"[""d45"",""d46"",""d27"",""d47"",""d24""]","[""69326"",""63690"",""78415"",""32179"",""64629""]","[{""docid"":""69326"",""score"":17.608058152860483,""snippet"":"" ... actors in completely unrelated roles in TV shows can go unnoticed by the audience, like Charles-Dean Chapman in Game of Thrones.\n\n- Talented actors, such as Tatiana Maslany in Orphan Black and Lisa Kudrow in Friends, can successfully portray multiple characters and create complex relationships on-screen.\n\nPlaying ... "",""title"":""https://screenrant.com/actors-multiple-characters-same-tv-show/""},{""docid"":""63690"",""score"":17.307014678439057,""snippet"":"" ... People] (94 quizzes)\n\nReal Name\n\n[Celebrities] (73 quizzes)\n\nThe Best Name Game\n\n[People] (605 quizzes)\n\nName the People\n\n[Movies] (398 quizzes)\n\nNames in Songs\n\n[Music] (126 quizzes)\n\nSurnames\n\n[General] (10 quizzes)\n\nThematic Names\n\n[General] (151 quizzes)\n\n1. Which actor played Dr. Robb in the TV series \""In The ... "",""title"":""https://www.funtrivia.com/quizzes/people/name_game/same_surname.html""},{""docid"":""78415"",""score"":16.991242550960894,""snippet"":"" ... movie follows fading TV hero Rick Dalton (Leonardo DiCaprio) and his best friend/stunt double Cliff Booth (Brad Pitt) as they navigate the changing landscape of Hollywood while also living next door to Sharon Tate (Margot Robbie).\n\nOlyphant plays one of several real-life characters in Once Upon ... "",""title"":""https://screenrant.com/timothy-olyphant-best-movies-tv-shows/""},{""docid"":""32179"",""score"":16.75430642685047,""snippet"":"" ... The Penguin - \""The Fishin' Hole\"" is the name of the iconic whistling theme song of what classic TV show, which features the title figure walking to the \""fishin' hole\"" with his son?\n\nAnswer: The Andy Griffith Show - Even though the character was first played by Susan Neher in ... "",""title"":""https://www.watercoolertrivia.com/trivia-questions/classic-tv-trivia-questions""},{""docid"":""64629"",""score"":16.6460355950987,""snippet"":"" ... Huck has various career ambitions in life, and he tries them all, though not particularly succeeding in any. This TV series was one of the six TV shows in 1960 and the first animation in history to win an Emmy for Outstanding Achievement in the Field of Children ... "",""title"":""https://www.boredpanda.com/60s-cartoons/""}]"
8,196,2026-09-14T10:14:39.586259+00:00,TV series actor family member cast unrelated role,"[""tv"",""series"",""actor"",""family"",""member"",""cast"",""unrelated"",""role""]","""tv"" OR ""series"" OR ""actor"" OR ""family"" OR ""member"" OR ""cast"" OR ""unrelated"" OR ""role""",5,926b5ad16c406760231902a802affccc9ecf484551833494d8bd71d09e634b0f,519938cc51f961ebe64dbcb827d1f5b0c02770f081d1dc8fc353acc8debc2b64,True,"[""d45"",""d33"",""d27"",""d46"",""d48""]","[""69326"",""57395"",""78415"",""63690"",""56024""]","[{""docid"":""69326"",""score"":18.76403021129144,""snippet"":"" ... 2023-11-14\n---\nSummary\n\n- Some actors excel at playing multiple roles in TV shows and movies, like Winona Ryder in Bram Stoker's Dracula and the cast of Everything Everywhere All at Once.\n\n- Recasting actors in completely unrelated roles in TV shows can go unnoticed by the audience ... "",""title"":""https://screenrant.com/actors-multiple-characters-same-tv-show/""},{""docid"":""57395"",""score"":18.072108702580366,""snippet"":"" ... Trivia[]\n\n- This had the most main cast members leave the series, with a total of 11 (although Jorja Fox later returned as a main cast member).\n\n- This was the penultimate CSI series to end.\n\n- This was the only CSI to lose both of its original lead actors (William ... "",""title"":""https://csi.fandom.com/wiki/CSI:Crime_Scene_Investigation""},{""docid"":""78415"",""score"":17.889209447110897,""snippet"":"" ... patriarch of the family. He initially plays the role with the cool calmness he pulls off so well in other roles, but becomes an anxious and desperate man when things start to unravel. The series makes for a gripping noir movie with a terrific cast that also includes ... "",""title"":""https://screenrant.com/timothy-olyphant-best-movies-tv-shows/""},{""docid"":""63690"",""score"":17.43938333974542,""snippet"":"" ... Which actor played Dr. Robb in the TV series \""In The Heat of The Night\""?\n\nFrom Quiz My Name is Robb\n\nAnswer: Dan Biggars\n\nDan Biggars was also an American college official prior to acting. William Windom played Dr. Seth Hazlitt in \""Murder She Wrote\"". Robert Young was ... "",""title"":""https://www.funtrivia.com/quizzes/people/name_game/same_surname.html""},{""docid"":""56024"",""score"":17.375538910828254,""snippet"":"" ... At 24 she won the role of the title character in UPN's drama Veronica Mars, which was launched in the fall of 2004. Created by Rob Thomas, the series starred Bell as the seventeen year old detective Veronica, which put her alongside actors Enrico Colantoni who played ... "",""title"":""https://unionfilms.org/films/people/kristen-bell.html""}]"
8,198,2026-09-14T10:14:39.589182+00:00,character married 3 times one child survives TV series 2000s,"[""character"",""married"",""3"",""times"",""one"",""child"",""survives"",""tv"",""series"",""2000s""]","""character"" OR ""married"" OR ""3"" OR ""times"" OR ""one"" OR ""child"" OR ""survives"" OR ""tv"" OR ""series"" OR ""2000s""",5,c9c062871b30893c9447ce45e87e6504375dfae99fdf6c1353e79599774caf6b,c470efb1a9b429148472627ec591e0453570f344b59db596bed9e6b635ebfe8c,True,"[""d6"",""d49"",""d50"",""d19"",""d2""]","[""78953"",""4035"",""3161"",""60134"",""81882""]","[{""docid"":""78953"",""score"":16.2824976074087,""snippet"":"" ... on Aidy Bryant's Hulu series Shrill and in the 2019 film James vs. His Future Self. In 2023, he joined season 4 of Apple TV+'s critically acclaimed science fiction drama For All Mankind as the character Eli Hobson.\n\nHe and actress Laure Mattos have been married ... "",""title"":""https://people.com/movies/home-alone-cast-where-are-they-now/""},{""docid"":""4035"",""score"":15.898290019368474,""snippet"":"" ... He was married to Star Herrmann and Leigh Curran. He died on 31 December 2014 in New York City, New York, USA.- Actor\n\n- Producer\n\n- Additional Crew\n\nOne of Hollywood's finest character / \""Method\"" actors, Eli Wallach was in demand for over 60 years (first film/TV role was ... "",""title"":""https://www.imdb.com/search/name/?death_date=2014""},{""docid"":""3161"",""score"":15.76035451695941,""snippet"":"" ... In the early 1970s, she landed minor roles in film and TV, and finally won a role on the series Three's Company (1976). She married Hamel in 1977. She was fired from the series after she asked for a raise at the beginning of the fifth season ... "",""title"":""https://m.imdb.com/search/name/?death_date=2023&ref_=nmbio_dth_yr""},{""docid"":""60134"",""score"":15.715324421687555,""snippet"":"" ... In 2003, Mulroney played Gavin Mitchell on the TV series Friends. He appeared in three episodes of the ninth season, his character briefly dating Rachel. This would mark Mulroney's last on-screen appearance on television for a number of years, later revealing in a May 2007 interview ... "",""title"":""https://en.wikipedia.org/wiki/Dermot_Mulroney""},{""docid"":""81882"",""score"":15.691378997718399,""snippet"":"" ... He was married a total of seven times, and fathered eight children.\n\nAfter long battles with ill health, Richard Pryor passed away on December 10th, 2005.- Vincent Schiavelli, selected in 1997 by Vanity Fair as one of the best character actors in America, had made over 120 film ... "",""title"":""https://m.imdb.com/search/name/?death_date=2005&ref_=nmbio""}]"
8,199,2026-09-14T10:14:39.590131+00:00,TV show character three marriages one surviving child,"[""tv"",""show"",""character"",""three"",""marriages"",""one"",""surviving"",""child""]","""tv"" OR ""show"" OR ""character"" OR ""three"" OR ""marriages"" OR ""one"" OR ""surviving"" OR ""child""",5,dcfdfe59d4312591ff3d757fe02035f881e4a26022e07fa519df09748ec9df4a,3f31bf042d8cc6df97db1dfa7b9b5da5c52351b9d4583f684f1cbc8fdbd5e8e2,True,"[""d39"",""d8"",""d51"",""d52"",""d53""]","[""53008"",""60248"",""37367"",""77637"",""54031""]","[{""docid"":""53008"",""score"":13.664801548271926,""snippet"":"" ... Most recently, Liotta appeared in The Many Saints of Newark, Marriage Story and No Sudden Move. He also appeared on Jennifer Lopez's TV show, Shades of Blue, which ended after three seasons. Liotta is survived by his daughter, Karsen and his fiancée Jacy Nittolo.\n\nJohn Zderko\n\nThe ... "",""title"":""https://www.etonline.com/gallery/stars-weve-lost-in-2022-177426""},{""docid"":""60248"",""score"":13.648348285782436,""snippet"":"" ... Lucci was expected to guest star on Prospect Park's continuation of All My Children in 2013, but the appearance never came to fruition due to the show's second cancellation.\n\nErica is considered to be the most popular character in American soap opera history. TV Guide calls ... "",""title"":""https://en.wikipedia.org/wiki/Erica_Kane""},{""docid"":""37367"",""score"":13.510584826136753,""snippet"":"" ... Midway through the season, an attempt was made to increase ratings by having Havoc's character relocate to New York to represent show business clients; however, the show lasted only one season.\""Lady Lawyer Practices Law,\"" TV Guide May 7–13, 1955, p. 12.\n\nFrom the 1960s through ... "",""title"":""https://en.wikipedia.org/wiki/June_Havoc""},{""docid"":""77637"",""score"":13.489606718134208,""snippet"":"" ... Besides his TV career, he was also an ordained Presbyterian minister.\n\nAfter starting her film career at the age of three, Shirley Temple went on to become Hollywood's highest-grossing child actress from 1935 to 1938. She is the epitome of popular child stars who lose their ... "",""title"":""https://www.thefamouspeople.com/born-1928.php""},{""docid"":""54031"",""score"":13.354763032640921,""snippet"":"" ... Simultaneously, numerous agencies in Britain and in America targeted various other aspects of child welfare, from educating parents (particularly women) on hygiene and child-rearing, to raising the age for compulsory schooling, instituting school nutrition programs, and recognizing child rights.\n\nThe Useless Child\n\nFalling infant mortality rates during ... "",""title"":""https://www.representingchildhood.pitt.edu/twentycent_child.htm""}]"
9,209,2026-09-14T10:14:45.316460+00:00,actor real life daughter plays niece TV series,"[""actor"",""real"",""life"",""daughter"",""plays"",""niece"",""tv"",""series""]","""actor"" OR ""real"" OR ""life"" OR ""daughter"" OR ""plays"" OR ""niece"" OR ""tv"" OR ""series""",5,c5b8aa186c7c0fe6193a19341def225d23aa3e1eddf39c92614b2bacf8eb4794,d6c7070e3e40ec10244efa948e3a4b087582a5f3023fa91246133211ca293d76,True,"[""d41"",""d11"",""d42"",""d43"",""d44""]","[""48538"",""20480"",""51536"",""11779"",""27252""]","[{""docid"":""48538"",""score"":18.696880866122626,""snippet"":"" ... The story of their strange marriage, the child it produced and its violent end was a Hollywood tragedy played out in court.\n\nOnce hailed as among the finest actors of his generation, Blake became better known as the center of a real-life murder trial, a story more ... "",""title"":""https://www.pbs.org/newshour/arts/robert-blake-actor-acquitted-in-wifes-killing-dies-at-89""},{""docid"":""20480"",""score"":18.63087915735836,""snippet"":"" ... They need that, too.\""\n\nWhile her TV dad played an influential role in her life on That Girl, Thomas's real-life father was, and remains, the overwhelming inspiration in both her life and career.\n\nA multi-talented performer - beloved nightclub headliner, movie actor, TV producer and star ... "",""title"":""https://www.televisionacademy.com/features/news/online-originals/girl-one-who-changed-everything""},{""docid"":""51536"",""score"":18.622128107713962,""snippet"":"" ... it was the first big movie break for the talented, late actor Anton Yelchin, and it allowed Robin Williams to share the screen with his daughter Zelda.\n\nYelchin's plays Duchovny as a boy, whose best friend is a mentally challenged deliveryman, played by Williams. Zelda Williams plays ... "",""title"":""https://collider.com/galleries/celebrity-children-parents-movies/""},{""docid"":""11779"",""score"":18.06236804587279,""snippet"":"" ... Doherty later starred in the Kevin Smith film Mallrats and the TV series Charmed.\n\nIn 2023, the actor and director launched Let's Be Clear with Shannen Doherty, a podcast that reflects on her life and career. \""I wanted to be clear about what it was like for ... "",""title"":""https://people.com/little-house-on-the-prairie-cast-where-are-they-now-8603014""},{""docid"":""27252"",""score"":17.802101342039794,""snippet"":"" ... Scott | | |\n| BET Comedy Awards | 2004 | Outstanding Comedy Series | George Lopez | | |\n| BET Comedy Awards | 2004 | Outstanding Lead Actor in a Comedy Series | George Lopez | | |\n| Casting Society of America | 2002 | Best Casting for TV, Comedy Pilot (\""Prototype\"") | Mary V. BuckSusan Edelman | | |\n| Emmy Awards (Creative Arts) | 2004 | Outstanding Cinematography for a ... "",""title"":""https://en.wikipedia.org/wiki/George_Lopez_(TV_series)""}]"
9,210,2026-09-14T10:14:45.317420+00:00,actor real life son plays unrelated character TV show,"[""actor"",""real"",""life"",""son"",""plays"",""unrelated"",""character"",""tv"",""show""]","""actor"" OR ""real"" OR ""life"" OR ""son"" OR ""plays"" OR ""unrelated"" OR ""character"" OR ""tv"" OR ""show""",5,54939772d527a727c4e4a4cd375ace27972cd17cfcdf48ccbd7cf79a6b997fd7,186b25c5ce5104eb7bad2ac592a8b3dd73bc4bde4acb44578dd593e39b9d170f,True,"[""d45"",""d46"",""d27"",""d47"",""d24""]","[""69326"",""63690"",""78415"",""32179"",""64629""]","[{""docid"":""69326"",""score"":17.608058152860483,""snippet"":"" ... actors in completely unrelated roles in TV shows can go unnoticed by the audience, like Charles-Dean Chapman in Game of Thrones.\n\n- Talented actors, such as Tatiana Maslany in Orphan Black and Lisa Kudrow in Friends, can successfully portray multiple characters and create complex relationships on-screen.\n\nPlaying ... "",""title"":""https://screenrant.com/actors-multiple-characters-same-tv-show/""},{""docid"":""63690"",""score"":17.307014678439057,""snippet"":"" ... People] (94 quizzes)\n\nReal Name\n\n[Celebrities] (73 quizzes)\n\nThe Best Name Game\n\n[People] (605 quizzes)\n\nName the People\n\n[Movies] (398 quizzes)\n\nNames in Songs\n\n[Music] (126 quizzes)\n\nSurnames\n\n[General] (10 quizzes)\n\nThematic Names\n\n[General] (151 quizzes)\n\n1. Which actor played Dr. Robb in the TV series \""In The ... "",""title"":""https://www.funtrivia.com/quizzes/people/name_game/same_surname.html""},{""docid"":""78415"",""score"":16.991242550960894,""snippet"":"" ... movie follows fading TV hero Rick Dalton (Leonardo DiCaprio) and his best friend/stunt double Cliff Booth (Brad Pitt) as they navigate the changing landscape of Hollywood while also living next door to Sharon Tate (Margot Robbie).\n\nOlyphant plays one of several real-life characters in Once Upon ... "",""title"":""https://screenrant.com/timothy-olyphant-best-movies-tv-shows/""},{""docid"":""32179"",""score"":16.75430642685047,""snippet"":"" ... The Penguin - \""The Fishin' Hole\"" is the name of the iconic whistling theme song of what classic TV show, which features the title figure walking to the \""fishin' hole\"" with his son?\n\nAnswer: The Andy Griffith Show - Even though the character was first played by Susan Neher in ... "",""title"":""https://www.watercoolertrivia.com/trivia-questions/classic-tv-trivia-questions""},{""docid"":""64629"",""score"":16.6460355950987,""snippet"":"" ... Huck has various career ambitions in life, and he tries them all, though not particularly succeeding in any. This TV series was one of the six TV shows in 1960 and the first animation in history to win an Emmy for Outstanding Achievement in the Field of Children ... "",""title"":""https://www.boredpanda.com/60s-cartoons/""}]"
9,211,2026-09-14T10:14:45.318310+00:00,TV series actor family member cast unrelated role,"[""tv"",""series"",""actor"",""family"",""member"",""cast"",""unrelated"",""role""]","""tv"" OR ""series"" OR ""actor"" OR ""family"" OR ""member"" OR ""cast"" OR ""unrelated"" OR ""role""",5,926b5ad16c406760231902a802affccc9ecf484551833494d8bd71d09e634b0f,519938cc51f961ebe64dbcb827d1f5b0c02770f081d1dc8fc353acc8debc2b64,True,"[""d45"",""d33"",""d27"",""d46"",""d48""]","[""69326"",""57395"",""78415"",""63690"",""56024""]","[{""docid"":""69326"",""score"":18.76403021129144,""snippet"":"" ... 2023-11-14\n---\nSummary\n\n- Some actors excel at playing multiple roles in TV shows and movies, like Winona Ryder in Bram Stoker's Dracula and the cast of Everything Everywhere All at Once.\n\n- Recasting actors in completely unrelated roles in TV shows can go unnoticed by the audience ... "",""title"":""https://screenrant.com/actors-multiple-characters-same-tv-show/""},{""docid"":""57395"",""score"":18.072108702580366,""snippet"":"" ... Trivia[]\n\n- This had the most main cast members leave the series, with a total of 11 (although Jorja Fox later returned as a main cast member).\n\n- This was the penultimate CSI series to end.\n\n- This was the only CSI to lose both of its original lead actors (William ... "",""title"":""https://csi.fandom.com/wiki/CSI:Crime_Scene_Investigation""},{""docid"":""78415"",""score"":17.889209447110897,""snippet"":"" ... patriarch of the family. He initially plays the role with the cool calmness he pulls off so well in other roles, but becomes an anxious and desperate man when things start to unravel. The series makes for a gripping noir movie with a terrific cast that also includes ... "",""title"":""https://screenrant.com/timothy-olyphant-best-movies-tv-shows/""},{""docid"":""63690"",""score"":17.43938333974542,""snippet"":"" ... Which actor played Dr. Robb in the TV series \""In The Heat of The Night\""?\n\nFrom Quiz My Name is Robb\n\nAnswer: Dan Biggars\n\nDan Biggars was also an American college official prior to acting. William Windom played Dr. Seth Hazlitt in \""Murder She Wrote\"". Robert Young was ... "",""title"":""https://www.funtrivia.com/quizzes/people/name_game/same_surname.html""},{""docid"":""56024"",""score"":17.375538910828254,""snippet"":"" ... At 24 she won the role of the title character in UPN's drama Veronica Mars, which was launched in the fall of 2004. Created by Rob Thomas, the series starred Bell as the seventeen year old detective Veronica, which put her alongside actors Enrico Colantoni who played ... "",""title"":""https://unionfilms.org/films/people/kristen-bell.html""}]"
9,213,2026-09-14T10:14:45.321635+00:00,character married 3 times one child survives TV series 2000s,"[""character"",""married"",""3"",""times"",""one"",""child"",""survives"",""tv"",""series"",""2000s""]","""character"" OR ""married"" OR ""3"" OR ""times"" OR ""one"" OR ""child"" OR ""survives"" OR ""tv"" OR ""series"" OR ""2000s""",5,c9c062871b30893c9447ce45e87e6504375dfae99fdf6c1353e79599774caf6b,c470efb1a9b429148472627ec591e0453570f344b59db596bed9e6b635ebfe8c,True,"[""d6"",""d49"",""d50"",""d19"",""d2""]","[""78953"",""4035"",""3161"",""60134"",""81882""]","[{""docid"":""78953"",""score"":16.2824976074087,""snippet"":"" ... on Aidy Bryant's Hulu series Shrill and in the 2019 film James vs. His Future Self. In 2023, he joined season 4 of Apple TV+'s critically acclaimed science fiction drama For All Mankind as the character Eli Hobson.\n\nHe and actress Laure Mattos have been married ... "",""title"":""https://people.com/movies/home-alone-cast-where-are-they-now/""},{""docid"":""4035"",""score"":15.898290019368474,""snippet"":"" ... He was married to Star Herrmann and Leigh Curran. He died on 31 December 2014 in New York City, New York, USA.- Actor\n\n- Producer\n\n- Additional Crew\n\nOne of Hollywood's finest character / \""Method\"" actors, Eli Wallach was in demand for over 60 years (first film/TV role was ... "",""title"":""https://www.imdb.com/search/name/?death_date=2014""},{""docid"":""3161"",""score"":15.76035451695941,""snippet"":"" ... In the early 1970s, she landed minor roles in film and TV, and finally won a role on the series Three's Company (1976). She married Hamel in 1977. She was fired from the series after she asked for a raise at the beginning of the fifth season ... "",""title"":""https://m.imdb.com/search/name/?death_date=2023&ref_=nmbio_dth_yr""},{""docid"":""60134"",""score"":15.715324421687555,""snippet"":"" ... In 2003, Mulroney played Gavin Mitchell on the TV series Friends. He appeared in three episodes of the ninth season, his character briefly dating Rachel. This would mark Mulroney's last on-screen appearance on television for a number of years, later revealing in a May 2007 interview ... "",""title"":""https://en.wikipedia.org/wiki/Dermot_Mulroney""},{""docid"":""81882"",""score"":15.691378997718399,""snippet"":"" ... He was married a total of seven times, and fathered eight children.\n\nAfter long battles with ill health, Richard Pryor passed away on December 10th, 2005.- Vincent Schiavelli, selected in 1997 by Vanity Fair as one of the best character actors in America, had made over 120 film ... "",""title"":""https://m.imdb.com/search/name/?death_date=2005&ref_=nmbio""}]"
9,214,2026-09-14T10:14:45.322550+00:00,TV show character three marriages one surviving child,"[""tv"",""show"",""character"",""three"",""marriages"",""one"",""surviving"",""child""]","""tv"" OR ""show"" OR ""character"" OR ""three"" OR ""marriages"" OR ""one"" OR ""surviving"" OR ""child""",5,dcfdfe59d4312591ff3d757fe02035f881e4a26022e07fa519df09748ec9df4a,3f31bf042d8cc6df97db1dfa7b9b5da5c52351b9d4583f684f1cbc8fdbd5e8e2,True,"[""d39"",""d8"",""d51"",""d52"",""d53""]","[""53008"",""60248"",""37367"",""77637"",""54031""]","[{""docid"":""53008"",""score"":13.664801548271926,""snippet"":"" ... Most recently, Liotta appeared in The Many Saints of Newark, Marriage Story and No Sudden Move. He also appeared on Jennifer Lopez's TV show, Shades of Blue, which ended after three seasons. Liotta is survived by his daughter, Karsen and his fiancée Jacy Nittolo.\n\nJohn Zderko\n\nThe ... "",""title"":""https://www.etonline.com/gallery/stars-weve-lost-in-2022-177426""},{""docid"":""60248"",""score"":13.648348285782436,""snippet"":"" ... Lucci was expected to guest star on Prospect Park's continuation of All My Children in 2013, but the appearance never came to fruition due to the show's second cancellation.\n\nErica is considered to be the most popular character in American soap opera history. TV Guide calls ... "",""title"":""https://en.wikipedia.org/wiki/Erica_Kane""},{""docid"":""37367"",""score"":13.510584826136753,""snippet"":"" ... Midway through the season, an attempt was made to increase ratings by having Havoc's character relocate to New York to represent show business clients; however, the show lasted only one season.\""Lady Lawyer Practices Law,\"" TV Guide May 7–13, 1955, p. 12.\n\nFrom the 1960s through ... "",""title"":""https://en.wikipedia.org/wiki/June_Havoc""},{""docid"":""77637"",""score"":13.489606718134208,""snippet"":"" ... Besides his TV career, he was also an ordained Presbyterian minister.\n\nAfter starting her film career at the age of three, Shirley Temple went on to become Hollywood's highest-grossing child actress from 1935 to 1938. She is the epitome of popular child stars who lose their ... "",""title"":""https://www.thefamouspeople.com/born-1928.php""},{""docid"":""54031"",""score"":13.354763032640921,""snippet"":"" ... Simultaneously, numerous agencies in Britain and in America targeted various other aspects of child welfare, from educating parents (particularly women) on hygiene and child-rearing, to raising the age for compulsory schooling, instituting school nutrition programs, and recognizing child rights.\n\nThe Useless Child\n\nFalling infant mortality rates during ... "",""title"":""https://www.representingchildhood.pitt.edu/twentycent_child.htm""}]"
10,224,2026-09-14T10:14:48.635518+00:00,actor real life daughter plays niece TV series,"[""actor"",""real"",""life"",""daughter"",""plays"",""niece"",""tv"",""series""]","""actor"" OR ""real"" OR ""life"" OR ""daughter"" OR ""plays"" OR ""niece"" OR ""tv"" OR ""series""",5,c5b8aa186c7c0fe6193a19341def225d23aa3e1eddf39c92614b2bacf8eb4794,d6c7070e3e40ec10244efa948e3a4b087582a5f3023fa91246133211ca293d76,True,"[""d41"",""d11"",""d42"",""d43"",""d44""]","[""48538"",""20480"",""51536"",""11779"",""27252""]","[{""docid"":""48538"",""score"":18.696880866122626,""snippet"":"" ... The story of their strange marriage, the child it produced and its violent end was a Hollywood tragedy played out in court.\n\nOnce hailed as among the finest actors of his generation, Blake became better known as the center of a real-life murder trial, a story more ... "",""title"":""https://www.pbs.org/newshour/arts/robert-blake-actor-acquitted-in-wifes-killing-dies-at-89""},{""docid"":""20480"",""score"":18.63087915735836,""snippet"":"" ... They need that, too.\""\n\nWhile her TV dad played an influential role in her life on That Girl, Thomas's real-life father was, and remains, the overwhelming inspiration in both her life and career.\n\nA multi-talented performer - beloved nightclub headliner, movie actor, TV producer and star ... "",""title"":""https://www.televisionacademy.com/features/news/online-originals/girl-one-who-changed-everything""},{""docid"":""51536"",""score"":18.622128107713962,""snippet"":"" ... it was the first big movie break for the talented, late actor Anton Yelchin, and it allowed Robin Williams to share the screen with his daughter Zelda.\n\nYelchin's plays Duchovny as a boy, whose best friend is a mentally challenged deliveryman, played by Williams. Zelda Williams plays ... "",""title"":""https://collider.com/galleries/celebrity-children-parents-movies/""},{""docid"":""11779"",""score"":18.06236804587279,""snippet"":"" ... Doherty later starred in the Kevin Smith film Mallrats and the TV series Charmed.\n\nIn 2023, the actor and director launched Let's Be Clear with Shannen Doherty, a podcast that reflects on her life and career. \""I wanted to be clear about what it was like for ... "",""title"":""https://people.com/little-house-on-the-prairie-cast-where-are-they-now-8603014""},{""docid"":""27252"",""score"":17.802101342039794,""snippet"":"" ... Scott | | |\n| BET Comedy Awards | 2004 | Outstanding Comedy Series | George Lopez | | |\n| BET Comedy Awards | 2004 | Outstanding Lead Actor in a Comedy Series | George Lopez | | |\n| Casting Society of America | 2002 | Best Casting for TV, Comedy Pilot (\""Prototype\"") | Mary V. BuckSusan Edelman | | |\n| Emmy Awards (Creative Arts) | 2004 | Outstanding Cinematography for a ... "",""title"":""https://en.wikipedia.org/wiki/George_Lopez_(TV_series)""}]"
10,225,2026-09-14T10:14:48.636619+00:00,actor real life son plays unrelated character TV show,"[""actor"",""real"",""life"",""son"",""plays"",""unrelated"",""character"",""tv"",""show""]","""actor"" OR ""real"" OR ""life"" OR ""son"" OR ""plays"" OR ""unrelated"" OR ""character"" OR ""tv"" OR ""show""",5,54939772d527a727c4e4a4cd375ace27972cd17cfcdf48ccbd7cf79a6b997fd7,186b25c5ce5104eb7bad2ac592a8b3dd73bc4bde4acb44578dd593e39b9d170f,True,"[""d45"",""d46"",""d27"",""d47"",""d24""]","[""69326"",""63690"",""78415"",""32179"",""64629""]","[{""docid"":""69326"",""score"":17.608058152860483,""snippet"":"" ... actors in completely unrelated roles in TV shows can go unnoticed by the audience, like Charles-Dean Chapman in Game of Thrones.\n\n- Talented actors, such as Tatiana Maslany in Orphan Black and Lisa Kudrow in Friends, can successfully portray multiple characters and create complex relationships on-screen.\n\nPlaying ... "",""title"":""https://screenrant.com/actors-multiple-characters-same-tv-show/""},{""docid"":""63690"",""score"":17.307014678439057,""snippet"":"" ... People] (94 quizzes)\n\nReal Name\n\n[Celebrities] (73 quizzes)\n\nThe Best Name Game\n\n[People] (605 quizzes)\n\nName the People\n\n[Movies] (398 quizzes)\n\nNames in Songs\n\n[Music] (126 quizzes)\n\nSurnames\n\n[General] (10 quizzes)\n\nThematic Names\n\n[General] (151 quizzes)\n\n1. Which actor played Dr. Robb in the TV series \""In The ... "",""title"":""https://www.funtrivia.com/quizzes/people/name_game/same_surname.html""},{""docid"":""78415"",""score"":16.991242550960894,""snippet"":"" ... movie follows fading TV hero Rick Dalton (Leonardo DiCaprio) and his best friend/stunt double Cliff Booth (Brad Pitt) as they navigate the changing landscape of Hollywood while also living next door to Sharon Tate (Margot Robbie).\n\nOlyphant plays one of several real-life characters in Once Upon ... "",""title"":""https://screenrant.com/timothy-olyphant-best-movies-tv-shows/""},{""docid"":""32179"",""score"":16.75430642685047,""snippet"":"" ... The Penguin - \""The Fishin' Hole\"" is the name of the iconic whistling theme song of what classic TV show, which features the title figure walking to the \""fishin' hole\"" with his son?\n\nAnswer: The Andy Griffith Show - Even though the character was first played by Susan Neher in ... "",""title"":""https://www.watercoolertrivia.com/trivia-questions/classic-tv-trivia-questions""},{""docid"":""64629"",""score"":16.6460355950987,""snippet"":"" ... Huck has various career ambitions in life, and he tries them all, though not particularly succeeding in any. This TV series was one of the six TV shows in 1960 and the first animation in history to win an Emmy for Outstanding Achievement in the Field of Children ... "",""title"":""https://www.boredpanda.com/60s-cartoons/""}]"
10,226,2026-09-14T10:14:48.637485+00:00,TV series actor family member cast unrelated role,"[""tv"",""series"",""actor"",""family"",""member"",""cast"",""unrelated"",""role""]","""tv"" OR ""series"" OR ""actor"" OR ""family"" OR ""member"" OR ""cast"" OR ""unrelated"" OR ""role""",5,926b5ad16c406760231902a802affccc9ecf484551833494d8bd71d09e634b0f,519938cc51f961ebe64dbcb827d1f5b0c02770f081d1dc8fc353acc8debc2b64,True,"[""d45"",""d33"",""d27"",""d46"",""d48""]","[""69326"",""57395"",""78415"",""63690"",""56024""]","[{""docid"":""69326"",""score"":18.76403021129144,""snippet"":"" ... 2023-11-14\n---\nSummary\n\n- Some actors excel at playing multiple roles in TV shows and movies, like Winona Ryder in Bram Stoker's Dracula and the cast of Everything Everywhere All at Once.\n\n- Recasting actors in completely unrelated roles in TV shows can go unnoticed by the audience ... "",""title"":""https://screenrant.com/actors-multiple-characters-same-tv-show/""},{""docid"":""57395"",""score"":18.072108702580366,""snippet"":"" ... Trivia[]\n\n- This had the most main cast members leave the series, with a total of 11 (although Jorja Fox later returned as a main cast member).\n\n- This was the penultimate CSI series to end.\n\n- This was the only CSI to lose both of its original lead actors (William ... "",""title"":""https://csi.fandom.com/wiki/CSI:Crime_Scene_Investigation""},{""docid"":""78415"",""score"":17.889209447110897,""snippet"":"" ... patriarch of the family. He initially plays the role with the cool calmness he pulls off so well in other roles, but becomes an anxious and desperate man when things start to unravel. The series makes for a gripping noir movie with a terrific cast that also includes ... "",""title"":""https://screenrant.com/timothy-olyphant-best-movies-tv-shows/""},{""docid"":""63690"",""score"":17.43938333974542,""snippet"":"" ... Which actor played Dr. Robb in the TV series \""In The Heat of The Night\""?\n\nFrom Quiz My Name is Robb\n\nAnswer: Dan Biggars\n\nDan Biggars was also an American college official prior to acting. William Windom played Dr. Seth Hazlitt in \""Murder She Wrote\"". Robert Young was ... "",""title"":""https://www.funtrivia.com/quizzes/people/name_game/same_surname.html""},{""docid"":""56024"",""score"":17.375538910828254,""snippet"":"" ... At 24 she won the role of the title character in UPN's drama Veronica Mars, which was launched in the fall of 2004. Created by Rob Thomas, the series starred Bell as the seventeen year old detective Veronica, which put her alongside actors Enrico Colantoni who played ... "",""title"":""https://unionfilms.org/films/people/kristen-bell.html""}]"
10,228,2026-09-14T10:14:48.640296+00:00,character married 3 times one child survives TV series 2000s,"[""character"",""married"",""3"",""times"",""one"",""child"",""survives"",""tv"",""series"",""2000s""]","""character"" OR ""married"" OR ""3"" OR ""times"" OR ""one"" OR ""child"" OR ""survives"" OR ""tv"" OR ""series"" OR ""2000s""",5,c9c062871b30893c9447ce45e87e6504375dfae99fdf6c1353e79599774caf6b,c470efb1a9b429148472627ec591e0453570f344b59db596bed9e6b635ebfe8c,True,"[""d6"",""d49"",""d50"",""d19"",""d2""]","[""78953"",""4035"",""3161"",""60134"",""81882""]","[{""docid"":""78953"",""score"":16.2824976074087,""snippet"":"" ... on Aidy Bryant's Hulu series Shrill and in the 2019 film James vs. His Future Self. In 2023, he joined season 4 of Apple TV+'s critically acclaimed science fiction drama For All Mankind as the character Eli Hobson.\n\nHe and actress Laure Mattos have been married ... "",""title"":""https://people.com/movies/home-alone-cast-where-are-they-now/""},{""docid"":""4035"",""score"":15.898290019368474,""snippet"":"" ... He was married to Star Herrmann and Leigh Curran. He died on 31 December 2014 in New York City, New York, USA.- Actor\n\n- Producer\n\n- Additional Crew\n\nOne of Hollywood's finest character / \""Method\"" actors, Eli Wallach was in demand for over 60 years (first film/TV role was ... "",""title"":""https://www.imdb.com/search/name/?death_date=2014""},{""docid"":""3161"",""score"":15.76035451695941,""snippet"":"" ... In the early 1970s, she landed minor roles in film and TV, and finally won a role on the series Three's Company (1976). She married Hamel in 1977. She was fired from the series after she asked for a raise at the beginning of the fifth season ... "",""title"":""https://m.imdb.com/search/name/?death_date=2023&ref_=nmbio_dth_yr""},{""docid"":""60134"",""score"":15.715324421687555,""snippet"":"" ... In 2003, Mulroney played Gavin Mitchell on the TV series Friends. He appeared in three episodes of the ninth season, his character briefly dating Rachel. This would mark Mulroney's last on-screen appearance on television for a number of years, later revealing in a May 2007 interview ... "",""title"":""https://en.wikipedia.org/wiki/Dermot_Mulroney""},{""docid"":""81882"",""score"":15.691378997718399,""snippet"":"" ... He was married a total of seven times, and fathered eight children.\n\nAfter long battles with ill health, Richard Pryor passed away on December 10th, 2005.- Vincent Schiavelli, selected in 1997 by Vanity Fair as one of the best character actors in America, had made over 120 film ... "",""title"":""https://m.imdb.com/search/name/?death_date=2005&ref_=nmbio""}]"
10,229,2026-09-14T10:14:48.641056+00:00,TV show character three marriages one surviving child,"[""tv"",""show"",""character"",""three"",""marriages"",""one"",""surviving"",""child""]","""tv"" OR ""show"" OR ""character"" OR ""three"" OR ""marriages"" OR ""one"" OR ""surviving"" OR ""child""",5,dcfdfe59d4312591ff3d757fe02035f881e4a26022e07fa519df09748ec9df4a,3f31bf042d8cc6df97db1dfa7b9b5da5c52351b9d4583f684f1cbc8fdbd5e8e2,True,"[""d39"",""d8"",""d51"",""d52"",""d53""]","[""53008"",""60248"",""37367"",""77637"",""54031""]","[{""docid"":""53008"",""score"":13.664801548271926,""snippet"":"" ... Most recently, Liotta appeared in The Many Saints of Newark, Marriage Story and No Sudden Move. He also appeared on Jennifer Lopez's TV show, Shades of Blue, which ended after three seasons. Liotta is survived by his daughter, Karsen and his fiancée Jacy Nittolo.\n\nJohn Zderko\n\nThe ... "",""title"":""https://www.etonline.com/gallery/stars-weve-lost-in-2022-177426""},{""docid"":""60248"",""score"":13.648348285782436,""snippet"":"" ... Lucci was expected to guest star on Prospect Park's continuation of All My Children in 2013, but the appearance never came to fruition due to the show's second cancellation.\n\nErica is considered to be the most popular character in American soap opera history. TV Guide calls ... "",""title"":""https://en.wikipedia.org/wiki/Erica_Kane""},{""docid"":""37367"",""score"":13.510584826136753,""snippet"":"" ... Midway through the season, an attempt was made to increase ratings by having Havoc's character relocate to New York to represent show business clients; however, the show lasted only one season.\""Lady Lawyer Practices Law,\"" TV Guide May 7–13, 1955, p. 12.\n\nFrom the 1960s through ... "",""title"":""https://en.wikipedia.org/wiki/June_Havoc""},{""docid"":""77637"",""score"":13.489606718134208,""snippet"":"" ... Besides his TV career, he was also an ordained Presbyterian minister.\n\nAfter starting her film career at the age of three, Shirley Temple went on to become Hollywood's highest-grossing child actress from 1935 to 1938. She is the epitome of popular child stars who lose their ... "",""title"":""https://www.thefamouspeople.com/born-1928.php""},{""docid"":""54031"",""score"":13.354763032640921,""snippet"":"" ... Simultaneously, numerous agencies in Britain and in America targeted various other aspects of child welfare, from educating parents (particularly women) on hygiene and child-rearing, to raising the age for compulsory schooling, instituting school nutrition programs, and recognizing child rights.\n\nThe Useless Child\n\nFalling infant mortality rates during ... "",""title"":""https://www.representingchildhood.pitt.edu/twentycent_child.htm""}]"
11,239,2026-09-14T10:14:53.081467+00:00,actor real life daughter plays niece TV series,"[""actor"",""real"",""life"",""daughter"",""plays"",""niece"",""tv"",""series""]","""actor"" OR ""real"" OR ""life"" OR ""daughter"" OR ""plays"" OR ""niece"" OR ""tv"" OR ""series""",5,c5b8aa186c7c0fe6193a19341def225d23aa3e1eddf39c92614b2bacf8eb4794,d6c7070e3e40ec10244efa948e3a4b087582a5f3023fa91246133211ca293d76,True,"[""d41"",""d11"",""d42"",""d43"",""d44""]","[""48538"",""20480"",""51536"",""11779"",""27252""]","[{""docid"":""48538"",""score"":18.696880866122626,""snippet"":"" ... The story of their strange marriage, the child it produced and its violent end was a Hollywood tragedy played out in court.\n\nOnce hailed as among the finest actors of his generation, Blake became better known as the center of a real-life murder trial, a story more ... "",""title"":""https://www.pbs.org/newshour/arts/robert-blake-actor-acquitted-in-wifes-killing-dies-at-89""},{""docid"":""20480"",""score"":18.63087915735836,""snippet"":"" ... They need that, too.\""\n\nWhile her TV dad played an influential role in her life on That Girl, Thomas's real-life father was, and remains, the overwhelming inspiration in both her life and career.\n\nA multi-talented performer - beloved nightclub headliner, movie actor, TV producer and star ... "",""title"":""https://www.televisionacademy.com/features/news/online-originals/girl-one-who-changed-everything""},{""docid"":""51536"",""score"":18.622128107713962,""snippet"":"" ... it was the first big movie break for the talented, late actor Anton Yelchin, and it allowed Robin Williams to share the screen with his daughter Zelda.\n\nYelchin's plays Duchovny as a boy, whose best friend is a mentally challenged deliveryman, played by Williams. Zelda Williams plays ... "",""title"":""https://collider.com/galleries/celebrity-children-parents-movies/""},{""docid"":""11779"",""score"":18.06236804587279,""snippet"":"" ... Doherty later starred in the Kevin Smith film Mallrats and the TV series Charmed.\n\nIn 2023, the actor and director launched Let's Be Clear with Shannen Doherty, a podcast that reflects on her life and career. \""I wanted to be clear about what it was like for ... "",""title"":""https://people.com/little-house-on-the-prairie-cast-where-are-they-now-8603014""},{""docid"":""27252"",""score"":17.802101342039794,""snippet"":"" ... Scott | | |\n| BET Comedy Awards | 2004 | Outstanding Comedy Series | George Lopez | | |\n| BET Comedy Awards | 2004 | Outstanding Lead Actor in a Comedy Series | George Lopez | | |\n| Casting Society of America | 2002 | Best Casting for TV, Comedy Pilot (\""Prototype\"") | Mary V. BuckSusan Edelman | | |\n| Emmy Awards (Creative Arts) | 2004 | Outstanding Cinematography for a ... "",""title"":""https://en.wikipedia.org/wiki/George_Lopez_(TV_series)""}]"
11,240,2026-09-14T10:14:53.082587+00:00,actor real life son plays unrelated character TV show,"[""actor"",""real"",""life"",""son"",""plays"",""unrelated"",""character"",""tv"",""show""]","""actor"" OR ""real"" OR ""life"" OR ""son"" OR ""plays"" OR ""unrelated"" OR ""character"" OR ""tv"" OR ""show""",5,54939772d527a727c4e4a4cd375ace27972cd17cfcdf48ccbd7cf79a6b997fd7,186b25c5ce5104eb7bad2ac592a8b3dd73bc4bde4acb44578dd593e39b9d170f,True,"[""d45"",""d46"",""d27"",""d47"",""d24""]","[""69326"",""63690"",""78415"",""32179"",""64629""]","[{""docid"":""69326"",""score"":17.608058152860483,""snippet"":"" ... actors in completely unrelated roles in TV shows can go unnoticed by the audience, like Charles-Dean Chapman in Game of Thrones.\n\n- Talented actors, such as Tatiana Maslany in Orphan Black and Lisa Kudrow in Friends, can successfully portray multiple characters and create complex relationships on-screen.\n\nPlaying ... "",""title"":""https://screenrant.com/actors-multiple-characters-same-tv-show/""},{""docid"":""63690"",""score"":17.307014678439057,""snippet"":"" ... People] (94 quizzes)\n\nReal Name\n\n[Celebrities] (73 quizzes)\n\nThe Best Name Game\n\n[People] (605 quizzes)\n\nName the People\n\n[Movies] (398 quizzes)\n\nNames in Songs\n\n[Music] (126 quizzes)\n\nSurnames\n\n[General] (10 quizzes)\n\nThematic Names\n\n[General] (151 quizzes)\n\n1. Which actor played Dr. Robb in the TV series \""In The ... "",""title"":""https://www.funtrivia.com/quizzes/people/name_game/same_surname.html""},{""docid"":""78415"",""score"":16.991242550960894,""snippet"":"" ... movie follows fading TV hero Rick Dalton (Leonardo DiCaprio) and his best friend/stunt double Cliff Booth (Brad Pitt) as they navigate the changing landscape of Hollywood while also living next door to Sharon Tate (Margot Robbie).\n\nOlyphant plays one of several real-life characters in Once Upon ... "",""title"":""https://screenrant.com/timothy-olyphant-best-movies-tv-shows/""},{""docid"":""32179"",""score"":16.75430642685047,""snippet"":"" ... The Penguin - \""The Fishin' Hole\"" is the name of the iconic whistling theme song of what classic TV show, which features the title figure walking to the \""fishin' hole\"" with his son?\n\nAnswer: The Andy Griffith Show - Even though the character was first played by Susan Neher in ... "",""title"":""https://www.watercoolertrivia.com/trivia-questions/classic-tv-trivia-questions""},{""docid"":""64629"",""score"":16.6460355950987,""snippet"":"" ... Huck has various career ambitions in life, and he tries them all, though not particularly succeeding in any. This TV series was one of the six TV shows in 1960 and the first animation in history to win an Emmy for Outstanding Achievement in the Field of Children ... "",""title"":""https://www.boredpanda.com/60s-cartoons/""}]"
11,241,2026-09-14T10:14:53.083422+00:00,TV series actor family member cast unrelated role,"[""tv"",""series"",""actor"",""family"",""member"",""cast"",""unrelated"",""role""]","""tv"" OR ""series"" OR ""actor"" OR ""family"" OR ""member"" OR ""cast"" OR ""unrelated"" OR ""role""",5,926b5ad16c406760231902a802affccc9ecf484551833494d8bd71d09e634b0f,519938cc51f961ebe64dbcb827d1f5b0c02770f081d1dc8fc353acc8debc2b64,True,"[""d45"",""d33"",""d27"",""d46"",""d48""]","[""69326"",""57395"",""78415"",""63690"",""56024""]","[{""docid"":""69326"",""score"":18.76403021129144,""snippet"":"" ... 2023-11-14\n---\nSummary\n\n- Some actors excel at playing multiple roles in TV shows and movies, like Winona Ryder in Bram Stoker's Dracula and the cast of Everything Everywhere All at Once.\n\n- Recasting actors in completely unrelated roles in TV shows can go unnoticed by the audience ... "",""title"":""https://screenrant.com/actors-multiple-characters-same-tv-show/""},{""docid"":""57395"",""score"":18.072108702580366,""snippet"":"" ... Trivia[]\n\n- This had the most main cast members leave the series, with a total of 11 (although Jorja Fox later returned as a main cast member).\n\n- This was the penultimate CSI series to end.\n\n- This was the only CSI to lose both of its original lead actors (William ... "",""title"":""https://csi.fandom.com/wiki/CSI:Crime_Scene_Investigation""},{""docid"":""78415"",""score"":17.889209447110897,""snippet"":"" ... patriarch of the family. He initially plays the role with the cool calmness he pulls off so well in other roles, but becomes an anxious and desperate man when things start to unravel. The series makes for a gripping noir movie with a terrific cast that also includes ... "",""title"":""https://screenrant.com/timothy-olyphant-best-movies-tv-shows/""},{""docid"":""63690"",""score"":17.43938333974542,""snippet"":"" ... Which actor played Dr. Robb in the TV series \""In The Heat of The Night\""?\n\nFrom Quiz My Name is Robb\n\nAnswer: Dan Biggars\n\nDan Biggars was also an American college official prior to acting. William Windom played Dr. Seth Hazlitt in \""Murder She Wrote\"". Robert Young was ... "",""title"":""https://www.funtrivia.com/quizzes/people/name_game/same_surname.html""},{""docid"":""56024"",""score"":17.375538910828254,""snippet"":"" ... At 24 she won the role of the title character in UPN's drama Veronica Mars, which was launched in the fall of 2004. Created by Rob Thomas, the series starred Bell as the seventeen year old detective Veronica, which put her alongside actors Enrico Colantoni who played ... "",""title"":""https://unionfilms.org/films/people/kristen-bell.html""}]"
11,243,2026-09-14T10:14:53.086133+00:00,character married 3 times one child survives TV series 2000s,"[""character"",""married"",""3"",""times"",""one"",""child"",""survives"",""tv"",""series"",""2000s""]","""character"" OR ""married"" OR ""3"" OR ""times"" OR ""one"" OR ""child"" OR ""survives"" OR ""tv"" OR ""series"" OR ""2000s""",5,c9c062871b30893c9447ce45e87e6504375dfae99fdf6c1353e79599774caf6b,c470efb1a9b429148472627ec591e0453570f344b59db596bed9e6b635ebfe8c,True,"[""d6"",""d49"",""d50"",""d19"",""d2""]","[""78953"",""4035"",""3161"",""60134"",""81882""]","[{""docid"":""78953"",""score"":16.2824976074087,""snippet"":"" ... on Aidy Bryant's Hulu series Shrill and in the 2019 film James vs. His Future Self. In 2023, he joined season 4 of Apple TV+'s critically acclaimed science fiction drama For All Mankind as the character Eli Hobson.\n\nHe and actress Laure Mattos have been married ... "",""title"":""https://people.com/movies/home-alone-cast-where-are-they-now/""},{""docid"":""4035"",""score"":15.898290019368474,""snippet"":"" ... He was married to Star Herrmann and Leigh Curran. He died on 31 December 2014 in New York City, New York, USA.- Actor\n\n- Producer\n\n- Additional Crew\n\nOne of Hollywood's finest character / \""Method\"" actors, Eli Wallach was in demand for over 60 years (first film/TV role was ... "",""title"":""https://www.imdb.com/search/name/?death_date=2014""},{""docid"":""3161"",""score"":15.76035451695941,""snippet"":"" ... In the early 1970s, she landed minor roles in film and TV, and finally won a role on the series Three's Company (1976). She married Hamel in 1977. She was fired from the series after she asked for a raise at the beginning of the fifth season ... "",""title"":""https://m.imdb.com/search/name/?death_date=2023&ref_=nmbio_dth_yr""},{""docid"":""60134"",""score"":15.715324421687555,""snippet"":"" ... In 2003, Mulroney played Gavin Mitchell on the TV series Friends. He appeared in three episodes of the ninth season, his character briefly dating Rachel. This would mark Mulroney's last on-screen appearance on television for a number of years, later revealing in a May 2007 interview ... "",""title"":""https://en.wikipedia.org/wiki/Dermot_Mulroney""},{""docid"":""81882"",""score"":15.691378997718399,""snippet"":"" ... He was married a total of seven times, and fathered eight children.\n\nAfter long battles with ill health, Richard Pryor passed away on December 10th, 2005.- Vincent Schiavelli, selected in 1997 by Vanity Fair as one of the best character actors in America, had made over 120 film ... "",""title"":""https://m.imdb.com/search/name/?death_date=2005&ref_=nmbio""}]"
11,244,2026-09-14T10:14:53.086931+00:00,TV show character three marriages one surviving child,"[""tv"",""show"",""character"",""three"",""marriages"",""one"",""surviving"",""child""]","""tv"" OR ""show"" OR ""character"" OR ""three"" OR ""marriages"" OR ""one"" OR ""surviving"" OR ""child""",5,dcfdfe59d4312591ff3d757fe02035f881e4a26022e07fa519df09748ec9df4a,3f31bf042d8cc6df97db1dfa7b9b5da5c52351b9d4583f684f1cbc8fdbd5e8e2,True,"[""d39"",""d8"",""d51"",""d52"",""d53""]","[""53008"",""60248"",""37367"",""77637"",""54031""]","[{""docid"":""53008"",""score"":13.664801548271926,""snippet"":"" ... Most recently, Liotta appeared in The Many Saints of Newark, Marriage Story and No Sudden Move. He also appeared on Jennifer Lopez's TV show, Shades of Blue, which ended after three seasons. Liotta is survived by his daughter, Karsen and his fiancée Jacy Nittolo.\n\nJohn Zderko\n\nThe ... "",""title"":""https://www.etonline.com/gallery/stars-weve-lost-in-2022-177426""},{""docid"":""60248"",""score"":13.648348285782436,""snippet"":"" ... Lucci was expected to guest star on Prospect Park's continuation of All My Children in 2013, but the appearance never came to fruition due to the show's second cancellation.\n\nErica is considered to be the most popular character in American soap opera history. TV Guide calls ... "",""title"":""https://en.wikipedia.org/wiki/Erica_Kane""},{""docid"":""37367"",""score"":13.510584826136753,""snippet"":"" ... Midway through the season, an attempt was made to increase ratings by having Havoc's character relocate to New York to represent show business clients; however, the show lasted only one season.\""Lady Lawyer Practices Law,\"" TV Guide May 7–13, 1955, p. 12.\n\nFrom the 1960s through ... "",""title"":""https://en.wikipedia.org/wiki/June_Havoc""},{""docid"":""77637"",""score"":13.489606718134208,""snippet"":"" ... Besides his TV career, he was also an ordained Presbyterian minister.\n\nAfter starting her film career at the age of three, Shirley Temple went on to become Hollywood's highest-grossing child actress from 1935 to 1938. She is the epitome of popular child stars who lose their ... "",""title"":""https://www.thefamouspeople.com/born-1928.php""},{""docid"":""54031"",""score"":13.354763032640921,""snippet"":"" ... Simultaneously, numerous agencies in Britain and in America targeted various other aspects of child welfare, from educating parents (particularly women) on hygiene and child-rearing, to raising the age for compulsory schooling, instituting school nutrition programs, and recognizing child rights.\n\nThe Useless Child\n\nFalling infant mortality rates during ... "",""title"":""https://www.representingchildhood.pitt.edu/twentycent_child.htm""}]"
12,254,2026-09-14T10:14:56.902611+00:00,actor real life daughter plays niece TV series,"[""actor"",""real"",""life"",""daughter"",""plays"",""niece"",""tv"",""series""]","""actor"" OR ""real"" OR ""life"" OR ""daughter"" OR ""plays"" OR ""niece"" OR ""tv"" OR ""series""",5,c5b8aa186c7c0fe6193a19341def225d23aa3e1eddf39c92614b2bacf8eb4794,d6c7070e3e40ec10244efa948e3a4b087582a5f3023fa91246133211ca293d76,True,"[""d41"",""d11"",""d42"",""d43"",""d44""]","[""48538"",""20480"",""51536"",""11779"",""27252""]","[{""docid"":""48538"",""score"":18.696880866122626,""snippet"":"" ... The story of their strange marriage, the child it produced and its violent end was a Hollywood tragedy played out in court.\n\nOnce hailed as among the finest actors of his generation, Blake became better known as the center of a real-life murder trial, a story more ... "",""title"":""https://www.pbs.org/newshour/arts/robert-blake-actor-acquitted-in-wifes-killing-dies-at-89""},{""docid"":""20480"",""score"":18.63087915735836,""snippet"":"" ... They need that, too.\""\n\nWhile her TV dad played an influential role in her life on That Girl, Thomas's real-life father was, and remains, the overwhelming inspiration in both her life and career.\n\nA multi-talented performer - beloved nightclub headliner, movie actor, TV producer and star ... "",""title"":""https://www.televisionacademy.com/features/news/online-originals/girl-one-who-changed-everything""},{""docid"":""51536"",""score"":18.622128107713962,""snippet"":"" ... it was the first big movie break for the talented, late actor Anton Yelchin, and it allowed Robin Williams to share the screen with his daughter Zelda.\n\nYelchin's plays Duchovny as a boy, whose best friend is a mentally challenged deliveryman, played by Williams. Zelda Williams plays ... "",""title"":""https://collider.com/galleries/celebrity-children-parents-movies/""},{""docid"":""11779"",""score"":18.06236804587279,""snippet"":"" ... Doherty later starred in the Kevin Smith film Mallrats and the TV series Charmed.\n\nIn 2023, the actor and director launched Let's Be Clear with Shannen Doherty, a podcast that reflects on her life and career. \""I wanted to be clear about what it was like for ... "",""title"":""https://people.com/little-house-on-the-prairie-cast-where-are-they-now-8603014""},{""docid"":""27252"",""score"":17.802101342039794,""snippet"":"" ... Scott | | |\n| BET Comedy Awards | 2004 | Outstanding Comedy Series | George Lopez | | |\n| BET Comedy Awards | 2004 | Outstanding Lead Actor in a Comedy Series | George Lopez | | |\n| Casting Society of America | 2002 | Best Casting for TV, Comedy Pilot (\""Prototype\"") | Mary V. BuckSusan Edelman | | |\n| Emmy Awards (Creative Arts) | 2004 | Outstanding Cinematography for a ... "",""title"":""https://en.wikipedia.org/wiki/George_Lopez_(TV_series)""}]"
12,255,2026-09-14T10:14:56.903534+00:00,actor real life son plays unrelated character TV show,"[""actor"",""real"",""life"",""son"",""plays"",""unrelated"",""character"",""tv"",""show""]","""actor"" OR ""real"" OR ""life"" OR ""son"" OR ""plays"" OR ""unrelated"" OR ""character"" OR ""tv"" OR ""show""",5,54939772d527a727c4e4a4cd375ace27972cd17cfcdf48ccbd7cf79a6b997fd7,186b25c5ce5104eb7bad2ac592a8b3dd73bc4bde4acb44578dd593e39b9d170f,True,"[""d45"",""d46"",""d27"",""d47"",""d24""]","[""69326"",""63690"",""78415"",""32179"",""64629""]","[{""docid"":""69326"",""score"":17.608058152860483,""snippet"":"" ... actors in completely unrelated roles in TV shows can go unnoticed by the audience, like Charles-Dean Chapman in Game of Thrones.\n\n- Talented actors, such as Tatiana Maslany in Orphan Black and Lisa Kudrow in Friends, can successfully portray multiple characters and create complex relationships on-screen.\n\nPlaying ... "",""title"":""https://screenrant.com/actors-multiple-characters-same-tv-show/""},{""docid"":""63690"",""score"":17.307014678439057,""snippet"":"" ... People] (94 quizzes)\n\nReal Name\n\n[Celebrities] (73 quizzes)\n\nThe Best Name Game\n\n[People] (605 quizzes)\n\nName the People\n\n[Movies] (398 quizzes)\n\nNames in Songs\n\n[Music] (126 quizzes)\n\nSurnames\n\n[General] (10 quizzes)\n\nThematic Names\n\n[General] (151 quizzes)\n\n1. Which actor played Dr. Robb in the TV series \""In The ... "",""title"":""https://www.funtrivia.com/quizzes/people/name_game/same_surname.html""},{""docid"":""78415"",""score"":16.991242550960894,""snippet"":"" ... movie follows fading TV hero Rick Dalton (Leonardo DiCaprio) and his best friend/stunt double Cliff Booth (Brad Pitt) as they navigate the changing landscape of Hollywood while also living next door to Sharon Tate (Margot Robbie).\n\nOlyphant plays one of several real-life characters in Once Upon ... "",""title"":""https://screenrant.com/timothy-olyphant-best-movies-tv-shows/""},{""docid"":""32179"",""score"":16.75430642685047,""snippet"":"" ... The Penguin - \""The Fishin' Hole\"" is the name of the iconic whistling theme song of what classic TV show, which features the title figure walking to the \""fishin' hole\"" with his son?\n\nAnswer: The Andy Griffith Show - Even though the character was first played by Susan Neher in ... "",""title"":""https://www.watercoolertrivia.com/trivia-questions/classic-tv-trivia-questions""},{""docid"":""64629"",""score"":16.6460355950987,""snippet"":"" ... Huck has various career ambitions in life, and he tries them all, though not particularly succeeding in any. This TV series was one of the six TV shows in 1960 and the first animation in history to win an Emmy for Outstanding Achievement in the Field of Children ... "",""title"":""https://www.boredpanda.com/60s-cartoons/""}]"
12,256,2026-09-14T10:14:56.904374+00:00,TV series actor family member cast unrelated role,"[""tv"",""series"",""actor"",""family"",""member"",""cast"",""unrelated"",""role""]","""tv"" OR ""series"" OR ""actor"" OR ""family"" OR ""member"" OR ""cast"" OR ""unrelated"" OR ""role""",5,926b5ad16c406760231902a802affccc9ecf484551833494d8bd71d09e634b0f,519938cc51f961ebe64dbcb827d1f5b0c02770f081d1dc8fc353acc8debc2b64,True,"[""d45"",""d33"",""d27"",""d46"",""d48""]","[""69326"",""57395"",""78415"",""63690"",""56024""]","[{""docid"":""69326"",""score"":18.76403021129144,""snippet"":"" ... 2023-11-14\n---\nSummary\n\n- Some actors excel at playing multiple roles in TV shows and movies, like Winona Ryder in Bram Stoker's Dracula and the cast of Everything Everywhere All at Once.\n\n- Recasting actors in completely unrelated roles in TV shows can go unnoticed by the audience ... "",""title"":""https://screenrant.com/actors-multiple-characters-same-tv-show/""},{""docid"":""57395"",""score"":18.072108702580366,""snippet"":"" ... Trivia[]\n\n- This had the most main cast members leave the series, with a total of 11 (although Jorja Fox later returned as a main cast member).\n\n- This was the penultimate CSI series to end.\n\n- This was the only CSI to lose both of its original lead actors (William ... "",""title"":""https://csi.fandom.com/wiki/CSI:Crime_Scene_Investigation""},{""docid"":""78415"",""score"":17.889209447110897,""snippet"":"" ... patriarch of the family. He initially plays the role with the cool calmness he pulls off so well in other roles, but becomes an anxious and desperate man when things start to unravel. The series makes for a gripping noir movie with a terrific cast that also includes ... "",""title"":""https://screenrant.com/timothy-olyphant-best-movies-tv-shows/""},{""docid"":""63690"",""score"":17.43938333974542,""snippet"":"" ... Which actor played Dr. Robb in the TV series \""In The Heat of The Night\""?\n\nFrom Quiz My Name is Robb\n\nAnswer: Dan Biggars\n\nDan Biggars was also an American college official prior to acting. William Windom played Dr. Seth Hazlitt in \""Murder She Wrote\"". Robert Young was ... "",""title"":""https://www.funtrivia.com/quizzes/people/name_game/same_surname.html""},{""docid"":""56024"",""score"":17.375538910828254,""snippet"":"" ... At 24 she won the role of the title character in UPN's drama Veronica Mars, which was launched in the fall of 2004. Created by Rob Thomas, the series starred Bell as the seventeen year old detective Veronica, which put her alongside actors Enrico Colantoni who played ... "",""title"":""https://unionfilms.org/films/people/kristen-bell.html""}]"
12,258,2026-09-14T10:14:56.907656+00:00,character married 3 times one child survives TV series 2000s,"[""character"",""married"",""3"",""times"",""one"",""child"",""survives"",""tv"",""series"",""2000s""]","""character"" OR ""married"" OR ""3"" OR ""times"" OR ""one"" OR ""child"" OR ""survives"" OR ""tv"" OR ""series"" OR ""2000s""",5,c9c062871b30893c9447ce45e87e6504375dfae99fdf6c1353e79599774caf6b,c470efb1a9b429148472627ec591e0453570f344b59db596bed9e6b635ebfe8c,True,"[""d6"",""d49"",""d50"",""d19"",""d2""]","[""78953"",""4035"",""3161"",""60134"",""81882""]","[{""docid"":""78953"",""score"":16.2824976074087,""snippet"":"" ... on Aidy Bryant's Hulu series Shrill and in the 2019 film James vs. His Future Self. In 2023, he joined season 4 of Apple TV+'s critically acclaimed science fiction drama For All Mankind as the character Eli Hobson.\n\nHe and actress Laure Mattos have been married ... "",""title"":""https://people.com/movies/home-alone-cast-where-are-they-now/""},{""docid"":""4035"",""score"":15.898290019368474,""snippet"":"" ... He was married to Star Herrmann and Leigh Curran. He died on 31 December 2014 in New York City, New York, USA.- Actor\n\n- Producer\n\n- Additional Crew\n\nOne of Hollywood's finest character / \""Method\"" actors, Eli Wallach was in demand for over 60 years (first film/TV role was ... "",""title"":""https://www.imdb.com/search/name/?death_date=2014""},{""docid"":""3161"",""score"":15.76035451695941,""snippet"":"" ... In the early 1970s, she landed minor roles in film and TV, and finally won a role on the series Three's Company (1976). She married Hamel in 1977. She was fired from the series after she asked for a raise at the beginning of the fifth season ... "",""title"":""https://m.imdb.com/search/name/?death_date=2023&ref_=nmbio_dth_yr""},{""docid"":""60134"",""score"":15.715324421687555,""snippet"":"" ... In 2003, Mulroney played Gavin Mitchell on the TV series Friends. He appeared in three episodes of the ninth season, his character briefly dating Rachel. This would mark Mulroney's last on-screen appearance on television for a number of years, later revealing in a May 2007 interview ... "",""title"":""https://en.wikipedia.org/wiki/Dermot_Mulroney""},{""docid"":""81882"",""score"":15.691378997718399,""snippet"":"" ... He was married a total of seven times, and fathered eight children.\n\nAfter long battles with ill health, Richard Pryor passed away on December 10th, 2005.- Vincent Schiavelli, selected in 1997 by Vanity Fair as one of the best character actors in America, had made over 120 film ... "",""title"":""https://m.imdb.com/search/name/?death_date=2005&ref_=nmbio""}]"
12,259,2026-09-14T10:14:56.908443+00:00,TV show character three marriages one surviving child,"[""tv"",""show"",""character"",""three"",""marriages"",""one"",""surviving"",""child""]","""tv"" OR ""show"" OR ""character"" OR ""three"" OR ""marriages"" OR ""one"" OR ""surviving"" OR ""child""",5,dcfdfe59d4312591ff3d757fe02035f881e4a26022e07fa519df09748ec9df4a,3f31bf042d8cc6df97db1dfa7b9b5da5c52351b9d4583f684f1cbc8fdbd5e8e2,True,"[""d39"",""d8"",""d51"",""d52"",""d53""]","[""53008"",""60248"",""37367"",""77637"",""54031""]","[{""docid"":""53008"",""score"":13.664801548271926,""snippet"":"" ... Most recently, Liotta appeared in The Many Saints of Newark, Marriage Story and No Sudden Move. He also appeared on Jennifer Lopez's TV show, Shades of Blue, which ended after three seasons. Liotta is survived by his daughter, Karsen and his fiancée Jacy Nittolo.\n\nJohn Zderko\n\nThe ... "",""title"":""https://www.etonline.com/gallery/stars-weve-lost-in-2022-177426""},{""docid"":""60248"",""score"":13.648348285782436,""snippet"":"" ... Lucci was expected to guest star on Prospect Park's continuation of All My Children in 2013, but the appearance never came to fruition due to the show's second cancellation.\n\nErica is considered to be the most popular character in American soap opera history. TV Guide calls ... "",""title"":""https://en.wikipedia.org/wiki/Erica_Kane""},{""docid"":""37367"",""score"":13.510584826136753,""snippet"":"" ... Midway through the season, an attempt was made to increase ratings by having Havoc's character relocate to New York to represent show business clients; however, the show lasted only one season.\""Lady Lawyer Practices Law,\"" TV Guide May 7–13, 1955, p. 12.\n\nFrom the 1960s through ... "",""title"":""https://en.wikipedia.org/wiki/June_Havoc""},{""docid"":""77637"",""score"":13.489606718134208,""snippet"":"" ... Besides his TV career, he was also an ordained Presbyterian minister.\n\nAfter starting her film career at the age of three, Shirley Temple went on to become Hollywood's highest-grossing child actress from 1935 to 1938. She is the epitome of popular child stars who lose their ... "",""title"":""https://www.thefamouspeople.com/born-1928.php""},{""docid"":""54031"",""score"":13.354763032640921,""snippet"":"" ... Simultaneously, numerous agencies in Britain and in America targeted various other aspects of child welfare, from educating parents (particularly women) on hygiene and child-rearing, to raising the age for compulsory schooling, instituting school nutrition programs, and recognizing child rights.\n\nThe Useless Child\n\nFalling infant mortality rates during ... "",""title"":""https://www.representingchildhood.pitt.edu/twentycent_child.htm""}]"
13,269,2026-09-14T10:15:05.827597+00:00,actor real life daughter plays niece TV series,"[""actor"",""real"",""life"",""daughter"",""plays"",""niece"",""tv"",""series""]","""actor"" OR ""real"" OR ""life"" OR ""daughter"" OR ""plays"" OR ""niece"" OR ""tv"" OR ""series""",5,c5b8aa186c7c0fe6193a19341def225d23aa3e1eddf39c92614b2bacf8eb4794,d6c7070e3e40ec10244efa948e3a4b087582a5f3023fa91246133211ca293d76,True,"[""d41"",""d11"",""d42"",""d43"",""d44""]","[""48538"",""20480"",""51536"",""11779"",""27252""]","[{""docid"":""48538"",""score"":18.696880866122626,""snippet"":"" ... The story of their strange marriage, the child it produced and its violent end was a Hollywood tragedy played out in court.\n\nOnce hailed as among the finest actors of his generation, Blake became better known as the center of a real-life murder trial, a story more ... "",""title"":""https://www.pbs.org/newshour/arts/robert-blake-actor-acquitted-in-wifes-killing-dies-at-89""},{""docid"":""20480"",""score"":18.63087915735836,""snippet"":"" ... They need that, too.\""\n\nWhile her TV dad played an influential role in her life on That Girl, Thomas's real-life father was, and remains, the overwhelming inspiration in both her life and career.\n\nA multi-talented performer - beloved nightclub headliner, movie actor, TV producer and star ... "",""title"":""https://www.televisionacademy.com/features/news/online-originals/girl-one-who-changed-everything""},{""docid"":""51536"",""score"":18.622128107713962,""snippet"":"" ... it was the first big movie break for the talented, late actor Anton Yelchin, and it allowed Robin Williams to share the screen with his daughter Zelda.\n\nYelchin's plays Duchovny as a boy, whose best friend is a mentally challenged deliveryman, played by Williams. Zelda Williams plays ... "",""title"":""https://collider.com/galleries/celebrity-children-parents-movies/""},{""docid"":""11779"",""score"":18.06236804587279,""snippet"":"" ... Doherty later starred in the Kevin Smith film Mallrats and the TV series Charmed.\n\nIn 2023, the actor and director launched Let's Be Clear with Shannen Doherty, a podcast that reflects on her life and career. \""I wanted to be clear about what it was like for ... "",""title"":""https://people.com/little-house-on-the-prairie-cast-where-are-they-now-8603014""},{""docid"":""27252"",""score"":17.802101342039794,""snippet"":"" ... Scott | | |\n| BET Comedy Awards | 2004 | Outstanding Comedy Series | George Lopez | | |\n| BET Comedy Awards | 2004 | Outstanding Lead Actor in a Comedy Series | George Lopez | | |\n| Casting Society of America | 2002 | Best Casting for TV, Comedy Pilot (\""Prototype\"") | Mary V. BuckSusan Edelman | | |\n| Emmy Awards (Creative Arts) | 2004 | Outstanding Cinematography for a ... "",""title"":""https://en.wikipedia.org/wiki/George_Lopez_(TV_series)""}]"
13,270,2026-09-14T10:15:05.828782+00:00,actor real life son plays unrelated character TV show,"[""actor"",""real"",""life"",""son"",""plays"",""unrelated"",""character"",""tv"",""show""]","""actor"" OR ""real"" OR ""life"" OR ""son"" OR ""plays"" OR ""unrelated"" OR ""character"" OR ""tv"" OR ""show""",5,54939772d527a727c4e4a4cd375ace27972cd17cfcdf48ccbd7cf79a6b997fd7,186b25c5ce5104eb7bad2ac592a8b3dd73bc4bde4acb44578dd593e39b9d170f,True,"[""d45"",""d46"",""d27"",""d47"",""d24""]","[""69326"",""63690"",""78415"",""32179"",""64629""]","[{""docid"":""69326"",""score"":17.608058152860483,""snippet"":"" ... actors in completely unrelated roles in TV shows can go unnoticed by the audience, like Charles-Dean Chapman in Game of Thrones.\n\n- Talented actors, such as Tatiana Maslany in Orphan Black and Lisa Kudrow in Friends, can successfully portray multiple characters and create complex relationships on-screen.\n\nPlaying ... "",""title"":""https://screenrant.com/actors-multiple-characters-same-tv-show/""},{""docid"":""63690"",""score"":17.307014678439057,""snippet"":"" ... People] (94 quizzes)\n\nReal Name\n\n[Celebrities] (73 quizzes)\n\nThe Best Name Game\n\n[People] (605 quizzes)\n\nName the People\n\n[Movies] (398 quizzes)\n\nNames in Songs\n\n[Music] (126 quizzes)\n\nSurnames\n\n[General] (10 quizzes)\n\nThematic Names\n\n[General] (151 quizzes)\n\n1. Which actor played Dr. Robb in the TV series \""In The ... "",""title"":""https://www.funtrivia.com/quizzes/people/name_game/same_surname.html""},{""docid"":""78415"",""score"":16.991242550960894,""snippet"":"" ... movie follows fading TV hero Rick Dalton (Leonardo DiCaprio) and his best friend/stunt double Cliff Booth (Brad Pitt) as they navigate the changing landscape of Hollywood while also living next door to Sharon Tate (Margot Robbie).\n\nOlyphant plays one of several real-life characters in Once Upon ... "",""title"":""https://screenrant.com/timothy-olyphant-best-movies-tv-shows/""},{""docid"":""32179"",""score"":16.75430642685047,""snippet"":"" ... The Penguin - \""The Fishin' Hole\"" is the name of the iconic whistling theme song of what classic TV show, which features the title figure walking to the \""fishin' hole\"" with his son?\n\nAnswer: The Andy Griffith Show - Even though the character was first played by Susan Neher in ... "",""title"":""https://www.watercoolertrivia.com/trivia-questions/classic-tv-trivia-questions""},{""docid"":""64629"",""score"":16.6460355950987,""snippet"":"" ... Huck has various career ambitions in life, and he tries them all, though not particularly succeeding in any. This TV series was one of the six TV shows in 1960 and the first animation in history to win an Emmy for Outstanding Achievement in the Field of Children ... "",""title"":""https://www.boredpanda.com/60s-cartoons/""}]"
13,271,2026-09-14T10:15:05.829537+00:00,TV series actor family member cast unrelated role,"[""tv"",""series"",""actor"",""family"",""member"",""cast"",""unrelated"",""role""]","""tv"" OR ""series"" OR ""actor"" OR ""family"" OR ""member"" OR ""cast"" OR ""unrelated"" OR ""role""",5,926b5ad16c406760231902a802affccc9ecf484551833494d8bd71d09e634b0f,519938cc51f961ebe64dbcb827d1f5b0c02770f081d1dc8fc353acc8debc2b64,True,"[""d45"",""d33"",""d27"",""d46"",""d48""]","[""69326"",""57395"",""78415"",""63690"",""56024""]","[{""docid"":""69326"",""score"":18.76403021129144,""snippet"":"" ... 2023-11-14\n---\nSummary\n\n- Some actors excel at playing multiple roles in TV shows and movies, like Winona Ryder in Bram Stoker's Dracula and the cast of Everything Everywhere All at Once.\n\n- Recasting actors in completely unrelated roles in TV shows can go unnoticed by the audience ... "",""title"":""https://screenrant.com/actors-multiple-characters-same-tv-show/""},{""docid"":""57395"",""score"":18.072108702580366,""snippet"":"" ... Trivia[]\n\n- This had the most main cast members leave the series, with a total of 11 (although Jorja Fox later returned as a main cast member).\n\n- This was the penultimate CSI series to end.\n\n- This was the only CSI to lose both of its original lead actors (William ... "",""title"":""https://csi.fandom.com/wiki/CSI:Crime_Scene_Investigation""},{""docid"":""78415"",""score"":17.889209447110897,""snippet"":"" ... patriarch of the family. He initially plays the role with the cool calmness he pulls off so well in other roles, but becomes an anxious and desperate man when things start to unravel. The series makes for a gripping noir movie with a terrific cast that also includes ... "",""title"":""https://screenrant.com/timothy-olyphant-best-movies-tv-shows/""},{""docid"":""63690"",""score"":17.43938333974542,""snippet"":"" ... Which actor played Dr. Robb in the TV series \""In The Heat of The Night\""?\n\nFrom Quiz My Name is Robb\n\nAnswer: Dan Biggars\n\nDan Biggars was also an American college official prior to acting. William Windom played Dr. Seth Hazlitt in \""Murder She Wrote\"". Robert Young was ... "",""title"":""https://www.funtrivia.com/quizzes/people/name_game/same_surname.html""},{""docid"":""56024"",""score"":17.375538910828254,""snippet"":"" ... At 24 she won the role of the title character in UPN's drama Veronica Mars, which was launched in the fall of 2004. Created by Rob Thomas, the series starred Bell as the seventeen year old detective Veronica, which put her alongside actors Enrico Colantoni who played ... "",""title"":""https://unionfilms.org/films/people/kristen-bell.html""}]"
13,273,2026-09-14T10:15:05.832061+00:00,character married 3 times one child survives TV series 2000s,"[""character"",""married"",""3"",""times"",""one"",""child"",""survives"",""tv"",""series"",""2000s""]","""character"" OR ""married"" OR ""3"" OR ""times"" OR ""one"" OR ""child"" OR ""survives"" OR ""tv"" OR ""series"" OR ""2000s""",5,c9c062871b30893c9447ce45e87e6504375dfae99fdf6c1353e79599774caf6b,c470efb1a9b429148472627ec591e0453570f344b59db596bed9e6b635ebfe8c,True,"[""d6"",""d49"",""d50"",""d19"",""d2""]","[""78953"",""4035"",""3161"",""60134"",""81882""]","[{""docid"":""78953"",""score"":16.2824976074087,""snippet"":"" ... on Aidy Bryant's Hulu series Shrill and in the 2019 film James vs. His Future Self. In 2023, he joined season 4 of Apple TV+'s critically acclaimed science fiction drama For All Mankind as the character Eli Hobson.\n\nHe and actress Laure Mattos have been married ... "",""title"":""https://people.com/movies/home-alone-cast-where-are-they-now/""},{""docid"":""4035"",""score"":15.898290019368474,""snippet"":"" ... He was married to Star Herrmann and Leigh Curran. He died on 31 December 2014 in New York City, New York, USA.- Actor\n\n- Producer\n\n- Additional Crew\n\nOne of Hollywood's finest character / \""Method\"" actors, Eli Wallach was in demand for over 60 years (first film/TV role was ... "",""title"":""https://www.imdb.com/search/name/?death_date=2014""},{""docid"":""3161"",""score"":15.76035451695941,""snippet"":"" ... In the early 1970s, she landed minor roles in film and TV, and finally won a role on the series Three's Company (1976). She married Hamel in 1977. She was fired from the series after she asked for a raise at the beginning of the fifth season ... "",""title"":""https://m.imdb.com/search/name/?death_date=2023&ref_=nmbio_dth_yr""},{""docid"":""60134"",""score"":15.715324421687555,""snippet"":"" ... In 2003, Mulroney played Gavin Mitchell on the TV series Friends. He appeared in three episodes of the ninth season, his character briefly dating Rachel. This would mark Mulroney's last on-screen appearance on television for a number of years, later revealing in a May 2007 interview ... "",""title"":""https://en.wikipedia.org/wiki/Dermot_Mulroney""},{""docid"":""81882"",""score"":15.691378997718399,""snippet"":"" ... He was married a total of seven times, and fathered eight children.\n\nAfter long battles with ill health, Richard Pryor passed away on December 10th, 2005.- Vincent Schiavelli, selected in 1997 by Vanity Fair as one of the best character actors in America, had made over 120 film ... "",""title"":""https://m.imdb.com/search/name/?death_date=2005&ref_=nmbio""}]"
13,274,2026-09-14T10:15:05.832907+00:00,TV show character three marriages one surviving child,"[""tv"",""show"",""character"",""three"",""marriages"",""one"",""surviving"",""child""]","""tv"" OR ""show"" OR ""character"" OR ""three"" OR ""marriages"" OR ""one"" OR ""surviving"" OR ""child""",5,dcfdfe59d4312591ff3d757fe02035f881e4a26022e07fa519df09748ec9df4a,3f31bf042d8cc6df97db1dfa7b9b5da5c52351b9d4583f684f1cbc8fdbd5e8e2,True,"[""d39"",""d8"",""d51"",""d52"",""d53""]","[""53008"",""60248"",""37367"",""77637"",""54031""]","[{""docid"":""53008"",""score"":13.664801548271926,""snippet"":"" ... Most recently, Liotta appeared in The Many Saints of Newark, Marriage Story and No Sudden Move. He also appeared on Jennifer Lopez's TV show, Shades of Blue, which ended after three seasons. Liotta is survived by his daughter, Karsen and his fiancée Jacy Nittolo.\n\nJohn Zderko\n\nThe ... "",""title"":""https://www.etonline.com/gallery/stars-weve-lost-in-2022-177426""},{""docid"":""60248"",""score"":13.648348285782436,""snippet"":"" ... Lucci was expected to guest star on Prospect Park's continuation of All My Children in 2013, but the appearance never came to fruition due to the show's second cancellation.\n\nErica is considered to be the most popular character in American soap opera history. TV Guide calls ... "",""title"":""https://en.wikipedia.org/wiki/Erica_Kane""},{""docid"":""37367"",""score"":13.510584826136753,""snippet"":"" ... Midway through the season, an attempt was made to increase ratings by having Havoc's character relocate to New York to represent show business clients; however, the show lasted only one season.\""Lady Lawyer Practices Law,\"" TV Guide May 7–13, 1955, p. 12.\n\nFrom the 1960s through ... "",""title"":""https://en.wikipedia.org/wiki/June_Havoc""},{""docid"":""77637"",""score"":13.489606718134208,""snippet"":"" ... Besides his TV career, he was also an ordained Presbyterian minister.\n\nAfter starting her film career at the age of three, Shirley Temple went on to become Hollywood's highest-grossing child actress from 1935 to 1938. She is the epitome of popular child stars who lose their ... "",""title"":""https://www.thefamouspeople.com/born-1928.php""},{""docid"":""54031"",""score"":13.354763032640921,""snippet"":"" ... Simultaneously, numerous agencies in Britain and in America targeted various other aspects of child welfare, from educating parents (particularly women) on hygiene and child-rearing, to raising the age for compulsory schooling, instituting school nutrition programs, and recognizing child rights.\n\nThe Useless Child\n\nFalling infant mortality rates during ... "",""title"":""https://www.representingchildhood.pitt.edu/twentycent_child.htm""}]"
14,284,2026-09-14T10:15:09.987028+00:00,actor real life daughter plays niece TV series,"[""actor"",""real"",""life"",""daughter"",""plays"",""niece"",""tv"",""series""]","""actor"" OR ""real"" OR ""life"" OR ""daughter"" OR ""plays"" OR ""niece"" OR ""tv"" OR ""series""",5,c5b8aa186c7c0fe6193a19341def225d23aa3e1eddf39c92614b2bacf8eb4794,d6c7070e3e40ec10244efa948e3a4b087582a5f3023fa91246133211ca293d76,True,"[""d41"",""d11"",""d42"",""d43"",""d44""]","[""48538"",""20480"",""51536"",""11779"",""27252""]","[{""docid"":""48538"",""score"":18.696880866122626,""snippet"":"" ... The story of their strange marriage, the child it produced and its violent end was a Hollywood tragedy played out in court.\n\nOnce hailed as among the finest actors of his generation, Blake became better known as the center of a real-life murder trial, a story more ... "",""title"":""https://www.pbs.org/newshour/arts/robert-blake-actor-acquitted-in-wifes-killing-dies-at-89""},{""docid"":""20480"",""score"":18.63087915735836,""snippet"":"" ... They need that, too.\""\n\nWhile her TV dad played an influential role in her life on That Girl, Thomas's real-life father was, and remains, the overwhelming inspiration in both her life and career.\n\nA multi-talented performer - beloved nightclub headliner, movie actor, TV producer and star ... "",""title"":""https://www.televisionacademy.com/features/news/online-originals/girl-one-who-changed-everything""},{""docid"":""51536"",""score"":18.622128107713962,""snippet"":"" ... it was the first big movie break for the talented, late actor Anton Yelchin, and it allowed Robin Williams to share the screen with his daughter Zelda.\n\nYelchin's plays Duchovny as a boy, whose best friend is a mentally challenged deliveryman, played by Williams. Zelda Williams plays ... "",""title"":""https://collider.com/galleries/celebrity-children-parents-movies/""},{""docid"":""11779"",""score"":18.06236804587279,""snippet"":"" ... Doherty later starred in the Kevin Smith film Mallrats and the TV series Charmed.\n\nIn 2023, the actor and director launched Let's Be Clear with Shannen Doherty, a podcast that reflects on her life and career. \""I wanted to be clear about what it was like for ... "",""title"":""https://people.com/little-house-on-the-prairie-cast-where-are-they-now-8603014""},{""docid"":""27252"",""score"":17.802101342039794,""snippet"":"" ... Scott | | |\n| BET Comedy Awards | 2004 | Outstanding Comedy Series | George Lopez | | |\n| BET Comedy Awards | 2004 | Outstanding Lead Actor in a Comedy Series | George Lopez | | |\n| Casting Society of America | 2002 | Best Casting for TV, Comedy Pilot (\""Prototype\"") | Mary V. BuckSusan Edelman | | |\n| Emmy Awards (Creative Arts) | 2004 | Outstanding Cinematography for a ... "",""title"":""https://en.wikipedia.org/wiki/George_Lopez_(TV_series)""}]"
14,285,2026-09-14T10:15:09.987918+00:00,actor real life son plays unrelated character TV show,"[""actor"",""real"",""life"",""son"",""plays"",""unrelated"",""character"",""tv"",""show""]","""actor"" OR ""real"" OR ""life"" OR ""son"" OR ""plays"" OR ""unrelated"" OR ""character"" OR ""tv"" OR ""show""",5,54939772d527a727c4e4a4cd375ace27972cd17cfcdf48ccbd7cf79a6b997fd7,186b25c5ce5104eb7bad2ac592a8b3dd73bc4bde4acb44578dd593e39b9d170f,True,"[""d45"",""d46"",""d27"",""d47"",""d24""]","[""69326"",""63690"",""78415"",""32179"",""64629""]","[{""docid"":""69326"",""score"":17.608058152860483,""snippet"":"" ... actors in completely unrelated roles in TV shows can go unnoticed by the audience, like Charles-Dean Chapman in Game of Thrones.\n\n- Talented actors, such as Tatiana Maslany in Orphan Black and Lisa Kudrow in Friends, can successfully portray multiple characters and create complex relationships on-screen.\n\nPlaying ... "",""title"":""https://screenrant.com/actors-multiple-characters-same-tv-show/""},{""docid"":""63690"",""score"":17.307014678439057,""snippet"":"" ... People] (94 quizzes)\n\nReal Name\n\n[Celebrities] (73 quizzes)\n\nThe Best Name Game\n\n[People] (605 quizzes)\n\nName the People\n\n[Movies] (398 quizzes)\n\nNames in Songs\n\n[Music] (126 quizzes)\n\nSurnames\n\n[General] (10 quizzes)\n\nThematic Names\n\n[General] (151 quizzes)\n\n1. Which actor played Dr. Robb in the TV series \""In The ... "",""title"":""https://www.funtrivia.com/quizzes/people/name_game/same_surname.html""},{""docid"":""78415"",""score"":16.991242550960894,""snippet"":"" ... movie follows fading TV hero Rick Dalton (Leonardo DiCaprio) and his best friend/stunt double Cliff Booth (Brad Pitt) as they navigate the changing landscape of Hollywood while also living next door to Sharon Tate (Margot Robbie).\n\nOlyphant plays one of several real-life characters in Once Upon ... "",""title"":""https://screenrant.com/timothy-olyphant-best-movies-tv-shows/""},{""docid"":""32179"",""score"":16.75430642685047,""snippet"":"" ... The Penguin - \""The Fishin' Hole\"" is the name of the iconic whistling theme song of what classic TV show, which features the title figure walking to the \""fishin' hole\"" with his son?\n\nAnswer: The Andy Griffith Show - Even though the character was first played by Susan Neher in ... "",""title"":""https://www.watercoolertrivia.com/trivia-questions/classic-tv-trivia-questions""},{""docid"":""64629"",""score"":16.6460355950987,""snippet"":"" ... Huck has various career ambitions in life, and he tries them all, though not particularly succeeding in any. This TV series was one of the six TV shows in 1960 and the first animation in history to win an Emmy for Outstanding Achievement in the Field of Children ... "",""title"":""https://www.boredpanda.com/60s-cartoons/""}]"
14,286,2026-09-14T10:15:09.988853+00:00,TV series actor family member cast unrelated role,"[""tv"",""series"",""actor"",""family"",""member"",""cast"",""unrelated"",""role""]","""tv"" OR ""series"" OR ""actor"" OR ""family"" OR ""member"" OR ""cast"" OR ""unrelated"" OR ""role""",5,926b5ad16c406760231902a802affccc9ecf484551833494d8bd71d09e634b0f,519938cc51f961ebe64dbcb827d1f5b0c02770f081d1dc8fc353acc8debc2b64,True,"[""d45"",""d33"",""d27"",""d46"",""d48""]","[""69326"",""57395"",""78415"",""63690"",""56024""]","[{""docid"":""69326"",""score"":18.76403021129144,""snippet"":"" ... 2023-11-14\n---\nSummary\n\n- Some actors excel at playing multiple roles in TV shows and movies, like Winona Ryder in Bram Stoker's Dracula and the cast of Everything Everywhere All at Once.\n\n- Recasting actors in completely unrelated roles in TV shows can go unnoticed by the audience ... "",""title"":""https://screenrant.com/actors-multiple-characters-same-tv-show/""},{""docid"":""57395"",""score"":18.072108702580366,""snippet"":"" ... Trivia[]\n\n- This had the most main cast members leave the series, with a total of 11 (although Jorja Fox later returned as a main cast member).\n\n- This was the penultimate CSI series to end.\n\n- This was the only CSI to lose both of its original lead actors (William ... "",""title"":""https://csi.fandom.com/wiki/CSI:Crime_Scene_Investigation""},{""docid"":""78415"",""score"":17.889209447110897,""snippet"":"" ... patriarch of the family. He initially plays the role with the cool calmness he pulls off so well in other roles, but becomes an anxious and desperate man when things start to unravel. The series makes for a gripping noir movie with a terrific cast that also includes ... "",""title"":""https://screenrant.com/timothy-olyphant-best-movies-tv-shows/""},{""docid"":""63690"",""score"":17.43938333974542,""snippet"":"" ... Which actor played Dr. Robb in the TV series \""In The Heat of The Night\""?\n\nFrom Quiz My Name is Robb\n\nAnswer: Dan Biggars\n\nDan Biggars was also an American college official prior to acting. William Windom played Dr. Seth Hazlitt in \""Murder She Wrote\"". Robert Young was ... "",""title"":""https://www.funtrivia.com/quizzes/people/name_game/same_surname.html""},{""docid"":""56024"",""score"":17.375538910828254,""snippet"":"" ... At 24 she won the role of the title character in UPN's drama Veronica Mars, which was launched in the fall of 2004. Created by Rob Thomas, the series starred Bell as the seventeen year old detective Veronica, which put her alongside actors Enrico Colantoni who played ... "",""title"":""https://unionfilms.org/films/people/kristen-bell.html""}]"
14,288,2026-09-14T10:15:09.991473+00:00,character married 3 times one child survives TV series 2000s,"[""character"",""married"",""3"",""times"",""one"",""child"",""survives"",""tv"",""series"",""2000s""]","""character"" OR ""married"" OR ""3"" OR ""times"" OR ""one"" OR ""child"" OR ""survives"" OR ""tv"" OR ""series"" OR ""2000s""",5,c9c062871b30893c9447ce45e87e6504375dfae99fdf6c1353e79599774caf6b,c470efb1a9b429148472627ec591e0453570f344b59db596bed9e6b635ebfe8c,True,"[""d6"",""d49"",""d50"",""d19"",""d2""]","[""78953"",""4035"",""3161"",""60134"",""81882""]","[{""docid"":""78953"",""score"":16.2824976074087,""snippet"":"" ... on Aidy Bryant's Hulu series Shrill and in the 2019 film James vs. His Future Self. In 2023, he joined season 4 of Apple TV+'s critically acclaimed science fiction drama For All Mankind as the character Eli Hobson.\n\nHe and actress Laure Mattos have been married ... "",""title"":""https://people.com/movies/home-alone-cast-where-are-they-now/""},{""docid"":""4035"",""score"":15.898290019368474,""snippet"":"" ... He was married to Star Herrmann and Leigh Curran. He died on 31 December 2014 in New York City, New York, USA.- Actor\n\n- Producer\n\n- Additional Crew\n\nOne of Hollywood's finest character / \""Method\"" actors, Eli Wallach was in demand for over 60 years (first film/TV role was ... "",""title"":""https://www.imdb.com/search/name/?death_date=2014""},{""docid"":""3161"",""score"":15.76035451695941,""snippet"":"" ... In the early 1970s, she landed minor roles in film and TV, and finally won a role on the series Three's Company (1976). She married Hamel in 1977. She was fired from the series after she asked for a raise at the beginning of the fifth season ... "",""title"":""https://m.imdb.com/search/name/?death_date=2023&ref_=nmbio_dth_yr""},{""docid"":""60134"",""score"":15.715324421687555,""snippet"":"" ... In 2003, Mulroney played Gavin Mitchell on the TV series Friends. He appeared in three episodes of the ninth season, his character briefly dating Rachel. This would mark Mulroney's last on-screen appearance on television for a number of years, later revealing in a May 2007 interview ... "",""title"":""https://en.wikipedia.org/wiki/Dermot_Mulroney""},{""docid"":""81882"",""score"":15.691378997718399,""snippet"":"" ... He was married a total of seven times, and fathered eight children.\n\nAfter long battles with ill health, Richard Pryor passed away on December 10th, 2005.- Vincent Schiavelli, selected in 1997 by Vanity Fair as one of the best character actors in America, had made over 120 film ... "",""title"":""https://m.imdb.com/search/name/?death_date=2005&ref_=nmbio""}]"
14,289,2026-09-14T10:15:09.992266+00:00,TV show character three marriages one surviving child,"[""tv"",""show"",""character"",""three"",""marriages"",""one"",""surviving"",""child""]","""tv"" OR ""show"" OR ""character"" OR ""three"" OR ""marriages"" OR ""one"" OR ""surviving"" OR ""child""",5,dcfdfe59d4312591ff3d757fe02035f881e4a26022e07fa519df09748ec9df4a,3f31bf042d8cc6df97db1dfa7b9b5da5c52351b9d4583f684f1cbc8fdbd5e8e2,True,"[""d39"",""d8"",""d51"",""d52"",""d53""]","[""53008"",""60248"",""37367"",""77637"",""54031""]","[{""docid"":""53008"",""score"":13.664801548271926,""snippet"":"" ... Most recently, Liotta appeared in The Many Saints of Newark, Marriage Story and No Sudden Move. He also appeared on Jennifer Lopez's TV show, Shades of Blue, which ended after three seasons. Liotta is survived by his daughter, Karsen and his fiancée Jacy Nittolo.\n\nJohn Zderko\n\nThe ... "",""title"":""https://www.etonline.com/gallery/stars-weve-lost-in-2022-177426""},{""docid"":""60248"",""score"":13.648348285782436,""snippet"":"" ... Lucci was expected to guest star on Prospect Park's continuation of All My Children in 2013, but the appearance never came to fruition due to the show's second cancellation.\n\nErica is considered to be the most popular character in American soap opera history. TV Guide calls ... "",""title"":""https://en.wikipedia.org/wiki/Erica_Kane""},{""docid"":""37367"",""score"":13.510584826136753,""snippet"":"" ... Midway through the season, an attempt was made to increase ratings by having Havoc's character relocate to New York to represent show business clients; however, the show lasted only one season.\""Lady Lawyer Practices Law,\"" TV Guide May 7–13, 1955, p. 12.\n\nFrom the 1960s through ... "",""title"":""https://en.wikipedia.org/wiki/June_Havoc""},{""docid"":""77637"",""score"":13.489606718134208,""snippet"":"" ... Besides his TV career, he was also an ordained Presbyterian minister.\n\nAfter starting her film career at the age of three, Shirley Temple went on to become Hollywood's highest-grossing child actress from 1935 to 1938. She is the epitome of popular child stars who lose their ... "",""title"":""https://www.thefamouspeople.com/born-1928.php""},{""docid"":""54031"",""score"":13.354763032640921,""snippet"":"" ... Simultaneously, numerous agencies in Britain and in America targeted various other aspects of child welfare, from educating parents (particularly women) on hygiene and child-rearing, to raising the age for compulsory schooling, instituting school nutrition programs, and recognizing child rights.\n\nThe Useless Child\n\nFalling infant mortality rates during ... "",""title"":""https://www.representingchildhood.pitt.edu/twentycent_child.htm""}]"
15,299,2026-09-14T10:15:14.692312+00:00,actor real life daughter plays niece TV series,"[""actor"",""real"",""life"",""daughter"",""plays"",""niece"",""tv"",""series""]","""actor"" OR ""real"" OR ""life"" OR ""daughter"" OR ""plays"" OR ""niece"" OR ""tv"" OR ""series""",5,c5b8aa186c7c0fe6193a19341def225d23aa3e1eddf39c92614b2bacf8eb4794,d6c7070e3e40ec10244efa948e3a4b087582a5f3023fa91246133211ca293d76,True,"[""d41"",""d11"",""d42"",""d43"",""d44""]","[""48538"",""20480"",""51536"",""11779"",""27252""]","[{""docid"":""48538"",""score"":18.696880866122626,""snippet"":"" ... The story of their strange marriage, the child it produced and its violent end was a Hollywood tragedy played out in court.\n\nOnce hailed as among the finest actors of his generation, Blake became better known as the center of a real-life murder trial, a story more ... "",""title"":""https://www.pbs.org/newshour/arts/robert-blake-actor-acquitted-in-wifes-killing-dies-at-89""},{""docid"":""20480"",""score"":18.63087915735836,""snippet"":"" ... They need that, too.\""\n\nWhile her TV dad played an influential role in her life on That Girl, Thomas's real-life father was, and remains, the overwhelming inspiration in both her life and career.\n\nA multi-talented performer - beloved nightclub headliner, movie actor, TV producer and star ... "",""title"":""https://www.televisionacademy.com/features/news/online-originals/girl-one-who-changed-everything""},{""docid"":""51536"",""score"":18.622128107713962,""snippet"":"" ... it was the first big movie break for the talented, late actor Anton Yelchin, and it allowed Robin Williams to share the screen with his daughter Zelda.\n\nYelchin's plays Duchovny as a boy, whose best friend is a mentally challenged deliveryman, played by Williams. Zelda Williams plays ... "",""title"":""https://collider.com/galleries/celebrity-children-parents-movies/""},{""docid"":""11779"",""score"":18.06236804587279,""snippet"":"" ... Doherty later starred in the Kevin Smith film Mallrats and the TV series Charmed.\n\nIn 2023, the actor and director launched Let's Be Clear with Shannen Doherty, a podcast that reflects on her life and career. \""I wanted to be clear about what it was like for ... "",""title"":""https://people.com/little-house-on-the-prairie-cast-where-are-they-now-8603014""},{""docid"":""27252"",""score"":17.802101342039794,""snippet"":"" ... Scott | | |\n| BET Comedy Awards | 2004 | Outstanding Comedy Series | George Lopez | | |\n| BET Comedy Awards | 2004 | Outstanding Lead Actor in a Comedy Series | George Lopez | | |\n| Casting Society of America | 2002 | Best Casting for TV, Comedy Pilot (\""Prototype\"") | Mary V. BuckSusan Edelman | | |\n| Emmy Awards (Creative Arts) | 2004 | Outstanding Cinematography for a ... "",""title"":""https://en.wikipedia.org/wiki/George_Lopez_(TV_series)""}]"
15,300,2026-09-14T10:15:14.693399+00:00,actor real life son plays unrelated character TV show,"[""actor"",""real"",""life"",""son"",""plays"",""unrelated"",""character"",""tv"",""show""]","""actor"" OR ""real"" OR ""life"" OR ""son"" OR ""plays"" OR ""unrelated"" OR ""character"" OR ""tv"" OR ""show""",5,54939772d527a727c4e4a4cd375ace27972cd17cfcdf48ccbd7cf79a6b997fd7,186b25c5ce5104eb7bad2ac592a8b3dd73bc4bde4acb44578dd593e39b9d170f,True,"[""d45"",""d46"",""d27"",""d47"",""d24""]","[""69326"",""63690"",""78415"",""32179"",""64629""]","[{""docid"":""69326"",""score"":17.608058152860483,""snippet"":"" ... actors in completely unrelated roles in TV shows can go unnoticed by the audience, like Charles-Dean Chapman in Game of Thrones.\n\n- Talented actors, such as Tatiana Maslany in Orphan Black and Lisa Kudrow in Friends, can successfully portray multiple characters and create complex relationships on-screen.\n\nPlaying ... "",""title"":""https://screenrant.com/actors-multiple-characters-same-tv-show/""},{""docid"":""63690"",""score"":17.307014678439057,""snippet"":"" ... People] (94 quizzes)\n\nReal Name\n\n[Celebrities] (73 quizzes)\n\nThe Best Name Game\n\n[People] (605 quizzes)\n\nName the People\n\n[Movies] (398 quizzes)\n\nNames in Songs\n\n[Music] (126 quizzes)\n\nSurnames\n\n[General] (10 quizzes)\n\nThematic Names\n\n[General] (151 quizzes)\n\n1. Which actor played Dr. Robb in the TV series \""In The ... "",""title"":""https://www.funtrivia.com/quizzes/people/name_game/same_surname.html""},{""docid"":""78415"",""score"":16.991242550960894,""snippet"":"" ... movie follows fading TV hero Rick Dalton (Leonardo DiCaprio) and his best friend/stunt double Cliff Booth (Brad Pitt) as they navigate the changing landscape of Hollywood while also living next door to Sharon Tate (Margot Robbie).\n\nOlyphant plays one of several real-life characters in Once Upon ... "",""title"":""https://screenrant.com/timothy-olyphant-best-movies-tv-shows/""},{""docid"":""32179"",""score"":16.75430642685047,""snippet"":"" ... The Penguin - \""The Fishin' Hole\"" is the name of the iconic whistling theme song of what classic TV show, which features the title figure walking to the \""fishin' hole\"" with his son?\n\nAnswer: The Andy Griffith Show - Even though the character was first played by Susan Neher in ... "",""title"":""https://www.watercoolertrivia.com/trivia-questions/classic-tv-trivia-questions""},{""docid"":""64629"",""score"":16.6460355950987,""snippet"":"" ... Huck has various career ambitions in life, and he tries them all, though not particularly succeeding in any. This TV series was one of the six TV shows in 1960 and the first animation in history to win an Emmy for Outstanding Achievement in the Field of Children ... "",""title"":""https://www.boredpanda.com/60s-cartoons/""}]"
15,301,2026-09-14T10:15:14.694174+00:00,TV series actor family member cast unrelated role,"[""tv"",""series"",""actor"",""family"",""member"",""cast"",""unrelated"",""role""]","""tv"" OR ""series"" OR ""actor"" OR ""family"" OR ""member"" OR ""cast"" OR ""unrelated"" OR ""role""",5,926b5ad16c406760231902a802affccc9ecf484551833494d8bd71d09e634b0f,519938cc51f961ebe64dbcb827d1f5b0c02770f081d1dc8fc353acc8debc2b64,True,"[""d45"",""d33"",""d27"",""d46"",""d48""]","[""69326"",""57395"",""78415"",""63690"",""56024""]","[{""docid"":""69326"",""score"":18.76403021129144,""snippet"":"" ... 2023-11-14\n---\nSummary\n\n- Some actors excel at playing multiple roles in TV shows and movies, like Winona Ryder in Bram Stoker's Dracula and the cast of Everything Everywhere All at Once.\n\n- Recasting actors in completely unrelated roles in TV shows can go unnoticed by the audience ... "",""title"":""https://screenrant.com/actors-multiple-characters-same-tv-show/""},{""docid"":""57395"",""score"":18.072108702580366,""snippet"":"" ... Trivia[]\n\n- This had the most main cast members leave the series, with a total of 11 (although Jorja Fox later returned as a main cast member).\n\n- This was the penultimate CSI series to end.\n\n- This was the only CSI to lose both of its original lead actors (William ... "",""title"":""https://csi.fandom.com/wiki/CSI:Crime_Scene_Investigation""},{""docid"":""78415"",""score"":17.889209447110897,""snippet"":"" ... patriarch of the family. He initially plays the role with the cool calmness he pulls off so well in other roles, but becomes an anxious and desperate man when things start to unravel. The series makes for a gripping noir movie with a terrific cast that also includes ... "",""title"":""https://screenrant.com/timothy-olyphant-best-movies-tv-shows/""},{""docid"":""63690"",""score"":17.43938333974542,""snippet"":"" ... Which actor played Dr. Robb in the TV series \""In The Heat of The Night\""?\n\nFrom Quiz My Name is Robb\n\nAnswer: Dan Biggars\n\nDan Biggars was also an American college official prior to acting. William Windom played Dr. Seth Hazlitt in \""Murder She Wrote\"". Robert Young was ... "",""title"":""https://www.funtrivia.com/quizzes/people/name_game/same_surname.html""},{""docid"":""56024"",""score"":17.375538910828254,""snippet"":"" ... At 24 she won the role of the title character in UPN's drama Veronica Mars, which was launched in the fall of 2004. Created by Rob Thomas, the series starred Bell as the seventeen year old detective Veronica, which put her alongside actors Enrico Colantoni who played ... "",""title"":""https://unionfilms.org/films/people/kristen-bell.html""}]"
15,303,2026-09-14T10:15:14.697056+00:00,character married 3 times one child survives TV series 2000s,"[""character"",""married"",""3"",""times"",""one"",""child"",""survives"",""tv"",""series"",""2000s""]","""character"" OR ""married"" OR ""3"" OR ""times"" OR ""one"" OR ""child"" OR ""survives"" OR ""tv"" OR ""series"" OR ""2000s""",5,c9c062871b30893c9447ce45e87e6504375dfae99fdf6c1353e79599774caf6b,c470efb1a9b429148472627ec591e0453570f344b59db596bed9e6b635ebfe8c,True,"[""d6"",""d49"",""d50"",""d19"",""d2""]","[""78953"",""4035"",""3161"",""60134"",""81882""]","[{""docid"":""78953"",""score"":16.2824976074087,""snippet"":"" ... on Aidy Bryant's Hulu series Shrill and in the 2019 film James vs. His Future Self. In 2023, he joined season 4 of Apple TV+'s critically acclaimed science fiction drama For All Mankind as the character Eli Hobson.\n\nHe and actress Laure Mattos have been married ... "",""title"":""https://people.com/movies/home-alone-cast-where-are-they-now/""},{""docid"":""4035"",""score"":15.898290019368474,""snippet"":"" ... He was married to Star Herrmann and Leigh Curran. He died on 31 December 2014 in New York City, New York, USA.- Actor\n\n- Producer\n\n- Additional Crew\n\nOne of Hollywood's finest character / \""Method\"" actors, Eli Wallach was in demand for over 60 years (first film/TV role was ... "",""title"":""https://www.imdb.com/search/name/?death_date=2014""},{""docid"":""3161"",""score"":15.76035451695941,""snippet"":"" ... In the early 1970s, she landed minor roles in film and TV, and finally won a role on the series Three's Company (1976). She married Hamel in 1977. She was fired from the series after she asked for a raise at the beginning of the fifth season ... "",""title"":""https://m.imdb.com/search/name/?death_date=2023&ref_=nmbio_dth_yr""},{""docid"":""60134"",""score"":15.715324421687555,""snippet"":"" ... In 2003, Mulroney played Gavin Mitchell on the TV series Friends. He appeared in three episodes of the ninth season, his character briefly dating Rachel. This would mark Mulroney's last on-screen appearance on television for a number of years, later revealing in a May 2007 interview ... "",""title"":""https://en.wikipedia.org/wiki/Dermot_Mulroney""},{""docid"":""81882"",""score"":15.691378997718399,""snippet"":"" ... He was married a total of seven times, and fathered eight children.\n\nAfter long battles with ill health, Richard Pryor passed away on December 10th, 2005.- Vincent Schiavelli, selected in 1997 by Vanity Fair as one of the best character actors in America, had made over 120 film ... "",""title"":""https://m.imdb.com/search/name/?death_date=2005&ref_=nmbio""}]"
15,304,2026-09-14T10:15:14.698031+00:00,TV show character three marriages one surviving child,"[""tv"",""show"",""character"",""three"",""marriages"",""one"",""surviving"",""child""]","""tv"" OR ""show"" OR ""character"" OR ""three"" OR ""marriages"" OR ""one"" OR ""surviving"" OR ""child""",5,dcfdfe59d4312591ff3d757fe02035f881e4a26022e07fa519df09748ec9df4a,3f31bf042d8cc6df97db1dfa7b9b5da5c52351b9d4583f684f1cbc8fdbd5e8e2,True,"[""d39"",""d8"",""d51"",""d52"",""d53""]","[""53008"",""60248"",""37367"",""77637"",""54031""]","[{""docid"":""53008"",""score"":13.664801548271926,""snippet"":"" ... Most recently, Liotta appeared in The Many Saints of Newark, Marriage Story and No Sudden Move. He also appeared on Jennifer Lopez's TV show, Shades of Blue, which ended after three seasons. Liotta is survived by his daughter, Karsen and his fiancée Jacy Nittolo.\n\nJohn Zderko\n\nThe ... "",""title"":""https://www.etonline.com/gallery/stars-weve-lost-in-2022-177426""},{""docid"":""60248"",""score"":13.648348285782436,""snippet"":"" ... Lucci was expected to guest star on Prospect Park's continuation of All My Children in 2013, but the appearance never came to fruition due to the show's second cancellation.\n\nErica is considered to be the most popular character in American soap opera history. TV Guide calls ... "",""title"":""https://en.wikipedia.org/wiki/Erica_Kane""},{""docid"":""37367"",""score"":13.510584826136753,""snippet"":"" ... Midway through the season, an attempt was made to increase ratings by having Havoc's character relocate to New York to represent show business clients; however, the show lasted only one season.\""Lady Lawyer Practices Law,\"" TV Guide May 7–13, 1955, p. 12.\n\nFrom the 1960s through ... "",""title"":""https://en.wikipedia.org/wiki/June_Havoc""},{""docid"":""77637"",""score"":13.489606718134208,""snippet"":"" ... Besides his TV career, he was also an ordained Presbyterian minister.\n\nAfter starting her film career at the age of three, Shirley Temple went on to become Hollywood's highest-grossing child actress from 1935 to 1938. She is the epitome of popular child stars who lose their ... "",""title"":""https://www.thefamouspeople.com/born-1928.php""},{""docid"":""54031"",""score"":13.354763032640921,""snippet"":"" ... Simultaneously, numerous agencies in Britain and in America targeted various other aspects of child welfare, from educating parents (particularly women) on hygiene and child-rearing, to raising the age for compulsory schooling, instituting school nutrition programs, and recognizing child rights.\n\nThe Useless Child\n\nFalling infant mortality rates during ... "",""title"":""https://www.representingchildhood.pitt.edu/twentycent_child.htm""}]"
16,314,2026-09-14T10:15:19.313774+00:00,actor real life daughter plays niece TV series,"[""actor"",""real"",""life"",""daughter"",""plays"",""niece"",""tv"",""series""]","""actor"" OR ""real"" OR ""life"" OR ""daughter"" OR ""plays"" OR ""niece"" OR ""tv"" OR ""series""",5,c5b8aa186c7c0fe6193a19341def225d23aa3e1eddf39c92614b2bacf8eb4794,d6c7070e3e40ec10244efa948e3a4b087582a5f3023fa91246133211ca293d76,True,"[""d41"",""d11"",""d42"",""d43"",""d44""]","[""48538"",""20480"",""51536"",""11779"",""27252""]","[{""docid"":""48538"",""score"":18.696880866122626,""snippet"":"" ... The story of their strange marriage, the child it produced and its violent end was a Hollywood tragedy played out in court.\n\nOnce hailed as among the finest actors of his generation, Blake became better known as the center of a real-life murder trial, a story more ... "",""title"":""https://www.pbs.org/newshour/arts/robert-blake-actor-acquitted-in-wifes-killing-dies-at-89""},{""docid"":""20480"",""score"":18.63087915735836,""snippet"":"" ... They need that, too.\""\n\nWhile her TV dad played an influential role in her life on That Girl, Thomas's real-life father was, and remains, the overwhelming inspiration in both her life and career.\n\nA multi-talented performer - beloved nightclub headliner, movie actor, TV producer and star ... "",""title"":""https://www.televisionacademy.com/features/news/online-originals/girl-one-who-changed-everything""},{""docid"":""51536"",""score"":18.622128107713962,""snippet"":"" ... it was the first big movie break for the talented, late actor Anton Yelchin, and it allowed Robin Williams to share the screen with his daughter Zelda.\n\nYelchin's plays Duchovny as a boy, whose best friend is a mentally challenged deliveryman, played by Williams. Zelda Williams plays ... "",""title"":""https://collider.com/galleries/celebrity-children-parents-movies/""},{""docid"":""11779"",""score"":18.06236804587279,""snippet"":"" ... Doherty later starred in the Kevin Smith film Mallrats and the TV series Charmed.\n\nIn 2023, the actor and director launched Let's Be Clear with Shannen Doherty, a podcast that reflects on her life and career. \""I wanted to be clear about what it was like for ... "",""title"":""https://people.com/little-house-on-the-prairie-cast-where-are-they-now-8603014""},{""docid"":""27252"",""score"":17.802101342039794,""snippet"":"" ... Scott | | |\n| BET Comedy Awards | 2004 | Outstanding Comedy Series | George Lopez | | |\n| BET Comedy Awards | 2004 | Outstanding Lead Actor in a Comedy Series | George Lopez | | |\n| Casting Society of America | 2002 | Best Casting for TV, Comedy Pilot (\""Prototype\"") | Mary V. BuckSusan Edelman | | |\n| Emmy Awards (Creative Arts) | 2004 | Outstanding Cinematography for a ... "",""title"":""https://en.wikipedia.org/wiki/George_Lopez_(TV_series)""}]"
16,315,2026-09-14T10:15:19.314731+00:00,actor real life son plays unrelated character TV show,"[""actor"",""real"",""life"",""son"",""plays"",""unrelated"",""character"",""tv"",""show""]","""actor"" OR ""real"" OR ""life"" OR ""son"" OR ""plays"" OR ""unrelated"" OR ""character"" OR ""tv"" OR ""show""",5,54939772d527a727c4e4a4cd375ace27972cd17cfcdf48ccbd7cf79a6b997fd7,186b25c5ce5104eb7bad2ac592a8b3dd73bc4bde4acb44578dd593e39b9d170f,True,"[""d45"",""d46"",""d27"",""d47"",""d24""]","[""69326"",""63690"",""78415"",""32179"",""64629""]","[{""docid"":""69326"",""score"":17.608058152860483,""snippet"":"" ... actors in completely unrelated roles in TV shows can go unnoticed by the audience, like Charles-Dean Chapman in Game of Thrones.\n\n- Talented actors, such as Tatiana Maslany in Orphan Black and Lisa Kudrow in Friends, can successfully portray multiple characters and create complex relationships on-screen.\n\nPlaying ... "",""title"":""https://screenrant.com/actors-multiple-characters-same-tv-show/""},{""docid"":""63690"",""score"":17.307014678439057,""snippet"":"" ... People] (94 quizzes)\n\nReal Name\n\n[Celebrities] (73 quizzes)\n\nThe Best Name Game\n\n[People] (605 quizzes)\n\nName the People\n\n[Movies] (398 quizzes)\n\nNames in Songs\n\n[Music] (126 quizzes)\n\nSurnames\n\n[General] (10 quizzes)\n\nThematic Names\n\n[General] (151 quizzes)\n\n1. Which actor played Dr. Robb in the TV series \""In The ... "",""title"":""https://www.funtrivia.com/quizzes/people/name_game/same_surname.html""},{""docid"":""78415"",""score"":16.991242550960894,""snippet"":"" ... movie follows fading TV hero Rick Dalton (Leonardo DiCaprio) and his best friend/stunt double Cliff Booth (Brad Pitt) as they navigate the changing landscape of Hollywood while also living next door to Sharon Tate (Margot Robbie).\n\nOlyphant plays one of several real-life characters in Once Upon ... "",""title"":""https://screenrant.com/timothy-olyphant-best-movies-tv-shows/""},{""docid"":""32179"",""score"":16.75430642685047,""snippet"":"" ... The Penguin - \""The Fishin' Hole\"" is the name of the iconic whistling theme song of what classic TV show, which features the title figure walking to the \""fishin' hole\"" with his son?\n\nAnswer: The Andy Griffith Show - Even though the character was first played by Susan Neher in ... "",""title"":""https://www.watercoolertrivia.com/trivia-questions/classic-tv-trivia-questions""},{""docid"":""64629"",""score"":16.6460355950987,""snippet"":"" ... Huck has various career ambitions in life, and he tries them all, though not particularly succeeding in any. This TV series was one of the six TV shows in 1960 and the first animation in history to win an Emmy for Outstanding Achievement in the Field of Children ... "",""title"":""https://www.boredpanda.com/60s-cartoons/""}]"
16,316,2026-09-14T10:15:19.315624+00:00,TV series actor family member cast unrelated role,"[""tv"",""series"",""actor"",""family"",""member"",""cast"",""unrelated"",""role""]","""tv"" OR ""series"" OR ""actor"" OR ""family"" OR ""member"" OR ""cast"" OR ""unrelated"" OR ""role""",5,926b5ad16c406760231902a802affccc9ecf484551833494d8bd71d09e634b0f,519938cc51f961ebe64dbcb827d1f5b0c02770f081d1dc8fc353acc8debc2b64,True,"[""d45"",""d33"",""d27"",""d46"",""d48""]","[""69326"",""57395"",""78415"",""63690"",""56024""]","[{""docid"":""69326"",""score"":18.76403021129144,""snippet"":"" ... 2023-11-14\n---\nSummary\n\n- Some actors excel at playing multiple roles in TV shows and movies, like Winona Ryder in Bram Stoker's Dracula and the cast of Everything Everywhere All at Once.\n\n- Recasting actors in completely unrelated roles in TV shows can go unnoticed by the audience ... "",""title"":""https://screenrant.com/actors-multiple-characters-same-tv-show/""},{""docid"":""57395"",""score"":18.072108702580366,""snippet"":"" ... Trivia[]\n\n- This had the most main cast members leave the series, with a total of 11 (although Jorja Fox later returned as a main cast member).\n\n- This was the penultimate CSI series to end.\n\n- This was the only CSI to lose both of its original lead actors (William ... "",""title"":""https://csi.fandom.com/wiki/CSI:Crime_Scene_Investigation""},{""docid"":""78415"",""score"":17.889209447110897,""snippet"":"" ... patriarch of the family. He initially plays the role with the cool calmness he pulls off so well in other roles, but becomes an anxious and desperate man when things start to unravel. The series makes for a gripping noir movie with a terrific cast that also includes ... "",""title"":""https://screenrant.com/timothy-olyphant-best-movies-tv-shows/""},{""docid"":""63690"",""score"":17.43938333974542,""snippet"":"" ... Which actor played Dr. Robb in the TV series \""In The Heat of The Night\""?\n\nFrom Quiz My Name is Robb\n\nAnswer: Dan Biggars\n\nDan Biggars was also an American college official prior to acting. William Windom played Dr. Seth Hazlitt in \""Murder She Wrote\"". Robert Young was ... "",""title"":""https://www.funtrivia.com/quizzes/people/name_game/same_surname.html""},{""docid"":""56024"",""score"":17.375538910828254,""snippet"":"" ... At 24 she won the role of the title character in UPN's drama Veronica Mars, which was launched in the fall of 2004. Created by Rob Thomas, the series starred Bell as the seventeen year old detective Veronica, which put her alongside actors Enrico Colantoni who played ... "",""title"":""https://unionfilms.org/films/people/kristen-bell.html""}]"
16,318,2026-09-14T10:15:19.318448+00:00,character married 3 times one child survives TV series 2000s,"[""character"",""married"",""3"",""times"",""one"",""child"",""survives"",""tv"",""series"",""2000s""]","""character"" OR ""married"" OR ""3"" OR ""times"" OR ""one"" OR ""child"" OR ""survives"" OR ""tv"" OR ""series"" OR ""2000s""",5,c9c062871b30893c9447ce45e87e6504375dfae99fdf6c1353e79599774caf6b,c470efb1a9b429148472627ec591e0453570f344b59db596bed9e6b635ebfe8c,True,"[""d6"",""d49"",""d50"",""d19"",""d2""]","[""78953"",""4035"",""3161"",""60134"",""81882""]","[{""docid"":""78953"",""score"":16.2824976074087,""snippet"":"" ... on Aidy Bryant's Hulu series Shrill and in the 2019 film James vs. His Future Self. In 2023, he joined season 4 of Apple TV+'s critically acclaimed science fiction drama For All Mankind as the character Eli Hobson.\n\nHe and actress Laure Mattos have been married ... "",""title"":""https://people.com/movies/home-alone-cast-where-are-they-now/""},{""docid"":""4035"",""score"":15.898290019368474,""snippet"":"" ... He was married to Star Herrmann and Leigh Curran. He died on 31 December 2014 in New York City, New York, USA.- Actor\n\n- Producer\n\n- Additional Crew\n\nOne of Hollywood's finest character / \""Method\"" actors, Eli Wallach was in demand for over 60 years (first film/TV role was ... "",""title"":""https://www.imdb.com/search/name/?death_date=2014""},{""docid"":""3161"",""score"":15.76035451695941,""snippet"":"" ... In the early 1970s, she landed minor roles in film and TV, and finally won a role on the series Three's Company (1976). She married Hamel in 1977. She was fired from the series after she asked for a raise at the beginning of the fifth season ... "",""title"":""https://m.imdb.com/search/name/?death_date=2023&ref_=nmbio_dth_yr""},{""docid"":""60134"",""score"":15.715324421687555,""snippet"":"" ... In 2003, Mulroney played Gavin Mitchell on the TV series Friends. He appeared in three episodes of the ninth season, his character briefly dating Rachel. This would mark Mulroney's last on-screen appearance on television for a number of years, later revealing in a May 2007 interview ... "",""title"":""https://en.wikipedia.org/wiki/Dermot_Mulroney""},{""docid"":""81882"",""score"":15.691378997718399,""snippet"":"" ... He was married a total of seven times, and fathered eight children.\n\nAfter long battles with ill health, Richard Pryor passed away on December 10th, 2005.- Vincent Schiavelli, selected in 1997 by Vanity Fair as one of the best character actors in America, had made over 120 film ... "",""title"":""https://m.imdb.com/search/name/?death_date=2005&ref_=nmbio""}]"
16,319,2026-09-14T10:15:19.319369+00:00,TV show character three marriages one surviving child,"[""tv"",""show"",""character"",""three"",""marriages"",""one"",""surviving"",""child""]","""tv"" OR ""show"" OR ""character"" OR ""three"" OR ""marriages"" OR ""one"" OR ""surviving"" OR ""child""",5,dcfdfe59d4312591ff3d757fe02035f881e4a26022e07fa519df09748ec9df4a,3f31bf042d8cc6df97db1dfa7b9b5da5c52351b9d4583f684f1cbc8fdbd5e8e2,True,"[""d39"",""d8"",""d51"",""d52"",""d53""]","[""53008"",""60248"",""37367"",""77637"",""54031""]","[{""docid"":""53008"",""score"":13.664801548271926,""snippet"":"" ... Most recently, Liotta appeared in The Many Saints of Newark, Marriage Story and No Sudden Move. He also appeared on Jennifer Lopez's TV show, Shades of Blue, which ended after three seasons. Liotta is survived by his daughter, Karsen and his fiancée Jacy Nittolo.\n\nJohn Zderko\n\nThe ... "",""title"":""https://www.etonline.com/gallery/stars-weve-lost-in-2022-177426""},{""docid"":""60248"",""score"":13.648348285782436,""snippet"":"" ... Lucci was expected to guest star on Prospect Park's continuation of All My Children in 2013, but the appearance never came to fruition due to the show's second cancellation.\n\nErica is considered to be the most popular character in American soap opera history. TV Guide calls ... "",""title"":""https://en.wikipedia.org/wiki/Erica_Kane""},{""docid"":""37367"",""score"":13.510584826136753,""snippet"":"" ... Midway through the season, an attempt was made to increase ratings by having Havoc's character relocate to New York to represent show business clients; however, the show lasted only one season.\""Lady Lawyer Practices Law,\"" TV Guide May 7–13, 1955, p. 12.\n\nFrom the 1960s through ... "",""title"":""https://en.wikipedia.org/wiki/June_Havoc""},{""docid"":""77637"",""score"":13.489606718134208,""snippet"":"" ... Besides his TV career, he was also an ordained Presbyterian minister.\n\nAfter starting her film career at the age of three, Shirley Temple went on to become Hollywood's highest-grossing child actress from 1935 to 1938. She is the epitome of popular child stars who lose their ... "",""title"":""https://www.thefamouspeople.com/born-1928.php""},{""docid"":""54031"",""score"":13.354763032640921,""snippet"":"" ... Simultaneously, numerous agencies in Britain and in America targeted various other aspects of child welfare, from educating parents (particularly women) on hygiene and child-rearing, to raising the age for compulsory schooling, instituting school nutrition programs, and recognizing child rights.\n\nThe Useless Child\n\nFalling infant mortality rates during ... "",""title"":""https://www.representingchildhood.pitt.edu/twentycent_child.htm""}]"
17,329,2026-09-14T10:15:22.651582+00:00,actor real life daughter plays niece TV series,"[""actor"",""real"",""life"",""daughter"",""plays"",""niece"",""tv"",""series""]","""actor"" OR ""real"" OR ""life"" OR ""daughter"" OR ""plays"" OR ""niece"" OR ""tv"" OR ""series""",5,c5b8aa186c7c0fe6193a19341def225d23aa3e1eddf39c92614b2bacf8eb4794,d6c7070e3e40ec10244efa948e3a4b087582a5f3023fa91246133211ca293d76,True,"[""d41"",""d11"",""d42"",""d43"",""d44""]","[""48538"",""20480"",""51536"",""11779"",""27252""]","[{""docid"":""48538"",""score"":18.696880866122626,""snippet"":"" ... The story of their strange marriage, the child it produced and its violent end was a Hollywood tragedy played out in court.\n\nOnce hailed as among the finest actors of his generation, Blake became better known as the center of a real-life murder trial, a story more ... "",""title"":""https://www.pbs.org/newshour/arts/robert-blake-actor-acquitted-in-wifes-killing-dies-at-89""},{""docid"":""20480"",""score"":18.63087915735836,""snippet"":"" ... They need that, too.\""\n\nWhile her TV dad played an influential role in her life on That Girl, Thomas's real-life father was, and remains, the overwhelming inspiration in both her life and career.\n\nA multi-talented performer - beloved nightclub headliner, movie actor, TV producer and star ... "",""title"":""https://www.televisionacademy.com/features/news/online-originals/girl-one-who-changed-everything""},{""docid"":""51536"",""score"":18.622128107713962,""snippet"":"" ... it was the first big movie break for the talented, late actor Anton Yelchin, and it allowed Robin Williams to share the screen with his daughter Zelda.\n\nYelchin's plays Duchovny as a boy, whose best friend is a mentally challenged deliveryman, played by Williams. Zelda Williams plays ... "",""title"":""https://collider.com/galleries/celebrity-children-parents-movies/""},{""docid"":""11779"",""score"":18.06236804587279,""snippet"":"" ... Doherty later starred in the Kevin Smith film Mallrats and the TV series Charmed.\n\nIn 2023, the actor and director launched Let's Be Clear with Shannen Doherty, a podcast that reflects on her life and career. \""I wanted to be clear about what it was like for ... "",""title"":""https://people.com/little-house-on-the-prairie-cast-where-are-they-now-8603014""},{""docid"":""27252"",""score"":17.802101342039794,""snippet"":"" ... Scott | | |\n| BET Comedy Awards | 2004 | Outstanding Comedy Series | George Lopez | | |\n| BET Comedy Awards | 2004 | Outstanding Lead Actor in a Comedy Series | George Lopez | | |\n| Casting Society of America | 2002 | Best Casting for TV, Comedy Pilot (\""Prototype\"") | Mary V. BuckSusan Edelman | | |\n| Emmy Awards (Creative Arts) | 2004 | Outstanding Cinematography for a ... "",""title"":""https://en.wikipedia.org/wiki/George_Lopez_(TV_series)""}]"
17,330,2026-09-14T10:15:22.652533+00:00,actor real life son plays unrelated character TV show,"[""actor"",""real"",""life"",""son"",""plays"",""unrelated"",""character"",""tv"",""show""]","""actor"" OR ""real"" OR ""life"" OR ""son"" OR ""plays"" OR ""unrelated"" OR ""character"" OR ""tv"" OR ""show""",5,54939772d527a727c4e4a4cd375ace27972cd17cfcdf48ccbd7cf79a6b997fd7,186b25c5ce5104eb7bad2ac592a8b3dd73bc4bde4acb44578dd593e39b9d170f,True,"[""d45"",""d46"",""d27"",""d47"",""d24""]","[""69326"",""63690"",""78415"",""32179"",""64629""]","[{""docid"":""69326"",""score"":17.608058152860483,""snippet"":"" ... actors in completely unrelated roles in TV shows can go unnoticed by the audience, like Charles-Dean Chapman in Game of Thrones.\n\n- Talented actors, such as Tatiana Maslany in Orphan Black and Lisa Kudrow in Friends, can successfully portray multiple characters and create complex relationships on-screen.\n\nPlaying ... "",""title"":""https://screenrant.com/actors-multiple-characters-same-tv-show/""},{""docid"":""63690"",""score"":17.307014678439057,""snippet"":"" ... People] (94 quizzes)\n\nReal Name\n\n[Celebrities] (73 quizzes)\n\nThe Best Name Game\n\n[People] (605 quizzes)\n\nName the People\n\n[Movies] (398 quizzes)\n\nNames in Songs\n\n[Music] (126 quizzes)\n\nSurnames\n\n[General] (10 quizzes)\n\nThematic Names\n\n[General] (151 quizzes)\n\n1. Which actor played Dr. Robb in the TV series \""In The ... "",""title"":""https://www.funtrivia.com/quizzes/people/name_game/same_surname.html""},{""docid"":""78415"",""score"":16.991242550960894,""snippet"":"" ... movie follows fading TV hero Rick Dalton (Leonardo DiCaprio) and his best friend/stunt double Cliff Booth (Brad Pitt) as they navigate the changing landscape of Hollywood while also living next door to Sharon Tate (Margot Robbie).\n\nOlyphant plays one of several real-life characters in Once Upon ... "",""title"":""https://screenrant.com/timothy-olyphant-best-movies-tv-shows/""},{""docid"":""32179"",""score"":16.75430642685047,""snippet"":"" ... The Penguin - \""The Fishin' Hole\"" is the name of the iconic whistling theme song of what classic TV show, which features the title figure walking to the \""fishin' hole\"" with his son?\n\nAnswer: The Andy Griffith Show - Even though the character was first played by Susan Neher in ... "",""title"":""https://www.watercoolertrivia.com/trivia-questions/classic-tv-trivia-questions""},{""docid"":""64629"",""score"":16.6460355950987,""snippet"":"" ... Huck has various career ambitions in life, and he tries them all, though not particularly succeeding in any. This TV series was one of the six TV shows in 1960 and the first animation in history to win an Emmy for Outstanding Achievement in the Field of Children ... "",""title"":""https://www.boredpanda.com/60s-cartoons/""}]"
17,331,2026-09-14T10:15:22.653340+00:00,TV series actor family member cast unrelated role,"[""tv"",""series"",""actor"",""family"",""member"",""cast"",""unrelated"",""role""]","""tv"" OR ""series"" OR ""actor"" OR ""family"" OR ""member"" OR ""cast"" OR ""unrelated"" OR ""role""",5,926b5ad16c406760231902a802affccc9ecf484551833494d8bd71d09e634b0f,519938cc51f961ebe64dbcb827d1f5b0c02770f081d1dc8fc353acc8debc2b64,True,"[""d45"",""d33"",""d27"",""d46"",""d48""]","[""69326"",""57395"",""78415"",""63690"",""56024""]","[{""docid"":""69326"",""score"":18.76403021129144,""snippet"":"" ... 2023-11-14\n---\nSummary\n\n- Some actors excel at playing multiple roles in TV shows and movies, like Winona Ryder in Bram Stoker's Dracula and the cast of Everything Everywhere All at Once.\n\n- Recasting actors in completely unrelated roles in TV shows can go unnoticed by the audience ... "",""title"":""https://screenrant.com/actors-multiple-characters-same-tv-show/""},{""docid"":""57395"",""score"":18.072108702580366,""snippet"":"" ... Trivia[]\n\n- This had the most main cast members leave the series, with a total of 11 (although Jorja Fox later returned as a main cast member).\n\n- This was the penultimate CSI series to end.\n\n- This was the only CSI to lose both of its original lead actors (William ... "",""title"":""https://csi.fandom.com/wiki/CSI:Crime_Scene_Investigation""},{""docid"":""78415"",""score"":17.889209447110897,""snippet"":"" ... patriarch of the family. He initially plays the role with the cool calmness he pulls off so well in other roles, but becomes an anxious and desperate man when things start to unravel. The series makes for a gripping noir movie with a terrific cast that also includes ... "",""title"":""https://screenrant.com/timothy-olyphant-best-movies-tv-shows/""},{""docid"":""63690"",""score"":17.43938333974542,""snippet"":"" ... Which actor played Dr. Robb in the TV series \""In The Heat of The Night\""?\n\nFrom Quiz My Name is Robb\n\nAnswer: Dan Biggars\n\nDan Biggars was also an American college official prior to acting. William Windom played Dr. Seth Hazlitt in \""Murder She Wrote\"". Robert Young was ... "",""title"":""https://www.funtrivia.com/quizzes/people/name_game/same_surname.html""},{""docid"":""56024"",""score"":17.375538910828254,""snippet"":"" ... At 24 she won the role of the title character in UPN's drama Veronica Mars, which was launched in the fall of 2004. Created by Rob Thomas, the series starred Bell as the seventeen year old detective Veronica, which put her alongside actors Enrico Colantoni who played ... "",""title"":""https://unionfilms.org/films/people/kristen-bell.html""}]"
17,333,2026-09-14T10:15:22.656283+00:00,character married 3 times one child survives TV series 2000s,"[""character"",""married"",""3"",""times"",""one"",""child"",""survives"",""tv"",""series"",""2000s""]","""character"" OR ""married"" OR ""3"" OR ""times"" OR ""one"" OR ""child"" OR ""survives"" OR ""tv"" OR ""series"" OR ""2000s""",5,c9c062871b30893c9447ce45e87e6504375dfae99fdf6c1353e79599774caf6b,c470efb1a9b429148472627ec591e0453570f344b59db596bed9e6b635ebfe8c,True,"[""d6"",""d49"",""d50"",""d19"",""d2""]","[""78953"",""4035"",""3161"",""60134"",""81882""]","[{""docid"":""78953"",""score"":16.2824976074087,""snippet"":"" ... on Aidy Bryant's Hulu series Shrill and in the 2019 film James vs. His Future Self. In 2023, he joined season 4 of Apple TV+'s critically acclaimed science fiction drama For All Mankind as the character Eli Hobson.\n\nHe and actress Laure Mattos have been married ... "",""title"":""https://people.com/movies/home-alone-cast-where-are-they-now/""},{""docid"":""4035"",""score"":15.898290019368474,""snippet"":"" ... He was married to Star Herrmann and Leigh Curran. He died on 31 December 2014 in New York City, New York, USA.- Actor\n\n- Producer\n\n- Additional Crew\n\nOne of Hollywood's finest character / \""Method\"" actors, Eli Wallach was in demand for over 60 years (first film/TV role was ... "",""title"":""https://www.imdb.com/search/name/?death_date=2014""},{""docid"":""3161"",""score"":15.76035451695941,""snippet"":"" ... In the early 1970s, she landed minor roles in film and TV, and finally won a role on the series Three's Company (1976). She married Hamel in 1977. She was fired from the series after she asked for a raise at the beginning of the fifth season ... "",""title"":""https://m.imdb.com/search/name/?death_date=2023&ref_=nmbio_dth_yr""},{""docid"":""60134"",""score"":15.715324421687555,""snippet"":"" ... In 2003, Mulroney played Gavin Mitchell on the TV series Friends. He appeared in three episodes of the ninth season, his character briefly dating Rachel. This would mark Mulroney's last on-screen appearance on television for a number of years, later revealing in a May 2007 interview ... "",""title"":""https://en.wikipedia.org/wiki/Dermot_Mulroney""},{""docid"":""81882"",""score"":15.691378997718399,""snippet"":"" ... He was married a total of seven times, and fathered eight children.\n\nAfter long battles with ill health, Richard Pryor passed away on December 10th, 2005.- Vincent Schiavelli, selected in 1997 by Vanity Fair as one of the best character actors in America, had made over 120 film ... "",""title"":""https://m.imdb.com/search/name/?death_date=2005&ref_=nmbio""}]"
17,334,2026-09-14T10:15:22.657104+00:00,TV show character three marriages one surviving child,"[""tv"",""show"",""character"",""three"",""marriages"",""one"",""surviving"",""child""]","""tv"" OR ""show"" OR ""character"" OR ""three"" OR ""marriages"" OR ""one"" OR ""surviving"" OR ""child""",5,dcfdfe59d4312591ff3d757fe02035f881e4a26022e07fa519df09748ec9df4a,3f31bf042d8cc6df97db1dfa7b9b5da5c52351b9d4583f684f1cbc8fdbd5e8e2,True,"[""d39"",""d8"",""d51"",""d52"",""d53""]","[""53008"",""60248"",""37367"",""77637"",""54031""]","[{""docid"":""53008"",""score"":13.664801548271926,""snippet"":"" ... Most recently, Liotta appeared in The Many Saints of Newark, Marriage Story and No Sudden Move. He also appeared on Jennifer Lopez's TV show, Shades of Blue, which ended after three seasons. Liotta is survived by his daughter, Karsen and his fiancée Jacy Nittolo.\n\nJohn Zderko\n\nThe ... "",""title"":""https://www.etonline.com/gallery/stars-weve-lost-in-2022-177426""},{""docid"":""60248"",""score"":13.648348285782436,""snippet"":"" ... Lucci was expected to guest star on Prospect Park's continuation of All My Children in 2013, but the appearance never came to fruition due to the show's second cancellation.\n\nErica is considered to be the most popular character in American soap opera history. TV Guide calls ... "",""title"":""https://en.wikipedia.org/wiki/Erica_Kane""},{""docid"":""37367"",""score"":13.510584826136753,""snippet"":"" ... Midway through the season, an attempt was made to increase ratings by having Havoc's character relocate to New York to represent show business clients; however, the show lasted only one season.\""Lady Lawyer Practices Law,\"" TV Guide May 7–13, 1955, p. 12.\n\nFrom the 1960s through ... "",""title"":""https://en.wikipedia.org/wiki/June_Havoc""},{""docid"":""77637"",""score"":13.489606718134208,""snippet"":"" ... Besides his TV career, he was also an ordained Presbyterian minister.\n\nAfter starting her film career at the age of three, Shirley Temple went on to become Hollywood's highest-grossing child actress from 1935 to 1938. She is the epitome of popular child stars who lose their ... "",""title"":""https://www.thefamouspeople.com/born-1928.php""},{""docid"":""54031"",""score"":13.354763032640921,""snippet"":"" ... Simultaneously, numerous agencies in Britain and in America targeted various other aspects of child welfare, from educating parents (particularly women) on hygiene and child-rearing, to raising the age for compulsory schooling, instituting school nutrition programs, and recognizing child rights.\n\nThe Useless Child\n\nFalling infant mortality rates during ... "",""title"":""https://www.representingchildhood.pitt.edu/twentycent_child.htm""}]"
18,344,2026-09-14T10:15:25.444659+00:00,actor real life daughter plays niece TV series,"[""actor"",""real"",""life"",""daughter"",""plays"",""niece"",""tv"",""series""]","""actor"" OR ""real"" OR ""life"" OR ""daughter"" OR ""plays"" OR ""niece"" OR ""tv"" OR ""series""",5,c5b8aa186c7c0fe6193a19341def225d23aa3e1eddf39c92614b2bacf8eb4794,d6c7070e3e40ec10244efa948e3a4b087582a5f3023fa91246133211ca293d76,True,"[""d41"",""d11"",""d42"",""d43"",""d44""]","[""48538"",""20480"",""51536"",""11779"",""27252""]","[{""docid"":""48538"",""score"":18.696880866122626,""snippet"":"" ... The story of their strange marriage, the child it produced and its violent end was a Hollywood tragedy played out in court.\n\nOnce hailed as among the finest actors of his generation, Blake became better known as the center of a real-life murder trial, a story more ... "",""title"":""https://www.pbs.org/newshour/arts/robert-blake-actor-acquitted-in-wifes-killing-dies-at-89""},{""docid"":""20480"",""score"":18.63087915735836,""snippet"":"" ... They need that, too.\""\n\nWhile her TV dad played an influential role in her life on That Girl, Thomas's real-life father was, and remains, the overwhelming inspiration in both her life and career.\n\nA multi-talented performer - beloved nightclub headliner, movie actor, TV producer and star ... "",""title"":""https://www.televisionacademy.com/features/news/online-originals/girl-one-who-changed-everything""},{""docid"":""51536"",""score"":18.622128107713962,""snippet"":"" ... it was the first big movie break for the talented, late actor Anton Yelchin, and it allowed Robin Williams to share the screen with his daughter Zelda.\n\nYelchin's plays Duchovny as a boy, whose best friend is a mentally challenged deliveryman, played by Williams. Zelda Williams plays ... "",""title"":""https://collider.com/galleries/celebrity-children-parents-movies/""},{""docid"":""11779"",""score"":18.06236804587279,""snippet"":"" ... Doherty later starred in the Kevin Smith film Mallrats and the TV series Charmed.\n\nIn 2023, the actor and director launched Let's Be Clear with Shannen Doherty, a podcast that reflects on her life and career. \""I wanted to be clear about what it was like for ... "",""title"":""https://people.com/little-house-on-the-prairie-cast-where-are-they-now-8603014""},{""docid"":""27252"",""score"":17.802101342039794,""snippet"":"" ... Scott | | |\n| BET Comedy Awards | 2004 | Outstanding Comedy Series | George Lopez | | |\n| BET Comedy Awards | 2004 | Outstanding Lead Actor in a Comedy Series | George Lopez | | |\n| Casting Society of America | 2002 | Best Casting for TV, Comedy Pilot (\""Prototype\"") | Mary V. BuckSusan Edelman | | |\n| Emmy Awards (Creative Arts) | 2004 | Outstanding Cinematography for a ... "",""title"":""https://en.wikipedia.org/wiki/George_Lopez_(TV_series)""}]"
18,345,2026-09-14T10:15:25.445623+00:00,actor real life son plays unrelated character TV show,"[""actor"",""real"",""life"",""son"",""plays"",""unrelated"",""character"",""tv"",""show""]","""actor"" OR ""real"" OR ""life"" OR ""son"" OR ""plays"" OR ""unrelated"" OR ""character"" OR ""tv"" OR ""show""",5,54939772d527a727c4e4a4cd375ace27972cd17cfcdf48ccbd7cf79a6b997fd7,186b25c5ce5104eb7bad2ac592a8b3dd73bc4bde4acb44578dd593e39b9d170f,True,"[""d45"",""d46"",""d27"",""d47"",""d24""]","[""69326"",""63690"",""78415"",""32179"",""64629""]","[{""docid"":""69326"",""score"":17.608058152860483,""snippet"":"" ... actors in completely unrelated roles in TV shows can go unnoticed by the audience, like Charles-Dean Chapman in Game of Thrones.\n\n- Talented actors, such as Tatiana Maslany in Orphan Black and Lisa Kudrow in Friends, can successfully portray multiple characters and create complex relationships on-screen.\n\nPlaying ... "",""title"":""https://screenrant.com/actors-multiple-characters-same-tv-show/""},{""docid"":""63690"",""score"":17.307014678439057,""snippet"":"" ... People] (94 quizzes)\n\nReal Name\n\n[Celebrities] (73 quizzes)\n\nThe Best Name Game\n\n[People] (605 quizzes)\n\nName the People\n\n[Movies] (398 quizzes)\n\nNames in Songs\n\n[Music] (126 quizzes)\n\nSurnames\n\n[General] (10 quizzes)\n\nThematic Names\n\n[General] (151 quizzes)\n\n1. Which actor played Dr. Robb in the TV series \""In The ... "",""title"":""https://www.funtrivia.com/quizzes/people/name_game/same_surname.html""},{""docid"":""78415"",""score"":16.991242550960894,""snippet"":"" ... movie follows fading TV hero Rick Dalton (Leonardo DiCaprio) and his best friend/stunt double Cliff Booth (Brad Pitt) as they navigate the changing landscape of Hollywood while also living next door to Sharon Tate (Margot Robbie).\n\nOlyphant plays one of several real-life characters in Once Upon ... "",""title"":""https://screenrant.com/timothy-olyphant-best-movies-tv-shows/""},{""docid"":""32179"",""score"":16.75430642685047,""snippet"":"" ... The Penguin - \""The Fishin' Hole\"" is the name of the iconic whistling theme song of what classic TV show, which features the title figure walking to the \""fishin' hole\"" with his son?\n\nAnswer: The Andy Griffith Show - Even though the character was first played by Susan Neher in ... "",""title"":""https://www.watercoolertrivia.com/trivia-questions/classic-tv-trivia-questions""},{""docid"":""64629"",""score"":16.6460355950987,""snippet"":"" ... Huck has various career ambitions in life, and he tries them all, though not particularly succeeding in any. This TV series was one of the six TV shows in 1960 and the first animation in history to win an Emmy for Outstanding Achievement in the Field of Children ... "",""title"":""https://www.boredpanda.com/60s-cartoons/""}]"
18,346,2026-09-14T10:15:25.446565+00:00,TV series actor family member cast unrelated role,"[""tv"",""series"",""actor"",""family"",""member"",""cast"",""unrelated"",""role""]","""tv"" OR ""series"" OR ""actor"" OR ""family"" OR ""member"" OR ""cast"" OR ""unrelated"" OR ""role""",5,926b5ad16c406760231902a802affccc9ecf484551833494d8bd71d09e634b0f,519938cc51f961ebe64dbcb827d1f5b0c02770f081d1dc8fc353acc8debc2b64,True,"[""d45"",""d33"",""d27"",""d46"",""d48""]","[""69326"",""57395"",""78415"",""63690"",""56024""]","[{""docid"":""69326"",""score"":18.76403021129144,""snippet"":"" ... 2023-11-14\n---\nSummary\n\n- Some actors excel at playing multiple roles in TV shows and movies, like Winona Ryder in Bram Stoker's Dracula and the cast of Everything Everywhere All at Once.\n\n- Recasting actors in completely unrelated roles in TV shows can go unnoticed by the audience ... "",""title"":""https://screenrant.com/actors-multiple-characters-same-tv-show/""},{""docid"":""57395"",""score"":18.072108702580366,""snippet"":"" ... Trivia[]\n\n- This had the most main cast members leave the series, with a total of 11 (although Jorja Fox later returned as a main cast member).\n\n- This was the penultimate CSI series to end.\n\n- This was the only CSI to lose both of its original lead actors (William ... "",""title"":""https://csi.fandom.com/wiki/CSI:Crime_Scene_Investigation""},{""docid"":""78415"",""score"":17.889209447110897,""snippet"":"" ... patriarch of the family. He initially plays the role with the cool calmness he pulls off so well in other roles, but becomes an anxious and desperate man when things start to unravel. The series makes for a gripping noir movie with a terrific cast that also includes ... "",""title"":""https://screenrant.com/timothy-olyphant-best-movies-tv-shows/""},{""docid"":""63690"",""score"":17.43938333974542,""snippet"":"" ... Which actor played Dr. Robb in the TV series \""In The Heat of The Night\""?\n\nFrom Quiz My Name is Robb\n\nAnswer: Dan Biggars\n\nDan Biggars was also an American college official prior to acting. William Windom played Dr. Seth Hazlitt in \""Murder She Wrote\"". Robert Young was ... "",""title"":""https://www.funtrivia.com/quizzes/people/name_game/same_surname.html""},{""docid"":""56024"",""score"":17.375538910828254,""snippet"":"" ... At 24 she won the role of the title character in UPN's drama Veronica Mars, which was launched in the fall of 2004. Created by Rob Thomas, the series starred Bell as the seventeen year old detective Veronica, which put her alongside actors Enrico Colantoni who played ... "",""title"":""https://unionfilms.org/films/people/kristen-bell.html""}]"
18,348,2026-09-14T10:15:25.450194+00:00,character married 3 times one child survives TV series 2000s,"[""character"",""married"",""3"",""times"",""one"",""child"",""survives"",""tv"",""series"",""2000s""]","""character"" OR ""married"" OR ""3"" OR ""times"" OR ""one"" OR ""child"" OR ""survives"" OR ""tv"" OR ""series"" OR ""2000s""",5,c9c062871b30893c9447ce45e87e6504375dfae99fdf6c1353e79599774caf6b,c470efb1a9b429148472627ec591e0453570f344b59db596bed9e6b635ebfe8c,True,"[""d6"",""d49"",""d50"",""d19"",""d2""]","[""78953"",""4035"",""3161"",""60134"",""81882""]","[{""docid"":""78953"",""score"":16.2824976074087,""snippet"":"" ... on Aidy Bryant's Hulu series Shrill and in the 2019 film James vs. His Future Self. In 2023, he joined season 4 of Apple TV+'s critically acclaimed science fiction drama For All Mankind as the character Eli Hobson.\n\nHe and actress Laure Mattos have been married ... "",""title"":""https://people.com/movies/home-alone-cast-where-are-they-now/""},{""docid"":""4035"",""score"":15.898290019368474,""snippet"":"" ... He was married to Star Herrmann and Leigh Curran. He died on 31 December 2014 in New York City, New York, USA.- Actor\n\n- Producer\n\n- Additional Crew\n\nOne of Hollywood's finest character / \""Method\"" actors, Eli Wallach was in demand for over 60 years (first film/TV role was ... "",""title"":""https://www.imdb.com/search/name/?death_date=2014""},{""docid"":""3161"",""score"":15.76035451695941,""snippet"":"" ... In the early 1970s, she landed minor roles in film and TV, and finally won a role on the series Three's Company (1976). She married Hamel in 1977. She was fired from the series after she asked for a raise at the beginning of the fifth season ... "",""title"":""https://m.imdb.com/search/name/?death_date=2023&ref_=nmbio_dth_yr""},{""docid"":""60134"",""score"":15.715324421687555,""snippet"":"" ... In 2003, Mulroney played Gavin Mitchell on the TV series Friends. He appeared in three episodes of the ninth season, his character briefly dating Rachel. This would mark Mulroney's last on-screen appearance on television for a number of years, later revealing in a May 2007 interview ... "",""title"":""https://en.wikipedia.org/wiki/Dermot_Mulroney""},{""docid"":""81882"",""score"":15.691378997718399,""snippet"":"" ... He was married a total of seven times, and fathered eight children.\n\nAfter long battles with ill health, Richard Pryor passed away on December 10th, 2005.- Vincent Schiavelli, selected in 1997 by Vanity Fair as one of the best character actors in America, had made over 120 film ... "",""title"":""https://m.imdb.com/search/name/?death_date=2005&ref_=nmbio""}]"
18,349,2026-09-14T10:15:25.451114+00:00,TV show character three marriages one surviving child,"[""tv"",""show"",""character"",""three"",""marriages"",""one"",""surviving"",""child""]","""tv"" OR ""show"" OR ""character"" OR ""three"" OR ""marriages"" OR ""one"" OR ""surviving"" OR ""child""",5,dcfdfe59d4312591ff3d757fe02035f881e4a26022e07fa519df09748ec9df4a,3f31bf042d8cc6df97db1dfa7b9b5da5c52351b9d4583f684f1cbc8fdbd5e8e2,True,"[""d39"",""d8"",""d51"",""d52"",""d53""]","[""53008"",""60248"",""37367"",""77637"",""54031""]","[{""docid"":""53008"",""score"":13.664801548271926,""snippet"":"" ... Most recently, Liotta appeared in The Many Saints of Newark, Marriage Story and No Sudden Move. He also appeared on Jennifer Lopez's TV show, Shades of Blue, which ended after three seasons. Liotta is survived by his daughter, Karsen and his fiancée Jacy Nittolo.\n\nJohn Zderko\n\nThe ... "",""title"":""https://www.etonline.com/gallery/stars-weve-lost-in-2022-177426""},{""docid"":""60248"",""score"":13.648348285782436,""snippet"":"" ... Lucci was expected to guest star on Prospect Park's continuation of All My Children in 2013, but the appearance never came to fruition due to the show's second cancellation.\n\nErica is considered to be the most popular character in American soap opera history. TV Guide calls ... "",""title"":""https://en.wikipedia.org/wiki/Erica_Kane""},{""docid"":""37367"",""score"":13.510584826136753,""snippet"":"" ... Midway through the season, an attempt was made to increase ratings by having Havoc's character relocate to New York to represent show business clients; however, the show lasted only one season.\""Lady Lawyer Practices Law,\"" TV Guide May 7–13, 1955, p. 12.\n\nFrom the 1960s through ... "",""title"":""https://en.wikipedia.org/wiki/June_Havoc""},{""docid"":""77637"",""score"":13.489606718134208,""snippet"":"" ... Besides his TV career, he was also an ordained Presbyterian minister.\n\nAfter starting her film career at the age of three, Shirley Temple went on to become Hollywood's highest-grossing child actress from 1935 to 1938. She is the epitome of popular child stars who lose their ... "",""title"":""https://www.thefamouspeople.com/born-1928.php""},{""docid"":""54031"",""score"":13.354763032640921,""snippet"":"" ... Simultaneously, numerous agencies in Britain and in America targeted various other aspects of child welfare, from educating parents (particularly women) on hygiene and child-rearing, to raising the age for compulsory schooling, instituting school nutrition programs, and recognizing child rights.\n\nThe Useless Child\n\nFalling infant mortality rates during ... "",""title"":""https://www.representingchildhood.pitt.edu/twentycent_child.htm""}]"
19,359,2026-09-14T10:15:28.742373+00:00,actor real life daughter plays niece TV series,"[""actor"",""real"",""life"",""daughter"",""plays"",""niece"",""tv"",""series""]","""actor"" OR ""real"" OR ""life"" OR ""daughter"" OR ""plays"" OR ""niece"" OR ""tv"" OR ""series""",5,c5b8aa186c7c0fe6193a19341def225d23aa3e1eddf39c92614b2bacf8eb4794,d6c7070e3e40ec10244efa948e3a4b087582a5f3023fa91246133211ca293d76,True,"[""d41"",""d11"",""d42"",""d43"",""d44""]","[""48538"",""20480"",""51536"",""11779"",""27252""]","[{""docid"":""48538"",""score"":18.696880866122626,""snippet"":"" ... The story of their strange marriage, the child it produced and its violent end was a Hollywood tragedy played out in court.\n\nOnce hailed as among the finest actors of his generation, Blake became better known as the center of a real-life murder trial, a story more ... "",""title"":""https://www.pbs.org/newshour/arts/robert-blake-actor-acquitted-in-wifes-killing-dies-at-89""},{""docid"":""20480"",""score"":18.63087915735836,""snippet"":"" ... They need that, too.\""\n\nWhile her TV dad played an influential role in her life on That Girl, Thomas's real-life father was, and remains, the overwhelming inspiration in both her life and career.\n\nA multi-talented performer - beloved nightclub headliner, movie actor, TV producer and star ... "",""title"":""https://www.televisionacademy.com/features/news/online-originals/girl-one-who-changed-everything""},{""docid"":""51536"",""score"":18.622128107713962,""snippet"":"" ... it was the first big movie break for the talented, late actor Anton Yelchin, and it allowed Robin Williams to share the screen with his daughter Zelda.\n\nYelchin's plays Duchovny as a boy, whose best friend is a mentally challenged deliveryman, played by Williams. Zelda Williams plays ... "",""title"":""https://collider.com/galleries/celebrity-children-parents-movies/""},{""docid"":""11779"",""score"":18.06236804587279,""snippet"":"" ... Doherty later starred in the Kevin Smith film Mallrats and the TV series Charmed.\n\nIn 2023, the actor and director launched Let's Be Clear with Shannen Doherty, a podcast that reflects on her life and career. \""I wanted to be clear about what it was like for ... "",""title"":""https://people.com/little-house-on-the-prairie-cast-where-are-they-now-8603014""},{""docid"":""27252"",""score"":17.802101342039794,""snippet"":"" ... Scott | | |\n| BET Comedy Awards | 2004 | Outstanding Comedy Series | George Lopez | | |\n| BET Comedy Awards | 2004 | Outstanding Lead Actor in a Comedy Series | George Lopez | | |\n| Casting Society of America | 2002 | Best Casting for TV, Comedy Pilot (\""Prototype\"") | Mary V. BuckSusan Edelman | | |\n| Emmy Awards (Creative Arts) | 2004 | Outstanding Cinematography for a ... "",""title"":""https://en.wikipedia.org/wiki/George_Lopez_(TV_series)""}]"
19,360,2026-09-14T10:15:28.743153+00:00,actor real life son plays unrelated character TV show,"[""actor"",""real"",""life"",""son"",""plays"",""unrelated"",""character"",""tv"",""show""]","""actor"" OR ""real"" OR ""life"" OR ""son"" OR ""plays"" OR ""unrelated"" OR ""character"" OR ""tv"" OR ""show""",5,54939772d527a727c4e4a4cd375ace27972cd17cfcdf48ccbd7cf79a6b997fd7,186b25c5ce5104eb7bad2ac592a8b3dd73bc4bde4acb44578dd593e39b9d170f,True,"[""d45"",""d46"",""d27"",""d47"",""d24""]","[""69326"",""63690"",""78415"",""32179"",""64629""]","[{""docid"":""69326"",""score"":17.608058152860483,""snippet"":"" ... actors in completely unrelated roles in TV shows can go unnoticed by the audience, like Charles-Dean Chapman in Game of Thrones.\n\n- Talented actors, such as Tatiana Maslany in Orphan Black and Lisa Kudrow in Friends, can successfully portray multiple characters and create complex relationships on-screen.\n\nPlaying ... "",""title"":""https://screenrant.com/actors-multiple-characters-same-tv-show/""},{""docid"":""63690"",""score"":17.307014678439057,""snippet"":"" ... People] (94 quizzes)\n\nReal Name\n\n[Celebrities] (73 quizzes)\n\nThe Best Name Game\n\n[People] (605 quizzes)\n\nName the People\n\n[Movies] (398 quizzes)\n\nNames in Songs\n\n[Music] (126 quizzes)\n\nSurnames\n\n[General] (10 quizzes)\n\nThematic Names\n\n[General] (151 quizzes)\n\n1. Which actor played Dr. Robb in the TV series \""In The ... "",""title"":""https://www.funtrivia.com/quizzes/people/name_game/same_surname.html""},{""docid"":""78415"",""score"":16.991242550960894,""snippet"":"" ... movie follows fading TV hero Rick Dalton (Leonardo DiCaprio) and his best friend/stunt double Cliff Booth (Brad Pitt) as they navigate the changing landscape of Hollywood while also living next door to Sharon Tate (Margot Robbie).\n\nOlyphant plays one of several real-life characters in Once Upon ... "",""title"":""https://screenrant.com/timothy-olyphant-best-movies-tv-shows/""},{""docid"":""32179"",""score"":16.75430642685047,""snippet"":"" ... The Penguin - \""The Fishin' Hole\"" is the name of the iconic whistling theme song of what classic TV show, which features the title figure walking to the \""fishin' hole\"" with his son?\n\nAnswer: The Andy Griffith Show - Even though the character was first played by Susan Neher in ... "",""title"":""https://www.watercoolertrivia.com/trivia-questions/classic-tv-trivia-questions""},{""docid"":""64629"",""score"":16.6460355950987,""snippet"":"" ... Huck has various career ambitions in life, and he tries them all, though not particularly succeeding in any. This TV series was one of the six TV shows in 1960 and the first animation in history to win an Emmy for Outstanding Achievement in the Field of Children ... "",""title"":""https://www.boredpanda.com/60s-cartoons/""}]"
19,361,2026-09-14T10:15:28.743896+00:00,TV series actor family member cast unrelated role,"[""tv"",""series"",""actor"",""family"",""member"",""cast"",""unrelated"",""role""]","""tv"" OR ""series"" OR ""actor"" OR ""family"" OR ""member"" OR ""cast"" OR ""unrelated"" OR ""role""",5,926b5ad16c406760231902a802affccc9ecf484551833494d8bd71d09e634b0f,519938cc51f961ebe64dbcb827d1f5b0c02770f081d1dc8fc353acc8debc2b64,True,"[""d45"",""d33"",""d27"",""d46"",""d48""]","[""69326"",""57395"",""78415"",""63690"",""56024""]","[{""docid"":""69326"",""score"":18.76403021129144,""snippet"":"" ... 2023-11-14\n---\nSummary\n\n- Some actors excel at playing multiple roles in TV shows and movies, like Winona Ryder in Bram Stoker's Dracula and the cast of Everything Everywhere All at Once.\n\n- Recasting actors in completely unrelated roles in TV shows can go unnoticed by the audience ... "",""title"":""https://screenrant.com/actors-multiple-characters-same-tv-show/""},{""docid"":""57395"",""score"":18.072108702580366,""snippet"":"" ... Trivia[]\n\n- This had the most main cast members leave the series, with a total of 11 (although Jorja Fox later returned as a main cast member).\n\n- This was the penultimate CSI series to end.\n\n- This was the only CSI to lose both of its original lead actors (William ... "",""title"":""https://csi.fandom.com/wiki/CSI:Crime_Scene_Investigation""},{""docid"":""78415"",""score"":17.889209447110897,""snippet"":"" ... patriarch of the family. He initially plays the role with the cool calmness he pulls off so well in other roles, but becomes an anxious and desperate man when things start to unravel. The series makes for a gripping noir movie with a terrific cast that also includes ... "",""title"":""https://screenrant.com/timothy-olyphant-best-movies-tv-shows/""},{""docid"":""63690"",""score"":17.43938333974542,""snippet"":"" ... Which actor played Dr. Robb in the TV series \""In The Heat of The Night\""?\n\nFrom Quiz My Name is Robb\n\nAnswer: Dan Biggars\n\nDan Biggars was also an American college official prior to acting. William Windom played Dr. Seth Hazlitt in \""Murder She Wrote\"". Robert Young was ... "",""title"":""https://www.funtrivia.com/quizzes/people/name_game/same_surname.html""},{""docid"":""56024"",""score"":17.375538910828254,""snippet"":"" ... At 24 she won the role of the title character in UPN's drama Veronica Mars, which was launched in the fall of 2004. Created by Rob Thomas, the series starred Bell as the seventeen year old detective Veronica, which put her alongside actors Enrico Colantoni who played ... "",""title"":""https://unionfilms.org/films/people/kristen-bell.html""}]"
19,363,2026-09-14T10:15:28.746360+00:00,character married 3 times one child survives TV series 2000s,"[""character"",""married"",""3"",""times"",""one"",""child"",""survives"",""tv"",""series"",""2000s""]","""character"" OR ""married"" OR ""3"" OR ""times"" OR ""one"" OR ""child"" OR ""survives"" OR ""tv"" OR ""series"" OR ""2000s""",5,c9c062871b30893c9447ce45e87e6504375dfae99fdf6c1353e79599774caf6b,c470efb1a9b429148472627ec591e0453570f344b59db596bed9e6b635ebfe8c,True,"[""d6"",""d49"",""d50"",""d19"",""d2""]","[""78953"",""4035"",""3161"",""60134"",""81882""]","[{""docid"":""78953"",""score"":16.2824976074087,""snippet"":"" ... on Aidy Bryant's Hulu series Shrill and in the 2019 film James vs. His Future Self. In 2023, he joined season 4 of Apple TV+'s critically acclaimed science fiction drama For All Mankind as the character Eli Hobson.\n\nHe and actress Laure Mattos have been married ... "",""title"":""https://people.com/movies/home-alone-cast-where-are-they-now/""},{""docid"":""4035"",""score"":15.898290019368474,""snippet"":"" ... He was married to Star Herrmann and Leigh Curran. He died on 31 December 2014 in New York City, New York, USA.- Actor\n\n- Producer\n\n- Additional Crew\n\nOne of Hollywood's finest character / \""Method\"" actors, Eli Wallach was in demand for over 60 years (first film/TV role was ... "",""title"":""https://www.imdb.com/search/name/?death_date=2014""},{""docid"":""3161"",""score"":15.76035451695941,""snippet"":"" ... In the early 1970s, she landed minor roles in film and TV, and finally won a role on the series Three's Company (1976). She married Hamel in 1977. She was fired from the series after she asked for a raise at the beginning of the fifth season ... "",""title"":""https://m.imdb.com/search/name/?death_date=2023&ref_=nmbio_dth_yr""},{""docid"":""60134"",""score"":15.715324421687555,""snippet"":"" ... In 2003, Mulroney played Gavin Mitchell on the TV series Friends. He appeared in three episodes of the ninth season, his character briefly dating Rachel. This would mark Mulroney's last on-screen appearance on television for a number of years, later revealing in a May 2007 interview ... "",""title"":""https://en.wikipedia.org/wiki/Dermot_Mulroney""},{""docid"":""81882"",""score"":15.691378997718399,""snippet"":"" ... He was married a total of seven times, and fathered eight children.\n\nAfter long battles with ill health, Richard Pryor passed away on December 10th, 2005.- Vincent Schiavelli, selected in 1997 by Vanity Fair as one of the best character actors in America, had made over 120 film ... "",""title"":""https://m.imdb.com/search/name/?death_date=2005&ref_=nmbio""}]"
19,364,2026-09-14T10:15:28.747083+00:00,TV show character three marriages one surviving child,"[""tv"",""show"",""character"",""three"",""marriages"",""one"",""surviving"",""child""]","""tv"" OR ""show"" OR ""character"" OR ""three"" OR ""marriages"" OR ""one"" OR ""surviving"" OR ""child""",5,dcfdfe59d4312591ff3d757fe02035f881e4a26022e07fa519df09748ec9df4a,3f31bf042d8cc6df97db1dfa7b9b5da5c52351b9d4583f684f1cbc8fdbd5e8e2,True,"[""d39"",""d8"",""d51"",""d52"",""d53""]","[""53008"",""60248"",""37367"",""77637"",""54031""]","[{""docid"":""53008"",""score"":13.664801548271926,""snippet"":"" ... Most recently, Liotta appeared in The Many Saints of Newark, Marriage Story and No Sudden Move. He also appeared on Jennifer Lopez's TV show, Shades of Blue, which ended after three seasons. Liotta is survived by his daughter, Karsen and his fiancée Jacy Nittolo.\n\nJohn Zderko\n\nThe ... "",""title"":""https://www.etonline.com/gallery/stars-weve-lost-in-2022-177426""},{""docid"":""60248"",""score"":13.648348285782436,""snippet"":"" ... Lucci was expected to guest star on Prospect Park's continuation of All My Children in 2013, but the appearance never came to fruition due to the show's second cancellation.\n\nErica is considered to be the most popular character in American soap opera history. TV Guide calls ... "",""title"":""https://en.wikipedia.org/wiki/Erica_Kane""},{""docid"":""37367"",""score"":13.510584826136753,""snippet"":"" ... Midway through the season, an attempt was made to increase ratings by having Havoc's character relocate to New York to represent show business clients; however, the show lasted only one season.\""Lady Lawyer Practices Law,\"" TV Guide May 7–13, 1955, p. 12.\n\nFrom the 1960s through ... "",""title"":""https://en.wikipedia.org/wiki/June_Havoc""},{""docid"":""77637"",""score"":13.489606718134208,""snippet"":"" ... Besides his TV career, he was also an ordained Presbyterian minister.\n\nAfter starting her film career at the age of three, Shirley Temple went on to become Hollywood's highest-grossing child actress from 1935 to 1938. She is the epitome of popular child stars who lose their ... "",""title"":""https://www.thefamouspeople.com/born-1928.php""},{""docid"":""54031"",""score"":13.354763032640921,""snippet"":"" ... Simultaneously, numerous agencies in Britain and in America targeted various other aspects of child welfare, from educating parents (particularly women) on hygiene and child-rearing, to raising the age for compulsory schooling, instituting school nutrition programs, and recognizing child rights.\n\nThe Useless Child\n\nFalling infant mortality rates during ... "",""title"":""https://www.representingchildhood.pitt.edu/twentycent_child.htm""}]"
20,374,2026-09-14T10:15:33.022920+00:00,actor real life daughter plays niece TV series,"[""actor"",""real"",""life"",""daughter"",""plays"",""niece"",""tv"",""series""]","""actor"" OR ""real"" OR ""life"" OR ""daughter"" OR ""plays"" OR ""niece"" OR ""tv"" OR ""series""",5,c5b8aa186c7c0fe6193a19341def225d23aa3e1eddf39c92614b2bacf8eb4794,d6c7070e3e40ec10244efa948e3a4b087582a5f3023fa91246133211ca293d76,True,"[""d41"",""d11"",""d42"",""d43"",""d44""]","[""48538"",""20480"",""51536"",""11779"",""27252""]","[{""docid"":""48538"",""score"":18.696880866122626,""snippet"":"" ... The story of their strange marriage, the child it produced and its violent end was a Hollywood tragedy played out in court.\n\nOnce hailed as among the finest actors of his generation, Blake became better known as the center of a real-life murder trial, a story more ... "",""title"":""https://www.pbs.org/newshour/arts/robert-blake-actor-acquitted-in-wifes-killing-dies-at-89""},{""docid"":""20480"",""score"":18.63087915735836,""snippet"":"" ... They need that, too.\""\n\nWhile her TV dad played an influential role in her life on That Girl, Thomas's real-life father was, and remains, the overwhelming inspiration in both her life and career.\n\nA multi-talented performer - beloved nightclub headliner, movie actor, TV producer and star ... "",""title"":""https://www.televisionacademy.com/features/news/online-originals/girl-one-who-changed-everything""},{""docid"":""51536"",""score"":18.622128107713962,""snippet"":"" ... it was the first big movie break for the talented, late actor Anton Yelchin, and it allowed Robin Williams to share the screen with his daughter Zelda.\n\nYelchin's plays Duchovny as a boy, whose best friend is a mentally challenged deliveryman, played by Williams. Zelda Williams plays ... "",""title"":""https://collider.com/galleries/celebrity-children-parents-movies/""},{""docid"":""11779"",""score"":18.06236804587279,""snippet"":"" ... Doherty later starred in the Kevin Smith film Mallrats and the TV series Charmed.\n\nIn 2023, the actor and director launched Let's Be Clear with Shannen Doherty, a podcast that reflects on her life and career. \""I wanted to be clear about what it was like for ... "",""title"":""https://people.com/little-house-on-the-prairie-cast-where-are-they-now-8603014""},{""docid"":""27252"",""score"":17.802101342039794,""snippet"":"" ... Scott | | |\n| BET Comedy Awards | 2004 | Outstanding Comedy Series | George Lopez | | |\n| BET Comedy Awards | 2004 | Outstanding Lead Actor in a Comedy Series | George Lopez | | |\n| Casting Society of America | 2002 | Best Casting for TV, Comedy Pilot (\""Prototype\"") | Mary V. BuckSusan Edelman | | |\n| Emmy Awards (Creative Arts) | 2004 | Outstanding Cinematography for a ... "",""title"":""https://en.wikipedia.org/wiki/George_Lopez_(TV_series)""}]"
20,375,2026-09-14T10:15:33.023800+00:00,actor real life son plays unrelated character TV show,"[""actor"",""real"",""life"",""son"",""plays"",""unrelated"",""character"",""tv"",""show""]","""actor"" OR ""real"" OR ""life"" OR ""son"" OR ""plays"" OR ""unrelated"" OR ""character"" OR ""tv"" OR ""show""",5,54939772d527a727c4e4a4cd375ace27972cd17cfcdf48ccbd7cf79a6b997fd7,186b25c5ce5104eb7bad2ac592a8b3dd73bc4bde4acb44578dd593e39b9d170f,True,"[""d45"",""d46"",""d27"",""d47"",""d24""]","[""69326"",""63690"",""78415"",""32179"",""64629""]","[{""docid"":""69326"",""score"":17.608058152860483,""snippet"":"" ... actors in completely unrelated roles in TV shows can go unnoticed by the audience, like Charles-Dean Chapman in Game of Thrones.\n\n- Talented actors, such as Tatiana Maslany in Orphan Black and Lisa Kudrow in Friends, can successfully portray multiple characters and create complex relationships on-screen.\n\nPlaying ... "",""title"":""https://screenrant.com/actors-multiple-characters-same-tv-show/""},{""docid"":""63690"",""score"":17.307014678439057,""snippet"":"" ... People] (94 quizzes)\n\nReal Name\n\n[Celebrities] (73 quizzes)\n\nThe Best Name Game\n\n[People] (605 quizzes)\n\nName the People\n\n[Movies] (398 quizzes)\n\nNames in Songs\n\n[Music] (126 quizzes)\n\nSurnames\n\n[General] (10 quizzes)\n\nThematic Names\n\n[General] (151 quizzes)\n\n1. Which actor played Dr. Robb in the TV series \""In The ... "",""title"":""https://www.funtrivia.com/quizzes/people/name_game/same_surname.html""},{""docid"":""78415"",""score"":16.991242550960894,""snippet"":"" ... movie follows fading TV hero Rick Dalton (Leonardo DiCaprio) and his best friend/stunt double Cliff Booth (Brad Pitt) as they navigate the changing landscape of Hollywood while also living next door to Sharon Tate (Margot Robbie).\n\nOlyphant plays one of several real-life characters in Once Upon ... "",""title"":""https://screenrant.com/timothy-olyphant-best-movies-tv-shows/""},{""docid"":""32179"",""score"":16.75430642685047,""snippet"":"" ... The Penguin - \""The Fishin' Hole\"" is the name of the iconic whistling theme song of what classic TV show, which features the title figure walking to the \""fishin' hole\"" with his son?\n\nAnswer: The Andy Griffith Show - Even though the character was first played by Susan Neher in ... "",""title"":""https://www.watercoolertrivia.com/trivia-questions/classic-tv-trivia-questions""},{""docid"":""64629"",""score"":16.6460355950987,""snippet"":"" ... Huck has various career ambitions in life, and he tries them all, though not particularly succeeding in any. This TV series was one of the six TV shows in 1960 and the first animation in history to win an Emmy for Outstanding Achievement in the Field of Children ... "",""title"":""https://www.boredpanda.com/60s-cartoons/""}]"
20,376,2026-09-14T10:15:33.024545+00:00,TV series actor family member cast unrelated role,"[""tv"",""series"",""actor"",""family"",""member"",""cast"",""unrelated"",""role""]","""tv"" OR ""series"" OR ""actor"" OR ""family"" OR ""member"" OR ""cast"" OR ""unrelated"" OR ""role""",5,926b5ad16c406760231902a802affccc9ecf484551833494d8bd71d09e634b0f,519938cc51f961ebe64dbcb827d1f5b0c02770f081d1dc8fc353acc8debc2b64,True,"[""d45"",""d33"",""d27"",""d46"",""d48""]","[""69326"",""57395"",""78415"",""63690"",""56024""]","[{""docid"":""69326"",""score"":18.76403021129144,""snippet"":"" ... 2023-11-14\n---\nSummary\n\n- Some actors excel at playing multiple roles in TV shows and movies, like Winona Ryder in Bram Stoker's Dracula and the cast of Everything Everywhere All at Once.\n\n- Recasting actors in completely unrelated roles in TV shows can go unnoticed by the audience ... "",""title"":""https://screenrant.com/actors-multiple-characters-same-tv-show/""},{""docid"":""57395"",""score"":18.072108702580366,""snippet"":"" ... Trivia[]\n\n- This had the most main cast members leave the series, with a total of 11 (although Jorja Fox later returned as a main cast member).\n\n- This was the penultimate CSI series to end.\n\n- This was the only CSI to lose both of its original lead actors (William ... "",""title"":""https://csi.fandom.com/wiki/CSI:Crime_Scene_Investigation""},{""docid"":""78415"",""score"":17.889209447110897,""snippet"":"" ... patriarch of the family. He initially plays the role with the cool calmness he pulls off so well in other roles, but becomes an anxious and desperate man when things start to unravel. The series makes for a gripping noir movie with a terrific cast that also includes ... "",""title"":""https://screenrant.com/timothy-olyphant-best-movies-tv-shows/""},{""docid"":""63690"",""score"":17.43938333974542,""snippet"":"" ... Which actor played Dr. Robb in the TV series \""In The Heat of The Night\""?\n\nFrom Quiz My Name is Robb\n\nAnswer: Dan Biggars\n\nDan Biggars was also an American college official prior to acting. William Windom played Dr. Seth Hazlitt in \""Murder She Wrote\"". Robert Young was ... "",""title"":""https://www.funtrivia.com/quizzes/people/name_game/same_surname.html""},{""docid"":""56024"",""score"":17.375538910828254,""snippet"":"" ... At 24 she won the role of the title character in UPN's drama Veronica Mars, which was launched in the fall of 2004. Created by Rob Thomas, the series starred Bell as the seventeen year old detective Veronica, which put her alongside actors Enrico Colantoni who played ... "",""title"":""https://unionfilms.org/films/people/kristen-bell.html""}]"
20,378,2026-09-14T10:15:33.027084+00:00,character married 3 times one child survives TV series 2000s,"[""character"",""married"",""3"",""times"",""one"",""child"",""survives"",""tv"",""series"",""2000s""]","""character"" OR ""married"" OR ""3"" OR ""times"" OR ""one"" OR ""child"" OR ""survives"" OR ""tv"" OR ""series"" OR ""2000s""",5,c9c062871b30893c9447ce45e87e6504375dfae99fdf6c1353e79599774caf6b,c470efb1a9b429148472627ec591e0453570f344b59db596bed9e6b635ebfe8c,True,"[""d6"",""d49"",""d50"",""d19"",""d2""]","[""78953"",""4035"",""3161"",""60134"",""81882""]","[{""docid"":""78953"",""score"":16.2824976074087,""snippet"":"" ... on Aidy Bryant's Hulu series Shrill and in the 2019 film James vs. His Future Self. In 2023, he joined season 4 of Apple TV+'s critically acclaimed science fiction drama For All Mankind as the character Eli Hobson.\n\nHe and actress Laure Mattos have been married ... "",""title"":""https://people.com/movies/home-alone-cast-where-are-they-now/""},{""docid"":""4035"",""score"":15.898290019368474,""snippet"":"" ... He was married to Star Herrmann and Leigh Curran. He died on 31 December 2014 in New York City, New York, USA.- Actor\n\n- Producer\n\n- Additional Crew\n\nOne of Hollywood's finest character / \""Method\"" actors, Eli Wallach was in demand for over 60 years (first film/TV role was ... "",""title"":""https://www.imdb.com/search/name/?death_date=2014""},{""docid"":""3161"",""score"":15.76035451695941,""snippet"":"" ... In the early 1970s, she landed minor roles in film and TV, and finally won a role on the series Three's Company (1976). She married Hamel in 1977. She was fired from the series after she asked for a raise at the beginning of the fifth season ... "",""title"":""https://m.imdb.com/search/name/?death_date=2023&ref_=nmbio_dth_yr""},{""docid"":""60134"",""score"":15.715324421687555,""snippet"":"" ... In 2003, Mulroney played Gavin Mitchell on the TV series Friends. He appeared in three episodes of the ninth season, his character briefly dating Rachel. This would mark Mulroney's last on-screen appearance on television for a number of years, later revealing in a May 2007 interview ... "",""title"":""https://en.wikipedia.org/wiki/Dermot_Mulroney""},{""docid"":""81882"",""score"":15.691378997718399,""snippet"":"" ... He was married a total of seven times, and fathered eight children.\n\nAfter long battles with ill health, Richard Pryor passed away on December 10th, 2005.- Vincent Schiavelli, selected in 1997 by Vanity Fair as one of the best character actors in America, had made over 120 film ... "",""title"":""https://m.imdb.com/search/name/?death_date=2005&ref_=nmbio""}]"
20,379,2026-09-14T10:15:33.027783+00:00,TV show character three marriages one surviving child,"[""tv"",""show"",""character"",""three"",""marriages"",""one"",""surviving"",""child""]","""tv"" OR ""show"" OR ""character"" OR ""three"" OR ""marriages"" OR ""one"" OR ""surviving"" OR ""child""",5,dcfdfe59d4312591ff3d757fe02035f881e4a26022e07fa519df09748ec9df4a,3f31bf042d8cc6df97db1dfa7b9b5da5c52351b9d4583f684f1cbc8fdbd5e8e2,True,"[""d39"",""d8"",""d51"",""d52"",""d53""]","[""53008"",""60248"",""37367"",""77637"",""54031""]","[{""docid"":""53008"",""score"":13.664801548271926,""snippet"":"" ... Most recently, Liotta appeared in The Many Saints of Newark, Marriage Story and No Sudden Move. He also appeared on Jennifer Lopez's TV show, Shades of Blue, which ended after three seasons. Liotta is survived by his daughter, Karsen and his fiancée Jacy Nittolo.\n\nJohn Zderko\n\nThe ... "",""title"":""https://www.etonline.com/gallery/stars-weve-lost-in-2022-177426""},{""docid"":""60248"",""score"":13.648348285782436,""snippet"":"" ... Lucci was expected to guest star on Prospect Park's continuation of All My Children in 2013, but the appearance never came to fruition due to the show's second cancellation.\n\nErica is considered to be the most popular character in American soap opera history. TV Guide calls ... "",""title"":""https://en.wikipedia.org/wiki/Erica_Kane""},{""docid"":""37367"",""score"":13.510584826136753,""snippet"":"" ... Midway through the season, an attempt was made to increase ratings by having Havoc's character relocate to New York to represent show business clients; however, the show lasted only one season.\""Lady Lawyer Practices Law,\"" TV Guide May 7–13, 1955, p. 12.\n\nFrom the 1960s through ... "",""title"":""https://en.wikipedia.org/wiki/June_Havoc""},{""docid"":""77637"",""score"":13.489606718134208,""snippet"":"" ... Besides his TV career, he was also an ordained Presbyterian minister.\n\nAfter starting her film career at the age of three, Shirley Temple went on to become Hollywood's highest-grossing child actress from 1935 to 1938. She is the epitome of popular child stars who lose their ... "",""title"":""https://www.thefamouspeople.com/born-1928.php""},{""docid"":""54031"",""score"":13.354763032640921,""snippet"":"" ... Simultaneously, numerous agencies in Britain and in America targeted various other aspects of child welfare, from educating parents (particularly women) on hygiene and child-rearing, to raising the age for compulsory schooling, instituting school nutrition programs, and recognizing child rights.\n\nThe Useless Child\n\nFalling infant mortality rates during ... "",""title"":""https://www.representingchildhood.pitt.edu/twentycent_child.htm""}]"
21,389,2026-09-14T10:15:37.428370+00:00,actor real life daughter plays niece TV series,"[""actor"",""real"",""life"",""daughter"",""plays"",""niece"",""tv"",""series""]","""actor"" OR ""real"" OR ""life"" OR ""daughter"" OR ""plays"" OR ""niece"" OR ""tv"" OR ""series""",5,c5b8aa186c7c0fe6193a19341def225d23aa3e1eddf39c92614b2bacf8eb4794,d6c7070e3e40ec10244efa948e3a4b087582a5f3023fa91246133211ca293d76,True,"[""d41"",""d11"",""d42"",""d43"",""d44""]","[""48538"",""20480"",""51536"",""11779"",""27252""]","[{""docid"":""48538"",""score"":18.696880866122626,""snippet"":"" ... The story of their strange marriage, the child it produced and its violent end was a Hollywood tragedy played out in court.\n\nOnce hailed as among the finest actors of his generation, Blake became better known as the center of a real-life murder trial, a story more ... "",""title"":""https://www.pbs.org/newshour/arts/robert-blake-actor-acquitted-in-wifes-killing-dies-at-89""},{""docid"":""20480"",""score"":18.63087915735836,""snippet"":"" ... They need that, too.\""\n\nWhile her TV dad played an influential role in her life on That Girl, Thomas's real-life father was, and remains, the overwhelming inspiration in both her life and career.\n\nA multi-talented performer - beloved nightclub headliner, movie actor, TV producer and star ... "",""title"":""https://www.televisionacademy.com/features/news/online-originals/girl-one-who-changed-everything""},{""docid"":""51536"",""score"":18.622128107713962,""snippet"":"" ... it was the first big movie break for the talented, late actor Anton Yelchin, and it allowed Robin Williams to share the screen with his daughter Zelda.\n\nYelchin's plays Duchovny as a boy, whose best friend is a mentally challenged deliveryman, played by Williams. Zelda Williams plays ... "",""title"":""https://collider.com/galleries/celebrity-children-parents-movies/""},{""docid"":""11779"",""score"":18.06236804587279,""snippet"":"" ... Doherty later starred in the Kevin Smith film Mallrats and the TV series Charmed.\n\nIn 2023, the actor and director launched Let's Be Clear with Shannen Doherty, a podcast that reflects on her life and career. \""I wanted to be clear about what it was like for ... "",""title"":""https://people.com/little-house-on-the-prairie-cast-where-are-they-now-8603014""},{""docid"":""27252"",""score"":17.802101342039794,""snippet"":"" ... Scott | | |\n| BET Comedy Awards | 2004 | Outstanding Comedy Series | George Lopez | | |\n| BET Comedy Awards | 2004 | Outstanding Lead Actor in a Comedy Series | George Lopez | | |\n| Casting Society of America | 2002 | Best Casting for TV, Comedy Pilot (\""Prototype\"") | Mary V. BuckSusan Edelman | | |\n| Emmy Awards (Creative Arts) | 2004 | Outstanding Cinematography for a ... "",""title"":""https://en.wikipedia.org/wiki/George_Lopez_(TV_series)""}]"
21,390,2026-09-14T10:15:37.429412+00:00,actor real life son plays unrelated character TV show,"[""actor"",""real"",""life"",""son"",""plays"",""unrelated"",""character"",""tv"",""show""]","""actor"" OR ""real"" OR ""life"" OR ""son"" OR ""plays"" OR ""unrelated"" OR ""character"" OR ""tv"" OR ""show""",5,54939772d527a727c4e4a4cd375ace27972cd17cfcdf48ccbd7cf79a6b997fd7,186b25c5ce5104eb7bad2ac592a8b3dd73bc4bde4acb44578dd593e39b9d170f,True,"[""d45"",""d46"",""d27"",""d47"",""d24""]","[""69326"",""63690"",""78415"",""32179"",""64629""]","[{""docid"":""69326"",""score"":17.608058152860483,""snippet"":"" ... actors in completely unrelated roles in TV shows can go unnoticed by the audience, like Charles-Dean Chapman in Game of Thrones.\n\n- Talented actors, such as Tatiana Maslany in Orphan Black and Lisa Kudrow in Friends, can successfully portray multiple characters and create complex relationships on-screen.\n\nPlaying ... "",""title"":""https://screenrant.com/actors-multiple-characters-same-tv-show/""},{""docid"":""63690"",""score"":17.307014678439057,""snippet"":"" ... People] (94 quizzes)\n\nReal Name\n\n[Celebrities] (73 quizzes)\n\nThe Best Name Game\n\n[People] (605 quizzes)\n\nName the People\n\n[Movies] (398 quizzes)\n\nNames in Songs\n\n[Music] (126 quizzes)\n\nSurnames\n\n[General] (10 quizzes)\n\nThematic Names\n\n[General] (151 quizzes)\n\n1. Which actor played Dr. Robb in the TV series \""In The ... "",""title"":""https://www.funtrivia.com/quizzes/people/name_game/same_surname.html""},{""docid"":""78415"",""score"":16.991242550960894,""snippet"":"" ... movie follows fading TV hero Rick Dalton (Leonardo DiCaprio) and his best friend/stunt double Cliff Booth (Brad Pitt) as they navigate the changing landscape of Hollywood while also living next door to Sharon Tate (Margot Robbie).\n\nOlyphant plays one of several real-life characters in Once Upon ... "",""title"":""https://screenrant.com/timothy-olyphant-best-movies-tv-shows/""},{""docid"":""32179"",""score"":16.75430642685047,""snippet"":"" ... The Penguin - \""The Fishin' Hole\"" is the name of the iconic whistling theme song of what classic TV show, which features the title figure walking to the \""fishin' hole\"" with his son?\n\nAnswer: The Andy Griffith Show - Even though the character was first played by Susan Neher in ... "",""title"":""https://www.watercoolertrivia.com/trivia-questions/classic-tv-trivia-questions""},{""docid"":""64629"",""score"":16.6460355950987,""snippet"":"" ... Huck has various career ambitions in life, and he tries them all, though not particularly succeeding in any. This TV series was one of the six TV shows in 1960 and the first animation in history to win an Emmy for Outstanding Achievement in the Field of Children ... "",""title"":""https://www.boredpanda.com/60s-cartoons/""}]"
21,391,2026-09-14T10:15:37.430246+00:00,TV series actor family member cast unrelated role,"[""tv"",""series"",""actor"",""family"",""member"",""cast"",""unrelated"",""role""]","""tv"" OR ""series"" OR ""actor"" OR ""family"" OR ""member"" OR ""cast"" OR ""unrelated"" OR ""role""",5,926b5ad16c406760231902a802affccc9ecf484551833494d8bd71d09e634b0f,519938cc51f961ebe64dbcb827d1f5b0c02770f081d1dc8fc353acc8debc2b64,True,"[""d45"",""d33"",""d27"",""d46"",""d48""]","[""69326"",""57395"",""78415"",""63690"",""56024""]","[{""docid"":""69326"",""score"":18.76403021129144,""snippet"":"" ... 2023-11-14\n---\nSummary\n\n- Some actors excel at playing multiple roles in TV shows and movies, like Winona Ryder in Bram Stoker's Dracula and the cast of Everything Everywhere All at Once.\n\n- Recasting actors in completely unrelated roles in TV shows can go unnoticed by the audience ... "",""title"":""https://screenrant.com/actors-multiple-characters-same-tv-show/""},{""docid"":""57395"",""score"":18.072108702580366,""snippet"":"" ... Trivia[]\n\n- This had the most main cast members leave the series, with a total of 11 (although Jorja Fox later returned as a main cast member).\n\n- This was the penultimate CSI series to end.\n\n- This was the only CSI to lose both of its original lead actors (William ... "",""title"":""https://csi.fandom.com/wiki/CSI:Crime_Scene_Investigation""},{""docid"":""78415"",""score"":17.889209447110897,""snippet"":"" ... patriarch of the family. He initially plays the role with the cool calmness he pulls off so well in other roles, but becomes an anxious and desperate man when things start to unravel. The series makes for a gripping noir movie with a terrific cast that also includes ... "",""title"":""https://screenrant.com/timothy-olyphant-best-movies-tv-shows/""},{""docid"":""63690"",""score"":17.43938333974542,""snippet"":"" ... Which actor played Dr. Robb in the TV series \""In The Heat of The Night\""?\n\nFrom Quiz My Name is Robb\n\nAnswer: Dan Biggars\n\nDan Biggars was also an American college official prior to acting. William Windom played Dr. Seth Hazlitt in \""Murder She Wrote\"". Robert Young was ... "",""title"":""https://www.funtrivia.com/quizzes/people/name_game/same_surname.html""},{""docid"":""56024"",""score"":17.375538910828254,""snippet"":"" ... At 24 she won the role of the title character in UPN's drama Veronica Mars, which was launched in the fall of 2004. Created by Rob Thomas, the series starred Bell as the seventeen year old detective Veronica, which put her alongside actors Enrico Colantoni who played ... "",""title"":""https://unionfilms.org/films/people/kristen-bell.html""}]"
21,393,2026-09-14T10:15:37.432587+00:00,character married 3 times one child survives TV series 2000s,"[""character"",""married"",""3"",""times"",""one"",""child"",""survives"",""tv"",""series"",""2000s""]","""character"" OR ""married"" OR ""3"" OR ""times"" OR ""one"" OR ""child"" OR ""survives"" OR ""tv"" OR ""series"" OR ""2000s""",5,c9c062871b30893c9447ce45e87e6504375dfae99fdf6c1353e79599774caf6b,c470efb1a9b429148472627ec591e0453570f344b59db596bed9e6b635ebfe8c,True,"[""d6"",""d49"",""d50"",""d19"",""d2""]","[""78953"",""4035"",""3161"",""60134"",""81882""]","[{""docid"":""78953"",""score"":16.2824976074087,""snippet"":"" ... on Aidy Bryant's Hulu series Shrill and in the 2019 film James vs. His Future Self. In 2023, he joined season 4 of Apple TV+'s critically acclaimed science fiction drama For All Mankind as the character Eli Hobson.\n\nHe and actress Laure Mattos have been married ... "",""title"":""https://people.com/movies/home-alone-cast-where-are-they-now/""},{""docid"":""4035"",""score"":15.898290019368474,""snippet"":"" ... He was married to Star Herrmann and Leigh Curran. He died on 31 December 2014 in New York City, New York, USA.- Actor\n\n- Producer\n\n- Additional Crew\n\nOne of Hollywood's finest character / \""Method\"" actors, Eli Wallach was in demand for over 60 years (first film/TV role was ... "",""title"":""https://www.imdb.com/search/name/?death_date=2014""},{""docid"":""3161"",""score"":15.76035451695941,""snippet"":"" ... In the early 1970s, she landed minor roles in film and TV, and finally won a role on the series Three's Company (1976). She married Hamel in 1977. She was fired from the series after she asked for a raise at the beginning of the fifth season ... "",""title"":""https://m.imdb.com/search/name/?death_date=2023&ref_=nmbio_dth_yr""},{""docid"":""60134"",""score"":15.715324421687555,""snippet"":"" ... In 2003, Mulroney played Gavin Mitchell on the TV series Friends. He appeared in three episodes of the ninth season, his character briefly dating Rachel. This would mark Mulroney's last on-screen appearance on television for a number of years, later revealing in a May 2007 interview ... "",""title"":""https://en.wikipedia.org/wiki/Dermot_Mulroney""},{""docid"":""81882"",""score"":15.691378997718399,""snippet"":"" ... He was married a total of seven times, and fathered eight children.\n\nAfter long battles with ill health, Richard Pryor passed away on December 10th, 2005.- Vincent Schiavelli, selected in 1997 by Vanity Fair as one of the best character actors in America, had made over 120 film ... "",""title"":""https://m.imdb.com/search/name/?death_date=2005&ref_=nmbio""}]"
21,394,2026-09-14T10:15:37.433523+00:00,TV show character three marriages one surviving child,"[""tv"",""show"",""character"",""three"",""marriages"",""one"",""surviving"",""child""]","""tv"" OR ""show"" OR ""character"" OR ""three"" OR ""marriages"" OR ""one"" OR ""surviving"" OR ""child""",5,dcfdfe59d4312591ff3d757fe02035f881e4a26022e07fa519df09748ec9df4a,3f31bf042d8cc6df97db1dfa7b9b5da5c52351b9d4583f684f1cbc8fdbd5e8e2,True,"[""d39"",""d8"",""d51"",""d52"",""d53""]","[""53008"",""60248"",""37367"",""77637"",""54031""]","[{""docid"":""53008"",""score"":13.664801548271926,""snippet"":"" ... Most recently, Liotta appeared in The Many Saints of Newark, Marriage Story and No Sudden Move. He also appeared on Jennifer Lopez's TV show, Shades of Blue, which ended after three seasons. Liotta is survived by his daughter, Karsen and his fiancée Jacy Nittolo.\n\nJohn Zderko\n\nThe ... "",""title"":""https://www.etonline.com/gallery/stars-weve-lost-in-2022-177426""},{""docid"":""60248"",""score"":13.648348285782436,""snippet"":"" ... Lucci was expected to guest star on Prospect Park's continuation of All My Children in 2013, but the appearance never came to fruition due to the show's second cancellation.\n\nErica is considered to be the most popular character in American soap opera history. TV Guide calls ... "",""title"":""https://en.wikipedia.org/wiki/Erica_Kane""},{""docid"":""37367"",""score"":13.510584826136753,""snippet"":"" ... Midway through the season, an attempt was made to increase ratings by having Havoc's character relocate to New York to represent show business clients; however, the show lasted only one season.\""Lady Lawyer Practices Law,\"" TV Guide May 7–13, 1955, p. 12.\n\nFrom the 1960s through ... "",""title"":""https://en.wikipedia.org/wiki/June_Havoc""},{""docid"":""77637"",""score"":13.489606718134208,""snippet"":"" ... Besides his TV career, he was also an ordained Presbyterian minister.\n\nAfter starting her film career at the age of three, Shirley Temple went on to become Hollywood's highest-grossing child actress from 1935 to 1938. She is the epitome of popular child stars who lose their ... "",""title"":""https://www.thefamouspeople.com/born-1928.php""},{""docid"":""54031"",""score"":13.354763032640921,""snippet"":"" ... Simultaneously, numerous agencies in Britain and in America targeted various other aspects of child welfare, from educating parents (particularly women) on hygiene and child-rearing, to raising the age for compulsory schooling, instituting school nutrition programs, and recognizing child rights.\n\nThe Useless Child\n\nFalling infant mortality rates during ... "",""title"":""https://www.representingchildhood.pitt.edu/twentycent_child.htm""}]"
22,404,2026-09-14T10:15:41.362986+00:00,actor real life daughter plays niece TV series,"[""actor"",""real"",""life"",""daughter"",""plays"",""niece"",""tv"",""series""]","""actor"" OR ""real"" OR ""life"" OR ""daughter"" OR ""plays"" OR ""niece"" OR ""tv"" OR ""series""",5,c5b8aa186c7c0fe6193a19341def225d23aa3e1eddf39c92614b2bacf8eb4794,d6c7070e3e40ec10244efa948e3a4b087582a5f3023fa91246133211ca293d76,True,"[""d41"",""d11"",""d42"",""d43"",""d44""]","[""48538"",""20480"",""51536"",""11779"",""27252""]","[{""docid"":""48538"",""score"":18.696880866122626,""snippet"":"" ... The story of their strange marriage, the child it produced and its violent end was a Hollywood tragedy played out in court.\n\nOnce hailed as among the finest actors of his generation, Blake became better known as the center of a real-life murder trial, a story more ... "",""title"":""https://www.pbs.org/newshour/arts/robert-blake-actor-acquitted-in-wifes-killing-dies-at-89""},{""docid"":""20480"",""score"":18.63087915735836,""snippet"":"" ... They need that, too.\""\n\nWhile her TV dad played an influential role in her life on That Girl, Thomas's real-life father was, and remains, the overwhelming inspiration in both her life and career.\n\nA multi-talented performer - beloved nightclub headliner, movie actor, TV producer and star ... "",""title"":""https://www.televisionacademy.com/features/news/online-originals/girl-one-who-changed-everything""},{""docid"":""51536"",""score"":18.622128107713962,""snippet"":"" ... it was the first big movie break for the talented, late actor Anton Yelchin, and it allowed Robin Williams to share the screen with his daughter Zelda.\n\nYelchin's plays Duchovny as a boy, whose best friend is a mentally challenged deliveryman, played by Williams. Zelda Williams plays ... "",""title"":""https://collider.com/galleries/celebrity-children-parents-movies/""},{""docid"":""11779"",""score"":18.06236804587279,""snippet"":"" ... Doherty later starred in the Kevin Smith film Mallrats and the TV series Charmed.\n\nIn 2023, the actor and director launched Let's Be Clear with Shannen Doherty, a podcast that reflects on her life and career. \""I wanted to be clear about what it was like for ... "",""title"":""https://people.com/little-house-on-the-prairie-cast-where-are-they-now-8603014""},{""docid"":""27252"",""score"":17.802101342039794,""snippet"":"" ... Scott | | |\n| BET Comedy Awards | 2004 | Outstanding Comedy Series | George Lopez | | |\n| BET Comedy Awards | 2004 | Outstanding Lead Actor in a Comedy Series | George Lopez | | |\n| Casting Society of America | 2002 | Best Casting for TV, Comedy Pilot (\""Prototype\"") | Mary V. BuckSusan Edelman | | |\n| Emmy Awards (Creative Arts) | 2004 | Outstanding Cinematography for a ... "",""title"":""https://en.wikipedia.org/wiki/George_Lopez_(TV_series)""}]"
22,405,2026-09-14T10:15:41.364103+00:00,actor real life son plays unrelated character TV show,"[""actor"",""real"",""life"",""son"",""plays"",""unrelated"",""character"",""tv"",""show""]","""actor"" OR ""real"" OR ""life"" OR ""son"" OR ""plays"" OR ""unrelated"" OR ""character"" OR ""tv"" OR ""show""",5,54939772d527a727c4e4a4cd375ace27972cd17cfcdf48ccbd7cf79a6b997fd7,186b25c5ce5104eb7bad2ac592a8b3dd73bc4bde4acb44578dd593e39b9d170f,True,"[""d45"",""d46"",""d27"",""d47"",""d24""]","[""69326"",""63690"",""78415"",""32179"",""64629""]","[{""docid"":""69326"",""score"":17.608058152860483,""snippet"":"" ... actors in completely unrelated roles in TV shows can go unnoticed by the audience, like Charles-Dean Chapman in Game of Thrones.\n\n- Talented actors, such as Tatiana Maslany in Orphan Black and Lisa Kudrow in Friends, can successfully portray multiple characters and create complex relationships on-screen.\n\nPlaying ... "",""title"":""https://screenrant.com/actors-multiple-characters-same-tv-show/""},{""docid"":""63690"",""score"":17.307014678439057,""snippet"":"" ... People] (94 quizzes)\n\nReal Name\n\n[Celebrities] (73 quizzes)\n\nThe Best Name Game\n\n[People] (605 quizzes)\n\nName the People\n\n[Movies] (398 quizzes)\n\nNames in Songs\n\n[Music] (126 quizzes)\n\nSurnames\n\n[General] (10 quizzes)\n\nThematic Names\n\n[General] (151 quizzes)\n\n1. Which actor played Dr. Robb in the TV series \""In The ... "",""title"":""https://www.funtrivia.com/quizzes/people/name_game/same_surname.html""},{""docid"":""78415"",""score"":16.991242550960894,""snippet"":"" ... movie follows fading TV hero Rick Dalton (Leonardo DiCaprio) and his best friend/stunt double Cliff Booth (Brad Pitt) as they navigate the changing landscape of Hollywood while also living next door to Sharon Tate (Margot Robbie).\n\nOlyphant plays one of several real-life characters in Once Upon ... "",""title"":""https://screenrant.com/timothy-olyphant-best-movies-tv-shows/""},{""docid"":""32179"",""score"":16.75430642685047,""snippet"":"" ... The Penguin - \""The Fishin' Hole\"" is the name of the iconic whistling theme song of what classic TV show, which features the title figure walking to the \""fishin' hole\"" with his son?\n\nAnswer: The Andy Griffith Show - Even though the character was first played by Susan Neher in ... "",""title"":""https://www.watercoolertrivia.com/trivia-questions/classic-tv-trivia-questions""},{""docid"":""64629"",""score"":16.6460355950987,""snippet"":"" ... Huck has various career ambitions in life, and he tries them all, though not particularly succeeding in any. This TV series was one of the six TV shows in 1960 and the first animation in history to win an Emmy for Outstanding Achievement in the Field of Children ... "",""title"":""https://www.boredpanda.com/60s-cartoons/""}]"
22,406,2026-09-14T10:15:41.365002+00:00,TV series actor family member cast unrelated role,"[""tv"",""series"",""actor"",""family"",""member"",""cast"",""unrelated"",""role""]","""tv"" OR ""series"" OR ""actor"" OR ""family"" OR ""member"" OR ""cast"" OR ""unrelated"" OR ""role""",5,926b5ad16c406760231902a802affccc9ecf484551833494d8bd71d09e634b0f,519938cc51f961ebe64dbcb827d1f5b0c02770f081d1dc8fc353acc8debc2b64,True,"[""d45"",""d33"",""d27"",""d46"",""d48""]","[""69326"",""57395"",""78415"",""63690"",""56024""]","[{""docid"":""69326"",""score"":18.76403021129144,""snippet"":"" ... 2023-11-14\n---\nSummary\n\n- Some actors excel at playing multiple roles in TV shows and movies, like Winona Ryder in Bram Stoker's Dracula and the cast of Everything Everywhere All at Once.\n\n- Recasting actors in completely unrelated roles in TV shows can go unnoticed by the audience ... "",""title"":""https://screenrant.com/actors-multiple-characters-same-tv-show/""},{""docid"":""57395"",""score"":18.072108702580366,""snippet"":"" ... Trivia[]\n\n- This had the most main cast members leave the series, with a total of 11 (although Jorja Fox later returned as a main cast member).\n\n- This was the penultimate CSI series to end.\n\n- This was the only CSI to lose both of its original lead actors (William ... "",""title"":""https://csi.fandom.com/wiki/CSI:Crime_Scene_Investigation""},{""docid"":""78415"",""score"":17.889209447110897,""snippet"":"" ... patriarch of the family. He initially plays the role with the cool calmness he pulls off so well in other roles, but becomes an anxious and desperate man when things start to unravel. The series makes for a gripping noir movie with a terrific cast that also includes ... "",""title"":""https://screenrant.com/timothy-olyphant-best-movies-tv-shows/""},{""docid"":""63690"",""score"":17.43938333974542,""snippet"":"" ... Which actor played Dr. Robb in the TV series \""In The Heat of The Night\""?\n\nFrom Quiz My Name is Robb\n\nAnswer: Dan Biggars\n\nDan Biggars was also an American college official prior to acting. William Windom played Dr. Seth Hazlitt in \""Murder She Wrote\"". Robert Young was ... "",""title"":""https://www.funtrivia.com/quizzes/people/name_game/same_surname.html""},{""docid"":""56024"",""score"":17.375538910828254,""snippet"":"" ... At 24 she won the role of the title character in UPN's drama Veronica Mars, which was launched in the fall of 2004. Created by Rob Thomas, the series starred Bell as the seventeen year old detective Veronica, which put her alongside actors Enrico Colantoni who played ... "",""title"":""https://unionfilms.org/films/people/kristen-bell.html""}]"
22,408,2026-09-14T10:15:41.368111+00:00,character married 3 times one child survives TV series 2000s,"[""character"",""married"",""3"",""times"",""one"",""child"",""survives"",""tv"",""series"",""2000s""]","""character"" OR ""married"" OR ""3"" OR ""times"" OR ""one"" OR ""child"" OR ""survives"" OR ""tv"" OR ""series"" OR ""2000s""",5,c9c062871b30893c9447ce45e87e6504375dfae99fdf6c1353e79599774caf6b,c470efb1a9b429148472627ec591e0453570f344b59db596bed9e6b635ebfe8c,True,"[""d6"",""d49"",""d50"",""d19"",""d2""]","[""78953"",""4035"",""3161"",""60134"",""81882""]","[{""docid"":""78953"",""score"":16.2824976074087,""snippet"":"" ... on Aidy Bryant's Hulu series Shrill and in the 2019 film James vs. His Future Self. In 2023, he joined season 4 of Apple TV+'s critically acclaimed science fiction drama For All Mankind as the character Eli Hobson.\n\nHe and actress Laure Mattos have been married ... "",""title"":""https://people.com/movies/home-alone-cast-where-are-they-now/""},{""docid"":""4035"",""score"":15.898290019368474,""snippet"":"" ... He was married to Star Herrmann and Leigh Curran. He died on 31 December 2014 in New York City, New York, USA.- Actor\n\n- Producer\n\n- Additional Crew\n\nOne of Hollywood's finest character / \""Method\"" actors, Eli Wallach was in demand for over 60 years (first film/TV role was ... "",""title"":""https://www.imdb.com/search/name/?death_date=2014""},{""docid"":""3161"",""score"":15.76035451695941,""snippet"":"" ... In the early 1970s, she landed minor roles in film and TV, and finally won a role on the series Three's Company (1976). She married Hamel in 1977. She was fired from the series after she asked for a raise at the beginning of the fifth season ... "",""title"":""https://m.imdb.com/search/name/?death_date=2023&ref_=nmbio_dth_yr""},{""docid"":""60134"",""score"":15.715324421687555,""snippet"":"" ... In 2003, Mulroney played Gavin Mitchell on the TV series Friends. He appeared in three episodes of the ninth season, his character briefly dating Rachel. This would mark Mulroney's last on-screen appearance on television for a number of years, later revealing in a May 2007 interview ... "",""title"":""https://en.wikipedia.org/wiki/Dermot_Mulroney""},{""docid"":""81882"",""score"":15.691378997718399,""snippet"":"" ... He was married a total of seven times, and fathered eight children.\n\nAfter long battles with ill health, Richard Pryor passed away on December 10th, 2005.- Vincent Schiavelli, selected in 1997 by Vanity Fair as one of the best character actors in America, had made over 120 film ... "",""title"":""https://m.imdb.com/search/name/?death_date=2005&ref_=nmbio""}]"
22,409,2026-09-14T10:15:41.368982+00:00,TV show character three marriages one surviving child,"[""tv"",""show"",""character"",""three"",""marriages"",""one"",""surviving"",""child""]","""tv"" OR ""show"" OR ""character"" OR ""three"" OR ""marriages"" OR ""one"" OR ""surviving"" OR ""child""",5,dcfdfe59d4312591ff3d757fe02035f881e4a26022e07fa519df09748ec9df4a,3f31bf042d8cc6df97db1dfa7b9b5da5c52351b9d4583f684f1cbc8fdbd5e8e2,True,"[""d39"",""d8"",""d51"",""d52"",""d53""]","[""53008"",""60248"",""37367"",""77637"",""54031""]","[{""docid"":""53008"",""score"":13.664801548271926,""snippet"":"" ... Most recently, Liotta appeared in The Many Saints of Newark, Marriage Story and No Sudden Move. He also appeared on Jennifer Lopez's TV show, Shades of Blue, which ended after three seasons. Liotta is survived by his daughter, Karsen and his fiancée Jacy Nittolo.\n\nJohn Zderko\n\nThe ... "",""title"":""https://www.etonline.com/gallery/stars-weve-lost-in-2022-177426""},{""docid"":""60248"",""score"":13.648348285782436,""snippet"":"" ... Lucci was expected to guest star on Prospect Park's continuation of All My Children in 2013, but the appearance never came to fruition due to the show's second cancellation.\n\nErica is considered to be the most popular character in American soap opera history. TV Guide calls ... "",""title"":""https://en.wikipedia.org/wiki/Erica_Kane""},{""docid"":""37367"",""score"":13.510584826136753,""snippet"":"" ... Midway through the season, an attempt was made to increase ratings by having Havoc's character relocate to New York to represent show business clients; however, the show lasted only one season.\""Lady Lawyer Practices Law,\"" TV Guide May 7–13, 1955, p. 12.\n\nFrom the 1960s through ... "",""title"":""https://en.wikipedia.org/wiki/June_Havoc""},{""docid"":""77637"",""score"":13.489606718134208,""snippet"":"" ... Besides his TV career, he was also an ordained Presbyterian minister.\n\nAfter starting her film career at the age of three, Shirley Temple went on to become Hollywood's highest-grossing child actress from 1935 to 1938. She is the epitome of popular child stars who lose their ... "",""title"":""https://www.thefamouspeople.com/born-1928.php""},{""docid"":""54031"",""score"":13.354763032640921,""snippet"":"" ... Simultaneously, numerous agencies in Britain and in America targeted various other aspects of child welfare, from educating parents (particularly women) on hygiene and child-rearing, to raising the age for compulsory schooling, instituting school nutrition programs, and recognizing child rights.\n\nThe Useless Child\n\nFalling infant mortality rates during ... "",""title"":""https://www.representingchildhood.pitt.edu/twentycent_child.htm""}]"
23,419,2026-09-14T10:15:44.740696+00:00,actor real life daughter plays niece TV series,"[""actor"",""real"",""life"",""daughter"",""plays"",""niece"",""tv"",""series""]","""actor"" OR ""real"" OR ""life"" OR ""daughter"" OR ""plays"" OR ""niece"" OR ""tv"" OR ""series""",5,c5b8aa186c7c0fe6193a19341def225d23aa3e1eddf39c92614b2bacf8eb4794,d6c7070e3e40ec10244efa948e3a4b087582a5f3023fa91246133211ca293d76,True,"[""d41"",""d11"",""d42"",""d43"",""d44""]","[""48538"",""20480"",""51536"",""11779"",""27252""]","[{""docid"":""48538"",""score"":18.696880866122626,""snippet"":"" ... The story of their strange marriage, the child it produced and its violent end was a Hollywood tragedy played out in court.\n\nOnce hailed as among the finest actors of his generation, Blake became better known as the center of a real-life murder trial, a story more ... "",""title"":""https://www.pbs.org/newshour/arts/robert-blake-actor-acquitted-in-wifes-killing-dies-at-89""},{""docid"":""20480"",""score"":18.63087915735836,""snippet"":"" ... They need that, too.\""\n\nWhile her TV dad played an influential role in her life on That Girl, Thomas's real-life father was, and remains, the overwhelming inspiration in both her life and career.\n\nA multi-talented performer - beloved nightclub headliner, movie actor, TV producer and star ... "",""title"":""https://www.televisionacademy.com/features/news/online-originals/girl-one-who-changed-everything""},{""docid"":""51536"",""score"":18.622128107713962,""snippet"":"" ... it was the first big movie break for the talented, late actor Anton Yelchin, and it allowed Robin Williams to share the screen with his daughter Zelda.\n\nYelchin's plays Duchovny as a boy, whose best friend is a mentally challenged deliveryman, played by Williams. Zelda Williams plays ... "",""title"":""https://collider.com/galleries/celebrity-children-parents-movies/""},{""docid"":""11779"",""score"":18.06236804587279,""snippet"":"" ... Doherty later starred in the Kevin Smith film Mallrats and the TV series Charmed.\n\nIn 2023, the actor and director launched Let's Be Clear with Shannen Doherty, a podcast that reflects on her life and career. \""I wanted to be clear about what it was like for ... "",""title"":""https://people.com/little-house-on-the-prairie-cast-where-are-they-now-8603014""},{""docid"":""27252"",""score"":17.802101342039794,""snippet"":"" ... Scott | | |\n| BET Comedy Awards | 2004 | Outstanding Comedy Series | George Lopez | | |\n| BET Comedy Awards | 2004 | Outstanding Lead Actor in a Comedy Series | George Lopez | | |\n| Casting Society of America | 2002 | Best Casting for TV, Comedy Pilot (\""Prototype\"") | Mary V. BuckSusan Edelman | | |\n| Emmy Awards (Creative Arts) | 2004 | Outstanding Cinematography for a ... "",""title"":""https://en.wikipedia.org/wiki/George_Lopez_(TV_series)""}]"
23,420,2026-09-14T10:15:44.741604+00:00,actor real life son plays unrelated character TV show,"[""actor"",""real"",""life"",""son"",""plays"",""unrelated"",""character"",""tv"",""show""]","""actor"" OR ""real"" OR ""life"" OR ""son"" OR ""plays"" OR ""unrelated"" OR ""character"" OR ""tv"" OR ""show""",5,54939772d527a727c4e4a4cd375ace27972cd17cfcdf48ccbd7cf79a6b997fd7,186b25c5ce5104eb7bad2ac592a8b3dd73bc4bde4acb44578dd593e39b9d170f,True,"[""d45"",""d46"",""d27"",""d47"",""d24""]","[""69326"",""63690"",""78415"",""32179"",""64629""]","[{""docid"":""69326"",""score"":17.608058152860483,""snippet"":"" ... actors in completely unrelated roles in TV shows can go unnoticed by the audience, like Charles-Dean Chapman in Game of Thrones.\n\n- Talented actors, such as Tatiana Maslany in Orphan Black and Lisa Kudrow in Friends, can successfully portray multiple characters and create complex relationships on-screen.\n\nPlaying ... "",""title"":""https://screenrant.com/actors-multiple-characters-same-tv-show/""},{""docid"":""63690"",""score"":17.307014678439057,""snippet"":"" ... People] (94 quizzes)\n\nReal Name\n\n[Celebrities] (73 quizzes)\n\nThe Best Name Game\n\n[People] (605 quizzes)\n\nName the People\n\n[Movies] (398 quizzes)\n\nNames in Songs\n\n[Music] (126 quizzes)\n\nSurnames\n\n[General] (10 quizzes)\n\nThematic Names\n\n[General] (151 quizzes)\n\n1. Which actor played Dr. Robb in the TV series \""In The ... "",""title"":""https://www.funtrivia.com/quizzes/people/name_game/same_surname.html""},{""docid"":""78415"",""score"":16.991242550960894,""snippet"":"" ... movie follows fading TV hero Rick Dalton (Leonardo DiCaprio) and his best friend/stunt double Cliff Booth (Brad Pitt) as they navigate the changing landscape of Hollywood while also living next door to Sharon Tate (Margot Robbie).\n\nOlyphant plays one of several real-life characters in Once Upon ... "",""title"":""https://screenrant.com/timothy-olyphant-best-movies-tv-shows/""},{""docid"":""32179"",""score"":16.75430642685047,""snippet"":"" ... The Penguin - \""The Fishin' Hole\"" is the name of the iconic whistling theme song of what classic TV show, which features the title figure walking to the \""fishin' hole\"" with his son?\n\nAnswer: The Andy Griffith Show - Even though the character was first played by Susan Neher in ... "",""title"":""https://www.watercoolertrivia.com/trivia-questions/classic-tv-trivia-questions""},{""docid"":""64629"",""score"":16.6460355950987,""snippet"":"" ... Huck has various career ambitions in life, and he tries them all, though not particularly succeeding in any. This TV series was one of the six TV shows in 1960 and the first animation in history to win an Emmy for Outstanding Achievement in the Field of Children ... "",""title"":""https://www.boredpanda.com/60s-cartoons/""}]"
23,421,2026-09-14T10:15:44.742364+00:00,TV series actor family member cast unrelated role,"[""tv"",""series"",""actor"",""family"",""member"",""cast"",""unrelated"",""role""]","""tv"" OR ""series"" OR ""actor"" OR ""family"" OR ""member"" OR ""cast"" OR ""unrelated"" OR ""role""",5,926b5ad16c406760231902a802affccc9ecf484551833494d8bd71d09e634b0f,519938cc51f961ebe64dbcb827d1f5b0c02770f081d1dc8fc353acc8debc2b64,True,"[""d45"",""d33"",""d27"",""d46"",""d48""]","[""69326"",""57395"",""78415"",""63690"",""56024""]","[{""docid"":""69326"",""score"":18.76403021129144,""snippet"":"" ... 2023-11-14\n---\nSummary\n\n- Some actors excel at playing multiple roles in TV shows and movies, like Winona Ryder in Bram Stoker's Dracula and the cast of Everything Everywhere All at Once.\n\n- Recasting actors in completely unrelated roles in TV shows can go unnoticed by the audience ... "",""title"":""https://screenrant.com/actors-multiple-characters-same-tv-show/""},{""docid"":""57395"",""score"":18.072108702580366,""snippet"":"" ... Trivia[]\n\n- This had the most main cast members leave the series, with a total of 11 (although Jorja Fox later returned as a main cast member).\n\n- This was the penultimate CSI series to end.\n\n- This was the only CSI to lose both of its original lead actors (William ... "",""title"":""https://csi.fandom.com/wiki/CSI:Crime_Scene_Investigation""},{""docid"":""78415"",""score"":17.889209447110897,""snippet"":"" ... patriarch of the family. He initially plays the role with the cool calmness he pulls off so well in other roles, but becomes an anxious and desperate man when things start to unravel. The series makes for a gripping noir movie with a terrific cast that also includes ... "",""title"":""https://screenrant.com/timothy-olyphant-best-movies-tv-shows/""},{""docid"":""63690"",""score"":17.43938333974542,""snippet"":"" ... Which actor played Dr. Robb in the TV series \""In The Heat of The Night\""?\n\nFrom Quiz My Name is Robb\n\nAnswer: Dan Biggars\n\nDan Biggars was also an American college official prior to acting. William Windom played Dr. Seth Hazlitt in \""Murder She Wrote\"". Robert Young was ... "",""title"":""https://www.funtrivia.com/quizzes/people/name_game/same_surname.html""},{""docid"":""56024"",""score"":17.375538910828254,""snippet"":"" ... At 24 she won the role of the title character in UPN's drama Veronica Mars, which was launched in the fall of 2004. Created by Rob Thomas, the series starred Bell as the seventeen year old detective Veronica, which put her alongside actors Enrico Colantoni who played ... "",""title"":""https://unionfilms.org/films/people/kristen-bell.html""}]"
23,423,2026-09-14T10:15:44.745065+00:00,character married 3 times one child survives TV series 2000s,"[""character"",""married"",""3"",""times"",""one"",""child"",""survives"",""tv"",""series"",""2000s""]","""character"" OR ""married"" OR ""3"" OR ""times"" OR ""one"" OR ""child"" OR ""survives"" OR ""tv"" OR ""series"" OR ""2000s""",5,c9c062871b30893c9447ce45e87e6504375dfae99fdf6c1353e79599774caf6b,c470efb1a9b429148472627ec591e0453570f344b59db596bed9e6b635ebfe8c,True,"[""d6"",""d49"",""d50"",""d19"",""d2""]","[""78953"",""4035"",""3161"",""60134"",""81882""]","[{""docid"":""78953"",""score"":16.2824976074087,""snippet"":"" ... on Aidy Bryant's Hulu series Shrill and in the 2019 film James vs. His Future Self. In 2023, he joined season 4 of Apple TV+'s critically acclaimed science fiction drama For All Mankind as the character Eli Hobson.\n\nHe and actress Laure Mattos have been married ... "",""title"":""https://people.com/movies/home-alone-cast-where-are-they-now/""},{""docid"":""4035"",""score"":15.898290019368474,""snippet"":"" ... He was married to Star Herrmann and Leigh Curran. He died on 31 December 2014 in New York City, New York, USA.- Actor\n\n- Producer\n\n- Additional Crew\n\nOne of Hollywood's finest character / \""Method\"" actors, Eli Wallach was in demand for over 60 years (first film/TV role was ... "",""title"":""https://www.imdb.com/search/name/?death_date=2014""},{""docid"":""3161"",""score"":15.76035451695941,""snippet"":"" ... In the early 1970s, she landed minor roles in film and TV, and finally won a role on the series Three's Company (1976). She married Hamel in 1977. She was fired from the series after she asked for a raise at the beginning of the fifth season ... "",""title"":""https://m.imdb.com/search/name/?death_date=2023&ref_=nmbio_dth_yr""},{""docid"":""60134"",""score"":15.715324421687555,""snippet"":"" ... In 2003, Mulroney played Gavin Mitchell on the TV series Friends. He appeared in three episodes of the ninth season, his character briefly dating Rachel. This would mark Mulroney's last on-screen appearance on television for a number of years, later revealing in a May 2007 interview ... "",""title"":""https://en.wikipedia.org/wiki/Dermot_Mulroney""},{""docid"":""81882"",""score"":15.691378997718399,""snippet"":"" ... He was married a total of seven times, and fathered eight children.\n\nAfter long battles with ill health, Richard Pryor passed away on December 10th, 2005.- Vincent Schiavelli, selected in 1997 by Vanity Fair as one of the best character actors in America, had made over 120 film ... "",""title"":""https://m.imdb.com/search/name/?death_date=2005&ref_=nmbio""}]"
23,424,2026-09-14T10:15:44.745849+00:00,TV show character three marriages one surviving child,"[""tv"",""show"",""character"",""three"",""marriages"",""one"",""surviving"",""child""]","""tv"" OR ""show"" OR ""character"" OR ""three"" OR ""marriages"" OR ""one"" OR ""surviving"" OR ""child""",5,dcfdfe59d4312591ff3d757fe02035f881e4a26022e07fa519df09748ec9df4a,3f31bf042d8cc6df97db1dfa7b9b5da5c52351b9d4583f684f1cbc8fdbd5e8e2,True,"[""d39"",""d8"",""d51"",""d52"",""d53""]","[""53008"",""60248"",""37367"",""77637"",""54031""]","[{""docid"":""53008"",""score"":13.664801548271926,""snippet"":"" ... Most recently, Liotta appeared in The Many Saints of Newark, Marriage Story and No Sudden Move. He also appeared on Jennifer Lopez's TV show, Shades of Blue, which ended after three seasons. Liotta is survived by his daughter, Karsen and his fiancée Jacy Nittolo.\n\nJohn Zderko\n\nThe ... "",""title"":""https://www.etonline.com/gallery/stars-weve-lost-in-2022-177426""},{""docid"":""60248"",""score"":13.648348285782436,""snippet"":"" ... Lucci was expected to guest star on Prospect Park's continuation of All My Children in 2013, but the appearance never came to fruition due to the show's second cancellation.\n\nErica is considered to be the most popular character in American soap opera history. TV Guide calls ... "",""title"":""https://en.wikipedia.org/wiki/Erica_Kane""},{""docid"":""37367"",""score"":13.510584826136753,""snippet"":"" ... Midway through the season, an attempt was made to increase ratings by having Havoc's character relocate to New York to represent show business clients; however, the show lasted only one season.\""Lady Lawyer Practices Law,\"" TV Guide May 7–13, 1955, p. 12.\n\nFrom the 1960s through ... "",""title"":""https://en.wikipedia.org/wiki/June_Havoc""},{""docid"":""77637"",""score"":13.489606718134208,""snippet"":"" ... Besides his TV career, he was also an ordained Presbyterian minister.\n\nAfter starting her film career at the age of three, Shirley Temple went on to become Hollywood's highest-grossing child actress from 1935 to 1938. She is the epitome of popular child stars who lose their ... "",""title"":""https://www.thefamouspeople.com/born-1928.php""},{""docid"":""54031"",""score"":13.354763032640921,""snippet"":"" ... Simultaneously, numerous agencies in Britain and in America targeted various other aspects of child welfare, from educating parents (particularly women) on hygiene and child-rearing, to raising the age for compulsory schooling, instituting school nutrition programs, and recognizing child rights.\n\nThe Useless Child\n\nFalling infant mortality rates during ... "",""title"":""https://www.representingchildhood.pitt.edu/twentycent_child.htm""}]"
24,434,2026-09-14T10:15:49.384599+00:00,actor real life daughter plays niece TV series,"[""actor"",""real"",""life"",""daughter"",""plays"",""niece"",""tv"",""series""]","""actor"" OR ""real"" OR ""life"" OR ""daughter"" OR ""plays"" OR ""niece"" OR ""tv"" OR ""series""",5,c5b8aa186c7c0fe6193a19341def225d23aa3e1eddf39c92614b2bacf8eb4794,d6c7070e3e40ec10244efa948e3a4b087582a5f3023fa91246133211ca293d76,True,"[""d41"",""d11"",""d42"",""d43"",""d44""]","[""48538"",""20480"",""51536"",""11779"",""27252""]","[{""docid"":""48538"",""score"":18.696880866122626,""snippet"":"" ... The story of their strange marriage, the child it produced and its violent end was a Hollywood tragedy played out in court.\n\nOnce hailed as among the finest actors of his generation, Blake became better known as the center of a real-life murder trial, a story more ... "",""title"":""https://www.pbs.org/newshour/arts/robert-blake-actor-acquitted-in-wifes-killing-dies-at-89""},{""docid"":""20480"",""score"":18.63087915735836,""snippet"":"" ... They need that, too.\""\n\nWhile her TV dad played an influential role in her life on That Girl, Thomas's real-life father was, and remains, the overwhelming inspiration in both her life and career.\n\nA multi-talented performer - beloved nightclub headliner, movie actor, TV producer and star ... "",""title"":""https://www.televisionacademy.com/features/news/online-originals/girl-one-who-changed-everything""},{""docid"":""51536"",""score"":18.622128107713962,""snippet"":"" ... it was the first big movie break for the talented, late actor Anton Yelchin, and it allowed Robin Williams to share the screen with his daughter Zelda.\n\nYelchin's plays Duchovny as a boy, whose best friend is a mentally challenged deliveryman, played by Williams. Zelda Williams plays ... "",""title"":""https://collider.com/galleries/celebrity-children-parents-movies/""},{""docid"":""11779"",""score"":18.06236804587279,""snippet"":"" ... Doherty later starred in the Kevin Smith film Mallrats and the TV series Charmed.\n\nIn 2023, the actor and director launched Let's Be Clear with Shannen Doherty, a podcast that reflects on her life and career. \""I wanted to be clear about what it was like for ... "",""title"":""https://people.com/little-house-on-the-prairie-cast-where-are-they-now-8603014""},{""docid"":""27252"",""score"":17.802101342039794,""snippet"":"" ... Scott | | |\n| BET Comedy Awards | 2004 | Outstanding Comedy Series | George Lopez | | |\n| BET Comedy Awards | 2004 | Outstanding Lead Actor in a Comedy Series | George Lopez | | |\n| Casting Society of America | 2002 | Best Casting for TV, Comedy Pilot (\""Prototype\"") | Mary V. BuckSusan Edelman | | |\n| Emmy Awards (Creative Arts) | 2004 | Outstanding Cinematography for a ... "",""title"":""https://en.wikipedia.org/wiki/George_Lopez_(TV_series)""}]"
24,435,2026-09-14T10:15:49.385400+00:00,actor real life son plays unrelated character TV show,"[""actor"",""real"",""life"",""son"",""plays"",""unrelated"",""character"",""tv"",""show""]","""actor"" OR ""real"" OR ""life"" OR ""son"" OR ""plays"" OR ""unrelated"" OR ""character"" OR ""tv"" OR ""show""",5,54939772d527a727c4e4a4cd375ace27972cd17cfcdf48ccbd7cf79a6b997fd7,186b25c5ce5104eb7bad2ac592a8b3dd73bc4bde4acb44578dd593e39b9d170f,True,"[""d45"",""d46"",""d27"",""d47"",""d24""]","[""69326"",""63690"",""78415"",""32179"",""64629""]","[{""docid"":""69326"",""score"":17.608058152860483,""snippet"":"" ... actors in completely unrelated roles in TV shows can go unnoticed by the audience, like Charles-Dean Chapman in Game of Thrones.\n\n- Talented actors, such as Tatiana Maslany in Orphan Black and Lisa Kudrow in Friends, can successfully portray multiple characters and create complex relationships on-screen.\n\nPlaying ... "",""title"":""https://screenrant.com/actors-multiple-characters-same-tv-show/""},{""docid"":""63690"",""score"":17.307014678439057,""snippet"":"" ... People] (94 quizzes)\n\nReal Name\n\n[Celebrities] (73 quizzes)\n\nThe Best Name Game\n\n[People] (605 quizzes)\n\nName the People\n\n[Movies] (398 quizzes)\n\nNames in Songs\n\n[Music] (126 quizzes)\n\nSurnames\n\n[General] (10 quizzes)\n\nThematic Names\n\n[General] (151 quizzes)\n\n1. Which actor played Dr. Robb in the TV series \""In The ... "",""title"":""https://www.funtrivia.com/quizzes/people/name_game/same_surname.html""},{""docid"":""78415"",""score"":16.991242550960894,""snippet"":"" ... movie follows fading TV hero Rick Dalton (Leonardo DiCaprio) and his best friend/stunt double Cliff Booth (Brad Pitt) as they navigate the changing landscape of Hollywood while also living next door to Sharon Tate (Margot Robbie).\n\nOlyphant plays one of several real-life characters in Once Upon ... "",""title"":""https://screenrant.com/timothy-olyphant-best-movies-tv-shows/""},{""docid"":""32179"",""score"":16.75430642685047,""snippet"":"" ... The Penguin - \""The Fishin' Hole\"" is the name of the iconic whistling theme song of what classic TV show, which features the title figure walking to the \""fishin' hole\"" with his son?\n\nAnswer: The Andy Griffith Show - Even though the character was first played by Susan Neher in ... "",""title"":""https://www.watercoolertrivia.com/trivia-questions/classic-tv-trivia-questions""},{""docid"":""64629"",""score"":16.6460355950987,""snippet"":"" ... Huck has various career ambitions in life, and he tries them all, though not particularly succeeding in any. This TV series was one of the six TV shows in 1960 and the first animation in history to win an Emmy for Outstanding Achievement in the Field of Children ... "",""title"":""https://www.boredpanda.com/60s-cartoons/""}]"
24,436,2026-09-14T10:15:49.386071+00:00,TV series actor family member cast unrelated role,"[""tv"",""series"",""actor"",""family"",""member"",""cast"",""unrelated"",""role""]","""tv"" OR ""series"" OR ""actor"" OR ""family"" OR ""member"" OR ""cast"" OR ""unrelated"" OR ""role""",5,926b5ad16c406760231902a802affccc9ecf484551833494d8bd71d09e634b0f,519938cc51f961ebe64dbcb827d1f5b0c02770f081d1dc8fc353acc8debc2b64,True,"[""d45"",""d33"",""d27"",""d46"",""d48""]","[""69326"",""57395"",""78415"",""63690"",""56024""]","[{""docid"":""69326"",""score"":18.76403021129144,""snippet"":"" ... 2023-11-14\n---\nSummary\n\n- Some actors excel at playing multiple roles in TV shows and movies, like Winona Ryder in Bram Stoker's Dracula and the cast of Everything Everywhere All at Once.\n\n- Recasting actors in completely unrelated roles in TV shows can go unnoticed by the audience ... "",""title"":""https://screenrant.com/actors-multiple-characters-same-tv-show/""},{""docid"":""57395"",""score"":18.072108702580366,""snippet"":"" ... Trivia[]\n\n- This had the most main cast members leave the series, with a total of 11 (although Jorja Fox later returned as a main cast member).\n\n- This was the penultimate CSI series to end.\n\n- This was the only CSI to lose both of its original lead actors (William ... "",""title"":""https://csi.fandom.com/wiki/CSI:Crime_Scene_Investigation""},{""docid"":""78415"",""score"":17.889209447110897,""snippet"":"" ... patriarch of the family. He initially plays the role with the cool calmness he pulls off so well in other roles, but becomes an anxious and desperate man when things start to unravel. The series makes for a gripping noir movie with a terrific cast that also includes ... "",""title"":""https://screenrant.com/timothy-olyphant-best-movies-tv-shows/""},{""docid"":""63690"",""score"":17.43938333974542,""snippet"":"" ... Which actor played Dr. Robb in the TV series \""In The Heat of The Night\""?\n\nFrom Quiz My Name is Robb\n\nAnswer: Dan Biggars\n\nDan Biggars was also an American college official prior to acting. William Windom played Dr. Seth Hazlitt in \""Murder She Wrote\"". Robert Young was ... "",""title"":""https://www.funtrivia.com/quizzes/people/name_game/same_surname.html""},{""docid"":""56024"",""score"":17.375538910828254,""snippet"":"" ... At 24 she won the role of the title character in UPN's drama Veronica Mars, which was launched in the fall of 2004. Created by Rob Thomas, the series starred Bell as the seventeen year old detective Veronica, which put her alongside actors Enrico Colantoni who played ... "",""title"":""https://unionfilms.org/films/people/kristen-bell.html""}]"
24,438,2026-09-14T10:15:49.388510+00:00,character married 3 times one child survives TV series 2000s,"[""character"",""married"",""3"",""times"",""one"",""child"",""survives"",""tv"",""series"",""2000s""]","""character"" OR ""married"" OR ""3"" OR ""times"" OR ""one"" OR ""child"" OR ""survives"" OR ""tv"" OR ""series"" OR ""2000s""",5,c9c062871b30893c9447ce45e87e6504375dfae99fdf6c1353e79599774caf6b,c470efb1a9b429148472627ec591e0453570f344b59db596bed9e6b635ebfe8c,True,"[""d6"",""d49"",""d50"",""d19"",""d2""]","[""78953"",""4035"",""3161"",""60134"",""81882""]","[{""docid"":""78953"",""score"":16.2824976074087,""snippet"":"" ... on Aidy Bryant's Hulu series Shrill and in the 2019 film James vs. His Future Self. In 2023, he joined season 4 of Apple TV+'s critically acclaimed science fiction drama For All Mankind as the character Eli Hobson.\n\nHe and actress Laure Mattos have been married ... "",""title"":""https://people.com/movies/home-alone-cast-where-are-they-now/""},{""docid"":""4035"",""score"":15.898290019368474,""snippet"":"" ... He was married to Star Herrmann and Leigh Curran. He died on 31 December 2014 in New York City, New York, USA.- Actor\n\n- Producer\n\n- Additional Crew\n\nOne of Hollywood's finest character / \""Method\"" actors, Eli Wallach was in demand for over 60 years (first film/TV role was ... "",""title"":""https://www.imdb.com/search/name/?death_date=2014""},{""docid"":""3161"",""score"":15.76035451695941,""snippet"":"" ... In the early 1970s, she landed minor roles in film and TV, and finally won a role on the series Three's Company (1976). She married Hamel in 1977. She was fired from the series after she asked for a raise at the beginning of the fifth season ... "",""title"":""https://m.imdb.com/search/name/?death_date=2023&ref_=nmbio_dth_yr""},{""docid"":""60134"",""score"":15.715324421687555,""snippet"":"" ... In 2003, Mulroney played Gavin Mitchell on the TV series Friends. He appeared in three episodes of the ninth season, his character briefly dating Rachel. This would mark Mulroney's last on-screen appearance on television for a number of years, later revealing in a May 2007 interview ... "",""title"":""https://en.wikipedia.org/wiki/Dermot_Mulroney""},{""docid"":""81882"",""score"":15.691378997718399,""snippet"":"" ... He was married a total of seven times, and fathered eight children.\n\nAfter long battles with ill health, Richard Pryor passed away on December 10th, 2005.- Vincent Schiavelli, selected in 1997 by Vanity Fair as one of the best character actors in America, had made over 120 film ... "",""title"":""https://m.imdb.com/search/name/?death_date=2005&ref_=nmbio""}]"
24,439,2026-09-14T10:15:49.389285+00:00,TV show character three marriages one surviving child,"[""tv"",""show"",""character"",""three"",""marriages"",""one"",""surviving"",""child""]","""tv"" OR ""show"" OR ""character"" OR ""three"" OR ""marriages"" OR ""one"" OR ""surviving"" OR ""child""",5,dcfdfe59d4312591ff3d757fe02035f881e4a26022e07fa519df09748ec9df4a,3f31bf042d8cc6df97db1dfa7b9b5da5c52351b9d4583f684f1cbc8fdbd5e8e2,True,"[""d39"",""d8"",""d51"",""d52"",""d53""]","[""53008"",""60248"",""37367"",""77637"",""54031""]","[{""docid"":""53008"",""score"":13.664801548271926,""snippet"":"" ... Most recently, Liotta appeared in The Many Saints of Newark, Marriage Story and No Sudden Move. He also appeared on Jennifer Lopez's TV show, Shades of Blue, which ended after three seasons. Liotta is survived by his daughter, Karsen and his fiancée Jacy Nittolo.\n\nJohn Zderko\n\nThe ... "",""title"":""https://www.etonline.com/gallery/stars-weve-lost-in-2022-177426""},{""docid"":""60248"",""score"":13.648348285782436,""snippet"":"" ... Lucci was expected to guest star on Prospect Park's continuation of All My Children in 2013, but the appearance never came to fruition due to the show's second cancellation.\n\nErica is considered to be the most popular character in American soap opera history. TV Guide calls ... "",""title"":""https://en.wikipedia.org/wiki/Erica_Kane""},{""docid"":""37367"",""score"":13.510584826136753,""snippet"":"" ... Midway through the season, an attempt was made to increase ratings by having Havoc's character relocate to New York to represent show business clients; however, the show lasted only one season.\""Lady Lawyer Practices Law,\"" TV Guide May 7–13, 1955, p. 12.\n\nFrom the 1960s through ... "",""title"":""https://en.wikipedia.org/wiki/June_Havoc""},{""docid"":""77637"",""score"":13.489606718134208,""snippet"":"" ... Besides his TV career, he was also an ordained Presbyterian minister.\n\nAfter starting her film career at the age of three, Shirley Temple went on to become Hollywood's highest-grossing child actress from 1935 to 1938. She is the epitome of popular child stars who lose their ... "",""title"":""https://www.thefamouspeople.com/born-1928.php""},{""docid"":""54031"",""score"":13.354763032640921,""snippet"":"" ... Simultaneously, numerous agencies in Britain and in America targeted various other aspects of child welfare, from educating parents (particularly women) on hygiene and child-rearing, to raising the age for compulsory schooling, instituting school nutrition programs, and recognizing child rights.\n\nThe Useless Child\n\nFalling infant mortality rates during ... "",""title"":""https://www.representingchildhood.pitt.edu/twentycent_child.htm""}]"
25,449,2026-09-14T10:15:52.453621+00:00,actor real life daughter plays niece TV series,"[""actor"",""real"",""life"",""daughter"",""plays"",""niece"",""tv"",""series""]","""actor"" OR ""real"" OR ""life"" OR ""daughter"" OR ""plays"" OR ""niece"" OR ""tv"" OR ""series""",5,c5b8aa186c7c0fe6193a19341def225d23aa3e1eddf39c92614b2bacf8eb4794,d6c7070e3e40ec10244efa948e3a4b087582a5f3023fa91246133211ca293d76,True,"[""d41"",""d11"",""d42"",""d43"",""d44""]","[""48538"",""20480"",""51536"",""11779"",""27252""]","[{""docid"":""48538"",""score"":18.696880866122626,""snippet"":"" ... The story of their strange marriage, the child it produced and its violent end was a Hollywood tragedy played out in court.\n\nOnce hailed as among the finest actors of his generation, Blake became better known as the center of a real-life murder trial, a story more ... "",""title"":""https://www.pbs.org/newshour/arts/robert-blake-actor-acquitted-in-wifes-killing-dies-at-89""},{""docid"":""20480"",""score"":18.63087915735836,""snippet"":"" ... They need that, too.\""\n\nWhile her TV dad played an influential role in her life on That Girl, Thomas's real-life father was, and remains, the overwhelming inspiration in both her life and career.\n\nA multi-talented performer - beloved nightclub headliner, movie actor, TV producer and star ... "",""title"":""https://www.televisionacademy.com/features/news/online-originals/girl-one-who-changed-everything""},{""docid"":""51536"",""score"":18.622128107713962,""snippet"":"" ... it was the first big movie break for the talented, late actor Anton Yelchin, and it allowed Robin Williams to share the screen with his daughter Zelda.\n\nYelchin's plays Duchovny as a boy, whose best friend is a mentally challenged deliveryman, played by Williams. Zelda Williams plays ... "",""title"":""https://collider.com/galleries/celebrity-children-parents-movies/""},{""docid"":""11779"",""score"":18.06236804587279,""snippet"":"" ... Doherty later starred in the Kevin Smith film Mallrats and the TV series Charmed.\n\nIn 2023, the actor and director launched Let's Be Clear with Shannen Doherty, a podcast that reflects on her life and career. \""I wanted to be clear about what it was like for ... "",""title"":""https://people.com/little-house-on-the-prairie-cast-where-are-they-now-8603014""},{""docid"":""27252"",""score"":17.802101342039794,""snippet"":"" ... Scott | | |\n| BET Comedy Awards | 2004 | Outstanding Comedy Series | George Lopez | | |\n| BET Comedy Awards | 2004 | Outstanding Lead Actor in a Comedy Series | George Lopez | | |\n| Casting Society of America | 2002 | Best Casting for TV, Comedy Pilot (\""Prototype\"") | Mary V. BuckSusan Edelman | | |\n| Emmy Awards (Creative Arts) | 2004 | Outstanding Cinematography for a ... "",""title"":""https://en.wikipedia.org/wiki/George_Lopez_(TV_series)""}]"
25,450,2026-09-14T10:15:52.454456+00:00,actor real life son plays unrelated character TV show,"[""actor"",""real"",""life"",""son"",""plays"",""unrelated"",""character"",""tv"",""show""]","""actor"" OR ""real"" OR ""life"" OR ""son"" OR ""plays"" OR ""unrelated"" OR ""character"" OR ""tv"" OR ""show""",5,54939772d527a727c4e4a4cd375ace27972cd17cfcdf48ccbd7cf79a6b997fd7,186b25c5ce5104eb7bad2ac592a8b3dd73bc4bde4acb44578dd593e39b9d170f,True,"[""d45"",""d46"",""d27"",""d47"",""d24""]","[""69326"",""63690"",""78415"",""32179"",""64629""]","[{""docid"":""69326"",""score"":17.608058152860483,""snippet"":"" ... actors in completely unrelated roles in TV shows can go unnoticed by the audience, like Charles-Dean Chapman in Game of Thrones.\n\n- Talented actors, such as Tatiana Maslany in Orphan Black and Lisa Kudrow in Friends, can successfully portray multiple characters and create complex relationships on-screen.\n\nPlaying ... "",""title"":""https://screenrant.com/actors-multiple-characters-same-tv-show/""},{""docid"":""63690"",""score"":17.307014678439057,""snippet"":"" ... People] (94 quizzes)\n\nReal Name\n\n[Celebrities] (73 quizzes)\n\nThe Best Name Game\n\n[People] (605 quizzes)\n\nName the People\n\n[Movies] (398 quizzes)\n\nNames in Songs\n\n[Music] (126 quizzes)\n\nSurnames\n\n[General] (10 quizzes)\n\nThematic Names\n\n[General] (151 quizzes)\n\n1. Which actor played Dr. Robb in the TV series \""In The ... "",""title"":""https://www.funtrivia.com/quizzes/people/name_game/same_surname.html""},{""docid"":""78415"",""score"":16.991242550960894,""snippet"":"" ... movie follows fading TV hero Rick Dalton (Leonardo DiCaprio) and his best friend/stunt double Cliff Booth (Brad Pitt) as they navigate the changing landscape of Hollywood while also living next door to Sharon Tate (Margot Robbie).\n\nOlyphant plays one of several real-life characters in Once Upon ... "",""title"":""https://screenrant.com/timothy-olyphant-best-movies-tv-shows/""},{""docid"":""32179"",""score"":16.75430642685047,""snippet"":"" ... The Penguin - \""The Fishin' Hole\"" is the name of the iconic whistling theme song of what classic TV show, which features the title figure walking to the \""fishin' hole\"" with his son?\n\nAnswer: The Andy Griffith Show - Even though the character was first played by Susan Neher in ... "",""title"":""https://www.watercoolertrivia.com/trivia-questions/classic-tv-trivia-questions""},{""docid"":""64629"",""score"":16.6460355950987,""snippet"":"" ... Huck has various career ambitions in life, and he tries them all, though not particularly succeeding in any. This TV series was one of the six TV shows in 1960 and the first animation in history to win an Emmy for Outstanding Achievement in the Field of Children ... "",""title"":""https://www.boredpanda.com/60s-cartoons/""}]"
25,451,2026-09-14T10:15:52.455185+00:00,TV series actor family member cast unrelated role,"[""tv"",""series"",""actor"",""family"",""member"",""cast"",""unrelated"",""role""]","""tv"" OR ""series"" OR ""actor"" OR ""family"" OR ""member"" OR ""cast"" OR ""unrelated"" OR ""role""",5,926b5ad16c406760231902a802affccc9ecf484551833494d8bd71d09e634b0f,519938cc51f961ebe64dbcb827d1f5b0c02770f081d1dc8fc353acc8debc2b64,True,"[""d45"",""d33"",""d27"",""d46"",""d48""]","[""69326"",""57395"",""78415"",""63690"",""56024""]","[{""docid"":""69326"",""score"":18.76403021129144,""snippet"":"" ... 2023-11-14\n---\nSummary\n\n- Some actors excel at playing multiple roles in TV shows and movies, like Winona Ryder in Bram Stoker's Dracula and the cast of Everything Everywhere All at Once.\n\n- Recasting actors in completely unrelated roles in TV shows can go unnoticed by the audience ... "",""title"":""https://screenrant.com/actors-multiple-characters-same-tv-show/""},{""docid"":""57395"",""score"":18.072108702580366,""snippet"":"" ... Trivia[]\n\n- This had the most main cast members leave the series, with a total of 11 (although Jorja Fox later returned as a main cast member).\n\n- This was the penultimate CSI series to end.\n\n- This was the only CSI to lose both of its original lead actors (William ... "",""title"":""https://csi.fandom.com/wiki/CSI:Crime_Scene_Investigation""},{""docid"":""78415"",""score"":17.889209447110897,""snippet"":"" ... patriarch of the family. He initially plays the role with the cool calmness he pulls off so well in other roles, but becomes an anxious and desperate man when things start to unravel. The series makes for a gripping noir movie with a terrific cast that also includes ... "",""title"":""https://screenrant.com/timothy-olyphant-best-movies-tv-shows/""},{""docid"":""63690"",""score"":17.43938333974542,""snippet"":"" ... Which actor played Dr. Robb in the TV series \""In The Heat of The Night\""?\n\nFrom Quiz My Name is Robb\n\nAnswer: Dan Biggars\n\nDan Biggars was also an American college official prior to acting. William Windom played Dr. Seth Hazlitt in \""Murder She Wrote\"". Robert Young was ... "",""title"":""https://www.funtrivia.com/quizzes/people/name_game/same_surname.html""},{""docid"":""56024"",""score"":17.375538910828254,""snippet"":"" ... At 24 she won the role of the title character in UPN's drama Veronica Mars, which was launched in the fall of 2004. Created by Rob Thomas, the series starred Bell as the seventeen year old detective Veronica, which put her alongside actors Enrico Colantoni who played ... "",""title"":""https://unionfilms.org/films/people/kristen-bell.html""}]"
25,453,2026-09-14T10:15:52.457955+00:00,character married 3 times one child survives TV series 2000s,"[""character"",""married"",""3"",""times"",""one"",""child"",""survives"",""tv"",""series"",""2000s""]","""character"" OR ""married"" OR ""3"" OR ""times"" OR ""one"" OR ""child"" OR ""survives"" OR ""tv"" OR ""series"" OR ""2000s""",5,c9c062871b30893c9447ce45e87e6504375dfae99fdf6c1353e79599774caf6b,c470efb1a9b429148472627ec591e0453570f344b59db596bed9e6b635ebfe8c,True,"[""d6"",""d49"",""d50"",""d19"",""d2""]","[""78953"",""4035"",""3161"",""60134"",""81882""]","[{""docid"":""78953"",""score"":16.2824976074087,""snippet"":"" ... on Aidy Bryant's Hulu series Shrill and in the 2019 film James vs. His Future Self. In 2023, he joined season 4 of Apple TV+'s critically acclaimed science fiction drama For All Mankind as the character Eli Hobson.\n\nHe and actress Laure Mattos have been married ... "",""title"":""https://people.com/movies/home-alone-cast-where-are-they-now/""},{""docid"":""4035"",""score"":15.898290019368474,""snippet"":"" ... He was married to Star Herrmann and Leigh Curran. He died on 31 December 2014 in New York City, New York, USA.- Actor\n\n- Producer\n\n- Additional Crew\n\nOne of Hollywood's finest character / \""Method\"" actors, Eli Wallach was in demand for over 60 years (first film/TV role was ... "",""title"":""https://www.imdb.com/search/name/?death_date=2014""},{""docid"":""3161"",""score"":15.76035451695941,""snippet"":"" ... In the early 1970s, she landed minor roles in film and TV, and finally won a role on the series Three's Company (1976). She married Hamel in 1977. She was fired from the series after she asked for a raise at the beginning of the fifth season ... "",""title"":""https://m.imdb.com/search/name/?death_date=2023&ref_=nmbio_dth_yr""},{""docid"":""60134"",""score"":15.715324421687555,""snippet"":"" ... In 2003, Mulroney played Gavin Mitchell on the TV series Friends. He appeared in three episodes of the ninth season, his character briefly dating Rachel. This would mark Mulroney's last on-screen appearance on television for a number of years, later revealing in a May 2007 interview ... "",""title"":""https://en.wikipedia.org/wiki/Dermot_Mulroney""},{""docid"":""81882"",""score"":15.691378997718399,""snippet"":"" ... He was married a total of seven times, and fathered eight children.\n\nAfter long battles with ill health, Richard Pryor passed away on December 10th, 2005.- Vincent Schiavelli, selected in 1997 by Vanity Fair as one of the best character actors in America, had made over 120 film ... "",""title"":""https://m.imdb.com/search/name/?death_date=2005&ref_=nmbio""}]"
25,454,2026-09-14T10:15:52.458731+00:00,TV show character three marriages one surviving child,"[""tv"",""show"",""character"",""three"",""marriages"",""one"",""surviving"",""child""]","""tv"" OR ""show"" OR ""character"" OR ""three"" OR ""marriages"" OR ""one"" OR ""surviving"" OR ""child""",5,dcfdfe59d4312591ff3d757fe02035f881e4a26022e07fa519df09748ec9df4a,3f31bf042d8cc6df97db1dfa7b9b5da5c52351b9d4583f684f1cbc8fdbd5e8e2,True,"[""d39"",""d8"",""d51"",""d52"",""d53""]","[""53008"",""60248"",""37367"",""77637"",""54031""]","[{""docid"":""53008"",""score"":13.664801548271926,""snippet"":"" ... Most recently, Liotta appeared in The Many Saints of Newark, Marriage Story and No Sudden Move. He also appeared on Jennifer Lopez's TV show, Shades of Blue, which ended after three seasons. Liotta is survived by his daughter, Karsen and his fiancée Jacy Nittolo.\n\nJohn Zderko\n\nThe ... "",""title"":""https://www.etonline.com/gallery/stars-weve-lost-in-2022-177426""},{""docid"":""60248"",""score"":13.648348285782436,""snippet"":"" ... Lucci was expected to guest star on Prospect Park's continuation of All My Children in 2013, but the appearance never came to fruition due to the show's second cancellation.\n\nErica is considered to be the most popular character in American soap opera history. TV Guide calls ... "",""title"":""https://en.wikipedia.org/wiki/Erica_Kane""},{""docid"":""37367"",""score"":13.510584826136753,""snippet"":"" ... Midway through the season, an attempt was made to increase ratings by having Havoc's character relocate to New York to represent show business clients; however, the show lasted only one season.\""Lady Lawyer Practices Law,\"" TV Guide May 7–13, 1955, p. 12.\n\nFrom the 1960s through ... "",""title"":""https://en.wikipedia.org/wiki/June_Havoc""},{""docid"":""77637"",""score"":13.489606718134208,""snippet"":"" ... Besides his TV career, he was also an ordained Presbyterian minister.\n\nAfter starting her film career at the age of three, Shirley Temple went on to become Hollywood's highest-grossing child actress from 1935 to 1938. She is the epitome of popular child stars who lose their ... "",""title"":""https://www.thefamouspeople.com/born-1928.php""},{""docid"":""54031"",""score"":13.354763032640921,""snippet"":"" ... Simultaneously, numerous agencies in Britain and in America targeted various other aspects of child welfare, from educating parents (particularly women) on hygiene and child-rearing, to raising the age for compulsory schooling, instituting school nutrition programs, and recognizing child rights.\n\nThe Useless Child\n\nFalling infant mortality rates during ... "",""title"":""https://www.representingchildhood.pitt.edu/twentycent_child.htm""}]"
26,464,2026-09-14T10:15:56.606123+00:00,actor real life daughter plays niece TV series,"[""actor"",""real"",""life"",""daughter"",""plays"",""niece"",""tv"",""series""]","""actor"" OR ""real"" OR ""life"" OR ""daughter"" OR ""plays"" OR ""niece"" OR ""tv"" OR ""series""",5,c5b8aa186c7c0fe6193a19341def225d23aa3e1eddf39c92614b2bacf8eb4794,d6c7070e3e40ec10244efa948e3a4b087582a5f3023fa91246133211ca293d76,True,"[""d41"",""d11"",""d42"",""d43"",""d44""]","[""48538"",""20480"",""51536"",""11779"",""27252""]","[{""docid"":""48538"",""score"":18.696880866122626,""snippet"":"" ... The story of their strange marriage, the child it produced and its violent end was a Hollywood tragedy played out in court.\n\nOnce hailed as among the finest actors of his generation, Blake became better known as the center of a real-life murder trial, a story more ... "",""title"":""https://www.pbs.org/newshour/arts/robert-blake-actor-acquitted-in-wifes-killing-dies-at-89""},{""docid"":""20480"",""score"":18.63087915735836,""snippet"":"" ... They need that, too.\""\n\nWhile her TV dad played an influential role in her life on That Girl, Thomas's real-life father was, and remains, the overwhelming inspiration in both her life and career.\n\nA multi-talented performer - beloved nightclub headliner, movie actor, TV producer and star ... "",""title"":""https://www.televisionacademy.com/features/news/online-originals/girl-one-who-changed-everything""},{""docid"":""51536"",""score"":18.622128107713962,""snippet"":"" ... it was the first big movie break for the talented, late actor Anton Yelchin, and it allowed Robin Williams to share the screen with his daughter Zelda.\n\nYelchin's plays Duchovny as a boy, whose best friend is a mentally challenged deliveryman, played by Williams. Zelda Williams plays ... "",""title"":""https://collider.com/galleries/celebrity-children-parents-movies/""},{""docid"":""11779"",""score"":18.06236804587279,""snippet"":"" ... Doherty later starred in the Kevin Smith film Mallrats and the TV series Charmed.\n\nIn 2023, the actor and director launched Let's Be Clear with Shannen Doherty, a podcast that reflects on her life and career. \""I wanted to be clear about what it was like for ... "",""title"":""https://people.com/little-house-on-the-prairie-cast-where-are-they-now-8603014""},{""docid"":""27252"",""score"":17.802101342039794,""snippet"":"" ... Scott | | |\n| BET Comedy Awards | 2004 | Outstanding Comedy Series | George Lopez | | |\n| BET Comedy Awards | 2004 | Outstanding Lead Actor in a Comedy Series | George Lopez | | |\n| Casting Society of America | 2002 | Best Casting for TV, Comedy Pilot (\""Prototype\"") | Mary V. BuckSusan Edelman | | |\n| Emmy Awards (Creative Arts) | 2004 | Outstanding Cinematography for a ... "",""title"":""https://en.wikipedia.org/wiki/George_Lopez_(TV_series)""}]"
26,465,2026-09-14T10:15:56.606934+00:00,actor real life son plays unrelated character TV show,"[""actor"",""real"",""life"",""son"",""plays"",""unrelated"",""character"",""tv"",""show""]","""actor"" OR ""real"" OR ""life"" OR ""son"" OR ""plays"" OR ""unrelated"" OR ""character"" OR ""tv"" OR ""show""",5,54939772d527a727c4e4a4cd375ace27972cd17cfcdf48ccbd7cf79a6b997fd7,186b25c5ce5104eb7bad2ac592a8b3dd73bc4bde4acb44578dd593e39b9d170f,True,"[""d45"",""d46"",""d27"",""d47"",""d24""]","[""69326"",""63690"",""78415"",""32179"",""64629""]","[{""docid"":""69326"",""score"":17.608058152860483,""snippet"":"" ... actors in completely unrelated roles in TV shows can go unnoticed by the audience, like Charles-Dean Chapman in Game of Thrones.\n\n- Talented actors, such as Tatiana Maslany in Orphan Black and Lisa Kudrow in Friends, can successfully portray multiple characters and create complex relationships on-screen.\n\nPlaying ... "",""title"":""https://screenrant.com/actors-multiple-characters-same-tv-show/""},{""docid"":""63690"",""score"":17.307014678439057,""snippet"":"" ... People] (94 quizzes)\n\nReal Name\n\n[Celebrities] (73 quizzes)\n\nThe Best Name Game\n\n[People] (605 quizzes)\n\nName the People\n\n[Movies] (398 quizzes)\n\nNames in Songs\n\n[Music] (126 quizzes)\n\nSurnames\n\n[General] (10 quizzes)\n\nThematic Names\n\n[General] (151 quizzes)\n\n1. Which actor played Dr. Robb in the TV series \""In The ... "",""title"":""https://www.funtrivia.com/quizzes/people/name_game/same_surname.html""},{""docid"":""78415"",""score"":16.991242550960894,""snippet"":"" ... movie follows fading TV hero Rick Dalton (Leonardo DiCaprio) and his best friend/stunt double Cliff Booth (Brad Pitt) as they navigate the changing landscape of Hollywood while also living next door to Sharon Tate (Margot Robbie).\n\nOlyphant plays one of several real-life characters in Once Upon ... "",""title"":""https://screenrant.com/timothy-olyphant-best-movies-tv-shows/""},{""docid"":""32179"",""score"":16.75430642685047,""snippet"":"" ... The Penguin - \""The Fishin' Hole\"" is the name of the iconic whistling theme song of what classic TV show, which features the title figure walking to the \""fishin' hole\"" with his son?\n\nAnswer: The Andy Griffith Show - Even though the character was first played by Susan Neher in ... "",""title"":""https://www.watercoolertrivia.com/trivia-questions/classic-tv-trivia-questions""},{""docid"":""64629"",""score"":16.6460355950987,""snippet"":"" ... Huck has various career ambitions in life, and he tries them all, though not particularly succeeding in any. This TV series was one of the six TV shows in 1960 and the first animation in history to win an Emmy for Outstanding Achievement in the Field of Children ... "",""title"":""https://www.boredpanda.com/60s-cartoons/""}]"
26,466,2026-09-14T10:15:56.607758+00:00,TV series actor family member cast unrelated role,"[""tv"",""series"",""actor"",""family"",""member"",""cast"",""unrelated"",""role""]","""tv"" OR ""series"" OR ""actor"" OR ""family"" OR ""member"" OR ""cast"" OR ""unrelated"" OR ""role""",5,926b5ad16c406760231902a802affccc9ecf484551833494d8bd71d09e634b0f,519938cc51f961ebe64dbcb827d1f5b0c02770f081d1dc8fc353acc8debc2b64,True,"[""d45"",""d33"",""d27"",""d46"",""d48""]","[""69326"",""57395"",""78415"",""63690"",""56024""]","[{""docid"":""69326"",""score"":18.76403021129144,""snippet"":"" ... 2023-11-14\n---\nSummary\n\n- Some actors excel at playing multiple roles in TV shows and movies, like Winona Ryder in Bram Stoker's Dracula and the cast of Everything Everywhere All at Once.\n\n- Recasting actors in completely unrelated roles in TV shows can go unnoticed by the audience ... "",""title"":""https://screenrant.com/actors-multiple-characters-same-tv-show/""},{""docid"":""57395"",""score"":18.072108702580366,""snippet"":"" ... Trivia[]\n\n- This had the most main cast members leave the series, with a total of 11 (although Jorja Fox later returned as a main cast member).\n\n- This was the penultimate CSI series to end.\n\n- This was the only CSI to lose both of its original lead actors (William ... "",""title"":""https://csi.fandom.com/wiki/CSI:Crime_Scene_Investigation""},{""docid"":""78415"",""score"":17.889209447110897,""snippet"":"" ... patriarch of the family. He initially plays the role with the cool calmness he pulls off so well in other roles, but becomes an anxious and desperate man when things start to unravel. The series makes for a gripping noir movie with a terrific cast that also includes ... "",""title"":""https://screenrant.com/timothy-olyphant-best-movies-tv-shows/""},{""docid"":""63690"",""score"":17.43938333974542,""snippet"":"" ... Which actor played Dr. Robb in the TV series \""In The Heat of The Night\""?\n\nFrom Quiz My Name is Robb\n\nAnswer: Dan Biggars\n\nDan Biggars was also an American college official prior to acting. William Windom played Dr. Seth Hazlitt in \""Murder She Wrote\"". Robert Young was ... "",""title"":""https://www.funtrivia.com/quizzes/people/name_game/same_surname.html""},{""docid"":""56024"",""score"":17.375538910828254,""snippet"":"" ... At 24 she won the role of the title character in UPN's drama Veronica Mars, which was launched in the fall of 2004. Created by Rob Thomas, the series starred Bell as the seventeen year old detective Veronica, which put her alongside actors Enrico Colantoni who played ... "",""title"":""https://unionfilms.org/films/people/kristen-bell.html""}]"
26,468,2026-09-14T10:15:56.610389+00:00,character married 3 times one child survives TV series 2000s,"[""character"",""married"",""3"",""times"",""one"",""child"",""survives"",""tv"",""series"",""2000s""]","""character"" OR ""married"" OR ""3"" OR ""times"" OR ""one"" OR ""child"" OR ""survives"" OR ""tv"" OR ""series"" OR ""2000s""",5,c9c062871b30893c9447ce45e87e6504375dfae99fdf6c1353e79599774caf6b,c470efb1a9b429148472627ec591e0453570f344b59db596bed9e6b635ebfe8c,True,"[""d6"",""d49"",""d50"",""d19"",""d2""]","[""78953"",""4035"",""3161"",""60134"",""81882""]","[{""docid"":""78953"",""score"":16.2824976074087,""snippet"":"" ... on Aidy Bryant's Hulu series Shrill and in the 2019 film James vs. His Future Self. In 2023, he joined season 4 of Apple TV+'s critically acclaimed science fiction drama For All Mankind as the character Eli Hobson.\n\nHe and actress Laure Mattos have been married ... "",""title"":""https://people.com/movies/home-alone-cast-where-are-they-now/""},{""docid"":""4035"",""score"":15.898290019368474,""snippet"":"" ... He was married to Star Herrmann and Leigh Curran. He died on 31 December 2014 in New York City, New York, USA.- Actor\n\n- Producer\n\n- Additional Crew\n\nOne of Hollywood's finest character / \""Method\"" actors, Eli Wallach was in demand for over 60 years (first film/TV role was ... "",""title"":""https://www.imdb.com/search/name/?death_date=2014""},{""docid"":""3161"",""score"":15.76035451695941,""snippet"":"" ... In the early 1970s, she landed minor roles in film and TV, and finally won a role on the series Three's Company (1976). She married Hamel in 1977. She was fired from the series after she asked for a raise at the beginning of the fifth season ... "",""title"":""https://m.imdb.com/search/name/?death_date=2023&ref_=nmbio_dth_yr""},{""docid"":""60134"",""score"":15.715324421687555,""snippet"":"" ... In 2003, Mulroney played Gavin Mitchell on the TV series Friends. He appeared in three episodes of the ninth season, his character briefly dating Rachel. This would mark Mulroney's last on-screen appearance on television for a number of years, later revealing in a May 2007 interview ... "",""title"":""https://en.wikipedia.org/wiki/Dermot_Mulroney""},{""docid"":""81882"",""score"":15.691378997718399,""snippet"":"" ... He was married a total of seven times, and fathered eight children.\n\nAfter long battles with ill health, Richard Pryor passed away on December 10th, 2005.- Vincent Schiavelli, selected in 1997 by Vanity Fair as one of the best character actors in America, had made over 120 film ... "",""title"":""https://m.imdb.com/search/name/?death_date=2005&ref_=nmbio""}]"
26,469,2026-09-14T10:15:56.611301+00:00,TV show character three marriages one surviving child,"[""tv"",""show"",""character"",""three"",""marriages"",""one"",""surviving"",""child""]","""tv"" OR ""show"" OR ""character"" OR ""three"" OR ""marriages"" OR ""one"" OR ""surviving"" OR ""child""",5,dcfdfe59d4312591ff3d757fe02035f881e4a26022e07fa519df09748ec9df4a,3f31bf042d8cc6df97db1dfa7b9b5da5c52351b9d4583f684f1cbc8fdbd5e8e2,True,"[""d39"",""d8"",""d51"",""d52"",""d53""]","[""53008"",""60248"",""37367"",""77637"",""54031""]","[{""docid"":""53008"",""score"":13.664801548271926,""snippet"":"" ... Most recently, Liotta appeared in The Many Saints of Newark, Marriage Story and No Sudden Move. He also appeared on Jennifer Lopez's TV show, Shades of Blue, which ended after three seasons. Liotta is survived by his daughter, Karsen and his fiancée Jacy Nittolo.\n\nJohn Zderko\n\nThe ... "",""title"":""https://www.etonline.com/gallery/stars-weve-lost-in-2022-177426""},{""docid"":""60248"",""score"":13.648348285782436,""snippet"":"" ... Lucci was expected to guest star on Prospect Park's continuation of All My Children in 2013, but the appearance never came to fruition due to the show's second cancellation.\n\nErica is considered to be the most popular character in American soap opera history. TV Guide calls ... "",""title"":""https://en.wikipedia.org/wiki/Erica_Kane""},{""docid"":""37367"",""score"":13.510584826136753,""snippet"":"" ... Midway through the season, an attempt was made to increase ratings by having Havoc's character relocate to New York to represent show business clients; however, the show lasted only one season.\""Lady Lawyer Practices Law,\"" TV Guide May 7–13, 1955, p. 12.\n\nFrom the 1960s through ... "",""title"":""https://en.wikipedia.org/wiki/June_Havoc""},{""docid"":""77637"",""score"":13.489606718134208,""snippet"":"" ... Besides his TV career, he was also an ordained Presbyterian minister.\n\nAfter starting her film career at the age of three, Shirley Temple went on to become Hollywood's highest-grossing child actress from 1935 to 1938. She is the epitome of popular child stars who lose their ... "",""title"":""https://www.thefamouspeople.com/born-1928.php""},{""docid"":""54031"",""score"":13.354763032640921,""snippet"":"" ... Simultaneously, numerous agencies in Britain and in America targeted various other aspects of child welfare, from educating parents (particularly women) on hygiene and child-rearing, to raising the age for compulsory schooling, instituting school nutrition programs, and recognizing child rights.\n\nThe Useless Child\n\nFalling infant mortality rates during ... "",""title"":""https://www.representingchildhood.pitt.edu/twentycent_child.htm""}]"
27,479,2026-09-14T10:16:00.532351+00:00,actor real life daughter plays niece TV series,"[""actor"",""real"",""life"",""daughter"",""plays"",""niece"",""tv"",""series""]","""actor"" OR ""real"" OR ""life"" OR ""daughter"" OR ""plays"" OR ""niece"" OR ""tv"" OR ""series""",5,c5b8aa186c7c0fe6193a19341def225d23aa3e1eddf39c92614b2bacf8eb4794,d6c7070e3e40ec10244efa948e3a4b087582a5f3023fa91246133211ca293d76,True,"[""d41"",""d11"",""d42"",""d43"",""d44""]","[""48538"",""20480"",""51536"",""11779"",""27252""]","[{""docid"":""48538"",""score"":18.696880866122626,""snippet"":"" ... The story of their strange marriage, the child it produced and its violent end was a Hollywood tragedy played out in court.\n\nOnce hailed as among the finest actors of his generation, Blake became better known as the center of a real-life murder trial, a story more ... "",""title"":""https://www.pbs.org/newshour/arts/robert-blake-actor-acquitted-in-wifes-killing-dies-at-89""},{""docid"":""20480"",""score"":18.63087915735836,""snippet"":"" ... They need that, too.\""\n\nWhile her TV dad played an influential role in her life on That Girl, Thomas's real-life father was, and remains, the overwhelming inspiration in both her life and career.\n\nA multi-talented performer - beloved nightclub headliner, movie actor, TV producer and star ... "",""title"":""https://www.televisionacademy.com/features/news/online-originals/girl-one-who-changed-everything""},{""docid"":""51536"",""score"":18.622128107713962,""snippet"":"" ... it was the first big movie break for the talented, late actor Anton Yelchin, and it allowed Robin Williams to share the screen with his daughter Zelda.\n\nYelchin's plays Duchovny as a boy, whose best friend is a mentally challenged deliveryman, played by Williams. Zelda Williams plays ... "",""title"":""https://collider.com/galleries/celebrity-children-parents-movies/""},{""docid"":""11779"",""score"":18.06236804587279,""snippet"":"" ... Doherty later starred in the Kevin Smith film Mallrats and the TV series Charmed.\n\nIn 2023, the actor and director launched Let's Be Clear with Shannen Doherty, a podcast that reflects on her life and career. \""I wanted to be clear about what it was like for ... "",""title"":""https://people.com/little-house-on-the-prairie-cast-where-are-they-now-8603014""},{""docid"":""27252"",""score"":17.802101342039794,""snippet"":"" ... Scott | | |\n| BET Comedy Awards | 2004 | Outstanding Comedy Series | George Lopez | | |\n| BET Comedy Awards | 2004 | Outstanding Lead Actor in a Comedy Series | George Lopez | | |\n| Casting Society of America | 2002 | Best Casting for TV, Comedy Pilot (\""Prototype\"") | Mary V. BuckSusan Edelman | | |\n| Emmy Awards (Creative Arts) | 2004 | Outstanding Cinematography for a ... "",""title"":""https://en.wikipedia.org/wiki/George_Lopez_(TV_series)""}]"
27,480,2026-09-14T10:16:00.533432+00:00,actor real life son plays unrelated character TV show,"[""actor"",""real"",""life"",""son"",""plays"",""unrelated"",""character"",""tv"",""show""]","""actor"" OR ""real"" OR ""life"" OR ""son"" OR ""plays"" OR ""unrelated"" OR ""character"" OR ""tv"" OR ""show""",5,54939772d527a727c4e4a4cd375ace27972cd17cfcdf48ccbd7cf79a6b997fd7,186b25c5ce5104eb7bad2ac592a8b3dd73bc4bde4acb44578dd593e39b9d170f,True,"[""d45"",""d46"",""d27"",""d47"",""d24""]","[""69326"",""63690"",""78415"",""32179"",""64629""]","[{""docid"":""69326"",""score"":17.608058152860483,""snippet"":"" ... actors in completely unrelated roles in TV shows can go unnoticed by the audience, like Charles-Dean Chapman in Game of Thrones.\n\n- Talented actors, such as Tatiana Maslany in Orphan Black and Lisa Kudrow in Friends, can successfully portray multiple characters and create complex relationships on-screen.\n\nPlaying ... "",""title"":""https://screenrant.com/actors-multiple-characters-same-tv-show/""},{""docid"":""63690"",""score"":17.307014678439057,""snippet"":"" ... People] (94 quizzes)\n\nReal Name\n\n[Celebrities] (73 quizzes)\n\nThe Best Name Game\n\n[People] (605 quizzes)\n\nName the People\n\n[Movies] (398 quizzes)\n\nNames in Songs\n\n[Music] (126 quizzes)\n\nSurnames\n\n[General] (10 quizzes)\n\nThematic Names\n\n[General] (151 quizzes)\n\n1. Which actor played Dr. Robb in the TV series \""In The ... "",""title"":""https://www.funtrivia.com/quizzes/people/name_game/same_surname.html""},{""docid"":""78415"",""score"":16.991242550960894,""snippet"":"" ... movie follows fading TV hero Rick Dalton (Leonardo DiCaprio) and his best friend/stunt double Cliff Booth (Brad Pitt) as they navigate the changing landscape of Hollywood while also living next door to Sharon Tate (Margot Robbie).\n\nOlyphant plays one of several real-life characters in Once Upon ... "",""title"":""https://screenrant.com/timothy-olyphant-best-movies-tv-shows/""},{""docid"":""32179"",""score"":16.75430642685047,""snippet"":"" ... The Penguin - \""The Fishin' Hole\"" is the name of the iconic whistling theme song of what classic TV show, which features the title figure walking to the \""fishin' hole\"" with his son?\n\nAnswer: The Andy Griffith Show - Even though the character was first played by Susan Neher in ... "",""title"":""https://www.watercoolertrivia.com/trivia-questions/classic-tv-trivia-questions""},{""docid"":""64629"",""score"":16.6460355950987,""snippet"":"" ... Huck has various career ambitions in life, and he tries them all, though not particularly succeeding in any. This TV series was one of the six TV shows in 1960 and the first animation in history to win an Emmy for Outstanding Achievement in the Field of Children ... "",""title"":""https://www.boredpanda.com/60s-cartoons/""}]"
27,481,2026-09-14T10:16:00.534424+00:00,TV series actor family member cast unrelated role,"[""tv"",""series"",""actor"",""family"",""member"",""cast"",""unrelated"",""role""]","""tv"" OR ""series"" OR ""actor"" OR ""family"" OR ""member"" OR ""cast"" OR ""unrelated"" OR ""role""",5,926b5ad16c406760231902a802affccc9ecf484551833494d8bd71d09e634b0f,519938cc51f961ebe64dbcb827d1f5b0c02770f081d1dc8fc353acc8debc2b64,True,"[""d45"",""d33"",""d27"",""d46"",""d48""]","[""69326"",""57395"",""78415"",""63690"",""56024""]","[{""docid"":""69326"",""score"":18.76403021129144,""snippet"":"" ... 2023-11-14\n---\nSummary\n\n- Some actors excel at playing multiple roles in TV shows and movies, like Winona Ryder in Bram Stoker's Dracula and the cast of Everything Everywhere All at Once.\n\n- Recasting actors in completely unrelated roles in TV shows can go unnoticed by the audience ... "",""title"":""https://screenrant.com/actors-multiple-characters-same-tv-show/""},{""docid"":""57395"",""score"":18.072108702580366,""snippet"":"" ... Trivia[]\n\n- This had the most main cast members leave the series, with a total of 11 (although Jorja Fox later returned as a main cast member).\n\n- This was the penultimate CSI series to end.\n\n- This was the only CSI to lose both of its original lead actors (William ... "",""title"":""https://csi.fandom.com/wiki/CSI:Crime_Scene_Investigation""},{""docid"":""78415"",""score"":17.889209447110897,""snippet"":"" ... patriarch of the family. He initially plays the role with the cool calmness he pulls off so well in other roles, but becomes an anxious and desperate man when things start to unravel. The series makes for a gripping noir movie with a terrific cast that also includes ... "",""title"":""https://screenrant.com/timothy-olyphant-best-movies-tv-shows/""},{""docid"":""63690"",""score"":17.43938333974542,""snippet"":"" ... Which actor played Dr. Robb in the TV series \""In The Heat of The Night\""?\n\nFrom Quiz My Name is Robb\n\nAnswer: Dan Biggars\n\nDan Biggars was also an American college official prior to acting. William Windom played Dr. Seth Hazlitt in \""Murder She Wrote\"". Robert Young was ... "",""title"":""https://www.funtrivia.com/quizzes/people/name_game/same_surname.html""},{""docid"":""56024"",""score"":17.375538910828254,""snippet"":"" ... At 24 she won the role of the title character in UPN's drama Veronica Mars, which was launched in the fall of 2004. Created by Rob Thomas, the series starred Bell as the seventeen year old detective Veronica, which put her alongside actors Enrico Colantoni who played ... "",""title"":""https://unionfilms.org/films/people/kristen-bell.html""}]"
27,483,2026-09-14T10:16:00.537569+00:00,character married 3 times one child survives TV series 2000s,"[""character"",""married"",""3"",""times"",""one"",""child"",""survives"",""tv"",""series"",""2000s""]","""character"" OR ""married"" OR ""3"" OR ""times"" OR ""one"" OR ""child"" OR ""survives"" OR ""tv"" OR ""series"" OR ""2000s""",5,c9c062871b30893c9447ce45e87e6504375dfae99fdf6c1353e79599774caf6b,c470efb1a9b429148472627ec591e0453570f344b59db596bed9e6b635ebfe8c,True,"[""d6"",""d49"",""d50"",""d19"",""d2""]","[""78953"",""4035"",""3161"",""60134"",""81882""]","[{""docid"":""78953"",""score"":16.2824976074087,""snippet"":"" ... on Aidy Bryant's Hulu series Shrill and in the 2019 film James vs. His Future Self. In 2023, he joined season 4 of Apple TV+'s critically acclaimed science fiction drama For All Mankind as the character Eli Hobson.\n\nHe and actress Laure Mattos have been married ... "",""title"":""https://people.com/movies/home-alone-cast-where-are-they-now/""},{""docid"":""4035"",""score"":15.898290019368474,""snippet"":"" ... He was married to Star Herrmann and Leigh Curran. He died on 31 December 2014 in New York City, New York, USA.- Actor\n\n- Producer\n\n- Additional Crew\n\nOne of Hollywood's finest character / \""Method\"" actors, Eli Wallach was in demand for over 60 years (first film/TV role was ... "",""title"":""https://www.imdb.com/search/name/?death_date=2014""},{""docid"":""3161"",""score"":15.76035451695941,""snippet"":"" ... In the early 1970s, she landed minor roles in film and TV, and finally won a role on the series Three's Company (1976). She married Hamel in 1977. She was fired from the series after she asked for a raise at the beginning of the fifth season ... "",""title"":""https://m.imdb.com/search/name/?death_date=2023&ref_=nmbio_dth_yr""},{""docid"":""60134"",""score"":15.715324421687555,""snippet"":"" ... In 2003, Mulroney played Gavin Mitchell on the TV series Friends. He appeared in three episodes of the ninth season, his character briefly dating Rachel. This would mark Mulroney's last on-screen appearance on television for a number of years, later revealing in a May 2007 interview ... "",""title"":""https://en.wikipedia.org/wiki/Dermot_Mulroney""},{""docid"":""81882"",""score"":15.691378997718399,""snippet"":"" ... He was married a total of seven times, and fathered eight children.\n\nAfter long battles with ill health, Richard Pryor passed away on December 10th, 2005.- Vincent Schiavelli, selected in 1997 by Vanity Fair as one of the best character actors in America, had made over 120 film ... "",""title"":""https://m.imdb.com/search/name/?death_date=2005&ref_=nmbio""}]"
27,484,2026-09-14T10:16:00.538539+00:00,TV show character three marriages one surviving child,"[""tv"",""show"",""character"",""three"",""marriages"",""one"",""surviving"",""child""]","""tv"" OR ""show"" OR ""character"" OR ""three"" OR ""marriages"" OR ""one"" OR ""surviving"" OR ""child""",5,dcfdfe59d4312591ff3d757fe02035f881e4a26022e07fa519df09748ec9df4a,3f31bf042d8cc6df97db1dfa7b9b5da5c52351b9d4583f684f1cbc8fdbd5e8e2,True,"[""d39"",""d8"",""d51"",""d52"",""d53""]","[""53008"",""60248"",""37367"",""77637"",""54031""]","[{""docid"":""53008"",""score"":13.664801548271926,""snippet"":"" ... Most recently, Liotta appeared in The Many Saints of Newark, Marriage Story and No Sudden Move. He also appeared on Jennifer Lopez's TV show, Shades of Blue, which ended after three seasons. Liotta is survived by his daughter, Karsen and his fiancée Jacy Nittolo.\n\nJohn Zderko\n\nThe ... "",""title"":""https://www.etonline.com/gallery/stars-weve-lost-in-2022-177426""},{""docid"":""60248"",""score"":13.648348285782436,""snippet"":"" ... Lucci was expected to guest star on Prospect Park's continuation of All My Children in 2013, but the appearance never came to fruition due to the show's second cancellation.\n\nErica is considered to be the most popular character in American soap opera history. TV Guide calls ... "",""title"":""https://en.wikipedia.org/wiki/Erica_Kane""},{""docid"":""37367"",""score"":13.510584826136753,""snippet"":"" ... Midway through the season, an attempt was made to increase ratings by having Havoc's character relocate to New York to represent show business clients; however, the show lasted only one season.\""Lady Lawyer Practices Law,\"" TV Guide May 7–13, 1955, p. 12.\n\nFrom the 1960s through ... "",""title"":""https://en.wikipedia.org/wiki/June_Havoc""},{""docid"":""77637"",""score"":13.489606718134208,""snippet"":"" ... Besides his TV career, he was also an ordained Presbyterian minister.\n\nAfter starting her film career at the age of three, Shirley Temple went on to become Hollywood's highest-grossing child actress from 1935 to 1938. She is the epitome of popular child stars who lose their ... "",""title"":""https://www.thefamouspeople.com/born-1928.php""},{""docid"":""54031"",""score"":13.354763032640921,""snippet"":"" ... Simultaneously, numerous agencies in Britain and in America targeted various other aspects of child welfare, from educating parents (particularly women) on hygiene and child-rearing, to raising the age for compulsory schooling, instituting school nutrition programs, and recognizing child rights.\n\nThe Useless Child\n\nFalling infant mortality rates during ... "",""title"":""https://www.representingchildhood.pitt.edu/twentycent_child.htm""}]"
28,494,2026-09-14T10:16:04.749175+00:00,actor real life daughter plays niece TV series,"[""actor"",""real"",""life"",""daughter"",""plays"",""niece"",""tv"",""series""]","""actor"" OR ""real"" OR ""life"" OR ""daughter"" OR ""plays"" OR ""niece"" OR ""tv"" OR ""series""",5,c5b8aa186c7c0fe6193a19341def225d23aa3e1eddf39c92614b2bacf8eb4794,d6c7070e3e40ec10244efa948e3a4b087582a5f3023fa91246133211ca293d76,True,"[""d41"",""d11"",""d42"",""d43"",""d44""]","[""48538"",""20480"",""51536"",""11779"",""27252""]","[{""docid"":""48538"",""score"":18.696880866122626,""snippet"":"" ... The story of their strange marriage, the child it produced and its violent end was a Hollywood tragedy played out in court.\n\nOnce hailed as among the finest actors of his generation, Blake became better known as the center of a real-life murder trial, a story more ... "",""title"":""https://www.pbs.org/newshour/arts/robert-blake-actor-acquitted-in-wifes-killing-dies-at-89""},{""docid"":""20480"",""score"":18.63087915735836,""snippet"":"" ... They need that, too.\""\n\nWhile her TV dad played an influential role in her life on That Girl, Thomas's real-life father was, and remains, the overwhelming inspiration in both her life and career.\n\nA multi-talented performer - beloved nightclub headliner, movie actor, TV producer and star ... "",""title"":""https://www.televisionacademy.com/features/news/online-originals/girl-one-who-changed-everything""},{""docid"":""51536"",""score"":18.622128107713962,""snippet"":"" ... it was the first big movie break for the talented, late actor Anton Yelchin, and it allowed Robin Williams to share the screen with his daughter Zelda.\n\nYelchin's plays Duchovny as a boy, whose best friend is a mentally challenged deliveryman, played by Williams. Zelda Williams plays ... "",""title"":""https://collider.com/galleries/celebrity-children-parents-movies/""},{""docid"":""11779"",""score"":18.06236804587279,""snippet"":"" ... Doherty later starred in the Kevin Smith film Mallrats and the TV series Charmed.\n\nIn 2023, the actor and director launched Let's Be Clear with Shannen Doherty, a podcast that reflects on her life and career. \""I wanted to be clear about what it was like for ... "",""title"":""https://people.com/little-house-on-the-prairie-cast-where-are-they-now-8603014""},{""docid"":""27252"",""score"":17.802101342039794,""snippet"":"" ... Scott | | |\n| BET Comedy Awards | 2004 | Outstanding Comedy Series | George Lopez | | |\n| BET Comedy Awards | 2004 | Outstanding Lead Actor in a Comedy Series | George Lopez | | |\n| Casting Society of America | 2002 | Best Casting for TV, Comedy Pilot (\""Prototype\"") | Mary V. BuckSusan Edelman | | |\n| Emmy Awards (Creative Arts) | 2004 | Outstanding Cinematography for a ... "",""title"":""https://en.wikipedia.org/wiki/George_Lopez_(TV_series)""}]"
28,495,2026-09-14T10:16:04.750334+00:00,actor real life son plays unrelated character TV show,"[""actor"",""real"",""life"",""son"",""plays"",""unrelated"",""character"",""tv"",""show""]","""actor"" OR ""real"" OR ""life"" OR ""son"" OR ""plays"" OR ""unrelated"" OR ""character"" OR ""tv"" OR ""show""",5,54939772d527a727c4e4a4cd375ace27972cd17cfcdf48ccbd7cf79a6b997fd7,186b25c5ce5104eb7bad2ac592a8b3dd73bc4bde4acb44578dd593e39b9d170f,True,"[""d45"",""d46"",""d27"",""d47"",""d24""]","[""69326"",""63690"",""78415"",""32179"",""64629""]","[{""docid"":""69326"",""score"":17.608058152860483,""snippet"":"" ... actors in completely unrelated roles in TV shows can go unnoticed by the audience, like Charles-Dean Chapman in Game of Thrones.\n\n- Talented actors, such as Tatiana Maslany in Orphan Black and Lisa Kudrow in Friends, can successfully portray multiple characters and create complex relationships on-screen.\n\nPlaying ... "",""title"":""https://screenrant.com/actors-multiple-characters-same-tv-show/""},{""docid"":""63690"",""score"":17.307014678439057,""snippet"":"" ... People] (94 quizzes)\n\nReal Name\n\n[Celebrities] (73 quizzes)\n\nThe Best Name Game\n\n[People] (605 quizzes)\n\nName the People\n\n[Movies] (398 quizzes)\n\nNames in Songs\n\n[Music] (126 quizzes)\n\nSurnames\n\n[General] (10 quizzes)\n\nThematic Names\n\n[General] (151 quizzes)\n\n1. Which actor played Dr. Robb in the TV series \""In The ... "",""title"":""https://www.funtrivia.com/quizzes/people/name_game/same_surname.html""},{""docid"":""78415"",""score"":16.991242550960894,""snippet"":"" ... movie follows fading TV hero Rick Dalton (Leonardo DiCaprio) and his best friend/stunt double Cliff Booth (Brad Pitt) as they navigate the changing landscape of Hollywood while also living next door to Sharon Tate (Margot Robbie).\n\nOlyphant plays one of several real-life characters in Once Upon ... "",""title"":""https://screenrant.com/timothy-olyphant-best-movies-tv-shows/""},{""docid"":""32179"",""score"":16.75430642685047,""snippet"":"" ... The Penguin - \""The Fishin' Hole\"" is the name of the iconic whistling theme song of what classic TV show, which features the title figure walking to the \""fishin' hole\"" with his son?\n\nAnswer: The Andy Griffith Show - Even though the character was first played by Susan Neher in ... "",""title"":""https://www.watercoolertrivia.com/trivia-questions/classic-tv-trivia-questions""},{""docid"":""64629"",""score"":16.6460355950987,""snippet"":"" ... Huck has various career ambitions in life, and he tries them all, though not particularly succeeding in any. This TV series was one of the six TV shows in 1960 and the first animation in history to win an Emmy for Outstanding Achievement in the Field of Children ... "",""title"":""https://www.boredpanda.com/60s-cartoons/""}]"
28,496,2026-09-14T10:16:04.751248+00:00,TV series actor family member cast unrelated role,"[""tv"",""series"",""actor"",""family"",""member"",""cast"",""unrelated"",""role""]","""tv"" OR ""series"" OR ""actor"" OR ""family"" OR ""member"" OR ""cast"" OR ""unrelated"" OR ""role""",5,926b5ad16c406760231902a802affccc9ecf484551833494d8bd71d09e634b0f,519938cc51f961ebe64dbcb827d1f5b0c02770f081d1dc8fc353acc8debc2b64,True,"[""d45"",""d33"",""d27"",""d46"",""d48""]","[""69326"",""57395"",""78415"",""63690"",""56024""]","[{""docid"":""69326"",""score"":18.76403021129144,""snippet"":"" ... 2023-11-14\n---\nSummary\n\n- Some actors excel at playing multiple roles in TV shows and movies, like Winona Ryder in Bram Stoker's Dracula and the cast of Everything Everywhere All at Once.\n\n- Recasting actors in completely unrelated roles in TV shows can go unnoticed by the audience ... "",""title"":""https://screenrant.com/actors-multiple-characters-same-tv-show/""},{""docid"":""57395"",""score"":18.072108702580366,""snippet"":"" ... Trivia[]\n\n- This had the most main cast members leave the series, with a total of 11 (although Jorja Fox later returned as a main cast member).\n\n- This was the penultimate CSI series to end.\n\n- This was the only CSI to lose both of its original lead actors (William ... "",""title"":""https://csi.fandom.com/wiki/CSI:Crime_Scene_Investigation""},{""docid"":""78415"",""score"":17.889209447110897,""snippet"":"" ... patriarch of the family. He initially plays the role with the cool calmness he pulls off so well in other roles, but becomes an anxious and desperate man when things start to unravel. The series makes for a gripping noir movie with a terrific cast that also includes ... "",""title"":""https://screenrant.com/timothy-olyphant-best-movies-tv-shows/""},{""docid"":""63690"",""score"":17.43938333974542,""snippet"":"" ... Which actor played Dr. Robb in the TV series \""In The Heat of The Night\""?\n\nFrom Quiz My Name is Robb\n\nAnswer: Dan Biggars\n\nDan Biggars was also an American college official prior to acting. William Windom played Dr. Seth Hazlitt in \""Murder She Wrote\"". Robert Young was ... "",""title"":""https://www.funtrivia.com/quizzes/people/name_game/same_surname.html""},{""docid"":""56024"",""score"":17.375538910828254,""snippet"":"" ... At 24 she won the role of the title character in UPN's drama Veronica Mars, which was launched in the fall of 2004. Created by Rob Thomas, the series starred Bell as the seventeen year old detective Veronica, which put her alongside actors Enrico Colantoni who played ... "",""title"":""https://unionfilms.org/films/people/kristen-bell.html""}]"
28,498,2026-09-14T10:16:04.753997+00:00,character married 3 times one child survives TV series 2000s,"[""character"",""married"",""3"",""times"",""one"",""child"",""survives"",""tv"",""series"",""2000s""]","""character"" OR ""married"" OR ""3"" OR ""times"" OR ""one"" OR ""child"" OR ""survives"" OR ""tv"" OR ""series"" OR ""2000s""",5,c9c062871b30893c9447ce45e87e6504375dfae99fdf6c1353e79599774caf6b,c470efb1a9b429148472627ec591e0453570f344b59db596bed9e6b635ebfe8c,True,"[""d6"",""d49"",""d50"",""d19"",""d2""]","[""78953"",""4035"",""3161"",""60134"",""81882""]","[{""docid"":""78953"",""score"":16.2824976074087,""snippet"":"" ... on Aidy Bryant's Hulu series Shrill and in the 2019 film James vs. His Future Self. In 2023, he joined season 4 of Apple TV+'s critically acclaimed science fiction drama For All Mankind as the character Eli Hobson.\n\nHe and actress Laure Mattos have been married ... "",""title"":""https://people.com/movies/home-alone-cast-where-are-they-now/""},{""docid"":""4035"",""score"":15.898290019368474,""snippet"":"" ... He was married to Star Herrmann and Leigh Curran. He died on 31 December 2014 in New York City, New York, USA.- Actor\n\n- Producer\n\n- Additional Crew\n\nOne of Hollywood's finest character / \""Method\"" actors, Eli Wallach was in demand for over 60 years (first film/TV role was ... "",""title"":""https://www.imdb.com/search/name/?death_date=2014""},{""docid"":""3161"",""score"":15.76035451695941,""snippet"":"" ... In the early 1970s, she landed minor roles in film and TV, and finally won a role on the series Three's Company (1976). She married Hamel in 1977. She was fired from the series after she asked for a raise at the beginning of the fifth season ... "",""title"":""https://m.imdb.com/search/name/?death_date=2023&ref_=nmbio_dth_yr""},{""docid"":""60134"",""score"":15.715324421687555,""snippet"":"" ... In 2003, Mulroney played Gavin Mitchell on the TV series Friends. He appeared in three episodes of the ninth season, his character briefly dating Rachel. This would mark Mulroney's last on-screen appearance on television for a number of years, later revealing in a May 2007 interview ... "",""title"":""https://en.wikipedia.org/wiki/Dermot_Mulroney""},{""docid"":""81882"",""score"":15.691378997718399,""snippet"":"" ... He was married a total of seven times, and fathered eight children.\n\nAfter long battles with ill health, Richard Pryor passed away on December 10th, 2005.- Vincent Schiavelli, selected in 1997 by Vanity Fair as one of the best character actors in America, had made over 120 film ... "",""title"":""https://m.imdb.com/search/name/?death_date=2005&ref_=nmbio""}]"
28,499,2026-09-14T10:16:04.754777+00:00,TV show character three marriages one surviving child,"[""tv"",""show"",""character"",""three"",""marriages"",""one"",""surviving"",""child""]","""tv"" OR ""show"" OR ""character"" OR ""three"" OR ""marriages"" OR ""one"" OR ""surviving"" OR ""child""",5,dcfdfe59d4312591ff3d757fe02035f881e4a26022e07fa519df09748ec9df4a,3f31bf042d8cc6df97db1dfa7b9b5da5c52351b9d4583f684f1cbc8fdbd5e8e2,True,"[""d39"",""d8"",""d51"",""d52"",""d53""]","[""53008"",""60248"",""37367"",""77637"",""54031""]","[{""docid"":""53008"",""score"":13.664801548271926,""snippet"":"" ... Most recently, Liotta appeared in The Many Saints of Newark, Marriage Story and No Sudden Move. He also appeared on Jennifer Lopez's TV show, Shades of Blue, which ended after three seasons. Liotta is survived by his daughter, Karsen and his fiancée Jacy Nittolo.\n\nJohn Zderko\n\nThe ... "",""title"":""https://www.etonline.com/gallery/stars-weve-lost-in-2022-177426""},{""docid"":""60248"",""score"":13.648348285782436,""snippet"":"" ... Lucci was expected to guest star on Prospect Park's continuation of All My Children in 2013, but the appearance never came to fruition due to the show's second cancellation.\n\nErica is considered to be the most popular character in American soap opera history. TV Guide calls ... "",""title"":""https://en.wikipedia.org/wiki/Erica_Kane""},{""docid"":""37367"",""score"":13.510584826136753,""snippet"":"" ... Midway through the season, an attempt was made to increase ratings by having Havoc's character relocate to New York to represent show business clients; however, the show lasted only one season.\""Lady Lawyer Practices Law,\"" TV Guide May 7–13, 1955, p. 12.\n\nFrom the 1960s through ... "",""title"":""https://en.wikipedia.org/wiki/June_Havoc""},{""docid"":""77637"",""score"":13.489606718134208,""snippet"":"" ... Besides his TV career, he was also an ordained Presbyterian minister.\n\nAfter starting her film career at the age of three, Shirley Temple went on to become Hollywood's highest-grossing child actress from 1935 to 1938. She is the epitome of popular child stars who lose their ... "",""title"":""https://www.thefamouspeople.com/born-1928.php""},{""docid"":""54031"",""score"":13.354763032640921,""snippet"":"" ... Simultaneously, numerous agencies in Britain and in America targeted various other aspects of child welfare, from educating parents (particularly women) on hygiene and child-rearing, to raising the age for compulsory schooling, instituting school nutrition programs, and recognizing child rights.\n\nThe Useless Child\n\nFalling infant mortality rates during ... "",""title"":""https://www.representingchildhood.pitt.edu/twentycent_child.htm""}]"
29,509,2026-09-14T10:16:08.640492+00:00,actor real life daughter plays niece TV series,"[""actor"",""real"",""life"",""daughter"",""plays"",""niece"",""tv"",""series""]","""actor"" OR ""real"" OR ""life"" OR ""daughter"" OR ""plays"" OR ""niece"" OR ""tv"" OR ""series""",5,c5b8aa186c7c0fe6193a19341def225d23aa3e1eddf39c92614b2bacf8eb4794,d6c7070e3e40ec10244efa948e3a4b087582a5f3023fa91246133211ca293d76,True,"[""d41"",""d11"",""d42"",""d43"",""d44""]","[""48538"",""20480"",""51536"",""11779"",""27252""]","[{""docid"":""48538"",""score"":18.696880866122626,""snippet"":"" ... The story of their strange marriage, the child it produced and its violent end was a Hollywood tragedy played out in court.\n\nOnce hailed as among the finest actors of his generation, Blake became better known as the center of a real-life murder trial, a story more ... "",""title"":""https://www.pbs.org/newshour/arts/robert-blake-actor-acquitted-in-wifes-killing-dies-at-89""},{""docid"":""20480"",""score"":18.63087915735836,""snippet"":"" ... They need that, too.\""\n\nWhile her TV dad played an influential role in her life on That Girl, Thomas's real-life father was, and remains, the overwhelming inspiration in both her life and career.\n\nA multi-talented performer - beloved nightclub headliner, movie actor, TV producer and star ... "",""title"":""https://www.televisionacademy.com/features/news/online-originals/girl-one-who-changed-everything""},{""docid"":""51536"",""score"":18.622128107713962,""snippet"":"" ... it was the first big movie break for the talented, late actor Anton Yelchin, and it allowed Robin Williams to share the screen with his daughter Zelda.\n\nYelchin's plays Duchovny as a boy, whose best friend is a mentally challenged deliveryman, played by Williams. Zelda Williams plays ... "",""title"":""https://collider.com/galleries/celebrity-children-parents-movies/""},{""docid"":""11779"",""score"":18.06236804587279,""snippet"":"" ... Doherty later starred in the Kevin Smith film Mallrats and the TV series Charmed.\n\nIn 2023, the actor and director launched Let's Be Clear with Shannen Doherty, a podcast that reflects on her life and career. \""I wanted to be clear about what it was like for ... "",""title"":""https://people.com/little-house-on-the-prairie-cast-where-are-they-now-8603014""},{""docid"":""27252"",""score"":17.802101342039794,""snippet"":"" ... Scott | | |\n| BET Comedy Awards | 2004 | Outstanding Comedy Series | George Lopez | | |\n| BET Comedy Awards | 2004 | Outstanding Lead Actor in a Comedy Series | George Lopez | | |\n| Casting Society of America | 2002 | Best Casting for TV, Comedy Pilot (\""Prototype\"") | Mary V. BuckSusan Edelman | | |\n| Emmy Awards (Creative Arts) | 2004 | Outstanding Cinematography for a ... "",""title"":""https://en.wikipedia.org/wiki/George_Lopez_(TV_series)""}]"
29,510,2026-09-14T10:16:08.641398+00:00,actor real life son plays unrelated character TV show,"[""actor"",""real"",""life"",""son"",""plays"",""unrelated"",""character"",""tv"",""show""]","""actor"" OR ""real"" OR ""life"" OR ""son"" OR ""plays"" OR ""unrelated"" OR ""character"" OR ""tv"" OR ""show""",5,54939772d527a727c4e4a4cd375ace27972cd17cfcdf48ccbd7cf79a6b997fd7,186b25c5ce5104eb7bad2ac592a8b3dd73bc4bde4acb44578dd593e39b9d170f,True,"[""d45"",""d46"",""d27"",""d47"",""d24""]","[""69326"",""63690"",""78415"",""32179"",""64629""]","[{""docid"":""69326"",""score"":17.608058152860483,""snippet"":"" ... actors in completely unrelated roles in TV shows can go unnoticed by the audience, like Charles-Dean Chapman in Game of Thrones.\n\n- Talented actors, such as Tatiana Maslany in Orphan Black and Lisa Kudrow in Friends, can successfully portray multiple characters and create complex relationships on-screen.\n\nPlaying ... "",""title"":""https://screenrant.com/actors-multiple-characters-same-tv-show/""},{""docid"":""63690"",""score"":17.307014678439057,""snippet"":"" ... People] (94 quizzes)\n\nReal Name\n\n[Celebrities] (73 quizzes)\n\nThe Best Name Game\n\n[People] (605 quizzes)\n\nName the People\n\n[Movies] (398 quizzes)\n\nNames in Songs\n\n[Music] (126 quizzes)\n\nSurnames\n\n[General] (10 quizzes)\n\nThematic Names\n\n[General] (151 quizzes)\n\n1. Which actor played Dr. Robb in the TV series \""In The ... "",""title"":""https://www.funtrivia.com/quizzes/people/name_game/same_surname.html""},{""docid"":""78415"",""score"":16.991242550960894,""snippet"":"" ... movie follows fading TV hero Rick Dalton (Leonardo DiCaprio) and his best friend/stunt double Cliff Booth (Brad Pitt) as they navigate the changing landscape of Hollywood while also living next door to Sharon Tate (Margot Robbie).\n\nOlyphant plays one of several real-life characters in Once Upon ... "",""title"":""https://screenrant.com/timothy-olyphant-best-movies-tv-shows/""},{""docid"":""32179"",""score"":16.75430642685047,""snippet"":"" ... The Penguin - \""The Fishin' Hole\"" is the name of the iconic whistling theme song of what classic TV show, which features the title figure walking to the \""fishin' hole\"" with his son?\n\nAnswer: The Andy Griffith Show - Even though the character was first played by Susan Neher in ... "",""title"":""https://www.watercoolertrivia.com/trivia-questions/classic-tv-trivia-questions""},{""docid"":""64629"",""score"":16.6460355950987,""snippet"":"" ... Huck has various career ambitions in life, and he tries them all, though not particularly succeeding in any. This TV series was one of the six TV shows in 1960 and the first animation in history to win an Emmy for Outstanding Achievement in the Field of Children ... "",""title"":""https://www.boredpanda.com/60s-cartoons/""}]"
29,511,2026-09-14T10:16:08.642231+00:00,TV series actor family member cast unrelated role,"[""tv"",""series"",""actor"",""family"",""member"",""cast"",""unrelated"",""role""]","""tv"" OR ""series"" OR ""actor"" OR ""family"" OR ""member"" OR ""cast"" OR ""unrelated"" OR ""role""",5,926b5ad16c406760231902a802affccc9ecf484551833494d8bd71d09e634b0f,519938cc51f961ebe64dbcb827d1f5b0c02770f081d1dc8fc353acc8debc2b64,True,"[""d45"",""d33"",""d27"",""d46"",""d48""]","[""69326"",""57395"",""78415"",""63690"",""56024""]","[{""docid"":""69326"",""score"":18.76403021129144,""snippet"":"" ... 2023-11-14\n---\nSummary\n\n- Some actors excel at playing multiple roles in TV shows and movies, like Winona Ryder in Bram Stoker's Dracula and the cast of Everything Everywhere All at Once.\n\n- Recasting actors in completely unrelated roles in TV shows can go unnoticed by the audience ... "",""title"":""https://screenrant.com/actors-multiple-characters-same-tv-show/""},{""docid"":""57395"",""score"":18.072108702580366,""snippet"":"" ... Trivia[]\n\n- This had the most main cast members leave the series, with a total of 11 (although Jorja Fox later returned as a main cast member).\n\n- This was the penultimate CSI series to end.\n\n- This was the only CSI to lose both of its original lead actors (William ... "",""title"":""https://csi.fandom.com/wiki/CSI:Crime_Scene_Investigation""},{""docid"":""78415"",""score"":17.889209447110897,""snippet"":"" ... patriarch of the family. He initially plays the role with the cool calmness he pulls off so well in other roles, but becomes an anxious and desperate man when things start to unravel. The series makes for a gripping noir movie with a terrific cast that also includes ... "",""title"":""https://screenrant.com/timothy-olyphant-best-movies-tv-shows/""},{""docid"":""63690"",""score"":17.43938333974542,""snippet"":"" ... Which actor played Dr. Robb in the TV series \""In The Heat of The Night\""?\n\nFrom Quiz My Name is Robb\n\nAnswer: Dan Biggars\n\nDan Biggars was also an American college official prior to acting. William Windom played Dr. Seth Hazlitt in \""Murder She Wrote\"". Robert Young was ... "",""title"":""https://www.funtrivia.com/quizzes/people/name_game/same_surname.html""},{""docid"":""56024"",""score"":17.375538910828254,""snippet"":"" ... At 24 she won the role of the title character in UPN's drama Veronica Mars, which was launched in the fall of 2004. Created by Rob Thomas, the series starred Bell as the seventeen year old detective Veronica, which put her alongside actors Enrico Colantoni who played ... "",""title"":""https://unionfilms.org/films/people/kristen-bell.html""}]"
29,513,2026-09-14T10:16:08.646049+00:00,character married 3 times one child survives TV series 2000s,"[""character"",""married"",""3"",""times"",""one"",""child"",""survives"",""tv"",""series"",""2000s""]","""character"" OR ""married"" OR ""3"" OR ""times"" OR ""one"" OR ""child"" OR ""survives"" OR ""tv"" OR ""series"" OR ""2000s""",5,c9c062871b30893c9447ce45e87e6504375dfae99fdf6c1353e79599774caf6b,c470efb1a9b429148472627ec591e0453570f344b59db596bed9e6b635ebfe8c,True,"[""d6"",""d49"",""d50"",""d19"",""d2""]","[""78953"",""4035"",""3161"",""60134"",""81882""]","[{""docid"":""78953"",""score"":16.2824976074087,""snippet"":"" ... on Aidy Bryant's Hulu series Shrill and in the 2019 film James vs. His Future Self. In 2023, he joined season 4 of Apple TV+'s critically acclaimed science fiction drama For All Mankind as the character Eli Hobson.\n\nHe and actress Laure Mattos have been married ... "",""title"":""https://people.com/movies/home-alone-cast-where-are-they-now/""},{""docid"":""4035"",""score"":15.898290019368474,""snippet"":"" ... He was married to Star Herrmann and Leigh Curran. He died on 31 December 2014 in New York City, New York, USA.- Actor\n\n- Producer\n\n- Additional Crew\n\nOne of Hollywood's finest character / \""Method\"" actors, Eli Wallach was in demand for over 60 years (first film/TV role was ... "",""title"":""https://www.imdb.com/search/name/?death_date=2014""},{""docid"":""3161"",""score"":15.76035451695941,""snippet"":"" ... In the early 1970s, she landed minor roles in film and TV, and finally won a role on the series Three's Company (1976). She married Hamel in 1977. She was fired from the series after she asked for a raise at the beginning of the fifth season ... "",""title"":""https://m.imdb.com/search/name/?death_date=2023&ref_=nmbio_dth_yr""},{""docid"":""60134"",""score"":15.715324421687555,""snippet"":"" ... In 2003, Mulroney played Gavin Mitchell on the TV series Friends. He appeared in three episodes of the ninth season, his character briefly dating Rachel. This would mark Mulroney's last on-screen appearance on television for a number of years, later revealing in a May 2007 interview ... "",""title"":""https://en.wikipedia.org/wiki/Dermot_Mulroney""},{""docid"":""81882"",""score"":15.691378997718399,""snippet"":"" ... He was married a total of seven times, and fathered eight children.\n\nAfter long battles with ill health, Richard Pryor passed away on December 10th, 2005.- Vincent Schiavelli, selected in 1997 by Vanity Fair as one of the best character actors in America, had made over 120 film ... "",""title"":""https://m.imdb.com/search/name/?death_date=2005&ref_=nmbio""}]"
29,514,2026-09-14T10:16:08.646818+00:00,TV show character three marriages one surviving child,"[""tv"",""show"",""character"",""three"",""marriages"",""one"",""surviving"",""child""]","""tv"" OR ""show"" OR ""character"" OR ""three"" OR ""marriages"" OR ""one"" OR ""surviving"" OR ""child""",5,dcfdfe59d4312591ff3d757fe02035f881e4a26022e07fa519df09748ec9df4a,3f31bf042d8cc6df97db1dfa7b9b5da5c52351b9d4583f684f1cbc8fdbd5e8e2,True,"[""d39"",""d8"",""d51"",""d52"",""d53""]","[""53008"",""60248"",""37367"",""77637"",""54031""]","[{""docid"":""53008"",""score"":13.664801548271926,""snippet"":"" ... Most recently, Liotta appeared in The Many Saints of Newark, Marriage Story and No Sudden Move. He also appeared on Jennifer Lopez's TV show, Shades of Blue, which ended after three seasons. Liotta is survived by his daughter, Karsen and his fiancée Jacy Nittolo.\n\nJohn Zderko\n\nThe ... "",""title"":""https://www.etonline.com/gallery/stars-weve-lost-in-2022-177426""},{""docid"":""60248"",""score"":13.648348285782436,""snippet"":"" ... Lucci was expected to guest star on Prospect Park's continuation of All My Children in 2013, but the appearance never came to fruition due to the show's second cancellation.\n\nErica is considered to be the most popular character in American soap opera history. TV Guide calls ... "",""title"":""https://en.wikipedia.org/wiki/Erica_Kane""},{""docid"":""37367"",""score"":13.510584826136753,""snippet"":"" ... Midway through the season, an attempt was made to increase ratings by having Havoc's character relocate to New York to represent show business clients; however, the show lasted only one season.\""Lady Lawyer Practices Law,\"" TV Guide May 7–13, 1955, p. 12.\n\nFrom the 1960s through ... "",""title"":""https://en.wikipedia.org/wiki/June_Havoc""},{""docid"":""77637"",""score"":13.489606718134208,""snippet"":"" ... Besides his TV career, he was also an ordained Presbyterian minister.\n\nAfter starting her film career at the age of three, Shirley Temple went on to become Hollywood's highest-grossing child actress from 1935 to 1938. She is the epitome of popular child stars who lose their ... "",""title"":""https://www.thefamouspeople.com/born-1928.php""},{""docid"":""54031"",""score"":13.354763032640921,""snippet"":"" ... Simultaneously, numerous agencies in Britain and in America targeted various other aspects of child welfare, from educating parents (particularly women) on hygiene and child-rearing, to raising the age for compulsory schooling, instituting school nutrition programs, and recognizing child rights.\n\nThe Useless Child\n\nFalling infant mortality rates during ... "",""title"":""https://www.representingchildhood.pitt.edu/twentycent_child.htm""}]"
30,524,2026-09-14T10:16:13.297892+00:00,actor real life daughter plays niece TV series,"[""actor"",""real"",""life"",""daughter"",""plays"",""niece"",""tv"",""series""]","""actor"" OR ""real"" OR ""life"" OR ""daughter"" OR ""plays"" OR ""niece"" OR ""tv"" OR ""series""",5,c5b8aa186c7c0fe6193a19341def225d23aa3e1eddf39c92614b2bacf8eb4794,d6c7070e3e40ec10244efa948e3a4b087582a5f3023fa91246133211ca293d76,True,"[""d41"",""d11"",""d42"",""d43"",""d44""]","[""48538"",""20480"",""51536"",""11779"",""27252""]","[{""docid"":""48538"",""score"":18.696880866122626,""snippet"":"" ... The story of their strange marriage, the child it produced and its violent end was a Hollywood tragedy played out in court.\n\nOnce hailed as among the finest actors of his generation, Blake became better known as the center of a real-life murder trial, a story more ... "",""title"":""https://www.pbs.org/newshour/arts/robert-blake-actor-acquitted-in-wifes-killing-dies-at-89""},{""docid"":""20480"",""score"":18.63087915735836,""snippet"":"" ... They need that, too.\""\n\nWhile her TV dad played an influential role in her life on That Girl, Thomas's real-life father was, and remains, the overwhelming inspiration in both her life and career.\n\nA multi-talented performer - beloved nightclub headliner, movie actor, TV producer and star ... "",""title"":""https://www.televisionacademy.com/features/news/online-originals/girl-one-who-changed-everything""},{""docid"":""51536"",""score"":18.622128107713962,""snippet"":"" ... it was the first big movie break for the talented, late actor Anton Yelchin, and it allowed Robin Williams to share the screen with his daughter Zelda.\n\nYelchin's plays Duchovny as a boy, whose best friend is a mentally challenged deliveryman, played by Williams. Zelda Williams plays ... "",""title"":""https://collider.com/galleries/celebrity-children-parents-movies/""},{""docid"":""11779"",""score"":18.06236804587279,""snippet"":"" ... Doherty later starred in the Kevin Smith film Mallrats and the TV series Charmed.\n\nIn 2023, the actor and director launched Let's Be Clear with Shannen Doherty, a podcast that reflects on her life and career. \""I wanted to be clear about what it was like for ... "",""title"":""https://people.com/little-house-on-the-prairie-cast-where-are-they-now-8603014""},{""docid"":""27252"",""score"":17.802101342039794,""snippet"":"" ... Scott | | |\n| BET Comedy Awards | 2004 | Outstanding Comedy Series | George Lopez | | |\n| BET Comedy Awards | 2004 | Outstanding Lead Actor in a Comedy Series | George Lopez | | |\n| Casting Society of America | 2002 | Best Casting for TV, Comedy Pilot (\""Prototype\"") | Mary V. BuckSusan Edelman | | |\n| Emmy Awards (Creative Arts) | 2004 | Outstanding Cinematography for a ... "",""title"":""https://en.wikipedia.org/wiki/George_Lopez_(TV_series)""}]"
30,525,2026-09-14T10:16:13.298804+00:00,actor real life son plays unrelated character TV show,"[""actor"",""real"",""life"",""son"",""plays"",""unrelated"",""character"",""tv"",""show""]","""actor"" OR ""real"" OR ""life"" OR ""son"" OR ""plays"" OR ""unrelated"" OR ""character"" OR ""tv"" OR ""show""",5,54939772d527a727c4e4a4cd375ace27972cd17cfcdf48ccbd7cf79a6b997fd7,186b25c5ce5104eb7bad2ac592a8b3dd73bc4bde4acb44578dd593e39b9d170f,True,"[""d45"",""d46"",""d27"",""d47"",""d24""]","[""69326"",""63690"",""78415"",""32179"",""64629""]","[{""docid"":""69326"",""score"":17.608058152860483,""snippet"":"" ... actors in completely unrelated roles in TV shows can go unnoticed by the audience, like Charles-Dean Chapman in Game of Thrones.\n\n- Talented actors, such as Tatiana Maslany in Orphan Black and Lisa Kudrow in Friends, can successfully portray multiple characters and create complex relationships on-screen.\n\nPlaying ... "",""title"":""https://screenrant.com/actors-multiple-characters-same-tv-show/""},{""docid"":""63690"",""score"":17.307014678439057,""snippet"":"" ... People] (94 quizzes)\n\nReal Name\n\n[Celebrities] (73 quizzes)\n\nThe Best Name Game\n\n[People] (605 quizzes)\n\nName the People\n\n[Movies] (398 quizzes)\n\nNames in Songs\n\n[Music] (126 quizzes)\n\nSurnames\n\n[General] (10 quizzes)\n\nThematic Names\n\n[General] (151 quizzes)\n\n1. Which actor played Dr. Robb in the TV series \""In The ... "",""title"":""https://www.funtrivia.com/quizzes/people/name_game/same_surname.html""},{""docid"":""78415"",""score"":16.991242550960894,""snippet"":"" ... movie follows fading TV hero Rick Dalton (Leonardo DiCaprio) and his best friend/stunt double Cliff Booth (Brad Pitt) as they navigate the changing landscape of Hollywood while also living next door to Sharon Tate (Margot Robbie).\n\nOlyphant plays one of several real-life characters in Once Upon ... "",""title"":""https://screenrant.com/timothy-olyphant-best-movies-tv-shows/""},{""docid"":""32179"",""score"":16.75430642685047,""snippet"":"" ... The Penguin - \""The Fishin' Hole\"" is the name of the iconic whistling theme song of what classic TV show, which features the title figure walking to the \""fishin' hole\"" with his son?\n\nAnswer: The Andy Griffith Show - Even though the character was first played by Susan Neher in ... "",""title"":""https://www.watercoolertrivia.com/trivia-questions/classic-tv-trivia-questions""},{""docid"":""64629"",""score"":16.6460355950987,""snippet"":"" ... Huck has various career ambitions in life, and he tries them all, though not particularly succeeding in any. This TV series was one of the six TV shows in 1960 and the first animation in history to win an Emmy for Outstanding Achievement in the Field of Children ... "",""title"":""https://www.boredpanda.com/60s-cartoons/""}]"
30,526,2026-09-14T10:16:13.299669+00:00,TV series actor family member cast unrelated role,"[""tv"",""series"",""actor"",""family"",""member"",""cast"",""unrelated"",""role""]","""tv"" OR ""series"" OR ""actor"" OR ""family"" OR ""member"" OR ""cast"" OR ""unrelated"" OR ""role""",5,926b5ad16c406760231902a802affccc9ecf484551833494d8bd71d09e634b0f,519938cc51f961ebe64dbcb827d1f5b0c02770f081d1dc8fc353acc8debc2b64,True,"[""d45"",""d33"",""d27"",""d46"",""d48""]","[""69326"",""57395"",""78415"",""63690"",""56024""]","[{""docid"":""69326"",""score"":18.76403021129144,""snippet"":"" ... 2023-11-14\n---\nSummary\n\n- Some actors excel at playing multiple roles in TV shows and movies, like Winona Ryder in Bram Stoker's Dracula and the cast of Everything Everywhere All at Once.\n\n- Recasting actors in completely unrelated roles in TV shows can go unnoticed by the audience ... "",""title"":""https://screenrant.com/actors-multiple-characters-same-tv-show/""},{""docid"":""57395"",""score"":18.072108702580366,""snippet"":"" ... Trivia[]\n\n- This had the most main cast members leave the series, with a total of 11 (although Jorja Fox later returned as a main cast member).\n\n- This was the penultimate CSI series to end.\n\n- This was the only CSI to lose both of its original lead actors (William ... "",""title"":""https://csi.fandom.com/wiki/CSI:Crime_Scene_Investigation""},{""docid"":""78415"",""score"":17.889209447110897,""snippet"":"" ... patriarch of the family. He initially plays the role with the cool calmness he pulls off so well in other roles, but becomes an anxious and desperate man when things start to unravel. The series makes for a gripping noir movie with a terrific cast that also includes ... "",""title"":""https://screenrant.com/timothy-olyphant-best-movies-tv-shows/""},{""docid"":""63690"",""score"":17.43938333974542,""snippet"":"" ... Which actor played Dr. Robb in the TV series \""In The Heat of The Night\""?\n\nFrom Quiz My Name is Robb\n\nAnswer: Dan Biggars\n\nDan Biggars was also an American college official prior to acting. William Windom played Dr. Seth Hazlitt in \""Murder She Wrote\"". Robert Young was ... "",""title"":""https://www.funtrivia.com/quizzes/people/name_game/same_surname.html""},{""docid"":""56024"",""score"":17.375538910828254,""snippet"":"" ... At 24 she won the role of the title character in UPN's drama Veronica Mars, which was launched in the fall of 2004. Created by Rob Thomas, the series starred Bell as the seventeen year old detective Veronica, which put her alongside actors Enrico Colantoni who played ... "",""title"":""https://unionfilms.org/films/people/kristen-bell.html""}]"
30,528,2026-09-14T10:16:13.306752+00:00,character married 3 times one child survives TV series 2000s,"[""character"",""married"",""3"",""times"",""one"",""child"",""survives"",""tv"",""series"",""2000s""]","""character"" OR ""married"" OR ""3"" OR ""times"" OR ""one"" OR ""child"" OR ""survives"" OR ""tv"" OR ""series"" OR ""2000s""",5,c9c062871b30893c9447ce45e87e6504375dfae99fdf6c1353e79599774caf6b,c470efb1a9b429148472627ec591e0453570f344b59db596bed9e6b635ebfe8c,True,"[""d6"",""d49"",""d50"",""d19"",""d2""]","[""78953"",""4035"",""3161"",""60134"",""81882""]","[{""docid"":""78953"",""score"":16.2824976074087,""snippet"":"" ... on Aidy Bryant's Hulu series Shrill and in the 2019 film James vs. His Future Self. In 2023, he joined season 4 of Apple TV+'s critically acclaimed science fiction drama For All Mankind as the character Eli Hobson.\n\nHe and actress Laure Mattos have been married ... "",""title"":""https://people.com/movies/home-alone-cast-where-are-they-now/""},{""docid"":""4035"",""score"":15.898290019368474,""snippet"":"" ... He was married to Star Herrmann and Leigh Curran. He died on 31 December 2014 in New York City, New York, USA.- Actor\n\n- Producer\n\n- Additional Crew\n\nOne of Hollywood's finest character / \""Method\"" actors, Eli Wallach was in demand for over 60 years (first film/TV role was ... "",""title"":""https://www.imdb.com/search/name/?death_date=2014""},{""docid"":""3161"",""score"":15.76035451695941,""snippet"":"" ... In the early 1970s, she landed minor roles in film and TV, and finally won a role on the series Three's Company (1976). She married Hamel in 1977. She was fired from the series after she asked for a raise at the beginning of the fifth season ... "",""title"":""https://m.imdb.com/search/name/?death_date=2023&ref_=nmbio_dth_yr""},{""docid"":""60134"",""score"":15.715324421687555,""snippet"":"" ... In 2003, Mulroney played Gavin Mitchell on the TV series Friends. He appeared in three episodes of the ninth season, his character briefly dating Rachel. This would mark Mulroney's last on-screen appearance on television for a number of years, later revealing in a May 2007 interview ... "",""title"":""https://en.wikipedia.org/wiki/Dermot_Mulroney""},{""docid"":""81882"",""score"":15.691378997718399,""snippet"":"" ... He was married a total of seven times, and fathered eight children.\n\nAfter long battles with ill health, Richard Pryor passed away on December 10th, 2005.- Vincent Schiavelli, selected in 1997 by Vanity Fair as one of the best character actors in America, had made over 120 film ... "",""title"":""https://m.imdb.com/search/name/?death_date=2005&ref_=nmbio""}]"
30,529,2026-09-14T10:16:13.307869+00:00,TV show character three marriages one surviving child,"[""tv"",""show"",""character"",""three"",""marriages"",""one"",""surviving"",""child""]","""tv"" OR ""show"" OR ""character"" OR ""three"" OR ""marriages"" OR ""one"" OR ""surviving"" OR ""child""",5,dcfdfe59d4312591ff3d757fe02035f881e4a26022e07fa519df09748ec9df4a,3f31bf042d8cc6df97db1dfa7b9b5da5c52351b9d4583f684f1cbc8fdbd5e8e2,True,"[""d39"",""d8"",""d51"",""d52"",""d53""]","[""53008"",""60248"",""37367"",""77637"",""54031""]","[{""docid"":""53008"",""score"":13.664801548271926,""snippet"":"" ... Most recently, Liotta appeared in The Many Saints of Newark, Marriage Story and No Sudden Move. He also appeared on Jennifer Lopez's TV show, Shades of Blue, which ended after three seasons. Liotta is survived by his daughter, Karsen and his fiancée Jacy Nittolo.\n\nJohn Zderko\n\nThe ... "",""title"":""https://www.etonline.com/gallery/stars-weve-lost-in-2022-177426""},{""docid"":""60248"",""score"":13.648348285782436,""snippet"":"" ... Lucci was expected to guest star on Prospect Park's continuation of All My Children in 2013, but the appearance never came to fruition due to the show's second cancellation.\n\nErica is considered to be the most popular character in American soap opera history. TV Guide calls ... "",""title"":""https://en.wikipedia.org/wiki/Erica_Kane""},{""docid"":""37367"",""score"":13.510584826136753,""snippet"":"" ... Midway through the season, an attempt was made to increase ratings by having Havoc's character relocate to New York to represent show business clients; however, the show lasted only one season.\""Lady Lawyer Practices Law,\"" TV Guide May 7–13, 1955, p. 12.\n\nFrom the 1960s through ... "",""title"":""https://en.wikipedia.org/wiki/June_Havoc""},{""docid"":""77637"",""score"":13.489606718134208,""snippet"":"" ... Besides his TV career, he was also an ordained Presbyterian minister.\n\nAfter starting her film career at the age of three, Shirley Temple went on to become Hollywood's highest-grossing child actress from 1935 to 1938. She is the epitome of popular child stars who lose their ... "",""title"":""https://www.thefamouspeople.com/born-1928.php""},{""docid"":""54031"",""score"":13.354763032640921,""snippet"":"" ... Simultaneously, numerous agencies in Britain and in America targeted various other aspects of child welfare, from educating parents (particularly women) on hygiene and child-rearing, to raising the age for compulsory schooling, instituting school nutrition programs, and recognizing child rights.\n\nThe Useless Child\n\nFalling infant mortality rates during ... "",""title"":""https://www.representingchildhood.pitt.edu/twentycent_child.htm""}]"
31,539,2026-09-14T10:16:16.612720+00:00,actor real life daughter plays niece TV series,"[""actor"",""real"",""life"",""daughter"",""plays"",""niece"",""tv"",""series""]","""actor"" OR ""real"" OR ""life"" OR ""daughter"" OR ""plays"" OR ""niece"" OR ""tv"" OR ""series""",5,c5b8aa186c7c0fe6193a19341def225d23aa3e1eddf39c92614b2bacf8eb4794,d6c7070e3e40ec10244efa948e3a4b087582a5f3023fa91246133211ca293d76,True,"[""d41"",""d11"",""d42"",""d43"",""d44""]","[""48538"",""20480"",""51536"",""11779"",""27252""]","[{""docid"":""48538"",""score"":18.696880866122626,""snippet"":"" ... The story of their strange marriage, the child it produced and its violent end was a Hollywood tragedy played out in court.\n\nOnce hailed as among the finest actors of his generation, Blake became better known as the center of a real-life murder trial, a story more ... "",""title"":""https://www.pbs.org/newshour/arts/robert-blake-actor-acquitted-in-wifes-killing-dies-at-89""},{""docid"":""20480"",""score"":18.63087915735836,""snippet"":"" ... They need that, too.\""\n\nWhile her TV dad played an influential role in her life on That Girl, Thomas's real-life father was, and remains, the overwhelming inspiration in both her life and career.\n\nA multi-talented performer - beloved nightclub headliner, movie actor, TV producer and star ... "",""title"":""https://www.televisionacademy.com/features/news/online-originals/girl-one-who-changed-everything""},{""docid"":""51536"",""score"":18.622128107713962,""snippet"":"" ... it was the first big movie break for the talented, late actor Anton Yelchin, and it allowed Robin Williams to share the screen with his daughter Zelda.\n\nYelchin's plays Duchovny as a boy, whose best friend is a mentally challenged deliveryman, played by Williams. Zelda Williams plays ... "",""title"":""https://collider.com/galleries/celebrity-children-parents-movies/""},{""docid"":""11779"",""score"":18.06236804587279,""snippet"":"" ... Doherty later starred in the Kevin Smith film Mallrats and the TV series Charmed.\n\nIn 2023, the actor and director launched Let's Be Clear with Shannen Doherty, a podcast that reflects on her life and career. \""I wanted to be clear about what it was like for ... "",""title"":""https://people.com/little-house-on-the-prairie-cast-where-are-they-now-8603014""},{""docid"":""27252"",""score"":17.802101342039794,""snippet"":"" ... Scott | | |\n| BET Comedy Awards | 2004 | Outstanding Comedy Series | George Lopez | | |\n| BET Comedy Awards | 2004 | Outstanding Lead Actor in a Comedy Series | George Lopez | | |\n| Casting Society of America | 2002 | Best Casting for TV, Comedy Pilot (\""Prototype\"") | Mary V. BuckSusan Edelman | | |\n| Emmy Awards (Creative Arts) | 2004 | Outstanding Cinematography for a ... "",""title"":""https://en.wikipedia.org/wiki/George_Lopez_(TV_series)""}]"
31,540,2026-09-14T10:16:16.613631+00:00,actor real life son plays unrelated character TV show,"[""actor"",""real"",""life"",""son"",""plays"",""unrelated"",""character"",""tv"",""show""]","""actor"" OR ""real"" OR ""life"" OR ""son"" OR ""plays"" OR ""unrelated"" OR ""character"" OR ""tv"" OR ""show""",5,54939772d527a727c4e4a4cd375ace27972cd17cfcdf48ccbd7cf79a6b997fd7,186b25c5ce5104eb7bad2ac592a8b3dd73bc4bde4acb44578dd593e39b9d170f,True,"[""d45"",""d46"",""d27"",""d47"",""d24""]","[""69326"",""63690"",""78415"",""32179"",""64629""]","[{""docid"":""69326"",""score"":17.608058152860483,""snippet"":"" ... actors in completely unrelated roles in TV shows can go unnoticed by the audience, like Charles-Dean Chapman in Game of Thrones.\n\n- Talented actors, such as Tatiana Maslany in Orphan Black and Lisa Kudrow in Friends, can successfully portray multiple characters and create complex relationships on-screen.\n\nPlaying ... "",""title"":""https://screenrant.com/actors-multiple-characters-same-tv-show/""},{""docid"":""63690"",""score"":17.307014678439057,""snippet"":"" ... People] (94 quizzes)\n\nReal Name\n\n[Celebrities] (73 quizzes)\n\nThe Best Name Game\n\n[People] (605 quizzes)\n\nName the People\n\n[Movies] (398 quizzes)\n\nNames in Songs\n\n[Music] (126 quizzes)\n\nSurnames\n\n[General] (10 quizzes)\n\nThematic Names\n\n[General] (151 quizzes)\n\n1. Which actor played Dr. Robb in the TV series \""In The ... "",""title"":""https://www.funtrivia.com/quizzes/people/name_game/same_surname.html""},{""docid"":""78415"",""score"":16.991242550960894,""snippet"":"" ... movie follows fading TV hero Rick Dalton (Leonardo DiCaprio) and his best friend/stunt double Cliff Booth (Brad Pitt) as they navigate the changing landscape of Hollywood while also living next door to Sharon Tate (Margot Robbie).\n\nOlyphant plays one of several real-life characters in Once Upon ... "",""title"":""https://screenrant.com/timothy-olyphant-best-movies-tv-shows/""},{""docid"":""32179"",""score"":16.75430642685047,""snippet"":"" ... The Penguin - \""The Fishin' Hole\"" is the name of the iconic whistling theme song of what classic TV show, which features the title figure walking to the \""fishin' hole\"" with his son?\n\nAnswer: The Andy Griffith Show - Even though the character was first played by Susan Neher in ... "",""title"":""https://www.watercoolertrivia.com/trivia-questions/classic-tv-trivia-questions""},{""docid"":""64629"",""score"":16.6460355950987,""snippet"":"" ... Huck has various career ambitions in life, and he tries them all, though not particularly succeeding in any. This TV series was one of the six TV shows in 1960 and the first animation in history to win an Emmy for Outstanding Achievement in the Field of Children ... "",""title"":""https://www.boredpanda.com/60s-cartoons/""}]"
31,541,2026-09-14T10:16:16.614450+00:00,TV series actor family member cast unrelated role,"[""tv"",""series"",""actor"",""family"",""member"",""cast"",""unrelated"",""role""]","""tv"" OR ""series"" OR ""actor"" OR ""family"" OR ""member"" OR ""cast"" OR ""unrelated"" OR ""role""",5,926b5ad16c406760231902a802affccc9ecf484551833494d8bd71d09e634b0f,519938cc51f961ebe64dbcb827d1f5b0c02770f081d1dc8fc353acc8debc2b64,True,"[""d45"",""d33"",""d27"",""d46"",""d48""]","[""69326"",""57395"",""78415"",""63690"",""56024""]","[{""docid"":""69326"",""score"":18.76403021129144,""snippet"":"" ... 2023-11-14\n---\nSummary\n\n- Some actors excel at playing multiple roles in TV shows and movies, like Winona Ryder in Bram Stoker's Dracula and the cast of Everything Everywhere All at Once.\n\n- Recasting actors in completely unrelated roles in TV shows can go unnoticed by the audience ... "",""title"":""https://screenrant.com/actors-multiple-characters-same-tv-show/""},{""docid"":""57395"",""score"":18.072108702580366,""snippet"":"" ... Trivia[]\n\n- This had the most main cast members leave the series, with a total of 11 (although Jorja Fox later returned as a main cast member).\n\n- This was the penultimate CSI series to end.\n\n- This was the only CSI to lose both of its original lead actors (William ... "",""title"":""https://csi.fandom.com/wiki/CSI:Crime_Scene_Investigation""},{""docid"":""78415"",""score"":17.889209447110897,""snippet"":"" ... patriarch of the family. He initially plays the role with the cool calmness he pulls off so well in other roles, but becomes an anxious and desperate man when things start to unravel. The series makes for a gripping noir movie with a terrific cast that also includes ... "",""title"":""https://screenrant.com/timothy-olyphant-best-movies-tv-shows/""},{""docid"":""63690"",""score"":17.43938333974542,""snippet"":"" ... Which actor played Dr. Robb in the TV series \""In The Heat of The Night\""?\n\nFrom Quiz My Name is Robb\n\nAnswer: Dan Biggars\n\nDan Biggars was also an American college official prior to acting. William Windom played Dr. Seth Hazlitt in \""Murder She Wrote\"". Robert Young was ... "",""title"":""https://www.funtrivia.com/quizzes/people/name_game/same_surname.html""},{""docid"":""56024"",""score"":17.375538910828254,""snippet"":"" ... At 24 she won the role of the title character in UPN's drama Veronica Mars, which was launched in the fall of 2004. Created by Rob Thomas, the series starred Bell as the seventeen year old detective Veronica, which put her alongside actors Enrico Colantoni who played ... "",""title"":""https://unionfilms.org/films/people/kristen-bell.html""}]"
31,543,2026-09-14T10:16:16.617305+00:00,character married 3 times one child survives TV series 2000s,"[""character"",""married"",""3"",""times"",""one"",""child"",""survives"",""tv"",""series"",""2000s""]","""character"" OR ""married"" OR ""3"" OR ""times"" OR ""one"" OR ""child"" OR ""survives"" OR ""tv"" OR ""series"" OR ""2000s""",5,c9c062871b30893c9447ce45e87e6504375dfae99fdf6c1353e79599774caf6b,c470efb1a9b429148472627ec591e0453570f344b59db596bed9e6b635ebfe8c,True,"[""d6"",""d49"",""d50"",""d19"",""d2""]","[""78953"",""4035"",""3161"",""60134"",""81882""]","[{""docid"":""78953"",""score"":16.2824976074087,""snippet"":"" ... on Aidy Bryant's Hulu series Shrill and in the 2019 film James vs. His Future Self. In 2023, he joined season 4 of Apple TV+'s critically acclaimed science fiction drama For All Mankind as the character Eli Hobson.\n\nHe and actress Laure Mattos have been married ... "",""title"":""https://people.com/movies/home-alone-cast-where-are-they-now/""},{""docid"":""4035"",""score"":15.898290019368474,""snippet"":"" ... He was married to Star Herrmann and Leigh Curran. He died on 31 December 2014 in New York City, New York, USA.- Actor\n\n- Producer\n\n- Additional Crew\n\nOne of Hollywood's finest character / \""Method\"" actors, Eli Wallach was in demand for over 60 years (first film/TV role was ... "",""title"":""https://www.imdb.com/search/name/?death_date=2014""},{""docid"":""3161"",""score"":15.76035451695941,""snippet"":"" ... In the early 1970s, she landed minor roles in film and TV, and finally won a role on the series Three's Company (1976). She married Hamel in 1977. She was fired from the series after she asked for a raise at the beginning of the fifth season ... "",""title"":""https://m.imdb.com/search/name/?death_date=2023&ref_=nmbio_dth_yr""},{""docid"":""60134"",""score"":15.715324421687555,""snippet"":"" ... In 2003, Mulroney played Gavin Mitchell on the TV series Friends. He appeared in three episodes of the ninth season, his character briefly dating Rachel. This would mark Mulroney's last on-screen appearance on television for a number of years, later revealing in a May 2007 interview ... "",""title"":""https://en.wikipedia.org/wiki/Dermot_Mulroney""},{""docid"":""81882"",""score"":15.691378997718399,""snippet"":"" ... He was married a total of seven times, and fathered eight children.\n\nAfter long battles with ill health, Richard Pryor passed away on December 10th, 2005.- Vincent Schiavelli, selected in 1997 by Vanity Fair as one of the best character actors in America, had made over 120 film ... "",""title"":""https://m.imdb.com/search/name/?death_date=2005&ref_=nmbio""}]"
31,544,2026-09-14T10:16:16.618049+00:00,TV show character three marriages one surviving child,"[""tv"",""show"",""character"",""three"",""marriages"",""one"",""surviving"",""child""]","""tv"" OR ""show"" OR ""character"" OR ""three"" OR ""marriages"" OR ""one"" OR ""surviving"" OR ""child""",5,dcfdfe59d4312591ff3d757fe02035f881e4a26022e07fa519df09748ec9df4a,3f31bf042d8cc6df97db1dfa7b9b5da5c52351b9d4583f684f1cbc8fdbd5e8e2,True,"[""d39"",""d8"",""d51"",""d52"",""d53""]","[""53008"",""60248"",""37367"",""77637"",""54031""]","[{""docid"":""53008"",""score"":13.664801548271926,""snippet"":"" ... Most recently, Liotta appeared in The Many Saints of Newark, Marriage Story and No Sudden Move. He also appeared on Jennifer Lopez's TV show, Shades of Blue, which ended after three seasons. Liotta is survived by his daughter, Karsen and his fiancée Jacy Nittolo.\n\nJohn Zderko\n\nThe ... "",""title"":""https://www.etonline.com/gallery/stars-weve-lost-in-2022-177426""},{""docid"":""60248"",""score"":13.648348285782436,""snippet"":"" ... Lucci was expected to guest star on Prospect Park's continuation of All My Children in 2013, but the appearance never came to fruition due to the show's second cancellation.\n\nErica is considered to be the most popular character in American soap opera history. TV Guide calls ... "",""title"":""https://en.wikipedia.org/wiki/Erica_Kane""},{""docid"":""37367"",""score"":13.510584826136753,""snippet"":"" ... Midway through the season, an attempt was made to increase ratings by having Havoc's character relocate to New York to represent show business clients; however, the show lasted only one season.\""Lady Lawyer Practices Law,\"" TV Guide May 7–13, 1955, p. 12.\n\nFrom the 1960s through ... "",""title"":""https://en.wikipedia.org/wiki/June_Havoc""},{""docid"":""77637"",""score"":13.489606718134208,""snippet"":"" ... Besides his TV career, he was also an ordained Presbyterian minister.\n\nAfter starting her film career at the age of three, Shirley Temple went on to become Hollywood's highest-grossing child actress from 1935 to 1938. She is the epitome of popular child stars who lose their ... "",""title"":""https://www.thefamouspeople.com/born-1928.php""},{""docid"":""54031"",""score"":13.354763032640921,""snippet"":"" ... Simultaneously, numerous agencies in Britain and in America targeted various other aspects of child welfare, from educating parents (particularly women) on hygiene and child-rearing, to raising the age for compulsory schooling, instituting school nutrition programs, and recognizing child rights.\n\nThe Useless Child\n\nFalling infant mortality rates during ... "",""title"":""https://www.representingchildhood.pitt.edu/twentycent_child.htm""}]"
32,554,2026-09-14T10:16:19.459109+00:00,actor real life daughter plays niece TV series,"[""actor"",""real"",""life"",""daughter"",""plays"",""niece"",""tv"",""series""]","""actor"" OR ""real"" OR ""life"" OR ""daughter"" OR ""plays"" OR ""niece"" OR ""tv"" OR ""series""",5,c5b8aa186c7c0fe6193a19341def225d23aa3e1eddf39c92614b2bacf8eb4794,d6c7070e3e40ec10244efa948e3a4b087582a5f3023fa91246133211ca293d76,True,"[""d41"",""d11"",""d42"",""d43"",""d44""]","[""48538"",""20480"",""51536"",""11779"",""27252""]","[{""docid"":""48538"",""score"":18.696880866122626,""snippet"":"" ... The story of their strange marriage, the child it produced and its violent end was a Hollywood tragedy played out in court.\n\nOnce hailed as among the finest actors of his generation, Blake became better known as the center of a real-life murder trial, a story more ... "",""title"":""https://www.pbs.org/newshour/arts/robert-blake-actor-acquitted-in-wifes-killing-dies-at-89""},{""docid"":""20480"",""score"":18.63087915735836,""snippet"":"" ... They need that, too.\""\n\nWhile her TV dad played an influential role in her life on That Girl, Thomas's real-life father was, and remains, the overwhelming inspiration in both her life and career.\n\nA multi-talented performer - beloved nightclub headliner, movie actor, TV producer and star ... "",""title"":""https://www.televisionacademy.com/features/news/online-originals/girl-one-who-changed-everything""},{""docid"":""51536"",""score"":18.622128107713962,""snippet"":"" ... it was the first big movie break for the talented, late actor Anton Yelchin, and it allowed Robin Williams to share the screen with his daughter Zelda.\n\nYelchin's plays Duchovny as a boy, whose best friend is a mentally challenged deliveryman, played by Williams. Zelda Williams plays ... "",""title"":""https://collider.com/galleries/celebrity-children-parents-movies/""},{""docid"":""11779"",""score"":18.06236804587279,""snippet"":"" ... Doherty later starred in the Kevin Smith film Mallrats and the TV series Charmed.\n\nIn 2023, the actor and director launched Let's Be Clear with Shannen Doherty, a podcast that reflects on her life and career. \""I wanted to be clear about what it was like for ... "",""title"":""https://people.com/little-house-on-the-prairie-cast-where-are-they-now-8603014""},{""docid"":""27252"",""score"":17.802101342039794,""snippet"":"" ... Scott | | |\n| BET Comedy Awards | 2004 | Outstanding Comedy Series | George Lopez | | |\n| BET Comedy Awards | 2004 | Outstanding Lead Actor in a Comedy Series | George Lopez | | |\n| Casting Society of America | 2002 | Best Casting for TV, Comedy Pilot (\""Prototype\"") | Mary V. BuckSusan Edelman | | |\n| Emmy Awards (Creative Arts) | 2004 | Outstanding Cinematography for a ... "",""title"":""https://en.wikipedia.org/wiki/George_Lopez_(TV_series)""}]"
32,555,2026-09-14T10:16:19.460052+00:00,actor real life son plays unrelated character TV show,"[""actor"",""real"",""life"",""son"",""plays"",""unrelated"",""character"",""tv"",""show""]","""actor"" OR ""real"" OR ""life"" OR ""son"" OR ""plays"" OR ""unrelated"" OR ""character"" OR ""tv"" OR ""show""",5,54939772d527a727c4e4a4cd375ace27972cd17cfcdf48ccbd7cf79a6b997fd7,186b25c5ce5104eb7bad2ac592a8b3dd73bc4bde4acb44578dd593e39b9d170f,True,"[""d45"",""d46"",""d27"",""d47"",""d24""]","[""69326"",""63690"",""78415"",""32179"",""64629""]","[{""docid"":""69326"",""score"":17.608058152860483,""snippet"":"" ... actors in completely unrelated roles in TV shows can go unnoticed by the audience, like Charles-Dean Chapman in Game of Thrones.\n\n- Talented actors, such as Tatiana Maslany in Orphan Black and Lisa Kudrow in Friends, can successfully portray multiple characters and create complex relationships on-screen.\n\nPlaying ... "",""title"":""https://screenrant.com/actors-multiple-characters-same-tv-show/""},{""docid"":""63690"",""score"":17.307014678439057,""snippet"":"" ... People] (94 quizzes)\n\nReal Name\n\n[Celebrities] (73 quizzes)\n\nThe Best Name Game\n\n[People] (605 quizzes)\n\nName the People\n\n[Movies] (398 quizzes)\n\nNames in Songs\n\n[Music] (126 quizzes)\n\nSurnames\n\n[General] (10 quizzes)\n\nThematic Names\n\n[General] (151 quizzes)\n\n1. Which actor played Dr. Robb in the TV series \""In The ... "",""title"":""https://www.funtrivia.com/quizzes/people/name_game/same_surname.html""},{""docid"":""78415"",""score"":16.991242550960894,""snippet"":"" ... movie follows fading TV hero Rick Dalton (Leonardo DiCaprio) and his best friend/stunt double Cliff Booth (Brad Pitt) as they navigate the changing landscape of Hollywood while also living next door to Sharon Tate (Margot Robbie).\n\nOlyphant plays one of several real-life characters in Once Upon ... "",""title"":""https://screenrant.com/timothy-olyphant-best-movies-tv-shows/""},{""docid"":""32179"",""score"":16.75430642685047,""snippet"":"" ... The Penguin - \""The Fishin' Hole\"" is the name of the iconic whistling theme song of what classic TV show, which features the title figure walking to the \""fishin' hole\"" with his son?\n\nAnswer: The Andy Griffith Show - Even though the character was first played by Susan Neher in ... "",""title"":""https://www.watercoolertrivia.com/trivia-questions/classic-tv-trivia-questions""},{""docid"":""64629"",""score"":16.6460355950987,""snippet"":"" ... Huck has various career ambitions in life, and he tries them all, though not particularly succeeding in any. This TV series was one of the six TV shows in 1960 and the first animation in history to win an Emmy for Outstanding Achievement in the Field of Children ... "",""title"":""https://www.boredpanda.com/60s-cartoons/""}]"
32,556,2026-09-14T10:16:19.460874+00:00,TV series actor family member cast unrelated role,"[""tv"",""series"",""actor"",""family"",""member"",""cast"",""unrelated"",""role""]","""tv"" OR ""series"" OR ""actor"" OR ""family"" OR ""member"" OR ""cast"" OR ""unrelated"" OR ""role""",5,926b5ad16c406760231902a802affccc9ecf484551833494d8bd71d09e634b0f,519938cc51f961ebe64dbcb827d1f5b0c02770f081d1dc8fc353acc8debc2b64,True,"[""d45"",""d33"",""d27"",""d46"",""d48""]","[""69326"",""57395"",""78415"",""63690"",""56024""]","[{""docid"":""69326"",""score"":18.76403021129144,""snippet"":"" ... 2023-11-14\n---\nSummary\n\n- Some actors excel at playing multiple roles in TV shows and movies, like Winona Ryder in Bram Stoker's Dracula and the cast of Everything Everywhere All at Once.\n\n- Recasting actors in completely unrelated roles in TV shows can go unnoticed by the audience ... "",""title"":""https://screenrant.com/actors-multiple-characters-same-tv-show/""},{""docid"":""57395"",""score"":18.072108702580366,""snippet"":"" ... Trivia[]\n\n- This had the most main cast members leave the series, with a total of 11 (although Jorja Fox later returned as a main cast member).\n\n- This was the penultimate CSI series to end.\n\n- This was the only CSI to lose both of its original lead actors (William ... "",""title"":""https://csi.fandom.com/wiki/CSI:Crime_Scene_Investigation""},{""docid"":""78415"",""score"":17.889209447110897,""snippet"":"" ... patriarch of the family. He initially plays the role with the cool calmness he pulls off so well in other roles, but becomes an anxious and desperate man when things start to unravel. The series makes for a gripping noir movie with a terrific cast that also includes ... "",""title"":""https://screenrant.com/timothy-olyphant-best-movies-tv-shows/""},{""docid"":""63690"",""score"":17.43938333974542,""snippet"":"" ... Which actor played Dr. Robb in the TV series \""In The Heat of The Night\""?\n\nFrom Quiz My Name is Robb\n\nAnswer: Dan Biggars\n\nDan Biggars was also an American college official prior to acting. William Windom played Dr. Seth Hazlitt in \""Murder She Wrote\"". Robert Young was ... "",""title"":""https://www.funtrivia.com/quizzes/people/name_game/same_surname.html""},{""docid"":""56024"",""score"":17.375538910828254,""snippet"":"" ... At 24 she won the role of the title character in UPN's drama Veronica Mars, which was launched in the fall of 2004. Created by Rob Thomas, the series starred Bell as the seventeen year old detective Veronica, which put her alongside actors Enrico Colantoni who played ... "",""title"":""https://unionfilms.org/films/people/kristen-bell.html""}]"
32,558,2026-09-14T10:16:19.463496+00:00,character married 3 times one child survives TV series 2000s,"[""character"",""married"",""3"",""times"",""one"",""child"",""survives"",""tv"",""series"",""2000s""]","""character"" OR ""married"" OR ""3"" OR ""times"" OR ""one"" OR ""child"" OR ""survives"" OR ""tv"" OR ""series"" OR ""2000s""",5,c9c062871b30893c9447ce45e87e6504375dfae99fdf6c1353e79599774caf6b,c470efb1a9b429148472627ec591e0453570f344b59db596bed9e6b635ebfe8c,True,"[""d6"",""d49"",""d50"",""d19"",""d2""]","[""78953"",""4035"",""3161"",""60134"",""81882""]","[{""docid"":""78953"",""score"":16.2824976074087,""snippet"":"" ... on Aidy Bryant's Hulu series Shrill and in the 2019 film James vs. His Future Self. In 2023, he joined season 4 of Apple TV+'s critically acclaimed science fiction drama For All Mankind as the character Eli Hobson.\n\nHe and actress Laure Mattos have been married ... "",""title"":""https://people.com/movies/home-alone-cast-where-are-they-now/""},{""docid"":""4035"",""score"":15.898290019368474,""snippet"":"" ... He was married to Star Herrmann and Leigh Curran. He died on 31 December 2014 in New York City, New York, USA.- Actor\n\n- Producer\n\n- Additional Crew\n\nOne of Hollywood's finest character / \""Method\"" actors, Eli Wallach was in demand for over 60 years (first film/TV role was ... "",""title"":""https://www.imdb.com/search/name/?death_date=2014""},{""docid"":""3161"",""score"":15.76035451695941,""snippet"":"" ... In the early 1970s, she landed minor roles in film and TV, and finally won a role on the series Three's Company (1976). She married Hamel in 1977. She was fired from the series after she asked for a raise at the beginning of the fifth season ... "",""title"":""https://m.imdb.com/search/name/?death_date=2023&ref_=nmbio_dth_yr""},{""docid"":""60134"",""score"":15.715324421687555,""snippet"":"" ... In 2003, Mulroney played Gavin Mitchell on the TV series Friends. He appeared in three episodes of the ninth season, his character briefly dating Rachel. This would mark Mulroney's last on-screen appearance on television for a number of years, later revealing in a May 2007 interview ... "",""title"":""https://en.wikipedia.org/wiki/Dermot_Mulroney""},{""docid"":""81882"",""score"":15.691378997718399,""snippet"":"" ... He was married a total of seven times, and fathered eight children.\n\nAfter long battles with ill health, Richard Pryor passed away on December 10th, 2005.- Vincent Schiavelli, selected in 1997 by Vanity Fair as one of the best character actors in America, had made over 120 film ... "",""title"":""https://m.imdb.com/search/name/?death_date=2005&ref_=nmbio""}]"
32,559,2026-09-14T10:16:19.464324+00:00,TV show character three marriages one surviving child,"[""tv"",""show"",""character"",""three"",""marriages"",""one"",""surviving"",""child""]","""tv"" OR ""show"" OR ""character"" OR ""three"" OR ""marriages"" OR ""one"" OR ""surviving"" OR ""child""",5,dcfdfe59d4312591ff3d757fe02035f881e4a26022e07fa519df09748ec9df4a,3f31bf042d8cc6df97db1dfa7b9b5da5c52351b9d4583f684f1cbc8fdbd5e8e2,True,"[""d39"",""d8"",""d51"",""d52"",""d53""]","[""53008"",""60248"",""37367"",""77637"",""54031""]","[{""docid"":""53008"",""score"":13.664801548271926,""snippet"":"" ... Most recently, Liotta appeared in The Many Saints of Newark, Marriage Story and No Sudden Move. He also appeared on Jennifer Lopez's TV show, Shades of Blue, which ended after three seasons. Liotta is survived by his daughter, Karsen and his fiancée Jacy Nittolo.\n\nJohn Zderko\n\nThe ... "",""title"":""https://www.etonline.com/gallery/stars-weve-lost-in-2022-177426""},{""docid"":""60248"",""score"":13.648348285782436,""snippet"":"" ... Lucci was expected to guest star on Prospect Park's continuation of All My Children in 2013, but the appearance never came to fruition due to the show's second cancellation.\n\nErica is considered to be the most popular character in American soap opera history. TV Guide calls ... "",""title"":""https://en.wikipedia.org/wiki/Erica_Kane""},{""docid"":""37367"",""score"":13.510584826136753,""snippet"":"" ... Midway through the season, an attempt was made to increase ratings by having Havoc's character relocate to New York to represent show business clients; however, the show lasted only one season.\""Lady Lawyer Practices Law,\"" TV Guide May 7–13, 1955, p. 12.\n\nFrom the 1960s through ... "",""title"":""https://en.wikipedia.org/wiki/June_Havoc""},{""docid"":""77637"",""score"":13.489606718134208,""snippet"":"" ... Besides his TV career, he was also an ordained Presbyterian minister.\n\nAfter starting her film career at the age of three, Shirley Temple went on to become Hollywood's highest-grossing child actress from 1935 to 1938. She is the epitome of popular child stars who lose their ... "",""title"":""https://www.thefamouspeople.com/born-1928.php""},{""docid"":""54031"",""score"":13.354763032640921,""snippet"":"" ... Simultaneously, numerous agencies in Britain and in America targeted various other aspects of child welfare, from educating parents (particularly women) on hygiene and child-rearing, to raising the age for compulsory schooling, instituting school nutrition programs, and recognizing child rights.\n\nThe Useless Child\n\nFalling infant mortality rates during ... "",""title"":""https://www.representingchildhood.pitt.edu/twentycent_child.htm""}]"
33,569,2026-09-14T10:16:23.197360+00:00,actor real life daughter plays niece TV series,"[""actor"",""real"",""life"",""daughter"",""plays"",""niece"",""tv"",""series""]","""actor"" OR ""real"" OR ""life"" OR ""daughter"" OR ""plays"" OR ""niece"" OR ""tv"" OR ""series""",5,c5b8aa186c7c0fe6193a19341def225d23aa3e1eddf39c92614b2bacf8eb4794,d6c7070e3e40ec10244efa948e3a4b087582a5f3023fa91246133211ca293d76,True,"[""d41"",""d11"",""d42"",""d43"",""d44""]","[""48538"",""20480"",""51536"",""11779"",""27252""]","[{""docid"":""48538"",""score"":18.696880866122626,""snippet"":"" ... The story of their strange marriage, the child it produced and its violent end was a Hollywood tragedy played out in court.\n\nOnce hailed as among the finest actors of his generation, Blake became better known as the center of a real-life murder trial, a story more ... "",""title"":""https://www.pbs.org/newshour/arts/robert-blake-actor-acquitted-in-wifes-killing-dies-at-89""},{""docid"":""20480"",""score"":18.63087915735836,""snippet"":"" ... They need that, too.\""\n\nWhile her TV dad played an influential role in her life on That Girl, Thomas's real-life father was, and remains, the overwhelming inspiration in both her life and career.\n\nA multi-talented performer - beloved nightclub headliner, movie actor, TV producer and star ... "",""title"":""https://www.televisionacademy.com/features/news/online-originals/girl-one-who-changed-everything""},{""docid"":""51536"",""score"":18.622128107713962,""snippet"":"" ... it was the first big movie break for the talented, late actor Anton Yelchin, and it allowed Robin Williams to share the screen with his daughter Zelda.\n\nYelchin's plays Duchovny as a boy, whose best friend is a mentally challenged deliveryman, played by Williams. Zelda Williams plays ... "",""title"":""https://collider.com/galleries/celebrity-children-parents-movies/""},{""docid"":""11779"",""score"":18.06236804587279,""snippet"":"" ... Doherty later starred in the Kevin Smith film Mallrats and the TV series Charmed.\n\nIn 2023, the actor and director launched Let's Be Clear with Shannen Doherty, a podcast that reflects on her life and career. \""I wanted to be clear about what it was like for ... "",""title"":""https://people.com/little-house-on-the-prairie-cast-where-are-they-now-8603014""},{""docid"":""27252"",""score"":17.802101342039794,""snippet"":"" ... Scott | | |\n| BET Comedy Awards | 2004 | Outstanding Comedy Series | George Lopez | | |\n| BET Comedy Awards | 2004 | Outstanding Lead Actor in a Comedy Series | George Lopez | | |\n| Casting Society of America | 2002 | Best Casting for TV, Comedy Pilot (\""Prototype\"") | Mary V. BuckSusan Edelman | | |\n| Emmy Awards (Creative Arts) | 2004 | Outstanding Cinematography for a ... "",""title"":""https://en.wikipedia.org/wiki/George_Lopez_(TV_series)""}]"
33,570,2026-09-14T10:16:23.198266+00:00,actor real life son plays unrelated character TV show,"[""actor"",""real"",""life"",""son"",""plays"",""unrelated"",""character"",""tv"",""show""]","""actor"" OR ""real"" OR ""life"" OR ""son"" OR ""plays"" OR ""unrelated"" OR ""character"" OR ""tv"" OR ""show""",5,54939772d527a727c4e4a4cd375ace27972cd17cfcdf48ccbd7cf79a6b997fd7,186b25c5ce5104eb7bad2ac592a8b3dd73bc4bde4acb44578dd593e39b9d170f,True,"[""d45"",""d46"",""d27"",""d47"",""d24""]","[""69326"",""63690"",""78415"",""32179"",""64629""]","[{""docid"":""69326"",""score"":17.608058152860483,""snippet"":"" ... actors in completely unrelated roles in TV shows can go unnoticed by the audience, like Charles-Dean Chapman in Game of Thrones.\n\n- Talented actors, such as Tatiana Maslany in Orphan Black and Lisa Kudrow in Friends, can successfully portray multiple characters and create complex relationships on-screen.\n\nPlaying ... "",""title"":""https://screenrant.com/actors-multiple-characters-same-tv-show/""},{""docid"":""63690"",""score"":17.307014678439057,""snippet"":"" ... People] (94 quizzes)\n\nReal Name\n\n[Celebrities] (73 quizzes)\n\nThe Best Name Game\n\n[People] (605 quizzes)\n\nName the People\n\n[Movies] (398 quizzes)\n\nNames in Songs\n\n[Music] (126 quizzes)\n\nSurnames\n\n[General] (10 quizzes)\n\nThematic Names\n\n[General] (151 quizzes)\n\n1. Which actor played Dr. Robb in the TV series \""In The ... "",""title"":""https://www.funtrivia.com/quizzes/people/name_game/same_surname.html""},{""docid"":""78415"",""score"":16.991242550960894,""snippet"":"" ... movie follows fading TV hero Rick Dalton (Leonardo DiCaprio) and his best friend/stunt double Cliff Booth (Brad Pitt) as they navigate the changing landscape of Hollywood while also living next door to Sharon Tate (Margot Robbie).\n\nOlyphant plays one of several real-life characters in Once Upon ... "",""title"":""https://screenrant.com/timothy-olyphant-best-movies-tv-shows/""},{""docid"":""32179"",""score"":16.75430642685047,""snippet"":"" ... The Penguin - \""The Fishin' Hole\"" is the name of the iconic whistling theme song of what classic TV show, which features the title figure walking to the \""fishin' hole\"" with his son?\n\nAnswer: The Andy Griffith Show - Even though the character was first played by Susan Neher in ... "",""title"":""https://www.watercoolertrivia.com/trivia-questions/classic-tv-trivia-questions""},{""docid"":""64629"",""score"":16.6460355950987,""snippet"":"" ... Huck has various career ambitions in life, and he tries them all, though not particularly succeeding in any. This TV series was one of the six TV shows in 1960 and the first animation in history to win an Emmy for Outstanding Achievement in the Field of Children ... "",""title"":""https://www.boredpanda.com/60s-cartoons/""}]"
33,571,2026-09-14T10:16:23.199078+00:00,TV series actor family member cast unrelated role,"[""tv"",""series"",""actor"",""family"",""member"",""cast"",""unrelated"",""role""]","""tv"" OR ""series"" OR ""actor"" OR ""family"" OR ""member"" OR ""cast"" OR ""unrelated"" OR ""role""",5,926b5ad16c406760231902a802affccc9ecf484551833494d8bd71d09e634b0f,519938cc51f961ebe64dbcb827d1f5b0c02770f081d1dc8fc353acc8debc2b64,True,"[""d45"",""d33"",""d27"",""d46"",""d48""]","[""69326"",""57395"",""78415"",""63690"",""56024""]","[{""docid"":""69326"",""score"":18.76403021129144,""snippet"":"" ... 2023-11-14\n---\nSummary\n\n- Some actors excel at playing multiple roles in TV shows and movies, like Winona Ryder in Bram Stoker's Dracula and the cast of Everything Everywhere All at Once.\n\n- Recasting actors in completely unrelated roles in TV shows can go unnoticed by the audience ... "",""title"":""https://screenrant.com/actors-multiple-characters-same-tv-show/""},{""docid"":""57395"",""score"":18.072108702580366,""snippet"":"" ... Trivia[]\n\n- This had the most main cast members leave the series, with a total of 11 (although Jorja Fox later returned as a main cast member).\n\n- This was the penultimate CSI series to end.\n\n- This was the only CSI to lose both of its original lead actors (William ... "",""title"":""https://csi.fandom.com/wiki/CSI:Crime_Scene_Investigation""},{""docid"":""78415"",""score"":17.889209447110897,""snippet"":"" ... patriarch of the family. He initially plays the role with the cool calmness he pulls off so well in other roles, but becomes an anxious and desperate man when things start to unravel. The series makes for a gripping noir movie with a terrific cast that also includes ... "",""title"":""https://screenrant.com/timothy-olyphant-best-movies-tv-shows/""},{""docid"":""63690"",""score"":17.43938333974542,""snippet"":"" ... Which actor played Dr. Robb in the TV series \""In The Heat of The Night\""?\n\nFrom Quiz My Name is Robb\n\nAnswer: Dan Biggars\n\nDan Biggars was also an American college official prior to acting. William Windom played Dr. Seth Hazlitt in \""Murder She Wrote\"". Robert Young was ... "",""title"":""https://www.funtrivia.com/quizzes/people/name_game/same_surname.html""},{""docid"":""56024"",""score"":17.375538910828254,""snippet"":"" ... At 24 she won the role of the title character in UPN's drama Veronica Mars, which was launched in the fall of 2004. Created by Rob Thomas, the series starred Bell as the seventeen year old detective Veronica, which put her alongside actors Enrico Colantoni who played ... "",""title"":""https://unionfilms.org/films/people/kristen-bell.html""}]"
33,573,2026-09-14T10:16:23.202022+00:00,character married 3 times one child survives TV series 2000s,"[""character"",""married"",""3"",""times"",""one"",""child"",""survives"",""tv"",""series"",""2000s""]","""character"" OR ""married"" OR ""3"" OR ""times"" OR ""one"" OR ""child"" OR ""survives"" OR ""tv"" OR ""series"" OR ""2000s""",5,c9c062871b30893c9447ce45e87e6504375dfae99fdf6c1353e79599774caf6b,c470efb1a9b429148472627ec591e0453570f344b59db596bed9e6b635ebfe8c,True,"[""d6"",""d49"",""d50"",""d19"",""d2""]","[""78953"",""4035"",""3161"",""60134"",""81882""]","[{""docid"":""78953"",""score"":16.2824976074087,""snippet"":"" ... on Aidy Bryant's Hulu series Shrill and in the 2019 film James vs. His Future Self. In 2023, he joined season 4 of Apple TV+'s critically acclaimed science fiction drama For All Mankind as the character Eli Hobson.\n\nHe and actress Laure Mattos have been married ... "",""title"":""https://people.com/movies/home-alone-cast-where-are-they-now/""},{""docid"":""4035"",""score"":15.898290019368474,""snippet"":"" ... He was married to Star Herrmann and Leigh Curran. He died on 31 December 2014 in New York City, New York, USA.- Actor\n\n- Producer\n\n- Additional Crew\n\nOne of Hollywood's finest character / \""Method\"" actors, Eli Wallach was in demand for over 60 years (first film/TV role was ... "",""title"":""https://www.imdb.com/search/name/?death_date=2014""},{""docid"":""3161"",""score"":15.76035451695941,""snippet"":"" ... In the early 1970s, she landed minor roles in film and TV, and finally won a role on the series Three's Company (1976). She married Hamel in 1977. She was fired from the series after she asked for a raise at the beginning of the fifth season ... "",""title"":""https://m.imdb.com/search/name/?death_date=2023&ref_=nmbio_dth_yr""},{""docid"":""60134"",""score"":15.715324421687555,""snippet"":"" ... In 2003, Mulroney played Gavin Mitchell on the TV series Friends. He appeared in three episodes of the ninth season, his character briefly dating Rachel. This would mark Mulroney's last on-screen appearance on television for a number of years, later revealing in a May 2007 interview ... "",""title"":""https://en.wikipedia.org/wiki/Dermot_Mulroney""},{""docid"":""81882"",""score"":15.691378997718399,""snippet"":"" ... He was married a total of seven times, and fathered eight children.\n\nAfter long battles with ill health, Richard Pryor passed away on December 10th, 2005.- Vincent Schiavelli, selected in 1997 by Vanity Fair as one of the best character actors in America, had made over 120 film ... "",""title"":""https://m.imdb.com/search/name/?death_date=2005&ref_=nmbio""}]"
33,574,2026-09-14T10:16:23.202840+00:00,TV show character three marriages one surviving child,"[""tv"",""show"",""character"",""three"",""marriages"",""one"",""surviving"",""child""]","""tv"" OR ""show"" OR ""character"" OR ""three"" OR ""marriages"" OR ""one"" OR ""surviving"" OR ""child""",5,dcfdfe59d4312591ff3d757fe02035f881e4a26022e07fa519df09748ec9df4a,3f31bf042d8cc6df97db1dfa7b9b5da5c52351b9d4583f684f1cbc8fdbd5e8e2,True,"[""d39"",""d8"",""d51"",""d52"",""d53""]","[""53008"",""60248"",""37367"",""77637"",""54031""]","[{""docid"":""53008"",""score"":13.664801548271926,""snippet"":"" ... Most recently, Liotta appeared in The Many Saints of Newark, Marriage Story and No Sudden Move. He also appeared on Jennifer Lopez's TV show, Shades of Blue, which ended after three seasons. Liotta is survived by his daughter, Karsen and his fiancée Jacy Nittolo.\n\nJohn Zderko\n\nThe ... "",""title"":""https://www.etonline.com/gallery/stars-weve-lost-in-2022-177426""},{""docid"":""60248"",""score"":13.648348285782436,""snippet"":"" ... Lucci was expected to guest star on Prospect Park's continuation of All My Children in 2013, but the appearance never came to fruition due to the show's second cancellation.\n\nErica is considered to be the most popular character in American soap opera history. TV Guide calls ... "",""title"":""https://en.wikipedia.org/wiki/Erica_Kane""},{""docid"":""37367"",""score"":13.510584826136753,""snippet"":"" ... Midway through the season, an attempt was made to increase ratings by having Havoc's character relocate to New York to represent show business clients; however, the show lasted only one season.\""Lady Lawyer Practices Law,\"" TV Guide May 7–13, 1955, p. 12.\n\nFrom the 1960s through ... "",""title"":""https://en.wikipedia.org/wiki/June_Havoc""},{""docid"":""77637"",""score"":13.489606718134208,""snippet"":"" ... Besides his TV career, he was also an ordained Presbyterian minister.\n\nAfter starting her film career at the age of three, Shirley Temple went on to become Hollywood's highest-grossing child actress from 1935 to 1938. She is the epitome of popular child stars who lose their ... "",""title"":""https://www.thefamouspeople.com/born-1928.php""},{""docid"":""54031"",""score"":13.354763032640921,""snippet"":"" ... Simultaneously, numerous agencies in Britain and in America targeted various other aspects of child welfare, from educating parents (particularly women) on hygiene and child-rearing, to raising the age for compulsory schooling, instituting school nutrition programs, and recognizing child rights.\n\nThe Useless Child\n\nFalling infant mortality rates during ... "",""title"":""https://www.representingchildhood.pitt.edu/twentycent_child.htm""}]"
34,584,2026-09-14T10:16:27.009524+00:00,actor real life daughter plays niece TV series,"[""actor"",""real"",""life"",""daughter"",""plays"",""niece"",""tv"",""series""]","""actor"" OR ""real"" OR ""life"" OR ""daughter"" OR ""plays"" OR ""niece"" OR ""tv"" OR ""series""",5,c5b8aa186c7c0fe6193a19341def225d23aa3e1eddf39c92614b2bacf8eb4794,d6c7070e3e40ec10244efa948e3a4b087582a5f3023fa91246133211ca293d76,True,"[""d41"",""d11"",""d42"",""d43"",""d44""]","[""48538"",""20480"",""51536"",""11779"",""27252""]","[{""docid"":""48538"",""score"":18.696880866122626,""snippet"":"" ... The story of their strange marriage, the child it produced and its violent end was a Hollywood tragedy played out in court.\n\nOnce hailed as among the finest actors of his generation, Blake became better known as the center of a real-life murder trial, a story more ... "",""title"":""https://www.pbs.org/newshour/arts/robert-blake-actor-acquitted-in-wifes-killing-dies-at-89""},{""docid"":""20480"",""score"":18.63087915735836,""snippet"":"" ... They need that, too.\""\n\nWhile her TV dad played an influential role in her life on That Girl, Thomas's real-life father was, and remains, the overwhelming inspiration in both her life and career.\n\nA multi-talented performer - beloved nightclub headliner, movie actor, TV producer and star ... "",""title"":""https://www.televisionacademy.com/features/news/online-originals/girl-one-who-changed-everything""},{""docid"":""51536"",""score"":18.622128107713962,""snippet"":"" ... it was the first big movie break for the talented, late actor Anton Yelchin, and it allowed Robin Williams to share the screen with his daughter Zelda.\n\nYelchin's plays Duchovny as a boy, whose best friend is a mentally challenged deliveryman, played by Williams. Zelda Williams plays ... "",""title"":""https://collider.com/galleries/celebrity-children-parents-movies/""},{""docid"":""11779"",""score"":18.06236804587279,""snippet"":"" ... Doherty later starred in the Kevin Smith film Mallrats and the TV series Charmed.\n\nIn 2023, the actor and director launched Let's Be Clear with Shannen Doherty, a podcast that reflects on her life and career. \""I wanted to be clear about what it was like for ... "",""title"":""https://people.com/little-house-on-the-prairie-cast-where-are-they-now-8603014""},{""docid"":""27252"",""score"":17.802101342039794,""snippet"":"" ... Scott | | |\n| BET Comedy Awards | 2004 | Outstanding Comedy Series | George Lopez | | |\n| BET Comedy Awards | 2004 | Outstanding Lead Actor in a Comedy Series | George Lopez | | |\n| Casting Society of America | 2002 | Best Casting for TV, Comedy Pilot (\""Prototype\"") | Mary V. BuckSusan Edelman | | |\n| Emmy Awards (Creative Arts) | 2004 | Outstanding Cinematography for a ... "",""title"":""https://en.wikipedia.org/wiki/George_Lopez_(TV_series)""}]"
34,585,2026-09-14T10:16:27.010435+00:00,actor real life son plays unrelated character TV show,"[""actor"",""real"",""life"",""son"",""plays"",""unrelated"",""character"",""tv"",""show""]","""actor"" OR ""real"" OR ""life"" OR ""son"" OR ""plays"" OR ""unrelated"" OR ""character"" OR ""tv"" OR ""show""",5,54939772d527a727c4e4a4cd375ace27972cd17cfcdf48ccbd7cf79a6b997fd7,186b25c5ce5104eb7bad2ac592a8b3dd73bc4bde4acb44578dd593e39b9d170f,True,"[""d45"",""d46"",""d27"",""d47"",""d24""]","[""69326"",""63690"",""78415"",""32179"",""64629""]","[{""docid"":""69326"",""score"":17.608058152860483,""snippet"":"" ... actors in completely unrelated roles in TV shows can go unnoticed by the audience, like Charles-Dean Chapman in Game of Thrones.\n\n- Talented actors, such as Tatiana Maslany in Orphan Black and Lisa Kudrow in Friends, can successfully portray multiple characters and create complex relationships on-screen.\n\nPlaying ... "",""title"":""https://screenrant.com/actors-multiple-characters-same-tv-show/""},{""docid"":""63690"",""score"":17.307014678439057,""snippet"":"" ... People] (94 quizzes)\n\nReal Name\n\n[Celebrities] (73 quizzes)\n\nThe Best Name Game\n\n[People] (605 quizzes)\n\nName the People\n\n[Movies] (398 quizzes)\n\nNames in Songs\n\n[Music] (126 quizzes)\n\nSurnames\n\n[General] (10 quizzes)\n\nThematic Names\n\n[General] (151 quizzes)\n\n1. Which actor played Dr. Robb in the TV series \""In The ... "",""title"":""https://www.funtrivia.com/quizzes/people/name_game/same_surname.html""},{""docid"":""78415"",""score"":16.991242550960894,""snippet"":"" ... movie follows fading TV hero Rick Dalton (Leonardo DiCaprio) and his best friend/stunt double Cliff Booth (Brad Pitt) as they navigate the changing landscape of Hollywood while also living next door to Sharon Tate (Margot Robbie).\n\nOlyphant plays one of several real-life characters in Once Upon ... "",""title"":""https://screenrant.com/timothy-olyphant-best-movies-tv-shows/""},{""docid"":""32179"",""score"":16.75430642685047,""snippet"":"" ... The Penguin - \""The Fishin' Hole\"" is the name of the iconic whistling theme song of what classic TV show, which features the title figure walking to the \""fishin' hole\"" with his son?\n\nAnswer: The Andy Griffith Show - Even though the character was first played by Susan Neher in ... "",""title"":""https://www.watercoolertrivia.com/trivia-questions/classic-tv-trivia-questions""},{""docid"":""64629"",""score"":16.6460355950987,""snippet"":"" ... Huck has various career ambitions in life, and he tries them all, though not particularly succeeding in any. This TV series was one of the six TV shows in 1960 and the first animation in history to win an Emmy for Outstanding Achievement in the Field of Children ... "",""title"":""https://www.boredpanda.com/60s-cartoons/""}]"
34,586,2026-09-14T10:16:27.011262+00:00,TV series actor family member cast unrelated role,"[""tv"",""series"",""actor"",""family"",""member"",""cast"",""unrelated"",""role""]","""tv"" OR ""series"" OR ""actor"" OR ""family"" OR ""member"" OR ""cast"" OR ""unrelated"" OR ""role""",5,926b5ad16c406760231902a802affccc9ecf484551833494d8bd71d09e634b0f,519938cc51f961ebe64dbcb827d1f5b0c02770f081d1dc8fc353acc8debc2b64,True,"[""d45"",""d33"",""d27"",""d46"",""d48""]","[""69326"",""57395"",""78415"",""63690"",""56024""]","[{""docid"":""69326"",""score"":18.76403021129144,""snippet"":"" ... 2023-11-14\n---\nSummary\n\n- Some actors excel at playing multiple roles in TV shows and movies, like Winona Ryder in Bram Stoker's Dracula and the cast of Everything Everywhere All at Once.\n\n- Recasting actors in completely unrelated roles in TV shows can go unnoticed by the audience ... "",""title"":""https://screenrant.com/actors-multiple-characters-same-tv-show/""},{""docid"":""57395"",""score"":18.072108702580366,""snippet"":"" ... Trivia[]\n\n- This had the most main cast members leave the series, with a total of 11 (although Jorja Fox later returned as a main cast member).\n\n- This was the penultimate CSI series to end.\n\n- This was the only CSI to lose both of its original lead actors (William ... "",""title"":""https://csi.fandom.com/wiki/CSI:Crime_Scene_Investigation""},{""docid"":""78415"",""score"":17.889209447110897,""snippet"":"" ... patriarch of the family. He initially plays the role with the cool calmness he pulls off so well in other roles, but becomes an anxious and desperate man when things start to unravel. The series makes for a gripping noir movie with a terrific cast that also includes ... "",""title"":""https://screenrant.com/timothy-olyphant-best-movies-tv-shows/""},{""docid"":""63690"",""score"":17.43938333974542,""snippet"":"" ... Which actor played Dr. Robb in the TV series \""In The Heat of The Night\""?\n\nFrom Quiz My Name is Robb\n\nAnswer: Dan Biggars\n\nDan Biggars was also an American college official prior to acting. William Windom played Dr. Seth Hazlitt in \""Murder She Wrote\"". Robert Young was ... "",""title"":""https://www.funtrivia.com/quizzes/people/name_game/same_surname.html""},{""docid"":""56024"",""score"":17.375538910828254,""snippet"":"" ... At 24 she won the role of the title character in UPN's drama Veronica Mars, which was launched in the fall of 2004. Created by Rob Thomas, the series starred Bell as the seventeen year old detective Veronica, which put her alongside actors Enrico Colantoni who played ... "",""title"":""https://unionfilms.org/films/people/kristen-bell.html""}]"
34,588,2026-09-14T10:16:27.014259+00:00,character married 3 times one child survives TV series 2000s,"[""character"",""married"",""3"",""times"",""one"",""child"",""survives"",""tv"",""series"",""2000s""]","""character"" OR ""married"" OR ""3"" OR ""times"" OR ""one"" OR ""child"" OR ""survives"" OR ""tv"" OR ""series"" OR ""2000s""",5,c9c062871b30893c9447ce45e87e6504375dfae99fdf6c1353e79599774caf6b,c470efb1a9b429148472627ec591e0453570f344b59db596bed9e6b635ebfe8c,True,"[""d6"",""d49"",""d50"",""d19"",""d2""]","[""78953"",""4035"",""3161"",""60134"",""81882""]","[{""docid"":""78953"",""score"":16.2824976074087,""snippet"":"" ... on Aidy Bryant's Hulu series Shrill and in the 2019 film James vs. His Future Self. In 2023, he joined season 4 of Apple TV+'s critically acclaimed science fiction drama For All Mankind as the character Eli Hobson.\n\nHe and actress Laure Mattos have been married ... "",""title"":""https://people.com/movies/home-alone-cast-where-are-they-now/""},{""docid"":""4035"",""score"":15.898290019368474,""snippet"":"" ... He was married to Star Herrmann and Leigh Curran. He died on 31 December 2014 in New York City, New York, USA.- Actor\n\n- Producer\n\n- Additional Crew\n\nOne of Hollywood's finest character / \""Method\"" actors, Eli Wallach was in demand for over 60 years (first film/TV role was ... "",""title"":""https://www.imdb.com/search/name/?death_date=2014""},{""docid"":""3161"",""score"":15.76035451695941,""snippet"":"" ... In the early 1970s, she landed minor roles in film and TV, and finally won a role on the series Three's Company (1976). She married Hamel in 1977. She was fired from the series after she asked for a raise at the beginning of the fifth season ... "",""title"":""https://m.imdb.com/search/name/?death_date=2023&ref_=nmbio_dth_yr""},{""docid"":""60134"",""score"":15.715324421687555,""snippet"":"" ... In 2003, Mulroney played Gavin Mitchell on the TV series Friends. He appeared in three episodes of the ninth season, his character briefly dating Rachel. This would mark Mulroney's last on-screen appearance on television for a number of years, later revealing in a May 2007 interview ... "",""title"":""https://en.wikipedia.org/wiki/Dermot_Mulroney""},{""docid"":""81882"",""score"":15.691378997718399,""snippet"":"" ... He was married a total of seven times, and fathered eight children.\n\nAfter long battles with ill health, Richard Pryor passed away on December 10th, 2005.- Vincent Schiavelli, selected in 1997 by Vanity Fair as one of the best character actors in America, had made over 120 film ... "",""title"":""https://m.imdb.com/search/name/?death_date=2005&ref_=nmbio""}]"
34,589,2026-09-14T10:16:27.015101+00:00,TV show character three marriages one surviving child,"[""tv"",""show"",""character"",""three"",""marriages"",""one"",""surviving"",""child""]","""tv"" OR ""show"" OR ""character"" OR ""three"" OR ""marriages"" OR ""one"" OR ""surviving"" OR ""child""",5,dcfdfe59d4312591ff3d757fe02035f881e4a26022e07fa519df09748ec9df4a,3f31bf042d8cc6df97db1dfa7b9b5da5c52351b9d4583f684f1cbc8fdbd5e8e2,True,"[""d39"",""d8"",""d51"",""d52"",""d53""]","[""53008"",""60248"",""37367"",""77637"",""54031""]","[{""docid"":""53008"",""score"":13.664801548271926,""snippet"":"" ... Most recently, Liotta appeared in The Many Saints of Newark, Marriage Story and No Sudden Move. He also appeared on Jennifer Lopez's TV show, Shades of Blue, which ended after three seasons. Liotta is survived by his daughter, Karsen and his fiancée Jacy Nittolo.\n\nJohn Zderko\n\nThe ... "",""title"":""https://www.etonline.com/gallery/stars-weve-lost-in-2022-177426""},{""docid"":""60248"",""score"":13.648348285782436,""snippet"":"" ... Lucci was expected to guest star on Prospect Park's continuation of All My Children in 2013, but the appearance never came to fruition due to the show's second cancellation.\n\nErica is considered to be the most popular character in American soap opera history. TV Guide calls ... "",""title"":""https://en.wikipedia.org/wiki/Erica_Kane""},{""docid"":""37367"",""score"":13.510584826136753,""snippet"":"" ... Midway through the season, an attempt was made to increase ratings by having Havoc's character relocate to New York to represent show business clients; however, the show lasted only one season.\""Lady Lawyer Practices Law,\"" TV Guide May 7–13, 1955, p. 12.\n\nFrom the 1960s through ... "",""title"":""https://en.wikipedia.org/wiki/June_Havoc""},{""docid"":""77637"",""score"":13.489606718134208,""snippet"":"" ... Besides his TV career, he was also an ordained Presbyterian minister.\n\nAfter starting her film career at the age of three, Shirley Temple went on to become Hollywood's highest-grossing child actress from 1935 to 1938. She is the epitome of popular child stars who lose their ... "",""title"":""https://www.thefamouspeople.com/born-1928.php""},{""docid"":""54031"",""score"":13.354763032640921,""snippet"":"" ... Simultaneously, numerous agencies in Britain and in America targeted various other aspects of child welfare, from educating parents (particularly women) on hygiene and child-rearing, to raising the age for compulsory schooling, instituting school nutrition programs, and recognizing child rights.\n\nThe Useless Child\n\nFalling infant mortality rates during ... "",""title"":""https://www.representingchildhood.pitt.edu/twentycent_child.htm""}]"
35,599,2026-09-14T10:16:31.121363+00:00,actor real life daughter plays niece TV series,"[""actor"",""real"",""life"",""daughter"",""plays"",""niece"",""tv"",""series""]","""actor"" OR ""real"" OR ""life"" OR ""daughter"" OR ""plays"" OR ""niece"" OR ""tv"" OR ""series""",5,c5b8aa186c7c0fe6193a19341def225d23aa3e1eddf39c92614b2bacf8eb4794,d6c7070e3e40ec10244efa948e3a4b087582a5f3023fa91246133211ca293d76,True,"[""d41"",""d11"",""d42"",""d43"",""d44""]","[""48538"",""20480"",""51536"",""11779"",""27252""]","[{""docid"":""48538"",""score"":18.696880866122626,""snippet"":"" ... The story of their strange marriage, the child it produced and its violent end was a Hollywood tragedy played out in court.\n\nOnce hailed as among the finest actors of his generation, Blake became better known as the center of a real-life murder trial, a story more ... "",""title"":""https://www.pbs.org/newshour/arts/robert-blake-actor-acquitted-in-wifes-killing-dies-at-89""},{""docid"":""20480"",""score"":18.63087915735836,""snippet"":"" ... They need that, too.\""\n\nWhile her TV dad played an influential role in her life on That Girl, Thomas's real-life father was, and remains, the overwhelming inspiration in both her life and career.\n\nA multi-talented performer - beloved nightclub headliner, movie actor, TV producer and star ... "",""title"":""https://www.televisionacademy.com/features/news/online-originals/girl-one-who-changed-everything""},{""docid"":""51536"",""score"":18.622128107713962,""snippet"":"" ... it was the first big movie break for the talented, late actor Anton Yelchin, and it allowed Robin Williams to share the screen with his daughter Zelda.\n\nYelchin's plays Duchovny as a boy, whose best friend is a mentally challenged deliveryman, played by Williams. Zelda Williams plays ... "",""title"":""https://collider.com/galleries/celebrity-children-parents-movies/""},{""docid"":""11779"",""score"":18.06236804587279,""snippet"":"" ... Doherty later starred in the Kevin Smith film Mallrats and the TV series Charmed.\n\nIn 2023, the actor and director launched Let's Be Clear with Shannen Doherty, a podcast that reflects on her life and career. \""I wanted to be clear about what it was like for ... "",""title"":""https://people.com/little-house-on-the-prairie-cast-where-are-they-now-8603014""},{""docid"":""27252"",""score"":17.802101342039794,""snippet"":"" ... Scott | | |\n| BET Comedy Awards | 2004 | Outstanding Comedy Series | George Lopez | | |\n| BET Comedy Awards | 2004 | Outstanding Lead Actor in a Comedy Series | George Lopez | | |\n| Casting Society of America | 2002 | Best Casting for TV, Comedy Pilot (\""Prototype\"") | Mary V. BuckSusan Edelman | | |\n| Emmy Awards (Creative Arts) | 2004 | Outstanding Cinematography for a ... "",""title"":""https://en.wikipedia.org/wiki/George_Lopez_(TV_series)""}]"
35,600,2026-09-14T10:16:31.122185+00:00,actor real life son plays unrelated character TV show,"[""actor"",""real"",""life"",""son"",""plays"",""unrelated"",""character"",""tv"",""show""]","""actor"" OR ""real"" OR ""life"" OR ""son"" OR ""plays"" OR ""unrelated"" OR ""character"" OR ""tv"" OR ""show""",5,54939772d527a727c4e4a4cd375ace27972cd17cfcdf48ccbd7cf79a6b997fd7,186b25c5ce5104eb7bad2ac592a8b3dd73bc4bde4acb44578dd593e39b9d170f,True,"[""d45"",""d46"",""d27"",""d47"",""d24""]","[""69326"",""63690"",""78415"",""32179"",""64629""]","[{""docid"":""69326"",""score"":17.608058152860483,""snippet"":"" ... actors in completely unrelated roles in TV shows can go unnoticed by the audience, like Charles-Dean Chapman in Game of Thrones.\n\n- Talented actors, such as Tatiana Maslany in Orphan Black and Lisa Kudrow in Friends, can successfully portray multiple characters and create complex relationships on-screen.\n\nPlaying ... "",""title"":""https://screenrant.com/actors-multiple-characters-same-tv-show/""},{""docid"":""63690"",""score"":17.307014678439057,""snippet"":"" ... People] (94 quizzes)\n\nReal Name\n\n[Celebrities] (73 quizzes)\n\nThe Best Name Game\n\n[People] (605 quizzes)\n\nName the People\n\n[Movies] (398 quizzes)\n\nNames in Songs\n\n[Music] (126 quizzes)\n\nSurnames\n\n[General] (10 quizzes)\n\nThematic Names\n\n[General] (151 quizzes)\n\n1. Which actor played Dr. Robb in the TV series \""In The ... "",""title"":""https://www.funtrivia.com/quizzes/people/name_game/same_surname.html""},{""docid"":""78415"",""score"":16.991242550960894,""snippet"":"" ... movie follows fading TV hero Rick Dalton (Leonardo DiCaprio) and his best friend/stunt double Cliff Booth (Brad Pitt) as they navigate the changing landscape of Hollywood while also living next door to Sharon Tate (Margot Robbie).\n\nOlyphant plays one of several real-life characters in Once Upon ... "",""title"":""https://screenrant.com/timothy-olyphant-best-movies-tv-shows/""},{""docid"":""32179"",""score"":16.75430642685047,""snippet"":"" ... The Penguin - \""The Fishin' Hole\"" is the name of the iconic whistling theme song of what classic TV show, which features the title figure walking to the \""fishin' hole\"" with his son?\n\nAnswer: The Andy Griffith Show - Even though the character was first played by Susan Neher in ... "",""title"":""https://www.watercoolertrivia.com/trivia-questions/classic-tv-trivia-questions""},{""docid"":""64629"",""score"":16.6460355950987,""snippet"":"" ... Huck has various career ambitions in life, and he tries them all, though not particularly succeeding in any. This TV series was one of the six TV shows in 1960 and the first animation in history to win an Emmy for Outstanding Achievement in the Field of Children ... "",""title"":""https://www.boredpanda.com/60s-cartoons/""}]"
35,601,2026-09-14T10:16:31.122922+00:00,TV series actor family member cast unrelated role,"[""tv"",""series"",""actor"",""family"",""member"",""cast"",""unrelated"",""role""]","""tv"" OR ""series"" OR ""actor"" OR ""family"" OR ""member"" OR ""cast"" OR ""unrelated"" OR ""role""",5,926b5ad16c406760231902a802affccc9ecf484551833494d8bd71d09e634b0f,519938cc51f961ebe64dbcb827d1f5b0c02770f081d1dc8fc353acc8debc2b64,True,"[""d45"",""d33"",""d27"",""d46"",""d48""]","[""69326"",""57395"",""78415"",""63690"",""56024""]","[{""docid"":""69326"",""score"":18.76403021129144,""snippet"":"" ... 2023-11-14\n---\nSummary\n\n- Some actors excel at playing multiple roles in TV shows and movies, like Winona Ryder in Bram Stoker's Dracula and the cast of Everything Everywhere All at Once.\n\n- Recasting actors in completely unrelated roles in TV shows can go unnoticed by the audience ... "",""title"":""https://screenrant.com/actors-multiple-characters-same-tv-show/""},{""docid"":""57395"",""score"":18.072108702580366,""snippet"":"" ... Trivia[]\n\n- This had the most main cast members leave the series, with a total of 11 (although Jorja Fox later returned as a main cast member).\n\n- This was the penultimate CSI series to end.\n\n- This was the only CSI to lose both of its original lead actors (William ... "",""title"":""https://csi.fandom.com/wiki/CSI:Crime_Scene_Investigation""},{""docid"":""78415"",""score"":17.889209447110897,""snippet"":"" ... patriarch of the family. He initially plays the role with the cool calmness he pulls off so well in other roles, but becomes an anxious and desperate man when things start to unravel. The series makes for a gripping noir movie with a terrific cast that also includes ... "",""title"":""https://screenrant.com/timothy-olyphant-best-movies-tv-shows/""},{""docid"":""63690"",""score"":17.43938333974542,""snippet"":"" ... Which actor played Dr. Robb in the TV series \""In The Heat of The Night\""?\n\nFrom Quiz My Name is Robb\n\nAnswer: Dan Biggars\n\nDan Biggars was also an American college official prior to acting. William Windom played Dr. Seth Hazlitt in \""Murder She Wrote\"". Robert Young was ... "",""title"":""https://www.funtrivia.com/quizzes/people/name_game/same_surname.html""},{""docid"":""56024"",""score"":17.375538910828254,""snippet"":"" ... At 24 she won the role of the title character in UPN's drama Veronica Mars, which was launched in the fall of 2004. Created by Rob Thomas, the series starred Bell as the seventeen year old detective Veronica, which put her alongside actors Enrico Colantoni who played ... "",""title"":""https://unionfilms.org/films/people/kristen-bell.html""}]"
35,603,2026-09-14T10:16:31.125651+00:00,character married 3 times one child survives TV series 2000s,"[""character"",""married"",""3"",""times"",""one"",""child"",""survives"",""tv"",""series"",""2000s""]","""character"" OR ""married"" OR ""3"" OR ""times"" OR ""one"" OR ""child"" OR ""survives"" OR ""tv"" OR ""series"" OR ""2000s""",5,c9c062871b30893c9447ce45e87e6504375dfae99fdf6c1353e79599774caf6b,c470efb1a9b429148472627ec591e0453570f344b59db596bed9e6b635ebfe8c,True,"[""d6"",""d49"",""d50"",""d19"",""d2""]","[""78953"",""4035"",""3161"",""60134"",""81882""]","[{""docid"":""78953"",""score"":16.2824976074087,""snippet"":"" ... on Aidy Bryant's Hulu series Shrill and in the 2019 film James vs. His Future Self. In 2023, he joined season 4 of Apple TV+'s critically acclaimed science fiction drama For All Mankind as the character Eli Hobson.\n\nHe and actress Laure Mattos have been married ... "",""title"":""https://people.com/movies/home-alone-cast-where-are-they-now/""},{""docid"":""4035"",""score"":15.898290019368474,""snippet"":"" ... He was married to Star Herrmann and Leigh Curran. He died on 31 December 2014 in New York City, New York, USA.- Actor\n\n- Producer\n\n- Additional Crew\n\nOne of Hollywood's finest character / \""Method\"" actors, Eli Wallach was in demand for over 60 years (first film/TV role was ... "",""title"":""https://www.imdb.com/search/name/?death_date=2014""},{""docid"":""3161"",""score"":15.76035451695941,""snippet"":"" ... In the early 1970s, she landed minor roles in film and TV, and finally won a role on the series Three's Company (1976). She married Hamel in 1977. She was fired from the series after she asked for a raise at the beginning of the fifth season ... "",""title"":""https://m.imdb.com/search/name/?death_date=2023&ref_=nmbio_dth_yr""},{""docid"":""60134"",""score"":15.715324421687555,""snippet"":"" ... In 2003, Mulroney played Gavin Mitchell on the TV series Friends. He appeared in three episodes of the ninth season, his character briefly dating Rachel. This would mark Mulroney's last on-screen appearance on television for a number of years, later revealing in a May 2007 interview ... "",""title"":""https://en.wikipedia.org/wiki/Dermot_Mulroney""},{""docid"":""81882"",""score"":15.691378997718399,""snippet"":"" ... He was married a total of seven times, and fathered eight children.\n\nAfter long battles with ill health, Richard Pryor passed away on December 10th, 2005.- Vincent Schiavelli, selected in 1997 by Vanity Fair as one of the best character actors in America, had made over 120 film ... "",""title"":""https://m.imdb.com/search/name/?death_date=2005&ref_=nmbio""}]"
35,604,2026-09-14T10:16:31.126467+00:00,TV show character three marriages one surviving child,"[""tv"",""show"",""character"",""three"",""marriages"",""one"",""surviving"",""child""]","""tv"" OR ""show"" OR ""character"" OR ""three"" OR ""marriages"" OR ""one"" OR ""surviving"" OR ""child""",5,dcfdfe59d4312591ff3d757fe02035f881e4a26022e07fa519df09748ec9df4a,3f31bf042d8cc6df97db1dfa7b9b5da5c52351b9d4583f684f1cbc8fdbd5e8e2,True,"[""d39"",""d8"",""d51"",""d52"",""d53""]","[""53008"",""60248"",""37367"",""77637"",""54031""]","[{""docid"":""53008"",""score"":13.664801548271926,""snippet"":"" ... Most recently, Liotta appeared in The Many Saints of Newark, Marriage Story and No Sudden Move. He also appeared on Jennifer Lopez's TV show, Shades of Blue, which ended after three seasons. Liotta is survived by his daughter, Karsen and his fiancée Jacy Nittolo.\n\nJohn Zderko\n\nThe ... "",""title"":""https://www.etonline.com/gallery/stars-weve-lost-in-2022-177426""},{""docid"":""60248"",""score"":13.648348285782436,""snippet"":"" ... Lucci was expected to guest star on Prospect Park's continuation of All My Children in 2013, but the appearance never came to fruition due to the show's second cancellation.\n\nErica is considered to be the most popular character in American soap opera history. TV Guide calls ... "",""title"":""https://en.wikipedia.org/wiki/Erica_Kane""},{""docid"":""37367"",""score"":13.510584826136753,""snippet"":"" ... Midway through the season, an attempt was made to increase ratings by having Havoc's character relocate to New York to represent show business clients; however, the show lasted only one season.\""Lady Lawyer Practices Law,\"" TV Guide May 7–13, 1955, p. 12.\n\nFrom the 1960s through ... "",""title"":""https://en.wikipedia.org/wiki/June_Havoc""},{""docid"":""77637"",""score"":13.489606718134208,""snippet"":"" ... Besides his TV career, he was also an ordained Presbyterian minister.\n\nAfter starting her film career at the age of three, Shirley Temple went on to become Hollywood's highest-grossing child actress from 1935 to 1938. She is the epitome of popular child stars who lose their ... "",""title"":""https://www.thefamouspeople.com/born-1928.php""},{""docid"":""54031"",""score"":13.354763032640921,""snippet"":"" ... Simultaneously, numerous agencies in Britain and in America targeted various other aspects of child welfare, from educating parents (particularly women) on hygiene and child-rearing, to raising the age for compulsory schooling, instituting school nutrition programs, and recognizing child rights.\n\nThe Useless Child\n\nFalling infant mortality rates during ... "",""title"":""https://www.representingchildhood.pitt.edu/twentycent_child.htm""}]"
36,614,2026-09-14T10:16:35.489286+00:00,actor real life daughter plays niece TV series,"[""actor"",""real"",""life"",""daughter"",""plays"",""niece"",""tv"",""series""]","""actor"" OR ""real"" OR ""life"" OR ""daughter"" OR ""plays"" OR ""niece"" OR ""tv"" OR ""series""",5,c5b8aa186c7c0fe6193a19341def225d23aa3e1eddf39c92614b2bacf8eb4794,d6c7070e3e40ec10244efa948e3a4b087582a5f3023fa91246133211ca293d76,True,"[""d41"",""d11"",""d42"",""d43"",""d44""]","[""48538"",""20480"",""51536"",""11779"",""27252""]","[{""docid"":""48538"",""score"":18.696880866122626,""snippet"":"" ... The story of their strange marriage, the child it produced and its violent end was a Hollywood tragedy played out in court.\n\nOnce hailed as among the finest actors of his generation, Blake became better known as the center of a real-life murder trial, a story more ... "",""title"":""https://www.pbs.org/newshour/arts/robert-blake-actor-acquitted-in-wifes-killing-dies-at-89""},{""docid"":""20480"",""score"":18.63087915735836,""snippet"":"" ... They need that, too.\""\n\nWhile her TV dad played an influential role in her life on That Girl, Thomas's real-life father was, and remains, the overwhelming inspiration in both her life and career.\n\nA multi-talented performer - beloved nightclub headliner, movie actor, TV producer and star ... "",""title"":""https://www.televisionacademy.com/features/news/online-originals/girl-one-who-changed-everything""},{""docid"":""51536"",""score"":18.622128107713962,""snippet"":"" ... it was the first big movie break for the talented, late actor Anton Yelchin, and it allowed Robin Williams to share the screen with his daughter Zelda.\n\nYelchin's plays Duchovny as a boy, whose best friend is a mentally challenged deliveryman, played by Williams. Zelda Williams plays ... "",""title"":""https://collider.com/galleries/celebrity-children-parents-movies/""},{""docid"":""11779"",""score"":18.06236804587279,""snippet"":"" ... Doherty later starred in the Kevin Smith film Mallrats and the TV series Charmed.\n\nIn 2023, the actor and director launched Let's Be Clear with Shannen Doherty, a podcast that reflects on her life and career. \""I wanted to be clear about what it was like for ... "",""title"":""https://people.com/little-house-on-the-prairie-cast-where-are-they-now-8603014""},{""docid"":""27252"",""score"":17.802101342039794,""snippet"":"" ... Scott | | |\n| BET Comedy Awards | 2004 | Outstanding Comedy Series | George Lopez | | |\n| BET Comedy Awards | 2004 | Outstanding Lead Actor in a Comedy Series | George Lopez | | |\n| Casting Society of America | 2002 | Best Casting for TV, Comedy Pilot (\""Prototype\"") | Mary V. BuckSusan Edelman | | |\n| Emmy Awards (Creative Arts) | 2004 | Outstanding Cinematography for a ... "",""title"":""https://en.wikipedia.org/wiki/George_Lopez_(TV_series)""}]"
36,615,2026-09-14T10:16:35.490097+00:00,actor real life son plays unrelated character TV show,"[""actor"",""real"",""life"",""son"",""plays"",""unrelated"",""character"",""tv"",""show""]","""actor"" OR ""real"" OR ""life"" OR ""son"" OR ""plays"" OR ""unrelated"" OR ""character"" OR ""tv"" OR ""show""",5,54939772d527a727c4e4a4cd375ace27972cd17cfcdf48ccbd7cf79a6b997fd7,186b25c5ce5104eb7bad2ac592a8b3dd73bc4bde4acb44578dd593e39b9d170f,True,"[""d45"",""d46"",""d27"",""d47"",""d24""]","[""69326"",""63690"",""78415"",""32179"",""64629""]","[{""docid"":""69326"",""score"":17.608058152860483,""snippet"":"" ... actors in completely unrelated roles in TV shows can go unnoticed by the audience, like Charles-Dean Chapman in Game of Thrones.\n\n- Talented actors, such as Tatiana Maslany in Orphan Black and Lisa Kudrow in Friends, can successfully portray multiple characters and create complex relationships on-screen.\n\nPlaying ... "",""title"":""https://screenrant.com/actors-multiple-characters-same-tv-show/""},{""docid"":""63690"",""score"":17.307014678439057,""snippet"":"" ... People] (94 quizzes)\n\nReal Name\n\n[Celebrities] (73 quizzes)\n\nThe Best Name Game\n\n[People] (605 quizzes)\n\nName the People\n\n[Movies] (398 quizzes)\n\nNames in Songs\n\n[Music] (126 quizzes)\n\nSurnames\n\n[General] (10 quizzes)\n\nThematic Names\n\n[General] (151 quizzes)\n\n1. Which actor played Dr. Robb in the TV series \""In The ... "",""title"":""https://www.funtrivia.com/quizzes/people/name_game/same_surname.html""},{""docid"":""78415"",""score"":16.991242550960894,""snippet"":"" ... movie follows fading TV hero Rick Dalton (Leonardo DiCaprio) and his best friend/stunt double Cliff Booth (Brad Pitt) as they navigate the changing landscape of Hollywood while also living next door to Sharon Tate (Margot Robbie).\n\nOlyphant plays one of several real-life characters in Once Upon ... "",""title"":""https://screenrant.com/timothy-olyphant-best-movies-tv-shows/""},{""docid"":""32179"",""score"":16.75430642685047,""snippet"":"" ... The Penguin - \""The Fishin' Hole\"" is the name of the iconic whistling theme song of what classic TV show, which features the title figure walking to the \""fishin' hole\"" with his son?\n\nAnswer: The Andy Griffith Show - Even though the character was first played by Susan Neher in ... "",""title"":""https://www.watercoolertrivia.com/trivia-questions/classic-tv-trivia-questions""},{""docid"":""64629"",""score"":16.6460355950987,""snippet"":"" ... Huck has various career ambitions in life, and he tries them all, though not particularly succeeding in any. This TV series was one of the six TV shows in 1960 and the first animation in history to win an Emmy for Outstanding Achievement in the Field of Children ... "",""title"":""https://www.boredpanda.com/60s-cartoons/""}]"
36,616,2026-09-14T10:16:35.491164+00:00,TV series actor family member cast unrelated role,"[""tv"",""series"",""actor"",""family"",""member"",""cast"",""unrelated"",""role""]","""tv"" OR ""series"" OR ""actor"" OR ""family"" OR ""member"" OR ""cast"" OR ""unrelated"" OR ""role""",5,926b5ad16c406760231902a802affccc9ecf484551833494d8bd71d09e634b0f,519938cc51f961ebe64dbcb827d1f5b0c02770f081d1dc8fc353acc8debc2b64,True,"[""d45"",""d33"",""d27"",""d46"",""d48""]","[""69326"",""57395"",""78415"",""63690"",""56024""]","[{""docid"":""69326"",""score"":18.76403021129144,""snippet"":"" ... 2023-11-14\n---\nSummary\n\n- Some actors excel at playing multiple roles in TV shows and movies, like Winona Ryder in Bram Stoker's Dracula and the cast of Everything Everywhere All at Once.\n\n- Recasting actors in completely unrelated roles in TV shows can go unnoticed by the audience ... "",""title"":""https://screenrant.com/actors-multiple-characters-same-tv-show/""},{""docid"":""57395"",""score"":18.072108702580366,""snippet"":"" ... Trivia[]\n\n- This had the most main cast members leave the series, with a total of 11 (although Jorja Fox later returned as a main cast member).\n\n- This was the penultimate CSI series to end.\n\n- This was the only CSI to lose both of its original lead actors (William ... "",""title"":""https://csi.fandom.com/wiki/CSI:Crime_Scene_Investigation""},{""docid"":""78415"",""score"":17.889209447110897,""snippet"":"" ... patriarch of the family. He initially plays the role with the cool calmness he pulls off so well in other roles, but becomes an anxious and desperate man when things start to unravel. The series makes for a gripping noir movie with a terrific cast that also includes ... "",""title"":""https://screenrant.com/timothy-olyphant-best-movies-tv-shows/""},{""docid"":""63690"",""score"":17.43938333974542,""snippet"":"" ... Which actor played Dr. Robb in the TV series \""In The Heat of The Night\""?\n\nFrom Quiz My Name is Robb\n\nAnswer: Dan Biggars\n\nDan Biggars was also an American college official prior to acting. William Windom played Dr. Seth Hazlitt in \""Murder She Wrote\"". Robert Young was ... "",""title"":""https://www.funtrivia.com/quizzes/people/name_game/same_surname.html""},{""docid"":""56024"",""score"":17.375538910828254,""snippet"":"" ... At 24 she won the role of the title character in UPN's drama Veronica Mars, which was launched in the fall of 2004. Created by Rob Thomas, the series starred Bell as the seventeen year old detective Veronica, which put her alongside actors Enrico Colantoni who played ... "",""title"":""https://unionfilms.org/films/people/kristen-bell.html""}]"
36,618,2026-09-14T10:16:35.493668+00:00,character married 3 times one child survives TV series 2000s,"[""character"",""married"",""3"",""times"",""one"",""child"",""survives"",""tv"",""series"",""2000s""]","""character"" OR ""married"" OR ""3"" OR ""times"" OR ""one"" OR ""child"" OR ""survives"" OR ""tv"" OR ""series"" OR ""2000s""",5,c9c062871b30893c9447ce45e87e6504375dfae99fdf6c1353e79599774caf6b,c470efb1a9b429148472627ec591e0453570f344b59db596bed9e6b635ebfe8c,True,"[""d6"",""d49"",""d50"",""d19"",""d2""]","[""78953"",""4035"",""3161"",""60134"",""81882""]","[{""docid"":""78953"",""score"":16.2824976074087,""snippet"":"" ... on Aidy Bryant's Hulu series Shrill and in the 2019 film James vs. His Future Self. In 2023, he joined season 4 of Apple TV+'s critically acclaimed science fiction drama For All Mankind as the character Eli Hobson.\n\nHe and actress Laure Mattos have been married ... "",""title"":""https://people.com/movies/home-alone-cast-where-are-they-now/""},{""docid"":""4035"",""score"":15.898290019368474,""snippet"":"" ... He was married to Star Herrmann and Leigh Curran. He died on 31 December 2014 in New York City, New York, USA.- Actor\n\n- Producer\n\n- Additional Crew\n\nOne of Hollywood's finest character / \""Method\"" actors, Eli Wallach was in demand for over 60 years (first film/TV role was ... "",""title"":""https://www.imdb.com/search/name/?death_date=2014""},{""docid"":""3161"",""score"":15.76035451695941,""snippet"":"" ... In the early 1970s, she landed minor roles in film and TV, and finally won a role on the series Three's Company (1976). She married Hamel in 1977. She was fired from the series after she asked for a raise at the beginning of the fifth season ... "",""title"":""https://m.imdb.com/search/name/?death_date=2023&ref_=nmbio_dth_yr""},{""docid"":""60134"",""score"":15.715324421687555,""snippet"":"" ... In 2003, Mulroney played Gavin Mitchell on the TV series Friends. He appeared in three episodes of the ninth season, his character briefly dating Rachel. This would mark Mulroney's last on-screen appearance on television for a number of years, later revealing in a May 2007 interview ... "",""title"":""https://en.wikipedia.org/wiki/Dermot_Mulroney""},{""docid"":""81882"",""score"":15.691378997718399,""snippet"":"" ... He was married a total of seven times, and fathered eight children.\n\nAfter long battles with ill health, Richard Pryor passed away on December 10th, 2005.- Vincent Schiavelli, selected in 1997 by Vanity Fair as one of the best character actors in America, had made over 120 film ... "",""title"":""https://m.imdb.com/search/name/?death_date=2005&ref_=nmbio""}]"
36,619,2026-09-14T10:16:35.494452+00:00,TV show character three marriages one surviving child,"[""tv"",""show"",""character"",""three"",""marriages"",""one"",""surviving"",""child""]","""tv"" OR ""show"" OR ""character"" OR ""three"" OR ""marriages"" OR ""one"" OR ""surviving"" OR ""child""",5,dcfdfe59d4312591ff3d757fe02035f881e4a26022e07fa519df09748ec9df4a,3f31bf042d8cc6df97db1dfa7b9b5da5c52351b9d4583f684f1cbc8fdbd5e8e2,True,"[""d39"",""d8"",""d51"",""d52"",""d53""]","[""53008"",""60248"",""37367"",""77637"",""54031""]","[{""docid"":""53008"",""score"":13.664801548271926,""snippet"":"" ... Most recently, Liotta appeared in The Many Saints of Newark, Marriage Story and No Sudden Move. He also appeared on Jennifer Lopez's TV show, Shades of Blue, which ended after three seasons. Liotta is survived by his daughter, Karsen and his fiancée Jacy Nittolo.\n\nJohn Zderko\n\nThe ... "",""title"":""https://www.etonline.com/gallery/stars-weve-lost-in-2022-177426""},{""docid"":""60248"",""score"":13.648348285782436,""snippet"":"" ... Lucci was expected to guest star on Prospect Park's continuation of All My Children in 2013, but the appearance never came to fruition due to the show's second cancellation.\n\nErica is considered to be the most popular character in American soap opera history. TV Guide calls ... "",""title"":""https://en.wikipedia.org/wiki/Erica_Kane""},{""docid"":""37367"",""score"":13.510584826136753,""snippet"":"" ... Midway through the season, an attempt was made to increase ratings by having Havoc's character relocate to New York to represent show business clients; however, the show lasted only one season.\""Lady Lawyer Practices Law,\"" TV Guide May 7–13, 1955, p. 12.\n\nFrom the 1960s through ... "",""title"":""https://en.wikipedia.org/wiki/June_Havoc""},{""docid"":""77637"",""score"":13.489606718134208,""snippet"":"" ... Besides his TV career, he was also an ordained Presbyterian minister.\n\nAfter starting her film career at the age of three, Shirley Temple went on to become Hollywood's highest-grossing child actress from 1935 to 1938. She is the epitome of popular child stars who lose their ... "",""title"":""https://www.thefamouspeople.com/born-1928.php""},{""docid"":""54031"",""score"":13.354763032640921,""snippet"":"" ... Simultaneously, numerous agencies in Britain and in America targeted various other aspects of child welfare, from educating parents (particularly women) on hygiene and child-rearing, to raising the age for compulsory schooling, instituting school nutrition programs, and recognizing child rights.\n\nThe Useless Child\n\nFalling infant mortality rates during ... "",""title"":""https://www.representingchildhood.pitt.edu/twentycent_child.htm""}]"
37,629,2026-09-14T10:16:39.625279+00:00,actor real life daughter plays niece TV series,"[""actor"",""real"",""life"",""daughter"",""plays"",""niece"",""tv"",""series""]","""actor"" OR ""real"" OR ""life"" OR ""daughter"" OR ""plays"" OR ""niece"" OR ""tv"" OR ""series""",5,c5b8aa186c7c0fe6193a19341def225d23aa3e1eddf39c92614b2bacf8eb4794,d6c7070e3e40ec10244efa948e3a4b087582a5f3023fa91246133211ca293d76,True,"[""d41"",""d11"",""d42"",""d43"",""d44""]","[""48538"",""20480"",""51536"",""11779"",""27252""]","[{""docid"":""48538"",""score"":18.696880866122626,""snippet"":"" ... The story of their strange marriage, the child it produced and its violent end was a Hollywood tragedy played out in court.\n\nOnce hailed as among the finest actors of his generation, Blake became better known as the center of a real-life murder trial, a story more ... "",""title"":""https://www.pbs.org/newshour/arts/robert-blake-actor-acquitted-in-wifes-killing-dies-at-89""},{""docid"":""20480"",""score"":18.63087915735836,""snippet"":"" ... They need that, too.\""\n\nWhile her TV dad played an influential role in her life on That Girl, Thomas's real-life father was, and remains, the overwhelming inspiration in both her life and career.\n\nA multi-talented performer - beloved nightclub headliner, movie actor, TV producer and star ... "",""title"":""https://www.televisionacademy.com/features/news/online-originals/girl-one-who-changed-everything""},{""docid"":""51536"",""score"":18.622128107713962,""snippet"":"" ... it was the first big movie break for the talented, late actor Anton Yelchin, and it allowed Robin Williams to share the screen with his daughter Zelda.\n\nYelchin's plays Duchovny as a boy, whose best friend is a mentally challenged deliveryman, played by Williams. Zelda Williams plays ... "",""title"":""https://collider.com/galleries/celebrity-children-parents-movies/""},{""docid"":""11779"",""score"":18.06236804587279,""snippet"":"" ... Doherty later starred in the Kevin Smith film Mallrats and the TV series Charmed.\n\nIn 2023, the actor and director launched Let's Be Clear with Shannen Doherty, a podcast that reflects on her life and career. \""I wanted to be clear about what it was like for ... "",""title"":""https://people.com/little-house-on-the-prairie-cast-where-are-they-now-8603014""},{""docid"":""27252"",""score"":17.802101342039794,""snippet"":"" ... Scott | | |\n| BET Comedy Awards | 2004 | Outstanding Comedy Series | George Lopez | | |\n| BET Comedy Awards | 2004 | Outstanding Lead Actor in a Comedy Series | George Lopez | | |\n| Casting Society of America | 2002 | Best Casting for TV, Comedy Pilot (\""Prototype\"") | Mary V. BuckSusan Edelman | | |\n| Emmy Awards (Creative Arts) | 2004 | Outstanding Cinematography for a ... "",""title"":""https://en.wikipedia.org/wiki/George_Lopez_(TV_series)""}]"
37,630,2026-09-14T10:16:39.626206+00:00,actor real life son plays unrelated character TV show,"[""actor"",""real"",""life"",""son"",""plays"",""unrelated"",""character"",""tv"",""show""]","""actor"" OR ""real"" OR ""life"" OR ""son"" OR ""plays"" OR ""unrelated"" OR ""character"" OR ""tv"" OR ""show""",5,54939772d527a727c4e4a4cd375ace27972cd17cfcdf48ccbd7cf79a6b997fd7,186b25c5ce5104eb7bad2ac592a8b3dd73bc4bde4acb44578dd593e39b9d170f,True,"[""d45"",""d46"",""d27"",""d47"",""d24""]","[""69326"",""63690"",""78415"",""32179"",""64629""]","[{""docid"":""69326"",""score"":17.608058152860483,""snippet"":"" ... actors in completely unrelated roles in TV shows can go unnoticed by the audience, like Charles-Dean Chapman in Game of Thrones.\n\n- Talented actors, such as Tatiana Maslany in Orphan Black and Lisa Kudrow in Friends, can successfully portray multiple characters and create complex relationships on-screen.\n\nPlaying ... "",""title"":""https://screenrant.com/actors-multiple-characters-same-tv-show/""},{""docid"":""63690"",""score"":17.307014678439057,""snippet"":"" ... People] (94 quizzes)\n\nReal Name\n\n[Celebrities] (73 quizzes)\n\nThe Best Name Game\n\n[People] (605 quizzes)\n\nName the People\n\n[Movies] (398 quizzes)\n\nNames in Songs\n\n[Music] (126 quizzes)\n\nSurnames\n\n[General] (10 quizzes)\n\nThematic Names\n\n[General] (151 quizzes)\n\n1. Which actor played Dr. Robb in the TV series \""In The ... "",""title"":""https://www.funtrivia.com/quizzes/people/name_game/same_surname.html""},{""docid"":""78415"",""score"":16.991242550960894,""snippet"":"" ... movie follows fading TV hero Rick Dalton (Leonardo DiCaprio) and his best friend/stunt double Cliff Booth (Brad Pitt) as they navigate the changing landscape of Hollywood while also living next door to Sharon Tate (Margot Robbie).\n\nOlyphant plays one of several real-life characters in Once Upon ... "",""title"":""https://screenrant.com/timothy-olyphant-best-movies-tv-shows/""},{""docid"":""32179"",""score"":16.75430642685047,""snippet"":"" ... The Penguin - \""The Fishin' Hole\"" is the name of the iconic whistling theme song of what classic TV show, which features the title figure walking to the \""fishin' hole\"" with his son?\n\nAnswer: The Andy Griffith Show - Even though the character was first played by Susan Neher in ... "",""title"":""https://www.watercoolertrivia.com/trivia-questions/classic-tv-trivia-questions""},{""docid"":""64629"",""score"":16.6460355950987,""snippet"":"" ... Huck has various career ambitions in life, and he tries them all, though not particularly succeeding in any. This TV series was one of the six TV shows in 1960 and the first animation in history to win an Emmy for Outstanding Achievement in the Field of Children ... "",""title"":""https://www.boredpanda.com/60s-cartoons/""}]"
37,631,2026-09-14T10:16:39.627006+00:00,TV series actor family member cast unrelated role,"[""tv"",""series"",""actor"",""family"",""member"",""cast"",""unrelated"",""role""]","""tv"" OR ""series"" OR ""actor"" OR ""family"" OR ""member"" OR ""cast"" OR ""unrelated"" OR ""role""",5,926b5ad16c406760231902a802affccc9ecf484551833494d8bd71d09e634b0f,519938cc51f961ebe64dbcb827d1f5b0c02770f081d1dc8fc353acc8debc2b64,True,"[""d45"",""d33"",""d27"",""d46"",""d48""]","[""69326"",""57395"",""78415"",""63690"",""56024""]","[{""docid"":""69326"",""score"":18.76403021129144,""snippet"":"" ... 2023-11-14\n---\nSummary\n\n- Some actors excel at playing multiple roles in TV shows and movies, like Winona Ryder in Bram Stoker's Dracula and the cast of Everything Everywhere All at Once.\n\n- Recasting actors in completely unrelated roles in TV shows can go unnoticed by the audience ... "",""title"":""https://screenrant.com/actors-multiple-characters-same-tv-show/""},{""docid"":""57395"",""score"":18.072108702580366,""snippet"":"" ... Trivia[]\n\n- This had the most main cast members leave the series, with a total of 11 (although Jorja Fox later returned as a main cast member).\n\n- This was the penultimate CSI series to end.\n\n- This was the only CSI to lose both of its original lead actors (William ... "",""title"":""https://csi.fandom.com/wiki/CSI:Crime_Scene_Investigation""},{""docid"":""78415"",""score"":17.889209447110897,""snippet"":"" ... patriarch of the family. He initially plays the role with the cool calmness he pulls off so well in other roles, but becomes an anxious and desperate man when things start to unravel. The series makes for a gripping noir movie with a terrific cast that also includes ... "",""title"":""https://screenrant.com/timothy-olyphant-best-movies-tv-shows/""},{""docid"":""63690"",""score"":17.43938333974542,""snippet"":"" ... Which actor played Dr. Robb in the TV series \""In The Heat of The Night\""?\n\nFrom Quiz My Name is Robb\n\nAnswer: Dan Biggars\n\nDan Biggars was also an American college official prior to acting. William Windom played Dr. Seth Hazlitt in \""Murder She Wrote\"". Robert Young was ... "",""title"":""https://www.funtrivia.com/quizzes/people/name_game/same_surname.html""},{""docid"":""56024"",""score"":17.375538910828254,""snippet"":"" ... At 24 she won the role of the title character in UPN's drama Veronica Mars, which was launched in the fall of 2004. Created by Rob Thomas, the series starred Bell as the seventeen year old detective Veronica, which put her alongside actors Enrico Colantoni who played ... "",""title"":""https://unionfilms.org/films/people/kristen-bell.html""}]"
37,633,2026-09-14T10:16:39.629731+00:00,character married 3 times one child survives TV series 2000s,"[""character"",""married"",""3"",""times"",""one"",""child"",""survives"",""tv"",""series"",""2000s""]","""character"" OR ""married"" OR ""3"" OR ""times"" OR ""one"" OR ""child"" OR ""survives"" OR ""tv"" OR ""series"" OR ""2000s""",5,c9c062871b30893c9447ce45e87e6504375dfae99fdf6c1353e79599774caf6b,c470efb1a9b429148472627ec591e0453570f344b59db596bed9e6b635ebfe8c,True,"[""d6"",""d49"",""d50"",""d19"",""d2""]","[""78953"",""4035"",""3161"",""60134"",""81882""]","[{""docid"":""78953"",""score"":16.2824976074087,""snippet"":"" ... on Aidy Bryant's Hulu series Shrill and in the 2019 film James vs. His Future Self. In 2023, he joined season 4 of Apple TV+'s critically acclaimed science fiction drama For All Mankind as the character Eli Hobson.\n\nHe and actress Laure Mattos have been married ... "",""title"":""https://people.com/movies/home-alone-cast-where-are-they-now/""},{""docid"":""4035"",""score"":15.898290019368474,""snippet"":"" ... He was married to Star Herrmann and Leigh Curran. He died on 31 December 2014 in New York City, New York, USA.- Actor\n\n- Producer\n\n- Additional Crew\n\nOne of Hollywood's finest character / \""Method\"" actors, Eli Wallach was in demand for over 60 years (first film/TV role was ... "",""title"":""https://www.imdb.com/search/name/?death_date=2014""},{""docid"":""3161"",""score"":15.76035451695941,""snippet"":"" ... In the early 1970s, she landed minor roles in film and TV, and finally won a role on the series Three's Company (1976). She married Hamel in 1977. She was fired from the series after she asked for a raise at the beginning of the fifth season ... "",""title"":""https://m.imdb.com/search/name/?death_date=2023&ref_=nmbio_dth_yr""},{""docid"":""60134"",""score"":15.715324421687555,""snippet"":"" ... In 2003, Mulroney played Gavin Mitchell on the TV series Friends. He appeared in three episodes of the ninth season, his character briefly dating Rachel. This would mark Mulroney's last on-screen appearance on television for a number of years, later revealing in a May 2007 interview ... "",""title"":""https://en.wikipedia.org/wiki/Dermot_Mulroney""},{""docid"":""81882"",""score"":15.691378997718399,""snippet"":"" ... He was married a total of seven times, and fathered eight children.\n\nAfter long battles with ill health, Richard Pryor passed away on December 10th, 2005.- Vincent Schiavelli, selected in 1997 by Vanity Fair as one of the best character actors in America, had made over 120 film ... "",""title"":""https://m.imdb.com/search/name/?death_date=2005&ref_=nmbio""}]"
37,634,2026-09-14T10:16:39.630869+00:00,TV show character three marriages one surviving child,"[""tv"",""show"",""character"",""three"",""marriages"",""one"",""surviving"",""child""]","""tv"" OR ""show"" OR ""character"" OR ""three"" OR ""marriages"" OR ""one"" OR ""surviving"" OR ""child""",5,dcfdfe59d4312591ff3d757fe02035f881e4a26022e07fa519df09748ec9df4a,3f31bf042d8cc6df97db1dfa7b9b5da5c52351b9d4583f684f1cbc8fdbd5e8e2,True,"[""d39"",""d8"",""d51"",""d52"",""d53""]","[""53008"",""60248"",""37367"",""77637"",""54031""]","[{""docid"":""53008"",""score"":13.664801548271926,""snippet"":"" ... Most recently, Liotta appeared in The Many Saints of Newark, Marriage Story and No Sudden Move. He also appeared on Jennifer Lopez's TV show, Shades of Blue, which ended after three seasons. Liotta is survived by his daughter, Karsen and his fiancée Jacy Nittolo.\n\nJohn Zderko\n\nThe ... "",""title"":""https://www.etonline.com/gallery/stars-weve-lost-in-2022-177426""},{""docid"":""60248"",""score"":13.648348285782436,""snippet"":"" ... Lucci was expected to guest star on Prospect Park's continuation of All My Children in 2013, but the appearance never came to fruition due to the show's second cancellation.\n\nErica is considered to be the most popular character in American soap opera history. TV Guide calls ... "",""title"":""https://en.wikipedia.org/wiki/Erica_Kane""},{""docid"":""37367"",""score"":13.510584826136753,""snippet"":"" ... Midway through the season, an attempt was made to increase ratings by having Havoc's character relocate to New York to represent show business clients; however, the show lasted only one season.\""Lady Lawyer Practices Law,\"" TV Guide May 7–13, 1955, p. 12.\n\nFrom the 1960s through ... "",""title"":""https://en.wikipedia.org/wiki/June_Havoc""},{""docid"":""77637"",""score"":13.489606718134208,""snippet"":"" ... Besides his TV career, he was also an ordained Presbyterian minister.\n\nAfter starting her film career at the age of three, Shirley Temple went on to become Hollywood's highest-grossing child actress from 1935 to 1938. She is the epitome of popular child stars who lose their ... "",""title"":""https://www.thefamouspeople.com/born-1928.php""},{""docid"":""54031"",""score"":13.354763032640921,""snippet"":"" ... Simultaneously, numerous agencies in Britain and in America targeted various other aspects of child welfare, from educating parents (particularly women) on hygiene and child-rearing, to raising the age for compulsory schooling, instituting school nutrition programs, and recognizing child rights.\n\nThe Useless Child\n\nFalling infant mortality rates during ... "",""title"":""https://www.representingchildhood.pitt.edu/twentycent_child.htm""}]"
38,644,2026-09-14T10:16:42.571054+00:00,actor real life daughter plays niece TV series,"[""actor"",""real"",""life"",""daughter"",""plays"",""niece"",""tv"",""series""]","""actor"" OR ""real"" OR ""life"" OR ""daughter"" OR ""plays"" OR ""niece"" OR ""tv"" OR ""series""",5,c5b8aa186c7c0fe6193a19341def225d23aa3e1eddf39c92614b2bacf8eb4794,d6c7070e3e40ec10244efa948e3a4b087582a5f3023fa91246133211ca293d76,True,"[""d41"",""d11"",""d42"",""d43"",""d44""]","[""48538"",""20480"",""51536"",""11779"",""27252""]","[{""docid"":""48538"",""score"":18.696880866122626,""snippet"":"" ... The story of their strange marriage, the child it produced and its violent end was a Hollywood tragedy played out in court.\n\nOnce hailed as among the finest actors of his generation, Blake became better known as the center of a real-life murder trial, a story more ... "",""title"":""https://www.pbs.org/newshour/arts/robert-blake-actor-acquitted-in-wifes-killing-dies-at-89""},{""docid"":""20480"",""score"":18.63087915735836,""snippet"":"" ... They need that, too.\""\n\nWhile her TV dad played an influential role in her life on That Girl, Thomas's real-life father was, and remains, the overwhelming inspiration in both her life and career.\n\nA multi-talented performer - beloved nightclub headliner, movie actor, TV producer and star ... "",""title"":""https://www.televisionacademy.com/features/news/online-originals/girl-one-who-changed-everything""},{""docid"":""51536"",""score"":18.622128107713962,""snippet"":"" ... it was the first big movie break for the talented, late actor Anton Yelchin, and it allowed Robin Williams to share the screen with his daughter Zelda.\n\nYelchin's plays Duchovny as a boy, whose best friend is a mentally challenged deliveryman, played by Williams. Zelda Williams plays ... "",""title"":""https://collider.com/galleries/celebrity-children-parents-movies/""},{""docid"":""11779"",""score"":18.06236804587279,""snippet"":"" ... Doherty later starred in the Kevin Smith film Mallrats and the TV series Charmed.\n\nIn 2023, the actor and director launched Let's Be Clear with Shannen Doherty, a podcast that reflects on her life and career. \""I wanted to be clear about what it was like for ... "",""title"":""https://people.com/little-house-on-the-prairie-cast-where-are-they-now-8603014""},{""docid"":""27252"",""score"":17.802101342039794,""snippet"":"" ... Scott | | |\n| BET Comedy Awards | 2004 | Outstanding Comedy Series | George Lopez | | |\n| BET Comedy Awards | 2004 | Outstanding Lead Actor in a Comedy Series | George Lopez | | |\n| Casting Society of America | 2002 | Best Casting for TV, Comedy Pilot (\""Prototype\"") | Mary V. BuckSusan Edelman | | |\n| Emmy Awards (Creative Arts) | 2004 | Outstanding Cinematography for a ... "",""title"":""https://en.wikipedia.org/wiki/George_Lopez_(TV_series)""}]"
38,645,2026-09-14T10:16:42.572054+00:00,actor real life son plays unrelated character TV show,"[""actor"",""real"",""life"",""son"",""plays"",""unrelated"",""character"",""tv"",""show""]","""actor"" OR ""real"" OR ""life"" OR ""son"" OR ""plays"" OR ""unrelated"" OR ""character"" OR ""tv"" OR ""show""",5,54939772d527a727c4e4a4cd375ace27972cd17cfcdf48ccbd7cf79a6b997fd7,186b25c5ce5104eb7bad2ac592a8b3dd73bc4bde4acb44578dd593e39b9d170f,True,"[""d45"",""d46"",""d27"",""d47"",""d24""]","[""69326"",""63690"",""78415"",""32179"",""64629""]","[{""docid"":""69326"",""score"":17.608058152860483,""snippet"":"" ... actors in completely unrelated roles in TV shows can go unnoticed by the audience, like Charles-Dean Chapman in Game of Thrones.\n\n- Talented actors, such as Tatiana Maslany in Orphan Black and Lisa Kudrow in Friends, can successfully portray multiple characters and create complex relationships on-screen.\n\nPlaying ... "",""title"":""https://screenrant.com/actors-multiple-characters-same-tv-show/""},{""docid"":""63690"",""score"":17.307014678439057,""snippet"":"" ... People] (94 quizzes)\n\nReal Name\n\n[Celebrities] (73 quizzes)\n\nThe Best Name Game\n\n[People] (605 quizzes)\n\nName the People\n\n[Movies] (398 quizzes)\n\nNames in Songs\n\n[Music] (126 quizzes)\n\nSurnames\n\n[General] (10 quizzes)\n\nThematic Names\n\n[General] (151 quizzes)\n\n1. Which actor played Dr. Robb in the TV series \""In The ... "",""title"":""https://www.funtrivia.com/quizzes/people/name_game/same_surname.html""},{""docid"":""78415"",""score"":16.991242550960894,""snippet"":"" ... movie follows fading TV hero Rick Dalton (Leonardo DiCaprio) and his best friend/stunt double Cliff Booth (Brad Pitt) as they navigate the changing landscape of Hollywood while also living next door to Sharon Tate (Margot Robbie).\n\nOlyphant plays one of several real-life characters in Once Upon ... "",""title"":""https://screenrant.com/timothy-olyphant-best-movies-tv-shows/""},{""docid"":""32179"",""score"":16.75430642685047,""snippet"":"" ... The Penguin - \""The Fishin' Hole\"" is the name of the iconic whistling theme song of what classic TV show, which features the title figure walking to the \""fishin' hole\"" with his son?\n\nAnswer: The Andy Griffith Show - Even though the character was first played by Susan Neher in ... "",""title"":""https://www.watercoolertrivia.com/trivia-questions/classic-tv-trivia-questions""},{""docid"":""64629"",""score"":16.6460355950987,""snippet"":"" ... Huck has various career ambitions in life, and he tries them all, though not particularly succeeding in any. This TV series was one of the six TV shows in 1960 and the first animation in history to win an Emmy for Outstanding Achievement in the Field of Children ... "",""title"":""https://www.boredpanda.com/60s-cartoons/""}]"
38,646,2026-09-14T10:16:42.573269+00:00,TV series actor family member cast unrelated role,"[""tv"",""series"",""actor"",""family"",""member"",""cast"",""unrelated"",""role""]","""tv"" OR ""series"" OR ""actor"" OR ""family"" OR ""member"" OR ""cast"" OR ""unrelated"" OR ""role""",5,926b5ad16c406760231902a802affccc9ecf484551833494d8bd71d09e634b0f,519938cc51f961ebe64dbcb827d1f5b0c02770f081d1dc8fc353acc8debc2b64,True,"[""d45"",""d33"",""d27"",""d46"",""d48""]","[""69326"",""57395"",""78415"",""63690"",""56024""]","[{""docid"":""69326"",""score"":18.76403021129144,""snippet"":"" ... 2023-11-14\n---\nSummary\n\n- Some actors excel at playing multiple roles in TV shows and movies, like Winona Ryder in Bram Stoker's Dracula and the cast of Everything Everywhere All at Once.\n\n- Recasting actors in completely unrelated roles in TV shows can go unnoticed by the audience ... "",""title"":""https://screenrant.com/actors-multiple-characters-same-tv-show/""},{""docid"":""57395"",""score"":18.072108702580366,""snippet"":"" ... Trivia[]\n\n- This had the most main cast members leave the series, with a total of 11 (although Jorja Fox later returned as a main cast member).\n\n- This was the penultimate CSI series to end.\n\n- This was the only CSI to lose both of its original lead actors (William ... "",""title"":""https://csi.fandom.com/wiki/CSI:Crime_Scene_Investigation""},{""docid"":""78415"",""score"":17.889209447110897,""snippet"":"" ... patriarch of the family. He initially plays the role with the cool calmness he pulls off so well in other roles, but becomes an anxious and desperate man when things start to unravel. The series makes for a gripping noir movie with a terrific cast that also includes ... "",""title"":""https://screenrant.com/timothy-olyphant-best-movies-tv-shows/""},{""docid"":""63690"",""score"":17.43938333974542,""snippet"":"" ... Which actor played Dr. Robb in the TV series \""In The Heat of The Night\""?\n\nFrom Quiz My Name is Robb\n\nAnswer: Dan Biggars\n\nDan Biggars was also an American college official prior to acting. William Windom played Dr. Seth Hazlitt in \""Murder She Wrote\"". Robert Young was ... "",""title"":""https://www.funtrivia.com/quizzes/people/name_game/same_surname.html""},{""docid"":""56024"",""score"":17.375538910828254,""snippet"":"" ... At 24 she won the role of the title character in UPN's drama Veronica Mars, which was launched in the fall of 2004. Created by Rob Thomas, the series starred Bell as the seventeen year old detective Veronica, which put her alongside actors Enrico Colantoni who played ... "",""title"":""https://unionfilms.org/films/people/kristen-bell.html""}]"
38,648,2026-09-14T10:16:42.576138+00:00,character married 3 times one child survives TV series 2000s,"[""character"",""married"",""3"",""times"",""one"",""child"",""survives"",""tv"",""series"",""2000s""]","""character"" OR ""married"" OR ""3"" OR ""times"" OR ""one"" OR ""child"" OR ""survives"" OR ""tv"" OR ""series"" OR ""2000s""",5,c9c062871b30893c9447ce45e87e6504375dfae99fdf6c1353e79599774caf6b,c470efb1a9b429148472627ec591e0453570f344b59db596bed9e6b635ebfe8c,True,"[""d6"",""d49"",""d50"",""d19"",""d2""]","[""78953"",""4035"",""3161"",""60134"",""81882""]","[{""docid"":""78953"",""score"":16.2824976074087,""snippet"":"" ... on Aidy Bryant's Hulu series Shrill and in the 2019 film James vs. His Future Self. In 2023, he joined season 4 of Apple TV+'s critically acclaimed science fiction drama For All Mankind as the character Eli Hobson.\n\nHe and actress Laure Mattos have been married ... "",""title"":""https://people.com/movies/home-alone-cast-where-are-they-now/""},{""docid"":""4035"",""score"":15.898290019368474,""snippet"":"" ... He was married to Star Herrmann and Leigh Curran. He died on 31 December 2014 in New York City, New York, USA.- Actor\n\n- Producer\n\n- Additional Crew\n\nOne of Hollywood's finest character / \""Method\"" actors, Eli Wallach was in demand for over 60 years (first film/TV role was ... "",""title"":""https://www.imdb.com/search/name/?death_date=2014""},{""docid"":""3161"",""score"":15.76035451695941,""snippet"":"" ... In the early 1970s, she landed minor roles in film and TV, and finally won a role on the series Three's Company (1976). She married Hamel in 1977. She was fired from the series after she asked for a raise at the beginning of the fifth season ... "",""title"":""https://m.imdb.com/search/name/?death_date=2023&ref_=nmbio_dth_yr""},{""docid"":""60134"",""score"":15.715324421687555,""snippet"":"" ... In 2003, Mulroney played Gavin Mitchell on the TV series Friends. He appeared in three episodes of the ninth season, his character briefly dating Rachel. This would mark Mulroney's last on-screen appearance on television for a number of years, later revealing in a May 2007 interview ... "",""title"":""https://en.wikipedia.org/wiki/Dermot_Mulroney""},{""docid"":""81882"",""score"":15.691378997718399,""snippet"":"" ... He was married a total of seven times, and fathered eight children.\n\nAfter long battles with ill health, Richard Pryor passed away on December 10th, 2005.- Vincent Schiavelli, selected in 1997 by Vanity Fair as one of the best character actors in America, had made over 120 film ... "",""title"":""https://m.imdb.com/search/name/?death_date=2005&ref_=nmbio""}]"
38,649,2026-09-14T10:16:42.577095+00:00,TV show character three marriages one surviving child,"[""tv"",""show"",""character"",""three"",""marriages"",""one"",""surviving"",""child""]","""tv"" OR ""show"" OR ""character"" OR ""three"" OR ""marriages"" OR ""one"" OR ""surviving"" OR ""child""",5,dcfdfe59d4312591ff3d757fe02035f881e4a26022e07fa519df09748ec9df4a,3f31bf042d8cc6df97db1dfa7b9b5da5c52351b9d4583f684f1cbc8fdbd5e8e2,True,"[""d39"",""d8"",""d51"",""d52"",""d53""]","[""53008"",""60248"",""37367"",""77637"",""54031""]","[{""docid"":""53008"",""score"":13.664801548271926,""snippet"":"" ... Most recently, Liotta appeared in The Many Saints of Newark, Marriage Story and No Sudden Move. He also appeared on Jennifer Lopez's TV show, Shades of Blue, which ended after three seasons. Liotta is survived by his daughter, Karsen and his fiancée Jacy Nittolo.\n\nJohn Zderko\n\nThe ... "",""title"":""https://www.etonline.com/gallery/stars-weve-lost-in-2022-177426""},{""docid"":""60248"",""score"":13.648348285782436,""snippet"":"" ... Lucci was expected to guest star on Prospect Park's continuation of All My Children in 2013, but the appearance never came to fruition due to the show's second cancellation.\n\nErica is considered to be the most popular character in American soap opera history. TV Guide calls ... "",""title"":""https://en.wikipedia.org/wiki/Erica_Kane""},{""docid"":""37367"",""score"":13.510584826136753,""snippet"":"" ... Midway through the season, an attempt was made to increase ratings by having Havoc's character relocate to New York to represent show business clients; however, the show lasted only one season.\""Lady Lawyer Practices Law,\"" TV Guide May 7–13, 1955, p. 12.\n\nFrom the 1960s through ... "",""title"":""https://en.wikipedia.org/wiki/June_Havoc""},{""docid"":""77637"",""score"":13.489606718134208,""snippet"":"" ... Besides his TV career, he was also an ordained Presbyterian minister.\n\nAfter starting her film career at the age of three, Shirley Temple went on to become Hollywood's highest-grossing child actress from 1935 to 1938. She is the epitome of popular child stars who lose their ... "",""title"":""https://www.thefamouspeople.com/born-1928.php""},{""docid"":""54031"",""score"":13.354763032640921,""snippet"":"" ... Simultaneously, numerous agencies in Britain and in America targeted various other aspects of child welfare, from educating parents (particularly women) on hygiene and child-rearing, to raising the age for compulsory schooling, instituting school nutrition programs, and recognizing child rights.\n\nThe Useless Child\n\nFalling infant mortality rates during ... "",""title"":""https://www.representingchildhood.pitt.edu/twentycent_child.htm""}]"
39,659,2026-09-14T10:16:46.825184+00:00,actor real life daughter plays niece TV series,"[""actor"",""real"",""life"",""daughter"",""plays"",""niece"",""tv"",""series""]","""actor"" OR ""real"" OR ""life"" OR ""daughter"" OR ""plays"" OR ""niece"" OR ""tv"" OR ""series""",5,c5b8aa186c7c0fe6193a19341def225d23aa3e1eddf39c92614b2bacf8eb4794,d6c7070e3e40ec10244efa948e3a4b087582a5f3023fa91246133211ca293d76,True,"[""d41"",""d11"",""d42"",""d43"",""d44""]","[""48538"",""20480"",""51536"",""11779"",""27252""]","[{""docid"":""48538"",""score"":18.696880866122626,""snippet"":"" ... The story of their strange marriage, the child it produced and its violent end was a Hollywood tragedy played out in court.\n\nOnce hailed as among the finest actors of his generation, Blake became better known as the center of a real-life murder trial, a story more ... "",""title"":""https://www.pbs.org/newshour/arts/robert-blake-actor-acquitted-in-wifes-killing-dies-at-89""},{""docid"":""20480"",""score"":18.63087915735836,""snippet"":"" ... They need that, too.\""\n\nWhile her TV dad played an influential role in her life on That Girl, Thomas's real-life father was, and remains, the overwhelming inspiration in both her life and career.\n\nA multi-talented performer - beloved nightclub headliner, movie actor, TV producer and star ... "",""title"":""https://www.televisionacademy.com/features/news/online-originals/girl-one-who-changed-everything""},{""docid"":""51536"",""score"":18.622128107713962,""snippet"":"" ... it was the first big movie break for the talented, late actor Anton Yelchin, and it allowed Robin Williams to share the screen with his daughter Zelda.\n\nYelchin's plays Duchovny as a boy, whose best friend is a mentally challenged deliveryman, played by Williams. Zelda Williams plays ... "",""title"":""https://collider.com/galleries/celebrity-children-parents-movies/""},{""docid"":""11779"",""score"":18.06236804587279,""snippet"":"" ... Doherty later starred in the Kevin Smith film Mallrats and the TV series Charmed.\n\nIn 2023, the actor and director launched Let's Be Clear with Shannen Doherty, a podcast that reflects on her life and career. \""I wanted to be clear about what it was like for ... "",""title"":""https://people.com/little-house-on-the-prairie-cast-where-are-they-now-8603014""},{""docid"":""27252"",""score"":17.802101342039794,""snippet"":"" ... Scott | | |\n| BET Comedy Awards | 2004 | Outstanding Comedy Series | George Lopez | | |\n| BET Comedy Awards | 2004 | Outstanding Lead Actor in a Comedy Series | George Lopez | | |\n| Casting Society of America | 2002 | Best Casting for TV, Comedy Pilot (\""Prototype\"") | Mary V. BuckSusan Edelman | | |\n| Emmy Awards (Creative Arts) | 2004 | Outstanding Cinematography for a ... "",""title"":""https://en.wikipedia.org/wiki/George_Lopez_(TV_series)""}]"
39,660,2026-09-14T10:16:46.826046+00:00,actor real life son plays unrelated character TV show,"[""actor"",""real"",""life"",""son"",""plays"",""unrelated"",""character"",""tv"",""show""]","""actor"" OR ""real"" OR ""life"" OR ""son"" OR ""plays"" OR ""unrelated"" OR ""character"" OR ""tv"" OR ""show""",5,54939772d527a727c4e4a4cd375ace27972cd17cfcdf48ccbd7cf79a6b997fd7,186b25c5ce5104eb7bad2ac592a8b3dd73bc4bde4acb44578dd593e39b9d170f,True,"[""d45"",""d46"",""d27"",""d47"",""d24""]","[""69326"",""63690"",""78415"",""32179"",""64629""]","[{""docid"":""69326"",""score"":17.608058152860483,""snippet"":"" ... actors in completely unrelated roles in TV shows can go unnoticed by the audience, like Charles-Dean Chapman in Game of Thrones.\n\n- Talented actors, such as Tatiana Maslany in Orphan Black and Lisa Kudrow in Friends, can successfully portray multiple characters and create complex relationships on-screen.\n\nPlaying ... "",""title"":""https://screenrant.com/actors-multiple-characters-same-tv-show/""},{""docid"":""63690"",""score"":17.307014678439057,""snippet"":"" ... People] (94 quizzes)\n\nReal Name\n\n[Celebrities] (73 quizzes)\n\nThe Best Name Game\n\n[People] (605 quizzes)\n\nName the People\n\n[Movies] (398 quizzes)\n\nNames in Songs\n\n[Music] (126 quizzes)\n\nSurnames\n\n[General] (10 quizzes)\n\nThematic Names\n\n[General] (151 quizzes)\n\n1. Which actor played Dr. Robb in the TV series \""In The ... "",""title"":""https://www.funtrivia.com/quizzes/people/name_game/same_surname.html""},{""docid"":""78415"",""score"":16.991242550960894,""snippet"":"" ... movie follows fading TV hero Rick Dalton (Leonardo DiCaprio) and his best friend/stunt double Cliff Booth (Brad Pitt) as they navigate the changing landscape of Hollywood while also living next door to Sharon Tate (Margot Robbie).\n\nOlyphant plays one of several real-life characters in Once Upon ... "",""title"":""https://screenrant.com/timothy-olyphant-best-movies-tv-shows/""},{""docid"":""32179"",""score"":16.75430642685047,""snippet"":"" ... The Penguin - \""The Fishin' Hole\"" is the name of the iconic whistling theme song of what classic TV show, which features the title figure walking to the \""fishin' hole\"" with his son?\n\nAnswer: The Andy Griffith Show - Even though the character was first played by Susan Neher in ... "",""title"":""https://www.watercoolertrivia.com/trivia-questions/classic-tv-trivia-questions""},{""docid"":""64629"",""score"":16.6460355950987,""snippet"":"" ... Huck has various career ambitions in life, and he tries them all, though not particularly succeeding in any. This TV series was one of the six TV shows in 1960 and the first animation in history to win an Emmy for Outstanding Achievement in the Field of Children ... "",""title"":""https://www.boredpanda.com/60s-cartoons/""}]"
39,661,2026-09-14T10:16:46.826856+00:00,TV series actor family member cast unrelated role,"[""tv"",""series"",""actor"",""family"",""member"",""cast"",""unrelated"",""role""]","""tv"" OR ""series"" OR ""actor"" OR ""family"" OR ""member"" OR ""cast"" OR ""unrelated"" OR ""role""",5,926b5ad16c406760231902a802affccc9ecf484551833494d8bd71d09e634b0f,519938cc51f961ebe64dbcb827d1f5b0c02770f081d1dc8fc353acc8debc2b64,True,"[""d45"",""d33"",""d27"",""d46"",""d48""]","[""69326"",""57395"",""78415"",""63690"",""56024""]","[{""docid"":""69326"",""score"":18.76403021129144,""snippet"":"" ... 2023-11-14\n---\nSummary\n\n- Some actors excel at playing multiple roles in TV shows and movies, like Winona Ryder in Bram Stoker's Dracula and the cast of Everything Everywhere All at Once.\n\n- Recasting actors in completely unrelated roles in TV shows can go unnoticed by the audience ... "",""title"":""https://screenrant.com/actors-multiple-characters-same-tv-show/""},{""docid"":""57395"",""score"":18.072108702580366,""snippet"":"" ... Trivia[]\n\n- This had the most main cast members leave the series, with a total of 11 (although Jorja Fox later returned as a main cast member).\n\n- This was the penultimate CSI series to end.\n\n- This was the only CSI to lose both of its original lead actors (William ... "",""title"":""https://csi.fandom.com/wiki/CSI:Crime_Scene_Investigation""},{""docid"":""78415"",""score"":17.889209447110897,""snippet"":"" ... patriarch of the family. He initially plays the role with the cool calmness he pulls off so well in other roles, but becomes an anxious and desperate man when things start to unravel. The series makes for a gripping noir movie with a terrific cast that also includes ... "",""title"":""https://screenrant.com/timothy-olyphant-best-movies-tv-shows/""},{""docid"":""63690"",""score"":17.43938333974542,""snippet"":"" ... Which actor played Dr. Robb in the TV series \""In The Heat of The Night\""?\n\nFrom Quiz My Name is Robb\n\nAnswer: Dan Biggars\n\nDan Biggars was also an American college official prior to acting. William Windom played Dr. Seth Hazlitt in \""Murder She Wrote\"". Robert Young was ... "",""title"":""https://www.funtrivia.com/quizzes/people/name_game/same_surname.html""},{""docid"":""56024"",""score"":17.375538910828254,""snippet"":"" ... At 24 she won the role of the title character in UPN's drama Veronica Mars, which was launched in the fall of 2004. Created by Rob Thomas, the series starred Bell as the seventeen year old detective Veronica, which put her alongside actors Enrico Colantoni who played ... "",""title"":""https://unionfilms.org/films/people/kristen-bell.html""}]"
39,663,2026-09-14T10:16:46.830051+00:00,character married 3 times one child survives TV series 2000s,"[""character"",""married"",""3"",""times"",""one"",""child"",""survives"",""tv"",""series"",""2000s""]","""character"" OR ""married"" OR ""3"" OR ""times"" OR ""one"" OR ""child"" OR ""survives"" OR ""tv"" OR ""series"" OR ""2000s""",5,c9c062871b30893c9447ce45e87e6504375dfae99fdf6c1353e79599774caf6b,c470efb1a9b429148472627ec591e0453570f344b59db596bed9e6b635ebfe8c,True,"[""d6"",""d49"",""d50"",""d19"",""d2""]","[""78953"",""4035"",""3161"",""60134"",""81882""]","[{""docid"":""78953"",""score"":16.2824976074087,""snippet"":"" ... on Aidy Bryant's Hulu series Shrill and in the 2019 film James vs. His Future Self. In 2023, he joined season 4 of Apple TV+'s critically acclaimed science fiction drama For All Mankind as the character Eli Hobson.\n\nHe and actress Laure Mattos have been married ... "",""title"":""https://people.com/movies/home-alone-cast-where-are-they-now/""},{""docid"":""4035"",""score"":15.898290019368474,""snippet"":"" ... He was married to Star Herrmann and Leigh Curran. He died on 31 December 2014 in New York City, New York, USA.- Actor\n\n- Producer\n\n- Additional Crew\n\nOne of Hollywood's finest character / \""Method\"" actors, Eli Wallach was in demand for over 60 years (first film/TV role was ... "",""title"":""https://www.imdb.com/search/name/?death_date=2014""},{""docid"":""3161"",""score"":15.76035451695941,""snippet"":"" ... In the early 1970s, she landed minor roles in film and TV, and finally won a role on the series Three's Company (1976). She married Hamel in 1977. She was fired from the series after she asked for a raise at the beginning of the fifth season ... "",""title"":""https://m.imdb.com/search/name/?death_date=2023&ref_=nmbio_dth_yr""},{""docid"":""60134"",""score"":15.715324421687555,""snippet"":"" ... In 2003, Mulroney played Gavin Mitchell on the TV series Friends. He appeared in three episodes of the ninth season, his character briefly dating Rachel. This would mark Mulroney's last on-screen appearance on television for a number of years, later revealing in a May 2007 interview ... "",""title"":""https://en.wikipedia.org/wiki/Dermot_Mulroney""},{""docid"":""81882"",""score"":15.691378997718399,""snippet"":"" ... He was married a total of seven times, and fathered eight children.\n\nAfter long battles with ill health, Richard Pryor passed away on December 10th, 2005.- Vincent Schiavelli, selected in 1997 by Vanity Fair as one of the best character actors in America, had made over 120 film ... "",""title"":""https://m.imdb.com/search/name/?death_date=2005&ref_=nmbio""}]"
39,664,2026-09-14T10:16:46.830984+00:00,TV show character three marriages one surviving child,"[""tv"",""show"",""character"",""three"",""marriages"",""one"",""surviving"",""child""]","""tv"" OR ""show"" OR ""character"" OR ""three"" OR ""marriages"" OR ""one"" OR ""surviving"" OR ""child""",5,dcfdfe59d4312591ff3d757fe02035f881e4a26022e07fa519df09748ec9df4a,3f31bf042d8cc6df97db1dfa7b9b5da5c52351b9d4583f684f1cbc8fdbd5e8e2,True,"[""d39"",""d8"",""d51"",""d52"",""d53""]","[""53008"",""60248"",""37367"",""77637"",""54031""]","[{""docid"":""53008"",""score"":13.664801548271926,""snippet"":"" ... Most recently, Liotta appeared in The Many Saints of Newark, Marriage Story and No Sudden Move. He also appeared on Jennifer Lopez's TV show, Shades of Blue, which ended after three seasons. Liotta is survived by his daughter, Karsen and his fiancée Jacy Nittolo.\n\nJohn Zderko\n\nThe ... "",""title"":""https://www.etonline.com/gallery/stars-weve-lost-in-2022-177426""},{""docid"":""60248"",""score"":13.648348285782436,""snippet"":"" ... Lucci was expected to guest star on Prospect Park's continuation of All My Children in 2013, but the appearance never came to fruition due to the show's second cancellation.\n\nErica is considered to be the most popular character in American soap opera history. TV Guide calls ... "",""title"":""https://en.wikipedia.org/wiki/Erica_Kane""},{""docid"":""37367"",""score"":13.510584826136753,""snippet"":"" ... Midway through the season, an attempt was made to increase ratings by having Havoc's character relocate to New York to represent show business clients; however, the show lasted only one season.\""Lady Lawyer Practices Law,\"" TV Guide May 7–13, 1955, p. 12.\n\nFrom the 1960s through ... "",""title"":""https://en.wikipedia.org/wiki/June_Havoc""},{""docid"":""77637"",""score"":13.489606718134208,""snippet"":"" ... Besides his TV career, he was also an ordained Presbyterian minister.\n\nAfter starting her film career at the age of three, Shirley Temple went on to become Hollywood's highest-grossing child actress from 1935 to 1938. She is the epitome of popular child stars who lose their ... "",""title"":""https://www.thefamouspeople.com/born-1928.php""},{""docid"":""54031"",""score"":13.354763032640921,""snippet"":"" ... Simultaneously, numerous agencies in Britain and in America targeted various other aspects of child welfare, from educating parents (particularly women) on hygiene and child-rearing, to raising the age for compulsory schooling, instituting school nutrition programs, and recognizing child rights.\n\nThe Useless Child\n\nFalling infant mortality rates during ... "",""title"":""https://www.representingchildhood.pitt.edu/twentycent_child.htm""}]"
40,674,2026-09-14T10:16:50.523825+00:00,actor real life daughter plays niece TV series,"[""actor"",""real"",""life"",""daughter"",""plays"",""niece"",""tv"",""series""]","""actor"" OR ""real"" OR ""life"" OR ""daughter"" OR ""plays"" OR ""niece"" OR ""tv"" OR ""series""",5,c5b8aa186c7c0fe6193a19341def225d23aa3e1eddf39c92614b2bacf8eb4794,d6c7070e3e40ec10244efa948e3a4b087582a5f3023fa91246133211ca293d76,True,"[""d41"",""d11"",""d42"",""d43"",""d44""]","[""48538"",""20480"",""51536"",""11779"",""27252""]","[{""docid"":""48538"",""score"":18.696880866122626,""snippet"":"" ... The story of their strange marriage, the child it produced and its violent end was a Hollywood tragedy played out in court.\n\nOnce hailed as among the finest actors of his generation, Blake became better known as the center of a real-life murder trial, a story more ... "",""title"":""https://www.pbs.org/newshour/arts/robert-blake-actor-acquitted-in-wifes-killing-dies-at-89""},{""docid"":""20480"",""score"":18.63087915735836,""snippet"":"" ... They need that, too.\""\n\nWhile her TV dad played an influential role in her life on That Girl, Thomas's real-life father was, and remains, the overwhelming inspiration in both her life and career.\n\nA multi-talented performer - beloved nightclub headliner, movie actor, TV producer and star ... "",""title"":""https://www.televisionacademy.com/features/news/online-originals/girl-one-who-changed-everything""},{""docid"":""51536"",""score"":18.622128107713962,""snippet"":"" ... it was the first big movie break for the talented, late actor Anton Yelchin, and it allowed Robin Williams to share the screen with his daughter Zelda.\n\nYelchin's plays Duchovny as a boy, whose best friend is a mentally challenged deliveryman, played by Williams. Zelda Williams plays ... "",""title"":""https://collider.com/galleries/celebrity-children-parents-movies/""},{""docid"":""11779"",""score"":18.06236804587279,""snippet"":"" ... Doherty later starred in the Kevin Smith film Mallrats and the TV series Charmed.\n\nIn 2023, the actor and director launched Let's Be Clear with Shannen Doherty, a podcast that reflects on her life and career. \""I wanted to be clear about what it was like for ... "",""title"":""https://people.com/little-house-on-the-prairie-cast-where-are-they-now-8603014""},{""docid"":""27252"",""score"":17.802101342039794,""snippet"":"" ... Scott | | |\n| BET Comedy Awards | 2004 | Outstanding Comedy Series | George Lopez | | |\n| BET Comedy Awards | 2004 | Outstanding Lead Actor in a Comedy Series | George Lopez | | |\n| Casting Society of America | 2002 | Best Casting for TV, Comedy Pilot (\""Prototype\"") | Mary V. BuckSusan Edelman | | |\n| Emmy Awards (Creative Arts) | 2004 | Outstanding Cinematography for a ... "",""title"":""https://en.wikipedia.org/wiki/George_Lopez_(TV_series)""}]"
40,675,2026-09-14T10:16:50.524788+00:00,actor real life son plays unrelated character TV show,"[""actor"",""real"",""life"",""son"",""plays"",""unrelated"",""character"",""tv"",""show""]","""actor"" OR ""real"" OR ""life"" OR ""son"" OR ""plays"" OR ""unrelated"" OR ""character"" OR ""tv"" OR ""show""",5,54939772d527a727c4e4a4cd375ace27972cd17cfcdf48ccbd7cf79a6b997fd7,186b25c5ce5104eb7bad2ac592a8b3dd73bc4bde4acb44578dd593e39b9d170f,True,"[""d45"",""d46"",""d27"",""d47"",""d24""]","[""69326"",""63690"",""78415"",""32179"",""64629""]","[{""docid"":""69326"",""score"":17.608058152860483,""snippet"":"" ... actors in completely unrelated roles in TV shows can go unnoticed by the audience, like Charles-Dean Chapman in Game of Thrones.\n\n- Talented actors, such as Tatiana Maslany in Orphan Black and Lisa Kudrow in Friends, can successfully portray multiple characters and create complex relationships on-screen.\n\nPlaying ... "",""title"":""https://screenrant.com/actors-multiple-characters-same-tv-show/""},{""docid"":""63690"",""score"":17.307014678439057,""snippet"":"" ... People] (94 quizzes)\n\nReal Name\n\n[Celebrities] (73 quizzes)\n\nThe Best Name Game\n\n[People] (605 quizzes)\n\nName the People\n\n[Movies] (398 quizzes)\n\nNames in Songs\n\n[Music] (126 quizzes)\n\nSurnames\n\n[General] (10 quizzes)\n\nThematic Names\n\n[General] (151 quizzes)\n\n1. Which actor played Dr. Robb in the TV series \""In The ... "",""title"":""https://www.funtrivia.com/quizzes/people/name_game/same_surname.html""},{""docid"":""78415"",""score"":16.991242550960894,""snippet"":"" ... movie follows fading TV hero Rick Dalton (Leonardo DiCaprio) and his best friend/stunt double Cliff Booth (Brad Pitt) as they navigate the changing landscape of Hollywood while also living next door to Sharon Tate (Margot Robbie).\n\nOlyphant plays one of several real-life characters in Once Upon ... "",""title"":""https://screenrant.com/timothy-olyphant-best-movies-tv-shows/""},{""docid"":""32179"",""score"":16.75430642685047,""snippet"":"" ... The Penguin - \""The Fishin' Hole\"" is the name of the iconic whistling theme song of what classic TV show, which features the title figure walking to the \""fishin' hole\"" with his son?\n\nAnswer: The Andy Griffith Show - Even though the character was first played by Susan Neher in ... "",""title"":""https://www.watercoolertrivia.com/trivia-questions/classic-tv-trivia-questions""},{""docid"":""64629"",""score"":16.6460355950987,""snippet"":"" ... Huck has various career ambitions in life, and he tries them all, though not particularly succeeding in any. This TV series was one of the six TV shows in 1960 and the first animation in history to win an Emmy for Outstanding Achievement in the Field of Children ... "",""title"":""https://www.boredpanda.com/60s-cartoons/""}]"
40,676,2026-09-14T10:16:50.525777+00:00,TV series actor family member cast unrelated role,"[""tv"",""series"",""actor"",""family"",""member"",""cast"",""unrelated"",""role""]","""tv"" OR ""series"" OR ""actor"" OR ""family"" OR ""member"" OR ""cast"" OR ""unrelated"" OR ""role""",5,926b5ad16c406760231902a802affccc9ecf484551833494d8bd71d09e634b0f,519938cc51f961ebe64dbcb827d1f5b0c02770f081d1dc8fc353acc8debc2b64,True,"[""d45"",""d33"",""d27"",""d46"",""d48""]","[""69326"",""57395"",""78415"",""63690"",""56024""]","[{""docid"":""69326"",""score"":18.76403021129144,""snippet"":"" ... 2023-11-14\n---\nSummary\n\n- Some actors excel at playing multiple roles in TV shows and movies, like Winona Ryder in Bram Stoker's Dracula and the cast of Everything Everywhere All at Once.\n\n- Recasting actors in completely unrelated roles in TV shows can go unnoticed by the audience ... "",""title"":""https://screenrant.com/actors-multiple-characters-same-tv-show/""},{""docid"":""57395"",""score"":18.072108702580366,""snippet"":"" ... Trivia[]\n\n- This had the most main cast members leave the series, with a total of 11 (although Jorja Fox later returned as a main cast member).\n\n- This was the penultimate CSI series to end.\n\n- This was the only CSI to lose both of its original lead actors (William ... "",""title"":""https://csi.fandom.com/wiki/CSI:Crime_Scene_Investigation""},{""docid"":""78415"",""score"":17.889209447110897,""snippet"":"" ... patriarch of the family. He initially plays the role with the cool calmness he pulls off so well in other roles, but becomes an anxious and desperate man when things start to unravel. The series makes for a gripping noir movie with a terrific cast that also includes ... "",""title"":""https://screenrant.com/timothy-olyphant-best-movies-tv-shows/""},{""docid"":""63690"",""score"":17.43938333974542,""snippet"":"" ... Which actor played Dr. Robb in the TV series \""In The Heat of The Night\""?\n\nFrom Quiz My Name is Robb\n\nAnswer: Dan Biggars\n\nDan Biggars was also an American college official prior to acting. William Windom played Dr. Seth Hazlitt in \""Murder She Wrote\"". Robert Young was ... "",""title"":""https://www.funtrivia.com/quizzes/people/name_game/same_surname.html""},{""docid"":""56024"",""score"":17.375538910828254,""snippet"":"" ... At 24 she won the role of the title character in UPN's drama Veronica Mars, which was launched in the fall of 2004. Created by Rob Thomas, the series starred Bell as the seventeen year old detective Veronica, which put her alongside actors Enrico Colantoni who played ... "",""title"":""https://unionfilms.org/films/people/kristen-bell.html""}]"
40,678,2026-09-14T10:16:50.528654+00:00,character married 3 times one child survives TV series 2000s,"[""character"",""married"",""3"",""times"",""one"",""child"",""survives"",""tv"",""series"",""2000s""]","""character"" OR ""married"" OR ""3"" OR ""times"" OR ""one"" OR ""child"" OR ""survives"" OR ""tv"" OR ""series"" OR ""2000s""",5,c9c062871b30893c9447ce45e87e6504375dfae99fdf6c1353e79599774caf6b,c470efb1a9b429148472627ec591e0453570f344b59db596bed9e6b635ebfe8c,True,"[""d6"",""d49"",""d50"",""d19"",""d2""]","[""78953"",""4035"",""3161"",""60134"",""81882""]","[{""docid"":""78953"",""score"":16.2824976074087,""snippet"":"" ... on Aidy Bryant's Hulu series Shrill and in the 2019 film James vs. His Future Self. In 2023, he joined season 4 of Apple TV+'s critically acclaimed science fiction drama For All Mankind as the character Eli Hobson.\n\nHe and actress Laure Mattos have been married ... "",""title"":""https://people.com/movies/home-alone-cast-where-are-they-now/""},{""docid"":""4035"",""score"":15.898290019368474,""snippet"":"" ... He was married to Star Herrmann and Leigh Curran. He died on 31 December 2014 in New York City, New York, USA.- Actor\n\n- Producer\n\n- Additional Crew\n\nOne of Hollywood's finest character / \""Method\"" actors, Eli Wallach was in demand for over 60 years (first film/TV role was ... "",""title"":""https://www.imdb.com/search/name/?death_date=2014""},{""docid"":""3161"",""score"":15.76035451695941,""snippet"":"" ... In the early 1970s, she landed minor roles in film and TV, and finally won a role on the series Three's Company (1976). She married Hamel in 1977. She was fired from the series after she asked for a raise at the beginning of the fifth season ... "",""title"":""https://m.imdb.com/search/name/?death_date=2023&ref_=nmbio_dth_yr""},{""docid"":""60134"",""score"":15.715324421687555,""snippet"":"" ... In 2003, Mulroney played Gavin Mitchell on the TV series Friends. He appeared in three episodes of the ninth season, his character briefly dating Rachel. This would mark Mulroney's last on-screen appearance on television for a number of years, later revealing in a May 2007 interview ... "",""title"":""https://en.wikipedia.org/wiki/Dermot_Mulroney""},{""docid"":""81882"",""score"":15.691378997718399,""snippet"":"" ... He was married a total of seven times, and fathered eight children.\n\nAfter long battles with ill health, Richard Pryor passed away on December 10th, 2005.- Vincent Schiavelli, selected in 1997 by Vanity Fair as one of the best character actors in America, had made over 120 film ... "",""title"":""https://m.imdb.com/search/name/?death_date=2005&ref_=nmbio""}]"
40,679,2026-09-14T10:16:50.529412+00:00,TV show character three marriages one surviving child,"[""tv"",""show"",""character"",""three"",""marriages"",""one"",""surviving"",""child""]","""tv"" OR ""show"" OR ""character"" OR ""three"" OR ""marriages"" OR ""one"" OR ""surviving"" OR ""child""",5,dcfdfe59d4312591ff3d757fe02035f881e4a26022e07fa519df09748ec9df4a,3f31bf042d8cc6df97db1dfa7b9b5da5c52351b9d4583f684f1cbc8fdbd5e8e2,True,"[""d39"",""d8"",""d51"",""d52"",""d53""]","[""53008"",""60248"",""37367"",""77637"",""54031""]","[{""docid"":""53008"",""score"":13.664801548271926,""snippet"":"" ... Most recently, Liotta appeared in The Many Saints of Newark, Marriage Story and No Sudden Move. He also appeared on Jennifer Lopez's TV show, Shades of Blue, which ended after three seasons. Liotta is survived by his daughter, Karsen and his fiancée Jacy Nittolo.\n\nJohn Zderko\n\nThe ... "",""title"":""https://www.etonline.com/gallery/stars-weve-lost-in-2022-177426""},{""docid"":""60248"",""score"":13.648348285782436,""snippet"":"" ... Lucci was expected to guest star on Prospect Park's continuation of All My Children in 2013, but the appearance never came to fruition due to the show's second cancellation.\n\nErica is considered to be the most popular character in American soap opera history. TV Guide calls ... "",""title"":""https://en.wikipedia.org/wiki/Erica_Kane""},{""docid"":""37367"",""score"":13.510584826136753,""snippet"":"" ... Midway through the season, an attempt was made to increase ratings by having Havoc's character relocate to New York to represent show business clients; however, the show lasted only one season.\""Lady Lawyer Practices Law,\"" TV Guide May 7–13, 1955, p. 12.\n\nFrom the 1960s through ... "",""title"":""https://en.wikipedia.org/wiki/June_Havoc""},{""docid"":""77637"",""score"":13.489606718134208,""snippet"":"" ... Besides his TV career, he was also an ordained Presbyterian minister.\n\nAfter starting her film career at the age of three, Shirley Temple went on to become Hollywood's highest-grossing child actress from 1935 to 1938. She is the epitome of popular child stars who lose their ... "",""title"":""https://www.thefamouspeople.com/born-1928.php""},{""docid"":""54031"",""score"":13.354763032640921,""snippet"":"" ... Simultaneously, numerous agencies in Britain and in America targeted various other aspects of child welfare, from educating parents (particularly women) on hygiene and child-rearing, to raising the age for compulsory schooling, instituting school nutrition programs, and recognizing child rights.\n\nThe Useless Child\n\nFalling infant mortality rates during ... "",""title"":""https://www.representingchildhood.pitt.edu/twentycent_child.htm""}]"
41,689,2026-09-14T10:16:53.465210+00:00,actor real life daughter plays niece TV series,"[""actor"",""real"",""life"",""daughter"",""plays"",""niece"",""tv"",""series""]","""actor"" OR ""real"" OR ""life"" OR ""daughter"" OR ""plays"" OR ""niece"" OR ""tv"" OR ""series""",5,c5b8aa186c7c0fe6193a19341def225d23aa3e1eddf39c92614b2bacf8eb4794,d6c7070e3e40ec10244efa948e3a4b087582a5f3023fa91246133211ca293d76,True,"[""d41"",""d11"",""d42"",""d43"",""d44""]","[""48538"",""20480"",""51536"",""11779"",""27252""]","[{""docid"":""48538"",""score"":18.696880866122626,""snippet"":"" ... The story of their strange marriage, the child it produced and its violent end was a Hollywood tragedy played out in court.\n\nOnce hailed as among the finest actors of his generation, Blake became better known as the center of a real-life murder trial, a story more ... "",""title"":""https://www.pbs.org/newshour/arts/robert-blake-actor-acquitted-in-wifes-killing-dies-at-89""},{""docid"":""20480"",""score"":18.63087915735836,""snippet"":"" ... They need that, too.\""\n\nWhile her TV dad played an influential role in her life on That Girl, Thomas's real-life father was, and remains, the overwhelming inspiration in both her life and career.\n\nA multi-talented performer - beloved nightclub headliner, movie actor, TV producer and star ... "",""title"":""https://www.televisionacademy.com/features/news/online-originals/girl-one-who-changed-everything""},{""docid"":""51536"",""score"":18.622128107713962,""snippet"":"" ... it was the first big movie break for the talented, late actor Anton Yelchin, and it allowed Robin Williams to share the screen with his daughter Zelda.\n\nYelchin's plays Duchovny as a boy, whose best friend is a mentally challenged deliveryman, played by Williams. Zelda Williams plays ... "",""title"":""https://collider.com/galleries/celebrity-children-parents-movies/""},{""docid"":""11779"",""score"":18.06236804587279,""snippet"":"" ... Doherty later starred in the Kevin Smith film Mallrats and the TV series Charmed.\n\nIn 2023, the actor and director launched Let's Be Clear with Shannen Doherty, a podcast that reflects on her life and career. \""I wanted to be clear about what it was like for ... "",""title"":""https://people.com/little-house-on-the-prairie-cast-where-are-they-now-8603014""},{""docid"":""27252"",""score"":17.802101342039794,""snippet"":"" ... Scott | | |\n| BET Comedy Awards | 2004 | Outstanding Comedy Series | George Lopez | | |\n| BET Comedy Awards | 2004 | Outstanding Lead Actor in a Comedy Series | George Lopez | | |\n| Casting Society of America | 2002 | Best Casting for TV, Comedy Pilot (\""Prototype\"") | Mary V. BuckSusan Edelman | | |\n| Emmy Awards (Creative Arts) | 2004 | Outstanding Cinematography for a ... "",""title"":""https://en.wikipedia.org/wiki/George_Lopez_(TV_series)""}]"
41,690,2026-09-14T10:16:53.466017+00:00,actor real life son plays unrelated character TV show,"[""actor"",""real"",""life"",""son"",""plays"",""unrelated"",""character"",""tv"",""show""]","""actor"" OR ""real"" OR ""life"" OR ""son"" OR ""plays"" OR ""unrelated"" OR ""character"" OR ""tv"" OR ""show""",5,54939772d527a727c4e4a4cd375ace27972cd17cfcdf48ccbd7cf79a6b997fd7,186b25c5ce5104eb7bad2ac592a8b3dd73bc4bde4acb44578dd593e39b9d170f,True,"[""d45"",""d46"",""d27"",""d47"",""d24""]","[""69326"",""63690"",""78415"",""32179"",""64629""]","[{""docid"":""69326"",""score"":17.608058152860483,""snippet"":"" ... actors in completely unrelated roles in TV shows can go unnoticed by the audience, like Charles-Dean Chapman in Game of Thrones.\n\n- Talented actors, such as Tatiana Maslany in Orphan Black and Lisa Kudrow in Friends, can successfully portray multiple characters and create complex relationships on-screen.\n\nPlaying ... "",""title"":""https://screenrant.com/actors-multiple-characters-same-tv-show/""},{""docid"":""63690"",""score"":17.307014678439057,""snippet"":"" ... People] (94 quizzes)\n\nReal Name\n\n[Celebrities] (73 quizzes)\n\nThe Best Name Game\n\n[People] (605 quizzes)\n\nName the People\n\n[Movies] (398 quizzes)\n\nNames in Songs\n\n[Music] (126 quizzes)\n\nSurnames\n\n[General] (10 quizzes)\n\nThematic Names\n\n[General] (151 quizzes)\n\n1. Which actor played Dr. Robb in the TV series \""In The ... "",""title"":""https://www.funtrivia.com/quizzes/people/name_game/same_surname.html""},{""docid"":""78415"",""score"":16.991242550960894,""snippet"":"" ... movie follows fading TV hero Rick Dalton (Leonardo DiCaprio) and his best friend/stunt double Cliff Booth (Brad Pitt) as they navigate the changing landscape of Hollywood while also living next door to Sharon Tate (Margot Robbie).\n\nOlyphant plays one of several real-life characters in Once Upon ... "",""title"":""https://screenrant.com/timothy-olyphant-best-movies-tv-shows/""},{""docid"":""32179"",""score"":16.75430642685047,""snippet"":"" ... The Penguin - \""The Fishin' Hole\"" is the name of the iconic whistling theme song of what classic TV show, which features the title figure walking to the \""fishin' hole\"" with his son?\n\nAnswer: The Andy Griffith Show - Even though the character was first played by Susan Neher in ... "",""title"":""https://www.watercoolertrivia.com/trivia-questions/classic-tv-trivia-questions""},{""docid"":""64629"",""score"":16.6460355950987,""snippet"":"" ... Huck has various career ambitions in life, and he tries them all, though not particularly succeeding in any. This TV series was one of the six TV shows in 1960 and the first animation in history to win an Emmy for Outstanding Achievement in the Field of Children ... "",""title"":""https://www.boredpanda.com/60s-cartoons/""}]"
41,691,2026-09-14T10:16:53.466885+00:00,TV series actor family member cast unrelated role,"[""tv"",""series"",""actor"",""family"",""member"",""cast"",""unrelated"",""role""]","""tv"" OR ""series"" OR ""actor"" OR ""family"" OR ""member"" OR ""cast"" OR ""unrelated"" OR ""role""",5,926b5ad16c406760231902a802affccc9ecf484551833494d8bd71d09e634b0f,519938cc51f961ebe64dbcb827d1f5b0c02770f081d1dc8fc353acc8debc2b64,True,"[""d45"",""d33"",""d27"",""d46"",""d48""]","[""69326"",""57395"",""78415"",""63690"",""56024""]","[{""docid"":""69326"",""score"":18.76403021129144,""snippet"":"" ... 2023-11-14\n---\nSummary\n\n- Some actors excel at playing multiple roles in TV shows and movies, like Winona Ryder in Bram Stoker's Dracula and the cast of Everything Everywhere All at Once.\n\n- Recasting actors in completely unrelated roles in TV shows can go unnoticed by the audience ... "",""title"":""https://screenrant.com/actors-multiple-characters-same-tv-show/""},{""docid"":""57395"",""score"":18.072108702580366,""snippet"":"" ... Trivia[]\n\n- This had the most main cast members leave the series, with a total of 11 (although Jorja Fox later returned as a main cast member).\n\n- This was the penultimate CSI series to end.\n\n- This was the only CSI to lose both of its original lead actors (William ... "",""title"":""https://csi.fandom.com/wiki/CSI:Crime_Scene_Investigation""},{""docid"":""78415"",""score"":17.889209447110897,""snippet"":"" ... patriarch of the family. He initially plays the role with the cool calmness he pulls off so well in other roles, but becomes an anxious and desperate man when things start to unravel. The series makes for a gripping noir movie with a terrific cast that also includes ... "",""title"":""https://screenrant.com/timothy-olyphant-best-movies-tv-shows/""},{""docid"":""63690"",""score"":17.43938333974542,""snippet"":"" ... Which actor played Dr. Robb in the TV series \""In The Heat of The Night\""?\n\nFrom Quiz My Name is Robb\n\nAnswer: Dan Biggars\n\nDan Biggars was also an American college official prior to acting. William Windom played Dr. Seth Hazlitt in \""Murder She Wrote\"". Robert Young was ... "",""title"":""https://www.funtrivia.com/quizzes/people/name_game/same_surname.html""},{""docid"":""56024"",""score"":17.375538910828254,""snippet"":"" ... At 24 she won the role of the title character in UPN's drama Veronica Mars, which was launched in the fall of 2004. Created by Rob Thomas, the series starred Bell as the seventeen year old detective Veronica, which put her alongside actors Enrico Colantoni who played ... "",""title"":""https://unionfilms.org/films/people/kristen-bell.html""}]"
41,693,2026-09-14T10:16:53.470017+00:00,character married 3 times one child survives TV series 2000s,"[""character"",""married"",""3"",""times"",""one"",""child"",""survives"",""tv"",""series"",""2000s""]","""character"" OR ""married"" OR ""3"" OR ""times"" OR ""one"" OR ""child"" OR ""survives"" OR ""tv"" OR ""series"" OR ""2000s""",5,c9c062871b30893c9447ce45e87e6504375dfae99fdf6c1353e79599774caf6b,c470efb1a9b429148472627ec591e0453570f344b59db596bed9e6b635ebfe8c,True,"[""d6"",""d49"",""d50"",""d19"",""d2""]","[""78953"",""4035"",""3161"",""60134"",""81882""]","[{""docid"":""78953"",""score"":16.2824976074087,""snippet"":"" ... on Aidy Bryant's Hulu series Shrill and in the 2019 film James vs. His Future Self. In 2023, he joined season 4 of Apple TV+'s critically acclaimed science fiction drama For All Mankind as the character Eli Hobson.\n\nHe and actress Laure Mattos have been married ... "",""title"":""https://people.com/movies/home-alone-cast-where-are-they-now/""},{""docid"":""4035"",""score"":15.898290019368474,""snippet"":"" ... He was married to Star Herrmann and Leigh Curran. He died on 31 December 2014 in New York City, New York, USA.- Actor\n\n- Producer\n\n- Additional Crew\n\nOne of Hollywood's finest character / \""Method\"" actors, Eli Wallach was in demand for over 60 years (first film/TV role was ... "",""title"":""https://www.imdb.com/search/name/?death_date=2014""},{""docid"":""3161"",""score"":15.76035451695941,""snippet"":"" ... In the early 1970s, she landed minor roles in film and TV, and finally won a role on the series Three's Company (1976). She married Hamel in 1977. She was fired from the series after she asked for a raise at the beginning of the fifth season ... "",""title"":""https://m.imdb.com/search/name/?death_date=2023&ref_=nmbio_dth_yr""},{""docid"":""60134"",""score"":15.715324421687555,""snippet"":"" ... In 2003, Mulroney played Gavin Mitchell on the TV series Friends. He appeared in three episodes of the ninth season, his character briefly dating Rachel. This would mark Mulroney's last on-screen appearance on television for a number of years, later revealing in a May 2007 interview ... "",""title"":""https://en.wikipedia.org/wiki/Dermot_Mulroney""},{""docid"":""81882"",""score"":15.691378997718399,""snippet"":"" ... He was married a total of seven times, and fathered eight children.\n\nAfter long battles with ill health, Richard Pryor passed away on December 10th, 2005.- Vincent Schiavelli, selected in 1997 by Vanity Fair as one of the best character actors in America, had made over 120 film ... "",""title"":""https://m.imdb.com/search/name/?death_date=2005&ref_=nmbio""}]"
41,694,2026-09-14T10:16:53.470963+00:00,TV show character three marriages one surviving child,"[""tv"",""show"",""character"",""three"",""marriages"",""one"",""surviving"",""child""]","""tv"" OR ""show"" OR ""character"" OR ""three"" OR ""marriages"" OR ""one"" OR ""surviving"" OR ""child""",5,dcfdfe59d4312591ff3d757fe02035f881e4a26022e07fa519df09748ec9df4a,3f31bf042d8cc6df97db1dfa7b9b5da5c52351b9d4583f684f1cbc8fdbd5e8e2,True,"[""d39"",""d8"",""d51"",""d52"",""d53""]","[""53008"",""60248"",""37367"",""77637"",""54031""]","[{""docid"":""53008"",""score"":13.664801548271926,""snippet"":"" ... Most recently, Liotta appeared in The Many Saints of Newark, Marriage Story and No Sudden Move. He also appeared on Jennifer Lopez's TV show, Shades of Blue, which ended after three seasons. Liotta is survived by his daughter, Karsen and his fiancée Jacy Nittolo.\n\nJohn Zderko\n\nThe ... "",""title"":""https://www.etonline.com/gallery/stars-weve-lost-in-2022-177426""},{""docid"":""60248"",""score"":13.648348285782436,""snippet"":"" ... Lucci was expected to guest star on Prospect Park's continuation of All My Children in 2013, but the appearance never came to fruition due to the show's second cancellation.\n\nErica is considered to be the most popular character in American soap opera history. TV Guide calls ... "",""title"":""https://en.wikipedia.org/wiki/Erica_Kane""},{""docid"":""37367"",""score"":13.510584826136753,""snippet"":"" ... Midway through the season, an attempt was made to increase ratings by having Havoc's character relocate to New York to represent show business clients; however, the show lasted only one season.\""Lady Lawyer Practices Law,\"" TV Guide May 7–13, 1955, p. 12.\n\nFrom the 1960s through ... "",""title"":""https://en.wikipedia.org/wiki/June_Havoc""},{""docid"":""77637"",""score"":13.489606718134208,""snippet"":"" ... Besides his TV career, he was also an ordained Presbyterian minister.\n\nAfter starting her film career at the age of three, Shirley Temple went on to become Hollywood's highest-grossing child actress from 1935 to 1938. She is the epitome of popular child stars who lose their ... "",""title"":""https://www.thefamouspeople.com/born-1928.php""},{""docid"":""54031"",""score"":13.354763032640921,""snippet"":"" ... Simultaneously, numerous agencies in Britain and in America targeted various other aspects of child welfare, from educating parents (particularly women) on hygiene and child-rearing, to raising the age for compulsory schooling, instituting school nutrition programs, and recognizing child rights.\n\nThe Useless Child\n\nFalling infant mortality rates during ... "",""title"":""https://www.representingchildhood.pitt.edu/twentycent_child.htm""}]"
42,704,2026-09-14T10:16:57.729002+00:00,actor real life daughter plays niece TV series,"[""actor"",""real"",""life"",""daughter"",""plays"",""niece"",""tv"",""series""]","""actor"" OR ""real"" OR ""life"" OR ""daughter"" OR ""plays"" OR ""niece"" OR ""tv"" OR ""series""",5,c5b8aa186c7c0fe6193a19341def225d23aa3e1eddf39c92614b2bacf8eb4794,d6c7070e3e40ec10244efa948e3a4b087582a5f3023fa91246133211ca293d76,True,"[""d41"",""d11"",""d42"",""d43"",""d44""]","[""48538"",""20480"",""51536"",""11779"",""27252""]","[{""docid"":""48538"",""score"":18.696880866122626,""snippet"":"" ... The story of their strange marriage, the child it produced and its violent end was a Hollywood tragedy played out in court.\n\nOnce hailed as among the finest actors of his generation, Blake became better known as the center of a real-life murder trial, a story more ... "",""title"":""https://www.pbs.org/newshour/arts/robert-blake-actor-acquitted-in-wifes-killing-dies-at-89""},{""docid"":""20480"",""score"":18.63087915735836,""snippet"":"" ... They need that, too.\""\n\nWhile her TV dad played an influential role in her life on That Girl, Thomas's real-life father was, and remains, the overwhelming inspiration in both her life and career.\n\nA multi-talented performer - beloved nightclub headliner, movie actor, TV producer and star ... "",""title"":""https://www.televisionacademy.com/features/news/online-originals/girl-one-who-changed-everything""},{""docid"":""51536"",""score"":18.622128107713962,""snippet"":"" ... it was the first big movie break for the talented, late actor Anton Yelchin, and it allowed Robin Williams to share the screen with his daughter Zelda.\n\nYelchin's plays Duchovny as a boy, whose best friend is a mentally challenged deliveryman, played by Williams. Zelda Williams plays ... "",""title"":""https://collider.com/galleries/celebrity-children-parents-movies/""},{""docid"":""11779"",""score"":18.06236804587279,""snippet"":"" ... Doherty later starred in the Kevin Smith film Mallrats and the TV series Charmed.\n\nIn 2023, the actor and director launched Let's Be Clear with Shannen Doherty, a podcast that reflects on her life and career. \""I wanted to be clear about what it was like for ... "",""title"":""https://people.com/little-house-on-the-prairie-cast-where-are-they-now-8603014""},{""docid"":""27252"",""score"":17.802101342039794,""snippet"":"" ... Scott | | |\n| BET Comedy Awards | 2004 | Outstanding Comedy Series | George Lopez | | |\n| BET Comedy Awards | 2004 | Outstanding Lead Actor in a Comedy Series | George Lopez | | |\n| Casting Society of America | 2002 | Best Casting for TV, Comedy Pilot (\""Prototype\"") | Mary V. BuckSusan Edelman | | |\n| Emmy Awards (Creative Arts) | 2004 | Outstanding Cinematography for a ... "",""title"":""https://en.wikipedia.org/wiki/George_Lopez_(TV_series)""}]"
42,705,2026-09-14T10:16:57.729880+00:00,actor real life son plays unrelated character TV show,"[""actor"",""real"",""life"",""son"",""plays"",""unrelated"",""character"",""tv"",""show""]","""actor"" OR ""real"" OR ""life"" OR ""son"" OR ""plays"" OR ""unrelated"" OR ""character"" OR ""tv"" OR ""show""",5,54939772d527a727c4e4a4cd375ace27972cd17cfcdf48ccbd7cf79a6b997fd7,186b25c5ce5104eb7bad2ac592a8b3dd73bc4bde4acb44578dd593e39b9d170f,True,"[""d45"",""d46"",""d27"",""d47"",""d24""]","[""69326"",""63690"",""78415"",""32179"",""64629""]","[{""docid"":""69326"",""score"":17.608058152860483,""snippet"":"" ... actors in completely unrelated roles in TV shows can go unnoticed by the audience, like Charles-Dean Chapman in Game of Thrones.\n\n- Talented actors, such as Tatiana Maslany in Orphan Black and Lisa Kudrow in Friends, can successfully portray multiple characters and create complex relationships on-screen.\n\nPlaying ... "",""title"":""https://screenrant.com/actors-multiple-characters-same-tv-show/""},{""docid"":""63690"",""score"":17.307014678439057,""snippet"":"" ... People] (94 quizzes)\n\nReal Name\n\n[Celebrities] (73 quizzes)\n\nThe Best Name Game\n\n[People] (605 quizzes)\n\nName the People\n\n[Movies] (398 quizzes)\n\nNames in Songs\n\n[Music] (126 quizzes)\n\nSurnames\n\n[General] (10 quizzes)\n\nThematic Names\n\n[General] (151 quizzes)\n\n1. Which actor played Dr. Robb in the TV series \""In The ... "",""title"":""https://www.funtrivia.com/quizzes/people/name_game/same_surname.html""},{""docid"":""78415"",""score"":16.991242550960894,""snippet"":"" ... movie follows fading TV hero Rick Dalton (Leonardo DiCaprio) and his best friend/stunt double Cliff Booth (Brad Pitt) as they navigate the changing landscape of Hollywood while also living next door to Sharon Tate (Margot Robbie).\n\nOlyphant plays one of several real-life characters in Once Upon ... "",""title"":""https://screenrant.com/timothy-olyphant-best-movies-tv-shows/""},{""docid"":""32179"",""score"":16.75430642685047,""snippet"":"" ... The Penguin - \""The Fishin' Hole\"" is the name of the iconic whistling theme song of what classic TV show, which features the title figure walking to the \""fishin' hole\"" with his son?\n\nAnswer: The Andy Griffith Show - Even though the character was first played by Susan Neher in ... "",""title"":""https://www.watercoolertrivia.com/trivia-questions/classic-tv-trivia-questions""},{""docid"":""64629"",""score"":16.6460355950987,""snippet"":"" ... Huck has various career ambitions in life, and he tries them all, though not particularly succeeding in any. This TV series was one of the six TV shows in 1960 and the first animation in history to win an Emmy for Outstanding Achievement in the Field of Children ... "",""title"":""https://www.boredpanda.com/60s-cartoons/""}]"
42,706,2026-09-14T10:16:57.730660+00:00,TV series actor family member cast unrelated role,"[""tv"",""series"",""actor"",""family"",""member"",""cast"",""unrelated"",""role""]","""tv"" OR ""series"" OR ""actor"" OR ""family"" OR ""member"" OR ""cast"" OR ""unrelated"" OR ""role""",5,926b5ad16c406760231902a802affccc9ecf484551833494d8bd71d09e634b0f,519938cc51f961ebe64dbcb827d1f5b0c02770f081d1dc8fc353acc8debc2b64,True,"[""d45"",""d33"",""d27"",""d46"",""d48""]","[""69326"",""57395"",""78415"",""63690"",""56024""]","[{""docid"":""69326"",""score"":18.76403021129144,""snippet"":"" ... 2023-11-14\n---\nSummary\n\n- Some actors excel at playing multiple roles in TV shows and movies, like Winona Ryder in Bram Stoker's Dracula and the cast of Everything Everywhere All at Once.\n\n- Recasting actors in completely unrelated roles in TV shows can go unnoticed by the audience ... "",""title"":""https://screenrant.com/actors-multiple-characters-same-tv-show/""},{""docid"":""57395"",""score"":18.072108702580366,""snippet"":"" ... Trivia[]\n\n- This had the most main cast members leave the series, with a total of 11 (although Jorja Fox later returned as a main cast member).\n\n- This was the penultimate CSI series to end.\n\n- This was the only CSI to lose both of its original lead actors (William ... "",""title"":""https://csi.fandom.com/wiki/CSI:Crime_Scene_Investigation""},{""docid"":""78415"",""score"":17.889209447110897,""snippet"":"" ... patriarch of the family. He initially plays the role with the cool calmness he pulls off so well in other roles, but becomes an anxious and desperate man when things start to unravel. The series makes for a gripping noir movie with a terrific cast that also includes ... "",""title"":""https://screenrant.com/timothy-olyphant-best-movies-tv-shows/""},{""docid"":""63690"",""score"":17.43938333974542,""snippet"":"" ... Which actor played Dr. Robb in the TV series \""In The Heat of The Night\""?\n\nFrom Quiz My Name is Robb\n\nAnswer: Dan Biggars\n\nDan Biggars was also an American college official prior to acting. William Windom played Dr. Seth Hazlitt in \""Murder She Wrote\"". Robert Young was ... "",""title"":""https://www.funtrivia.com/quizzes/people/name_game/same_surname.html""},{""docid"":""56024"",""score"":17.375538910828254,""snippet"":"" ... At 24 she won the role of the title character in UPN's drama Veronica Mars, which was launched in the fall of 2004. Created by Rob Thomas, the series starred Bell as the seventeen year old detective Veronica, which put her alongside actors Enrico Colantoni who played ... "",""title"":""https://unionfilms.org/films/people/kristen-bell.html""}]"
42,708,2026-09-14T10:16:57.733635+00:00,character married 3 times one child survives TV series 2000s,"[""character"",""married"",""3"",""times"",""one"",""child"",""survives"",""tv"",""series"",""2000s""]","""character"" OR ""married"" OR ""3"" OR ""times"" OR ""one"" OR ""child"" OR ""survives"" OR ""tv"" OR ""series"" OR ""2000s""",5,c9c062871b30893c9447ce45e87e6504375dfae99fdf6c1353e79599774caf6b,c470efb1a9b429148472627ec591e0453570f344b59db596bed9e6b635ebfe8c,True,"[""d6"",""d49"",""d50"",""d19"",""d2""]","[""78953"",""4035"",""3161"",""60134"",""81882""]","[{""docid"":""78953"",""score"":16.2824976074087,""snippet"":"" ... on Aidy Bryant's Hulu series Shrill and in the 2019 film James vs. His Future Self. In 2023, he joined season 4 of Apple TV+'s critically acclaimed science fiction drama For All Mankind as the character Eli Hobson.\n\nHe and actress Laure Mattos have been married ... "",""title"":""https://people.com/movies/home-alone-cast-where-are-they-now/""},{""docid"":""4035"",""score"":15.898290019368474,""snippet"":"" ... He was married to Star Herrmann and Leigh Curran. He died on 31 December 2014 in New York City, New York, USA.- Actor\n\n- Producer\n\n- Additional Crew\n\nOne of Hollywood's finest character / \""Method\"" actors, Eli Wallach was in demand for over 60 years (first film/TV role was ... "",""title"":""https://www.imdb.com/search/name/?death_date=2014""},{""docid"":""3161"",""score"":15.76035451695941,""snippet"":"" ... In the early 1970s, she landed minor roles in film and TV, and finally won a role on the series Three's Company (1976). She married Hamel in 1977. She was fired from the series after she asked for a raise at the beginning of the fifth season ... "",""title"":""https://m.imdb.com/search/name/?death_date=2023&ref_=nmbio_dth_yr""},{""docid"":""60134"",""score"":15.715324421687555,""snippet"":"" ... In 2003, Mulroney played Gavin Mitchell on the TV series Friends. He appeared in three episodes of the ninth season, his character briefly dating Rachel. This would mark Mulroney's last on-screen appearance on television for a number of years, later revealing in a May 2007 interview ... "",""title"":""https://en.wikipedia.org/wiki/Dermot_Mulroney""},{""docid"":""81882"",""score"":15.691378997718399,""snippet"":"" ... He was married a total of seven times, and fathered eight children.\n\nAfter long battles with ill health, Richard Pryor passed away on December 10th, 2005.- Vincent Schiavelli, selected in 1997 by Vanity Fair as one of the best character actors in America, had made over 120 film ... "",""title"":""https://m.imdb.com/search/name/?death_date=2005&ref_=nmbio""}]"
42,709,2026-09-14T10:16:57.734461+00:00,TV show character three marriages one surviving child,"[""tv"",""show"",""character"",""three"",""marriages"",""one"",""surviving"",""child""]","""tv"" OR ""show"" OR ""character"" OR ""three"" OR ""marriages"" OR ""one"" OR ""surviving"" OR ""child""",5,dcfdfe59d4312591ff3d757fe02035f881e4a26022e07fa519df09748ec9df4a,3f31bf042d8cc6df97db1dfa7b9b5da5c52351b9d4583f684f1cbc8fdbd5e8e2,True,"[""d39"",""d8"",""d51"",""d52"",""d53""]","[""53008"",""60248"",""37367"",""77637"",""54031""]","[{""docid"":""53008"",""score"":13.664801548271926,""snippet"":"" ... Most recently, Liotta appeared in The Many Saints of Newark, Marriage Story and No Sudden Move. He also appeared on Jennifer Lopez's TV show, Shades of Blue, which ended after three seasons. Liotta is survived by his daughter, Karsen and his fiancée Jacy Nittolo.\n\nJohn Zderko\n\nThe ... "",""title"":""https://www.etonline.com/gallery/stars-weve-lost-in-2022-177426""},{""docid"":""60248"",""score"":13.648348285782436,""snippet"":"" ... Lucci was expected to guest star on Prospect Park's continuation of All My Children in 2013, but the appearance never came to fruition due to the show's second cancellation.\n\nErica is considered to be the most popular character in American soap opera history. TV Guide calls ... "",""title"":""https://en.wikipedia.org/wiki/Erica_Kane""},{""docid"":""37367"",""score"":13.510584826136753,""snippet"":"" ... Midway through the season, an attempt was made to increase ratings by having Havoc's character relocate to New York to represent show business clients; however, the show lasted only one season.\""Lady Lawyer Practices Law,\"" TV Guide May 7–13, 1955, p. 12.\n\nFrom the 1960s through ... "",""title"":""https://en.wikipedia.org/wiki/June_Havoc""},{""docid"":""77637"",""score"":13.489606718134208,""snippet"":"" ... Besides his TV career, he was also an ordained Presbyterian minister.\n\nAfter starting her film career at the age of three, Shirley Temple went on to become Hollywood's highest-grossing child actress from 1935 to 1938. She is the epitome of popular child stars who lose their ... "",""title"":""https://www.thefamouspeople.com/born-1928.php""},{""docid"":""54031"",""score"":13.354763032640921,""snippet"":"" ... Simultaneously, numerous agencies in Britain and in America targeted various other aspects of child welfare, from educating parents (particularly women) on hygiene and child-rearing, to raising the age for compulsory schooling, instituting school nutrition programs, and recognizing child rights.\n\nThe Useless Child\n\nFalling infant mortality rates during ... "",""title"":""https://www.representingchildhood.pitt.edu/twentycent_child.htm""}]"
43,719,2026-09-14T10:17:00.782471+00:00,actor real life daughter plays niece TV series,"[""actor"",""real"",""life"",""daughter"",""plays"",""niece"",""tv"",""series""]","""actor"" OR ""real"" OR ""life"" OR ""daughter"" OR ""plays"" OR ""niece"" OR ""tv"" OR ""series""",5,c5b8aa186c7c0fe6193a19341def225d23aa3e1eddf39c92614b2bacf8eb4794,d6c7070e3e40ec10244efa948e3a4b087582a5f3023fa91246133211ca293d76,True,"[""d41"",""d11"",""d42"",""d43"",""d44""]","[""48538"",""20480"",""51536"",""11779"",""27252""]","[{""docid"":""48538"",""score"":18.696880866122626,""snippet"":"" ... The story of their strange marriage, the child it produced and its violent end was a Hollywood tragedy played out in court.\n\nOnce hailed as among the finest actors of his generation, Blake became better known as the center of a real-life murder trial, a story more ... "",""title"":""https://www.pbs.org/newshour/arts/robert-blake-actor-acquitted-in-wifes-killing-dies-at-89""},{""docid"":""20480"",""score"":18.63087915735836,""snippet"":"" ... They need that, too.\""\n\nWhile her TV dad played an influential role in her life on That Girl, Thomas's real-life father was, and remains, the overwhelming inspiration in both her life and career.\n\nA multi-talented performer - beloved nightclub headliner, movie actor, TV producer and star ... "",""title"":""https://www.televisionacademy.com/features/news/online-originals/girl-one-who-changed-everything""},{""docid"":""51536"",""score"":18.622128107713962,""snippet"":"" ... it was the first big movie break for the talented, late actor Anton Yelchin, and it allowed Robin Williams to share the screen with his daughter Zelda.\n\nYelchin's plays Duchovny as a boy, whose best friend is a mentally challenged deliveryman, played by Williams. Zelda Williams plays ... "",""title"":""https://collider.com/galleries/celebrity-children-parents-movies/""},{""docid"":""11779"",""score"":18.06236804587279,""snippet"":"" ... Doherty later starred in the Kevin Smith film Mallrats and the TV series Charmed.\n\nIn 2023, the actor and director launched Let's Be Clear with Shannen Doherty, a podcast that reflects on her life and career. \""I wanted to be clear about what it was like for ... "",""title"":""https://people.com/little-house-on-the-prairie-cast-where-are-they-now-8603014""},{""docid"":""27252"",""score"":17.802101342039794,""snippet"":"" ... Scott | | |\n| BET Comedy Awards | 2004 | Outstanding Comedy Series | George Lopez | | |\n| BET Comedy Awards | 2004 | Outstanding Lead Actor in a Comedy Series | George Lopez | | |\n| Casting Society of America | 2002 | Best Casting for TV, Comedy Pilot (\""Prototype\"") | Mary V. BuckSusan Edelman | | |\n| Emmy Awards (Creative Arts) | 2004 | Outstanding Cinematography for a ... "",""title"":""https://en.wikipedia.org/wiki/George_Lopez_(TV_series)""}]"
43,720,2026-09-14T10:17:00.783619+00:00,actor real life son plays unrelated character TV show,"[""actor"",""real"",""life"",""son"",""plays"",""unrelated"",""character"",""tv"",""show""]","""actor"" OR ""real"" OR ""life"" OR ""son"" OR ""plays"" OR ""unrelated"" OR ""character"" OR ""tv"" OR ""show""",5,54939772d527a727c4e4a4cd375ace27972cd17cfcdf48ccbd7cf79a6b997fd7,186b25c5ce5104eb7bad2ac592a8b3dd73bc4bde4acb44578dd593e39b9d170f,True,"[""d45"",""d46"",""d27"",""d47"",""d24""]","[""69326"",""63690"",""78415"",""32179"",""64629""]","[{""docid"":""69326"",""score"":17.608058152860483,""snippet"":"" ... actors in completely unrelated roles in TV shows can go unnoticed by the audience, like Charles-Dean Chapman in Game of Thrones.\n\n- Talented actors, such as Tatiana Maslany in Orphan Black and Lisa Kudrow in Friends, can successfully portray multiple characters and create complex relationships on-screen.\n\nPlaying ... "",""title"":""https://screenrant.com/actors-multiple-characters-same-tv-show/""},{""docid"":""63690"",""score"":17.307014678439057,""snippet"":"" ... People] (94 quizzes)\n\nReal Name\n\n[Celebrities] (73 quizzes)\n\nThe Best Name Game\n\n[People] (605 quizzes)\n\nName the People\n\n[Movies] (398 quizzes)\n\nNames in Songs\n\n[Music] (126 quizzes)\n\nSurnames\n\n[General] (10 quizzes)\n\nThematic Names\n\n[General] (151 quizzes)\n\n1. Which actor played Dr. Robb in the TV series \""In The ... "",""title"":""https://www.funtrivia.com/quizzes/people/name_game/same_surname.html""},{""docid"":""78415"",""score"":16.991242550960894,""snippet"":"" ... movie follows fading TV hero Rick Dalton (Leonardo DiCaprio) and his best friend/stunt double Cliff Booth (Brad Pitt) as they navigate the changing landscape of Hollywood while also living next door to Sharon Tate (Margot Robbie).\n\nOlyphant plays one of several real-life characters in Once Upon ... "",""title"":""https://screenrant.com/timothy-olyphant-best-movies-tv-shows/""},{""docid"":""32179"",""score"":16.75430642685047,""snippet"":"" ... The Penguin - \""The Fishin' Hole\"" is the name of the iconic whistling theme song of what classic TV show, which features the title figure walking to the \""fishin' hole\"" with his son?\n\nAnswer: The Andy Griffith Show - Even though the character was first played by Susan Neher in ... "",""title"":""https://www.watercoolertrivia.com/trivia-questions/classic-tv-trivia-questions""},{""docid"":""64629"",""score"":16.6460355950987,""snippet"":"" ... Huck has various career ambitions in life, and he tries them all, though not particularly succeeding in any. This TV series was one of the six TV shows in 1960 and the first animation in history to win an Emmy for Outstanding Achievement in the Field of Children ... "",""title"":""https://www.boredpanda.com/60s-cartoons/""}]"
43,721,2026-09-14T10:17:00.784710+00:00,TV series actor family member cast unrelated role,"[""tv"",""series"",""actor"",""family"",""member"",""cast"",""unrelated"",""role""]","""tv"" OR ""series"" OR ""actor"" OR ""family"" OR ""member"" OR ""cast"" OR ""unrelated"" OR ""role""",5,926b5ad16c406760231902a802affccc9ecf484551833494d8bd71d09e634b0f,519938cc51f961ebe64dbcb827d1f5b0c02770f081d1dc8fc353acc8debc2b64,True,"[""d45"",""d33"",""d27"",""d46"",""d48""]","[""69326"",""57395"",""78415"",""63690"",""56024""]","[{""docid"":""69326"",""score"":18.76403021129144,""snippet"":"" ... 2023-11-14\n---\nSummary\n\n- Some actors excel at playing multiple roles in TV shows and movies, like Winona Ryder in Bram Stoker's Dracula and the cast of Everything Everywhere All at Once.\n\n- Recasting actors in completely unrelated roles in TV shows can go unnoticed by the audience ... "",""title"":""https://screenrant.com/actors-multiple-characters-same-tv-show/""},{""docid"":""57395"",""score"":18.072108702580366,""snippet"":"" ... Trivia[]\n\n- This had the most main cast members leave the series, with a total of 11 (although Jorja Fox later returned as a main cast member).\n\n- This was the penultimate CSI series to end.\n\n- This was the only CSI to lose both of its original lead actors (William ... "",""title"":""https://csi.fandom.com/wiki/CSI:Crime_Scene_Investigation""},{""docid"":""78415"",""score"":17.889209447110897,""snippet"":"" ... patriarch of the family. He initially plays the role with the cool calmness he pulls off so well in other roles, but becomes an anxious and desperate man when things start to unravel. The series makes for a gripping noir movie with a terrific cast that also includes ... "",""title"":""https://screenrant.com/timothy-olyphant-best-movies-tv-shows/""},{""docid"":""63690"",""score"":17.43938333974542,""snippet"":"" ... Which actor played Dr. Robb in the TV series \""In The Heat of The Night\""?\n\nFrom Quiz My Name is Robb\n\nAnswer: Dan Biggars\n\nDan Biggars was also an American college official prior to acting. William Windom played Dr. Seth Hazlitt in \""Murder She Wrote\"". Robert Young was ... "",""title"":""https://www.funtrivia.com/quizzes/people/name_game/same_surname.html""},{""docid"":""56024"",""score"":17.375538910828254,""snippet"":"" ... At 24 she won the role of the title character in UPN's drama Veronica Mars, which was launched in the fall of 2004. Created by Rob Thomas, the series starred Bell as the seventeen year old detective Veronica, which put her alongside actors Enrico Colantoni who played ... "",""title"":""https://unionfilms.org/films/people/kristen-bell.html""}]"
43,723,2026-09-14T10:17:00.787779+00:00,character married 3 times one child survives TV series 2000s,"[""character"",""married"",""3"",""times"",""one"",""child"",""survives"",""tv"",""series"",""2000s""]","""character"" OR ""married"" OR ""3"" OR ""times"" OR ""one"" OR ""child"" OR ""survives"" OR ""tv"" OR ""series"" OR ""2000s""",5,c9c062871b30893c9447ce45e87e6504375dfae99fdf6c1353e79599774caf6b,c470efb1a9b429148472627ec591e0453570f344b59db596bed9e6b635ebfe8c,True,"[""d6"",""d49"",""d50"",""d19"",""d2""]","[""78953"",""4035"",""3161"",""60134"",""81882""]","[{""docid"":""78953"",""score"":16.2824976074087,""snippet"":"" ... on Aidy Bryant's Hulu series Shrill and in the 2019 film James vs. His Future Self. In 2023, he joined season 4 of Apple TV+'s critically acclaimed science fiction drama For All Mankind as the character Eli Hobson.\n\nHe and actress Laure Mattos have been married ... "",""title"":""https://people.com/movies/home-alone-cast-where-are-they-now/""},{""docid"":""4035"",""score"":15.898290019368474,""snippet"":"" ... He was married to Star Herrmann and Leigh Curran. He died on 31 December 2014 in New York City, New York, USA.- Actor\n\n- Producer\n\n- Additional Crew\n\nOne of Hollywood's finest character / \""Method\"" actors, Eli Wallach was in demand for over 60 years (first film/TV role was ... "",""title"":""https://www.imdb.com/search/name/?death_date=2014""},{""docid"":""3161"",""score"":15.76035451695941,""snippet"":"" ... In the early 1970s, she landed minor roles in film and TV, and finally won a role on the series Three's Company (1976). She married Hamel in 1977. She was fired from the series after she asked for a raise at the beginning of the fifth season ... "",""title"":""https://m.imdb.com/search/name/?death_date=2023&ref_=nmbio_dth_yr""},{""docid"":""60134"",""score"":15.715324421687555,""snippet"":"" ... In 2003, Mulroney played Gavin Mitchell on the TV series Friends. He appeared in three episodes of the ninth season, his character briefly dating Rachel. This would mark Mulroney's last on-screen appearance on television for a number of years, later revealing in a May 2007 interview ... "",""title"":""https://en.wikipedia.org/wiki/Dermot_Mulroney""},{""docid"":""81882"",""score"":15.691378997718399,""snippet"":"" ... He was married a total of seven times, and fathered eight children.\n\nAfter long battles with ill health, Richard Pryor passed away on December 10th, 2005.- Vincent Schiavelli, selected in 1997 by Vanity Fair as one of the best character actors in America, had made over 120 film ... "",""title"":""https://m.imdb.com/search/name/?death_date=2005&ref_=nmbio""}]"
43,724,2026-09-14T10:17:00.788617+00:00,TV show character three marriages one surviving child,"[""tv"",""show"",""character"",""three"",""marriages"",""one"",""surviving"",""child""]","""tv"" OR ""show"" OR ""character"" OR ""three"" OR ""marriages"" OR ""one"" OR ""surviving"" OR ""child""",5,dcfdfe59d4312591ff3d757fe02035f881e4a26022e07fa519df09748ec9df4a,3f31bf042d8cc6df97db1dfa7b9b5da5c52351b9d4583f684f1cbc8fdbd5e8e2,True,"[""d39"",""d8"",""d51"",""d52"",""d53""]","[""53008"",""60248"",""37367"",""77637"",""54031""]","[{""docid"":""53008"",""score"":13.664801548271926,""snippet"":"" ... Most recently, Liotta appeared in The Many Saints of Newark, Marriage Story and No Sudden Move. He also appeared on Jennifer Lopez's TV show, Shades of Blue, which ended after three seasons. Liotta is survived by his daughter, Karsen and his fiancée Jacy Nittolo.\n\nJohn Zderko\n\nThe ... "",""title"":""https://www.etonline.com/gallery/stars-weve-lost-in-2022-177426""},{""docid"":""60248"",""score"":13.648348285782436,""snippet"":"" ... Lucci was expected to guest star on Prospect Park's continuation of All My Children in 2013, but the appearance never came to fruition due to the show's second cancellation.\n\nErica is considered to be the most popular character in American soap opera history. TV Guide calls ... "",""title"":""https://en.wikipedia.org/wiki/Erica_Kane""},{""docid"":""37367"",""score"":13.510584826136753,""snippet"":"" ... Midway through the season, an attempt was made to increase ratings by having Havoc's character relocate to New York to represent show business clients; however, the show lasted only one season.\""Lady Lawyer Practices Law,\"" TV Guide May 7–13, 1955, p. 12.\n\nFrom the 1960s through ... "",""title"":""https://en.wikipedia.org/wiki/June_Havoc""},{""docid"":""77637"",""score"":13.489606718134208,""snippet"":"" ... Besides his TV career, he was also an ordained Presbyterian minister.\n\nAfter starting her film career at the age of three, Shirley Temple went on to become Hollywood's highest-grossing child actress from 1935 to 1938. She is the epitome of popular child stars who lose their ... "",""title"":""https://www.thefamouspeople.com/born-1928.php""},{""docid"":""54031"",""score"":13.354763032640921,""snippet"":"" ... Simultaneously, numerous agencies in Britain and in America targeted various other aspects of child welfare, from educating parents (particularly women) on hygiene and child-rearing, to raising the age for compulsory schooling, instituting school nutrition programs, and recognizing child rights.\n\nThe Useless Child\n\nFalling infant mortality rates during ... "",""title"":""https://www.representingchildhood.pitt.edu/twentycent_child.htm""}]"
44,734,2026-09-14T10:17:04.561815+00:00,actor real life daughter plays niece TV series,"[""actor"",""real"",""life"",""daughter"",""plays"",""niece"",""tv"",""series""]","""actor"" OR ""real"" OR ""life"" OR ""daughter"" OR ""plays"" OR ""niece"" OR ""tv"" OR ""series""",5,c5b8aa186c7c0fe6193a19341def225d23aa3e1eddf39c92614b2bacf8eb4794,d6c7070e3e40ec10244efa948e3a4b087582a5f3023fa91246133211ca293d76,True,"[""d41"",""d11"",""d42"",""d43"",""d44""]","[""48538"",""20480"",""51536"",""11779"",""27252""]","[{""docid"":""48538"",""score"":18.696880866122626,""snippet"":"" ... The story of their strange marriage, the child it produced and its violent end was a Hollywood tragedy played out in court.\n\nOnce hailed as among the finest actors of his generation, Blake became better known as the center of a real-life murder trial, a story more ... "",""title"":""https://www.pbs.org/newshour/arts/robert-blake-actor-acquitted-in-wifes-killing-dies-at-89""},{""docid"":""20480"",""score"":18.63087915735836,""snippet"":"" ... They need that, too.\""\n\nWhile her TV dad played an influential role in her life on That Girl, Thomas's real-life father was, and remains, the overwhelming inspiration in both her life and career.\n\nA multi-talented performer - beloved nightclub headliner, movie actor, TV producer and star ... "",""title"":""https://www.televisionacademy.com/features/news/online-originals/girl-one-who-changed-everything""},{""docid"":""51536"",""score"":18.622128107713962,""snippet"":"" ... it was the first big movie break for the talented, late actor Anton Yelchin, and it allowed Robin Williams to share the screen with his daughter Zelda.\n\nYelchin's plays Duchovny as a boy, whose best friend is a mentally challenged deliveryman, played by Williams. Zelda Williams plays ... "",""title"":""https://collider.com/galleries/celebrity-children-parents-movies/""},{""docid"":""11779"",""score"":18.06236804587279,""snippet"":"" ... Doherty later starred in the Kevin Smith film Mallrats and the TV series Charmed.\n\nIn 2023, the actor and director launched Let's Be Clear with Shannen Doherty, a podcast that reflects on her life and career. \""I wanted to be clear about what it was like for ... "",""title"":""https://people.com/little-house-on-the-prairie-cast-where-are-they-now-8603014""},{""docid"":""27252"",""score"":17.802101342039794,""snippet"":"" ... Scott | | |\n| BET Comedy Awards | 2004 | Outstanding Comedy Series | George Lopez | | |\n| BET Comedy Awards | 2004 | Outstanding Lead Actor in a Comedy Series | George Lopez | | |\n| Casting Society of America | 2002 | Best Casting for TV, Comedy Pilot (\""Prototype\"") | Mary V. BuckSusan Edelman | | |\n| Emmy Awards (Creative Arts) | 2004 | Outstanding Cinematography for a ... "",""title"":""https://en.wikipedia.org/wiki/George_Lopez_(TV_series)""}]"
44,735,2026-09-14T10:17:04.562707+00:00,actor real life son plays unrelated character TV show,"[""actor"",""real"",""life"",""son"",""plays"",""unrelated"",""character"",""tv"",""show""]","""actor"" OR ""real"" OR ""life"" OR ""son"" OR ""plays"" OR ""unrelated"" OR ""character"" OR ""tv"" OR ""show""",5,54939772d527a727c4e4a4cd375ace27972cd17cfcdf48ccbd7cf79a6b997fd7,186b25c5ce5104eb7bad2ac592a8b3dd73bc4bde4acb44578dd593e39b9d170f,True,"[""d45"",""d46"",""d27"",""d47"",""d24""]","[""69326"",""63690"",""78415"",""32179"",""64629""]","[{""docid"":""69326"",""score"":17.608058152860483,""snippet"":"" ... actors in completely unrelated roles in TV shows can go unnoticed by the audience, like Charles-Dean Chapman in Game of Thrones.\n\n- Talented actors, such as Tatiana Maslany in Orphan Black and Lisa Kudrow in Friends, can successfully portray multiple characters and create complex relationships on-screen.\n\nPlaying ... "",""title"":""https://screenrant.com/actors-multiple-characters-same-tv-show/""},{""docid"":""63690"",""score"":17.307014678439057,""snippet"":"" ... People] (94 quizzes)\n\nReal Name\n\n[Celebrities] (73 quizzes)\n\nThe Best Name Game\n\n[People] (605 quizzes)\n\nName the People\n\n[Movies] (398 quizzes)\n\nNames in Songs\n\n[Music] (126 quizzes)\n\nSurnames\n\n[General] (10 quizzes)\n\nThematic Names\n\n[General] (151 quizzes)\n\n1. Which actor played Dr. Robb in the TV series \""In The ... "",""title"":""https://www.funtrivia.com/quizzes/people/name_game/same_surname.html""},{""docid"":""78415"",""score"":16.991242550960894,""snippet"":"" ... movie follows fading TV hero Rick Dalton (Leonardo DiCaprio) and his best friend/stunt double Cliff Booth (Brad Pitt) as they navigate the changing landscape of Hollywood while also living next door to Sharon Tate (Margot Robbie).\n\nOlyphant plays one of several real-life characters in Once Upon ... "",""title"":""https://screenrant.com/timothy-olyphant-best-movies-tv-shows/""},{""docid"":""32179"",""score"":16.75430642685047,""snippet"":"" ... The Penguin - \""The Fishin' Hole\"" is the name of the iconic whistling theme song of what classic TV show, which features the title figure walking to the \""fishin' hole\"" with his son?\n\nAnswer: The Andy Griffith Show - Even though the character was first played by Susan Neher in ... "",""title"":""https://www.watercoolertrivia.com/trivia-questions/classic-tv-trivia-questions""},{""docid"":""64629"",""score"":16.6460355950987,""snippet"":"" ... Huck has various career ambitions in life, and he tries them all, though not particularly succeeding in any. This TV series was one of the six TV shows in 1960 and the first animation in history to win an Emmy for Outstanding Achievement in the Field of Children ... "",""title"":""https://www.boredpanda.com/60s-cartoons/""}]"
44,736,2026-09-14T10:17:04.563524+00:00,TV series actor family member cast unrelated role,"[""tv"",""series"",""actor"",""family"",""member"",""cast"",""unrelated"",""role""]","""tv"" OR ""series"" OR ""actor"" OR ""family"" OR ""member"" OR ""cast"" OR ""unrelated"" OR ""role""",5,926b5ad16c406760231902a802affccc9ecf484551833494d8bd71d09e634b0f,519938cc51f961ebe64dbcb827d1f5b0c02770f081d1dc8fc353acc8debc2b64,True,"[""d45"",""d33"",""d27"",""d46"",""d48""]","[""69326"",""57395"",""78415"",""63690"",""56024""]","[{""docid"":""69326"",""score"":18.76403021129144,""snippet"":"" ... 2023-11-14\n---\nSummary\n\n- Some actors excel at playing multiple roles in TV shows and movies, like Winona Ryder in Bram Stoker's Dracula and the cast of Everything Everywhere All at Once.\n\n- Recasting actors in completely unrelated roles in TV shows can go unnoticed by the audience ... "",""title"":""https://screenrant.com/actors-multiple-characters-same-tv-show/""},{""docid"":""57395"",""score"":18.072108702580366,""snippet"":"" ... Trivia[]\n\n- This had the most main cast members leave the series, with a total of 11 (although Jorja Fox later returned as a main cast member).\n\n- This was the penultimate CSI series to end.\n\n- This was the only CSI to lose both of its original lead actors (William ... "",""title"":""https://csi.fandom.com/wiki/CSI:Crime_Scene_Investigation""},{""docid"":""78415"",""score"":17.889209447110897,""snippet"":"" ... patriarch of the family. He initially plays the role with the cool calmness he pulls off so well in other roles, but becomes an anxious and desperate man when things start to unravel. The series makes for a gripping noir movie with a terrific cast that also includes ... "",""title"":""https://screenrant.com/timothy-olyphant-best-movies-tv-shows/""},{""docid"":""63690"",""score"":17.43938333974542,""snippet"":"" ... Which actor played Dr. Robb in the TV series \""In The Heat of The Night\""?\n\nFrom Quiz My Name is Robb\n\nAnswer: Dan Biggars\n\nDan Biggars was also an American college official prior to acting. William Windom played Dr. Seth Hazlitt in \""Murder She Wrote\"". Robert Young was ... "",""title"":""https://www.funtrivia.com/quizzes/people/name_game/same_surname.html""},{""docid"":""56024"",""score"":17.375538910828254,""snippet"":"" ... At 24 she won the role of the title character in UPN's drama Veronica Mars, which was launched in the fall of 2004. Created by Rob Thomas, the series starred Bell as the seventeen year old detective Veronica, which put her alongside actors Enrico Colantoni who played ... "",""title"":""https://unionfilms.org/films/people/kristen-bell.html""}]"
44,738,2026-09-14T10:17:04.566759+00:00,character married 3 times one child survives TV series 2000s,"[""character"",""married"",""3"",""times"",""one"",""child"",""survives"",""tv"",""series"",""2000s""]","""character"" OR ""married"" OR ""3"" OR ""times"" OR ""one"" OR ""child"" OR ""survives"" OR ""tv"" OR ""series"" OR ""2000s""",5,c9c062871b30893c9447ce45e87e6504375dfae99fdf6c1353e79599774caf6b,c470efb1a9b429148472627ec591e0453570f344b59db596bed9e6b635ebfe8c,True,"[""d6"",""d49"",""d50"",""d19"",""d2""]","[""78953"",""4035"",""3161"",""60134"",""81882""]","[{""docid"":""78953"",""score"":16.2824976074087,""snippet"":"" ... on Aidy Bryant's Hulu series Shrill and in the 2019 film James vs. His Future Self. In 2023, he joined season 4 of Apple TV+'s critically acclaimed science fiction drama For All Mankind as the character Eli Hobson.\n\nHe and actress Laure Mattos have been married ... "",""title"":""https://people.com/movies/home-alone-cast-where-are-they-now/""},{""docid"":""4035"",""score"":15.898290019368474,""snippet"":"" ... He was married to Star Herrmann and Leigh Curran. He died on 31 December 2014 in New York City, New York, USA.- Actor\n\n- Producer\n\n- Additional Crew\n\nOne of Hollywood's finest character / \""Method\"" actors, Eli Wallach was in demand for over 60 years (first film/TV role was ... "",""title"":""https://www.imdb.com/search/name/?death_date=2014""},{""docid"":""3161"",""score"":15.76035451695941,""snippet"":"" ... In the early 1970s, she landed minor roles in film and TV, and finally won a role on the series Three's Company (1976). She married Hamel in 1977. She was fired from the series after she asked for a raise at the beginning of the fifth season ... "",""title"":""https://m.imdb.com/search/name/?death_date=2023&ref_=nmbio_dth_yr""},{""docid"":""60134"",""score"":15.715324421687555,""snippet"":"" ... In 2003, Mulroney played Gavin Mitchell on the TV series Friends. He appeared in three episodes of the ninth season, his character briefly dating Rachel. This would mark Mulroney's last on-screen appearance on television for a number of years, later revealing in a May 2007 interview ... "",""title"":""https://en.wikipedia.org/wiki/Dermot_Mulroney""},{""docid"":""81882"",""score"":15.691378997718399,""snippet"":"" ... He was married a total of seven times, and fathered eight children.\n\nAfter long battles with ill health, Richard Pryor passed away on December 10th, 2005.- Vincent Schiavelli, selected in 1997 by Vanity Fair as one of the best character actors in America, had made over 120 film ... "",""title"":""https://m.imdb.com/search/name/?death_date=2005&ref_=nmbio""}]"
44,739,2026-09-14T10:17:04.567748+00:00,TV show character three marriages one surviving child,"[""tv"",""show"",""character"",""three"",""marriages"",""one"",""surviving"",""child""]","""tv"" OR ""show"" OR ""character"" OR ""three"" OR ""marriages"" OR ""one"" OR ""surviving"" OR ""child""",5,dcfdfe59d4312591ff3d757fe02035f881e4a26022e07fa519df09748ec9df4a,3f31bf042d8cc6df97db1dfa7b9b5da5c52351b9d4583f684f1cbc8fdbd5e8e2,True,"[""d39"",""d8"",""d51"",""d52"",""d53""]","[""53008"",""60248"",""37367"",""77637"",""54031""]","[{""docid"":""53008"",""score"":13.664801548271926,""snippet"":"" ... Most recently, Liotta appeared in The Many Saints of Newark, Marriage Story and No Sudden Move. He also appeared on Jennifer Lopez's TV show, Shades of Blue, which ended after three seasons. Liotta is survived by his daughter, Karsen and his fiancée Jacy Nittolo.\n\nJohn Zderko\n\nThe ... "",""title"":""https://www.etonline.com/gallery/stars-weve-lost-in-2022-177426""},{""docid"":""60248"",""score"":13.648348285782436,""snippet"":"" ... Lucci was expected to guest star on Prospect Park's continuation of All My Children in 2013, but the appearance never came to fruition due to the show's second cancellation.\n\nErica is considered to be the most popular character in American soap opera history. TV Guide calls ... "",""title"":""https://en.wikipedia.org/wiki/Erica_Kane""},{""docid"":""37367"",""score"":13.510584826136753,""snippet"":"" ... Midway through the season, an attempt was made to increase ratings by having Havoc's character relocate to New York to represent show business clients; however, the show lasted only one season.\""Lady Lawyer Practices Law,\"" TV Guide May 7–13, 1955, p. 12.\n\nFrom the 1960s through ... "",""title"":""https://en.wikipedia.org/wiki/June_Havoc""},{""docid"":""77637"",""score"":13.489606718134208,""snippet"":"" ... Besides his TV career, he was also an ordained Presbyterian minister.\n\nAfter starting her film career at the age of three, Shirley Temple went on to become Hollywood's highest-grossing child actress from 1935 to 1938. She is the epitome of popular child stars who lose their ... "",""title"":""https://www.thefamouspeople.com/born-1928.php""},{""docid"":""54031"",""score"":13.354763032640921,""snippet"":"" ... Simultaneously, numerous agencies in Britain and in America targeted various other aspects of child welfare, from educating parents (particularly women) on hygiene and child-rearing, to raising the age for compulsory schooling, instituting school nutrition programs, and recognizing child rights.\n\nThe Useless Child\n\nFalling infant mortality rates during ... "",""title"":""https://www.representingchildhood.pitt.edu/twentycent_child.htm""}]"
45,749,2026-09-14T10:17:08.998426+00:00,actor real life daughter plays niece TV series,"[""actor"",""real"",""life"",""daughter"",""plays"",""niece"",""tv"",""series""]","""actor"" OR ""real"" OR ""life"" OR ""daughter"" OR ""plays"" OR ""niece"" OR ""tv"" OR ""series""",5,c5b8aa186c7c0fe6193a19341def225d23aa3e1eddf39c92614b2bacf8eb4794,d6c7070e3e40ec10244efa948e3a4b087582a5f3023fa91246133211ca293d76,True,"[""d41"",""d11"",""d42"",""d43"",""d44""]","[""48538"",""20480"",""51536"",""11779"",""27252""]","[{""docid"":""48538"",""score"":18.696880866122626,""snippet"":"" ... The story of their strange marriage, the child it produced and its violent end was a Hollywood tragedy played out in court.\n\nOnce hailed as among the finest actors of his generation, Blake became better known as the center of a real-life murder trial, a story more ... "",""title"":""https://www.pbs.org/newshour/arts/robert-blake-actor-acquitted-in-wifes-killing-dies-at-89""},{""docid"":""20480"",""score"":18.63087915735836,""snippet"":"" ... They need that, too.\""\n\nWhile her TV dad played an influential role in her life on That Girl, Thomas's real-life father was, and remains, the overwhelming inspiration in both her life and career.\n\nA multi-talented performer - beloved nightclub headliner, movie actor, TV producer and star ... "",""title"":""https://www.televisionacademy.com/features/news/online-originals/girl-one-who-changed-everything""},{""docid"":""51536"",""score"":18.622128107713962,""snippet"":"" ... it was the first big movie break for the talented, late actor Anton Yelchin, and it allowed Robin Williams to share the screen with his daughter Zelda.\n\nYelchin's plays Duchovny as a boy, whose best friend is a mentally challenged deliveryman, played by Williams. Zelda Williams plays ... "",""title"":""https://collider.com/galleries/celebrity-children-parents-movies/""},{""docid"":""11779"",""score"":18.06236804587279,""snippet"":"" ... Doherty later starred in the Kevin Smith film Mallrats and the TV series Charmed.\n\nIn 2023, the actor and director launched Let's Be Clear with Shannen Doherty, a podcast that reflects on her life and career. \""I wanted to be clear about what it was like for ... "",""title"":""https://people.com/little-house-on-the-prairie-cast-where-are-they-now-8603014""},{""docid"":""27252"",""score"":17.802101342039794,""snippet"":"" ... Scott | | |\n| BET Comedy Awards | 2004 | Outstanding Comedy Series | George Lopez | | |\n| BET Comedy Awards | 2004 | Outstanding Lead Actor in a Comedy Series | George Lopez | | |\n| Casting Society of America | 2002 | Best Casting for TV, Comedy Pilot (\""Prototype\"") | Mary V. BuckSusan Edelman | | |\n| Emmy Awards (Creative Arts) | 2004 | Outstanding Cinematography for a ... "",""title"":""https://en.wikipedia.org/wiki/George_Lopez_(TV_series)""}]"
45,750,2026-09-14T10:17:08.999319+00:00,actor real life son plays unrelated character TV show,"[""actor"",""real"",""life"",""son"",""plays"",""unrelated"",""character"",""tv"",""show""]","""actor"" OR ""real"" OR ""life"" OR ""son"" OR ""plays"" OR ""unrelated"" OR ""character"" OR ""tv"" OR ""show""",5,54939772d527a727c4e4a4cd375ace27972cd17cfcdf48ccbd7cf79a6b997fd7,186b25c5ce5104eb7bad2ac592a8b3dd73bc4bde4acb44578dd593e39b9d170f,True,"[""d45"",""d46"",""d27"",""d47"",""d24""]","[""69326"",""63690"",""78415"",""32179"",""64629""]","[{""docid"":""69326"",""score"":17.608058152860483,""snippet"":"" ... actors in completely unrelated roles in TV shows can go unnoticed by the audience, like Charles-Dean Chapman in Game of Thrones.\n\n- Talented actors, such as Tatiana Maslany in Orphan Black and Lisa Kudrow in Friends, can successfully portray multiple characters and create complex relationships on-screen.\n\nPlaying ... "",""title"":""https://screenrant.com/actors-multiple-characters-same-tv-show/""},{""docid"":""63690"",""score"":17.307014678439057,""snippet"":"" ... People] (94 quizzes)\n\nReal Name\n\n[Celebrities] (73 quizzes)\n\nThe Best Name Game\n\n[People] (605 quizzes)\n\nName the People\n\n[Movies] (398 quizzes)\n\nNames in Songs\n\n[Music] (126 quizzes)\n\nSurnames\n\n[General] (10 quizzes)\n\nThematic Names\n\n[General] (151 quizzes)\n\n1. Which actor played Dr. Robb in the TV series \""In The ... "",""title"":""https://www.funtrivia.com/quizzes/people/name_game/same_surname.html""},{""docid"":""78415"",""score"":16.991242550960894,""snippet"":"" ... movie follows fading TV hero Rick Dalton (Leonardo DiCaprio) and his best friend/stunt double Cliff Booth (Brad Pitt) as they navigate the changing landscape of Hollywood while also living next door to Sharon Tate (Margot Robbie).\n\nOlyphant plays one of several real-life characters in Once Upon ... "",""title"":""https://screenrant.com/timothy-olyphant-best-movies-tv-shows/""},{""docid"":""32179"",""score"":16.75430642685047,""snippet"":"" ... The Penguin - \""The Fishin' Hole\"" is the name of the iconic whistling theme song of what classic TV show, which features the title figure walking to the \""fishin' hole\"" with his son?\n\nAnswer: The Andy Griffith Show - Even though the character was first played by Susan Neher in ... "",""title"":""https://www.watercoolertrivia.com/trivia-questions/classic-tv-trivia-questions""},{""docid"":""64629"",""score"":16.6460355950987,""snippet"":"" ... Huck has various career ambitions in life, and he tries them all, though not particularly succeeding in any. This TV series was one of the six TV shows in 1960 and the first animation in history to win an Emmy for Outstanding Achievement in the Field of Children ... "",""title"":""https://www.boredpanda.com/60s-cartoons/""}]"
45,751,2026-09-14T10:17:09.000126+00:00,TV series actor family member cast unrelated role,"[""tv"",""series"",""actor"",""family"",""member"",""cast"",""unrelated"",""role""]","""tv"" OR ""series"" OR ""actor"" OR ""family"" OR ""member"" OR ""cast"" OR ""unrelated"" OR ""role""",5,926b5ad16c406760231902a802affccc9ecf484551833494d8bd71d09e634b0f,519938cc51f961ebe64dbcb827d1f5b0c02770f081d1dc8fc353acc8debc2b64,True,"[""d45"",""d33"",""d27"",""d46"",""d48""]","[""69326"",""57395"",""78415"",""63690"",""56024""]","[{""docid"":""69326"",""score"":18.76403021129144,""snippet"":"" ... 2023-11-14\n---\nSummary\n\n- Some actors excel at playing multiple roles in TV shows and movies, like Winona Ryder in Bram Stoker's Dracula and the cast of Everything Everywhere All at Once.\n\n- Recasting actors in completely unrelated roles in TV shows can go unnoticed by the audience ... "",""title"":""https://screenrant.com/actors-multiple-characters-same-tv-show/""},{""docid"":""57395"",""score"":18.072108702580366,""snippet"":"" ... Trivia[]\n\n- This had the most main cast members leave the series, with a total of 11 (although Jorja Fox later returned as a main cast member).\n\n- This was the penultimate CSI series to end.\n\n- This was the only CSI to lose both of its original lead actors (William ... "",""title"":""https://csi.fandom.com/wiki/CSI:Crime_Scene_Investigation""},{""docid"":""78415"",""score"":17.889209447110897,""snippet"":"" ... patriarch of the family. He initially plays the role with the cool calmness he pulls off so well in other roles, but becomes an anxious and desperate man when things start to unravel. The series makes for a gripping noir movie with a terrific cast that also includes ... "",""title"":""https://screenrant.com/timothy-olyphant-best-movies-tv-shows/""},{""docid"":""63690"",""score"":17.43938333974542,""snippet"":"" ... Which actor played Dr. Robb in the TV series \""In The Heat of The Night\""?\n\nFrom Quiz My Name is Robb\n\nAnswer: Dan Biggars\n\nDan Biggars was also an American college official prior to acting. William Windom played Dr. Seth Hazlitt in \""Murder She Wrote\"". Robert Young was ... "",""title"":""https://www.funtrivia.com/quizzes/people/name_game/same_surname.html""},{""docid"":""56024"",""score"":17.375538910828254,""snippet"":"" ... At 24 she won the role of the title character in UPN's drama Veronica Mars, which was launched in the fall of 2004. Created by Rob Thomas, the series starred Bell as the seventeen year old detective Veronica, which put her alongside actors Enrico Colantoni who played ... "",""title"":""https://unionfilms.org/films/people/kristen-bell.html""}]"
45,753,2026-09-14T10:17:09.003653+00:00,character married 3 times one child survives TV series 2000s,"[""character"",""married"",""3"",""times"",""one"",""child"",""survives"",""tv"",""series"",""2000s""]","""character"" OR ""married"" OR ""3"" OR ""times"" OR ""one"" OR ""child"" OR ""survives"" OR ""tv"" OR ""series"" OR ""2000s""",5,c9c062871b30893c9447ce45e87e6504375dfae99fdf6c1353e79599774caf6b,c470efb1a9b429148472627ec591e0453570f344b59db596bed9e6b635ebfe8c,True,"[""d6"",""d49"",""d50"",""d19"",""d2""]","[""78953"",""4035"",""3161"",""60134"",""81882""]","[{""docid"":""78953"",""score"":16.2824976074087,""snippet"":"" ... on Aidy Bryant's Hulu series Shrill and in the 2019 film James vs. His Future Self. In 2023, he joined season 4 of Apple TV+'s critically acclaimed science fiction drama For All Mankind as the character Eli Hobson.\n\nHe and actress Laure Mattos have been married ... "",""title"":""https://people.com/movies/home-alone-cast-where-are-they-now/""},{""docid"":""4035"",""score"":15.898290019368474,""snippet"":"" ... He was married to Star Herrmann and Leigh Curran. He died on 31 December 2014 in New York City, New York, USA.- Actor\n\n- Producer\n\n- Additional Crew\n\nOne of Hollywood's finest character / \""Method\"" actors, Eli Wallach was in demand for over 60 years (first film/TV role was ... "",""title"":""https://www.imdb.com/search/name/?death_date=2014""},{""docid"":""3161"",""score"":15.76035451695941,""snippet"":"" ... In the early 1970s, she landed minor roles in film and TV, and finally won a role on the series Three's Company (1976). She married Hamel in 1977. She was fired from the series after she asked for a raise at the beginning of the fifth season ... "",""title"":""https://m.imdb.com/search/name/?death_date=2023&ref_=nmbio_dth_yr""},{""docid"":""60134"",""score"":15.715324421687555,""snippet"":"" ... In 2003, Mulroney played Gavin Mitchell on the TV series Friends. He appeared in three episodes of the ninth season, his character briefly dating Rachel. This would mark Mulroney's last on-screen appearance on television for a number of years, later revealing in a May 2007 interview ... "",""title"":""https://en.wikipedia.org/wiki/Dermot_Mulroney""},{""docid"":""81882"",""score"":15.691378997718399,""snippet"":"" ... He was married a total of seven times, and fathered eight children.\n\nAfter long battles with ill health, Richard Pryor passed away on December 10th, 2005.- Vincent Schiavelli, selected in 1997 by Vanity Fair as one of the best character actors in America, had made over 120 film ... "",""title"":""https://m.imdb.com/search/name/?death_date=2005&ref_=nmbio""}]"
45,754,2026-09-14T10:17:09.004430+00:00,TV show character three marriages one surviving child,"[""tv"",""show"",""character"",""three"",""marriages"",""one"",""surviving"",""child""]","""tv"" OR ""show"" OR ""character"" OR ""three"" OR ""marriages"" OR ""one"" OR ""surviving"" OR ""child""",5,dcfdfe59d4312591ff3d757fe02035f881e4a26022e07fa519df09748ec9df4a,3f31bf042d8cc6df97db1dfa7b9b5da5c52351b9d4583f684f1cbc8fdbd5e8e2,True,"[""d39"",""d8"",""d51"",""d52"",""d53""]","[""53008"",""60248"",""37367"",""77637"",""54031""]","[{""docid"":""53008"",""score"":13.664801548271926,""snippet"":"" ... Most recently, Liotta appeared in The Many Saints of Newark, Marriage Story and No Sudden Move. He also appeared on Jennifer Lopez's TV show, Shades of Blue, which ended after three seasons. Liotta is survived by his daughter, Karsen and his fiancée Jacy Nittolo.\n\nJohn Zderko\n\nThe ... "",""title"":""https://www.etonline.com/gallery/stars-weve-lost-in-2022-177426""},{""docid"":""60248"",""score"":13.648348285782436,""snippet"":"" ... Lucci was expected to guest star on Prospect Park's continuation of All My Children in 2013, but the appearance never came to fruition due to the show's second cancellation.\n\nErica is considered to be the most popular character in American soap opera history. TV Guide calls ... "",""title"":""https://en.wikipedia.org/wiki/Erica_Kane""},{""docid"":""37367"",""score"":13.510584826136753,""snippet"":"" ... Midway through the season, an attempt was made to increase ratings by having Havoc's character relocate to New York to represent show business clients; however, the show lasted only one season.\""Lady Lawyer Practices Law,\"" TV Guide May 7–13, 1955, p. 12.\n\nFrom the 1960s through ... "",""title"":""https://en.wikipedia.org/wiki/June_Havoc""},{""docid"":""77637"",""score"":13.489606718134208,""snippet"":"" ... Besides his TV career, he was also an ordained Presbyterian minister.\n\nAfter starting her film career at the age of three, Shirley Temple went on to become Hollywood's highest-grossing child actress from 1935 to 1938. She is the epitome of popular child stars who lose their ... "",""title"":""https://www.thefamouspeople.com/born-1928.php""},{""docid"":""54031"",""score"":13.354763032640921,""snippet"":"" ... Simultaneously, numerous agencies in Britain and in America targeted various other aspects of child welfare, from educating parents (particularly women) on hygiene and child-rearing, to raising the age for compulsory schooling, instituting school nutrition programs, and recognizing child rights.\n\nThe Useless Child\n\nFalling infant mortality rates during ... "",""title"":""https://www.representingchildhood.pitt.edu/twentycent_child.htm""}]"
46,764,2026-09-14T10:17:12.704857+00:00,actor real life daughter plays niece TV series,"[""actor"",""real"",""life"",""daughter"",""plays"",""niece"",""tv"",""series""]","""actor"" OR ""real"" OR ""life"" OR ""daughter"" OR ""plays"" OR ""niece"" OR ""tv"" OR ""series""",5,c5b8aa186c7c0fe6193a19341def225d23aa3e1eddf39c92614b2bacf8eb4794,d6c7070e3e40ec10244efa948e3a4b087582a5f3023fa91246133211ca293d76,True,"[""d41"",""d11"",""d42"",""d43"",""d44""]","[""48538"",""20480"",""51536"",""11779"",""27252""]","[{""docid"":""48538"",""score"":18.696880866122626,""snippet"":"" ... The story of their strange marriage, the child it produced and its violent end was a Hollywood tragedy played out in court.\n\nOnce hailed as among the finest actors of his generation, Blake became better known as the center of a real-life murder trial, a story more ... "",""title"":""https://www.pbs.org/newshour/arts/robert-blake-actor-acquitted-in-wifes-killing-dies-at-89""},{""docid"":""20480"",""score"":18.63087915735836,""snippet"":"" ... They need that, too.\""\n\nWhile her TV dad played an influential role in her life on That Girl, Thomas's real-life father was, and remains, the overwhelming inspiration in both her life and career.\n\nA multi-talented performer - beloved nightclub headliner, movie actor, TV producer and star ... "",""title"":""https://www.televisionacademy.com/features/news/online-originals/girl-one-who-changed-everything""},{""docid"":""51536"",""score"":18.622128107713962,""snippet"":"" ... it was the first big movie break for the talented, late actor Anton Yelchin, and it allowed Robin Williams to share the screen with his daughter Zelda.\n\nYelchin's plays Duchovny as a boy, whose best friend is a mentally challenged deliveryman, played by Williams. Zelda Williams plays ... "",""title"":""https://collider.com/galleries/celebrity-children-parents-movies/""},{""docid"":""11779"",""score"":18.06236804587279,""snippet"":"" ... Doherty later starred in the Kevin Smith film Mallrats and the TV series Charmed.\n\nIn 2023, the actor and director launched Let's Be Clear with Shannen Doherty, a podcast that reflects on her life and career. \""I wanted to be clear about what it was like for ... "",""title"":""https://people.com/little-house-on-the-prairie-cast-where-are-they-now-8603014""},{""docid"":""27252"",""score"":17.802101342039794,""snippet"":"" ... Scott | | |\n| BET Comedy Awards | 2004 | Outstanding Comedy Series | George Lopez | | |\n| BET Comedy Awards | 2004 | Outstanding Lead Actor in a Comedy Series | George Lopez | | |\n| Casting Society of America | 2002 | Best Casting for TV, Comedy Pilot (\""Prototype\"") | Mary V. BuckSusan Edelman | | |\n| Emmy Awards (Creative Arts) | 2004 | Outstanding Cinematography for a ... "",""title"":""https://en.wikipedia.org/wiki/George_Lopez_(TV_series)""}]"
46,765,2026-09-14T10:17:12.705861+00:00,actor real life son plays unrelated character TV show,"[""actor"",""real"",""life"",""son"",""plays"",""unrelated"",""character"",""tv"",""show""]","""actor"" OR ""real"" OR ""life"" OR ""son"" OR ""plays"" OR ""unrelated"" OR ""character"" OR ""tv"" OR ""show""",5,54939772d527a727c4e4a4cd375ace27972cd17cfcdf48ccbd7cf79a6b997fd7,186b25c5ce5104eb7bad2ac592a8b3dd73bc4bde4acb44578dd593e39b9d170f,True,"[""d45"",""d46"",""d27"",""d47"",""d24""]","[""69326"",""63690"",""78415"",""32179"",""64629""]","[{""docid"":""69326"",""score"":17.608058152860483,""snippet"":"" ... actors in completely unrelated roles in TV shows can go unnoticed by the audience, like Charles-Dean Chapman in Game of Thrones.\n\n- Talented actors, such as Tatiana Maslany in Orphan Black and Lisa Kudrow in Friends, can successfully portray multiple characters and create complex relationships on-screen.\n\nPlaying ... "",""title"":""https://screenrant.com/actors-multiple-characters-same-tv-show/""},{""docid"":""63690"",""score"":17.307014678439057,""snippet"":"" ... People] (94 quizzes)\n\nReal Name\n\n[Celebrities] (73 quizzes)\n\nThe Best Name Game\n\n[People] (605 quizzes)\n\nName the People\n\n[Movies] (398 quizzes)\n\nNames in Songs\n\n[Music] (126 quizzes)\n\nSurnames\n\n[General] (10 quizzes)\n\nThematic Names\n\n[General] (151 quizzes)\n\n1. Which actor played Dr. Robb in the TV series \""In The ... "",""title"":""https://www.funtrivia.com/quizzes/people/name_game/same_surname.html""},{""docid"":""78415"",""score"":16.991242550960894,""snippet"":"" ... movie follows fading TV hero Rick Dalton (Leonardo DiCaprio) and his best friend/stunt double Cliff Booth (Brad Pitt) as they navigate the changing landscape of Hollywood while also living next door to Sharon Tate (Margot Robbie).\n\nOlyphant plays one of several real-life characters in Once Upon ... "",""title"":""https://screenrant.com/timothy-olyphant-best-movies-tv-shows/""},{""docid"":""32179"",""score"":16.75430642685047,""snippet"":"" ... The Penguin - \""The Fishin' Hole\"" is the name of the iconic whistling theme song of what classic TV show, which features the title figure walking to the \""fishin' hole\"" with his son?\n\nAnswer: The Andy Griffith Show - Even though the character was first played by Susan Neher in ... "",""title"":""https://www.watercoolertrivia.com/trivia-questions/classic-tv-trivia-questions""},{""docid"":""64629"",""score"":16.6460355950987,""snippet"":"" ... Huck has various career ambitions in life, and he tries them all, though not particularly succeeding in any. This TV series was one of the six TV shows in 1960 and the first animation in history to win an Emmy for Outstanding Achievement in the Field of Children ... "",""title"":""https://www.boredpanda.com/60s-cartoons/""}]"
46,766,2026-09-14T10:17:12.706609+00:00,TV series actor family member cast unrelated role,"[""tv"",""series"",""actor"",""family"",""member"",""cast"",""unrelated"",""role""]","""tv"" OR ""series"" OR ""actor"" OR ""family"" OR ""member"" OR ""cast"" OR ""unrelated"" OR ""role""",5,926b5ad16c406760231902a802affccc9ecf484551833494d8bd71d09e634b0f,519938cc51f961ebe64dbcb827d1f5b0c02770f081d1dc8fc353acc8debc2b64,True,"[""d45"",""d33"",""d27"",""d46"",""d48""]","[""69326"",""57395"",""78415"",""63690"",""56024""]","[{""docid"":""69326"",""score"":18.76403021129144,""snippet"":"" ... 2023-11-14\n---\nSummary\n\n- Some actors excel at playing multiple roles in TV shows and movies, like Winona Ryder in Bram Stoker's Dracula and the cast of Everything Everywhere All at Once.\n\n- Recasting actors in completely unrelated roles in TV shows can go unnoticed by the audience ... "",""title"":""https://screenrant.com/actors-multiple-characters-same-tv-show/""},{""docid"":""57395"",""score"":18.072108702580366,""snippet"":"" ... Trivia[]\n\n- This had the most main cast members leave the series, with a total of 11 (although Jorja Fox later returned as a main cast member).\n\n- This was the penultimate CSI series to end.\n\n- This was the only CSI to lose both of its original lead actors (William ... "",""title"":""https://csi.fandom.com/wiki/CSI:Crime_Scene_Investigation""},{""docid"":""78415"",""score"":17.889209447110897,""snippet"":"" ... patriarch of the family. He initially plays the role with the cool calmness he pulls off so well in other roles, but becomes an anxious and desperate man when things start to unravel. The series makes for a gripping noir movie with a terrific cast that also includes ... "",""title"":""https://screenrant.com/timothy-olyphant-best-movies-tv-shows/""},{""docid"":""63690"",""score"":17.43938333974542,""snippet"":"" ... Which actor played Dr. Robb in the TV series \""In The Heat of The Night\""?\n\nFrom Quiz My Name is Robb\n\nAnswer: Dan Biggars\n\nDan Biggars was also an American college official prior to acting. William Windom played Dr. Seth Hazlitt in \""Murder She Wrote\"". Robert Young was ... "",""title"":""https://www.funtrivia.com/quizzes/people/name_game/same_surname.html""},{""docid"":""56024"",""score"":17.375538910828254,""snippet"":"" ... At 24 she won the role of the title character in UPN's drama Veronica Mars, which was launched in the fall of 2004. Created by Rob Thomas, the series starred Bell as the seventeen year old detective Veronica, which put her alongside actors Enrico Colantoni who played ... "",""title"":""https://unionfilms.org/films/people/kristen-bell.html""}]"
46,768,2026-09-14T10:17:12.709131+00:00,character married 3 times one child survives TV series 2000s,"[""character"",""married"",""3"",""times"",""one"",""child"",""survives"",""tv"",""series"",""2000s""]","""character"" OR ""married"" OR ""3"" OR ""times"" OR ""one"" OR ""child"" OR ""survives"" OR ""tv"" OR ""series"" OR ""2000s""",5,c9c062871b30893c9447ce45e87e6504375dfae99fdf6c1353e79599774caf6b,c470efb1a9b429148472627ec591e0453570f344b59db596bed9e6b635ebfe8c,True,"[""d6"",""d49"",""d50"",""d19"",""d2""]","[""78953"",""4035"",""3161"",""60134"",""81882""]","[{""docid"":""78953"",""score"":16.2824976074087,""snippet"":"" ... on Aidy Bryant's Hulu series Shrill and in the 2019 film James vs. His Future Self. In 2023, he joined season 4 of Apple TV+'s critically acclaimed science fiction drama For All Mankind as the character Eli Hobson.\n\nHe and actress Laure Mattos have been married ... "",""title"":""https://people.com/movies/home-alone-cast-where-are-they-now/""},{""docid"":""4035"",""score"":15.898290019368474,""snippet"":"" ... He was married to Star Herrmann and Leigh Curran. He died on 31 December 2014 in New York City, New York, USA.- Actor\n\n- Producer\n\n- Additional Crew\n\nOne of Hollywood's finest character / \""Method\"" actors, Eli Wallach was in demand for over 60 years (first film/TV role was ... "",""title"":""https://www.imdb.com/search/name/?death_date=2014""},{""docid"":""3161"",""score"":15.76035451695941,""snippet"":"" ... In the early 1970s, she landed minor roles in film and TV, and finally won a role on the series Three's Company (1976). She married Hamel in 1977. She was fired from the series after she asked for a raise at the beginning of the fifth season ... "",""title"":""https://m.imdb.com/search/name/?death_date=2023&ref_=nmbio_dth_yr""},{""docid"":""60134"",""score"":15.715324421687555,""snippet"":"" ... In 2003, Mulroney played Gavin Mitchell on the TV series Friends. He appeared in three episodes of the ninth season, his character briefly dating Rachel. This would mark Mulroney's last on-screen appearance on television for a number of years, later revealing in a May 2007 interview ... "",""title"":""https://en.wikipedia.org/wiki/Dermot_Mulroney""},{""docid"":""81882"",""score"":15.691378997718399,""snippet"":"" ... He was married a total of seven times, and fathered eight children.\n\nAfter long battles with ill health, Richard Pryor passed away on December 10th, 2005.- Vincent Schiavelli, selected in 1997 by Vanity Fair as one of the best character actors in America, had made over 120 film ... "",""title"":""https://m.imdb.com/search/name/?death_date=2005&ref_=nmbio""}]"
46,769,2026-09-14T10:17:12.709833+00:00,TV show character three marriages one surviving child,"[""tv"",""show"",""character"",""three"",""marriages"",""one"",""surviving"",""child""]","""tv"" OR ""show"" OR ""character"" OR ""three"" OR ""marriages"" OR ""one"" OR ""surviving"" OR ""child""",5,dcfdfe59d4312591ff3d757fe02035f881e4a26022e07fa519df09748ec9df4a,3f31bf042d8cc6df97db1dfa7b9b5da5c52351b9d4583f684f1cbc8fdbd5e8e2,True,"[""d39"",""d8"",""d51"",""d52"",""d53""]","[""53008"",""60248"",""37367"",""77637"",""54031""]","[{""docid"":""53008"",""score"":13.664801548271926,""snippet"":"" ... Most recently, Liotta appeared in The Many Saints of Newark, Marriage Story and No Sudden Move. He also appeared on Jennifer Lopez's TV show, Shades of Blue, which ended after three seasons. Liotta is survived by his daughter, Karsen and his fiancée Jacy Nittolo.\n\nJohn Zderko\n\nThe ... "",""title"":""https://www.etonline.com/gallery/stars-weve-lost-in-2022-177426""},{""docid"":""60248"",""score"":13.648348285782436,""snippet"":"" ... Lucci was expected to guest star on Prospect Park's continuation of All My Children in 2013, but the appearance never came to fruition due to the show's second cancellation.\n\nErica is considered to be the most popular character in American soap opera history. TV Guide calls ... "",""title"":""https://en.wikipedia.org/wiki/Erica_Kane""},{""docid"":""37367"",""score"":13.510584826136753,""snippet"":"" ... Midway through the season, an attempt was made to increase ratings by having Havoc's character relocate to New York to represent show business clients; however, the show lasted only one season.\""Lady Lawyer Practices Law,\"" TV Guide May 7–13, 1955, p. 12.\n\nFrom the 1960s through ... "",""title"":""https://en.wikipedia.org/wiki/June_Havoc""},{""docid"":""77637"",""score"":13.489606718134208,""snippet"":"" ... Besides his TV career, he was also an ordained Presbyterian minister.\n\nAfter starting her film career at the age of three, Shirley Temple went on to become Hollywood's highest-grossing child actress from 1935 to 1938. She is the epitome of popular child stars who lose their ... "",""title"":""https://www.thefamouspeople.com/born-1928.php""},{""docid"":""54031"",""score"":13.354763032640921,""snippet"":"" ... Simultaneously, numerous agencies in Britain and in America targeted various other aspects of child welfare, from educating parents (particularly women) on hygiene and child-rearing, to raising the age for compulsory schooling, instituting school nutrition programs, and recognizing child rights.\n\nThe Useless Child\n\nFalling infant mortality rates during ... "",""title"":""https://www.representingchildhood.pitt.edu/twentycent_child.htm""}]"
47,779,2026-09-14T10:17:17.064382+00:00,actor real life daughter plays niece TV series,"[""actor"",""real"",""life"",""daughter"",""plays"",""niece"",""tv"",""series""]","""actor"" OR ""real"" OR ""life"" OR ""daughter"" OR ""plays"" OR ""niece"" OR ""tv"" OR ""series""",5,c5b8aa186c7c0fe6193a19341def225d23aa3e1eddf39c92614b2bacf8eb4794,d6c7070e3e40ec10244efa948e3a4b087582a5f3023fa91246133211ca293d76,True,"[""d41"",""d11"",""d42"",""d43"",""d44""]","[""48538"",""20480"",""51536"",""11779"",""27252""]","[{""docid"":""48538"",""score"":18.696880866122626,""snippet"":"" ... The story of their strange marriage, the child it produced and its violent end was a Hollywood tragedy played out in court.\n\nOnce hailed as among the finest actors of his generation, Blake became better known as the center of a real-life murder trial, a story more ... "",""title"":""https://www.pbs.org/newshour/arts/robert-blake-actor-acquitted-in-wifes-killing-dies-at-89""},{""docid"":""20480"",""score"":18.63087915735836,""snippet"":"" ... They need that, too.\""\n\nWhile her TV dad played an influential role in her life on That Girl, Thomas's real-life father was, and remains, the overwhelming inspiration in both her life and career.\n\nA multi-talented performer - beloved nightclub headliner, movie actor, TV producer and star ... "",""title"":""https://www.televisionacademy.com/features/news/online-originals/girl-one-who-changed-everything""},{""docid"":""51536"",""score"":18.622128107713962,""snippet"":"" ... it was the first big movie break for the talented, late actor Anton Yelchin, and it allowed Robin Williams to share the screen with his daughter Zelda.\n\nYelchin's plays Duchovny as a boy, whose best friend is a mentally challenged deliveryman, played by Williams. Zelda Williams plays ... "",""title"":""https://collider.com/galleries/celebrity-children-parents-movies/""},{""docid"":""11779"",""score"":18.06236804587279,""snippet"":"" ... Doherty later starred in the Kevin Smith film Mallrats and the TV series Charmed.\n\nIn 2023, the actor and director launched Let's Be Clear with Shannen Doherty, a podcast that reflects on her life and career. \""I wanted to be clear about what it was like for ... "",""title"":""https://people.com/little-house-on-the-prairie-cast-where-are-they-now-8603014""},{""docid"":""27252"",""score"":17.802101342039794,""snippet"":"" ... Scott | | |\n| BET Comedy Awards | 2004 | Outstanding Comedy Series | George Lopez | | |\n| BET Comedy Awards | 2004 | Outstanding Lead Actor in a Comedy Series | George Lopez | | |\n| Casting Society of America | 2002 | Best Casting for TV, Comedy Pilot (\""Prototype\"") | Mary V. BuckSusan Edelman | | |\n| Emmy Awards (Creative Arts) | 2004 | Outstanding Cinematography for a ... "",""title"":""https://en.wikipedia.org/wiki/George_Lopez_(TV_series)""}]"
47,780,2026-09-14T10:17:17.065229+00:00,actor real life son plays unrelated character TV show,"[""actor"",""real"",""life"",""son"",""plays"",""unrelated"",""character"",""tv"",""show""]","""actor"" OR ""real"" OR ""life"" OR ""son"" OR ""plays"" OR ""unrelated"" OR ""character"" OR ""tv"" OR ""show""",5,54939772d527a727c4e4a4cd375ace27972cd17cfcdf48ccbd7cf79a6b997fd7,186b25c5ce5104eb7bad2ac592a8b3dd73bc4bde4acb44578dd593e39b9d170f,True,"[""d45"",""d46"",""d27"",""d47"",""d24""]","[""69326"",""63690"",""78415"",""32179"",""64629""]","[{""docid"":""69326"",""score"":17.608058152860483,""snippet"":"" ... actors in completely unrelated roles in TV shows can go unnoticed by the audience, like Charles-Dean Chapman in Game of Thrones.\n\n- Talented actors, such as Tatiana Maslany in Orphan Black and Lisa Kudrow in Friends, can successfully portray multiple characters and create complex relationships on-screen.\n\nPlaying ... "",""title"":""https://screenrant.com/actors-multiple-characters-same-tv-show/""},{""docid"":""63690"",""score"":17.307014678439057,""snippet"":"" ... People] (94 quizzes)\n\nReal Name\n\n[Celebrities] (73 quizzes)\n\nThe Best Name Game\n\n[People] (605 quizzes)\n\nName the People\n\n[Movies] (398 quizzes)\n\nNames in Songs\n\n[Music] (126 quizzes)\n\nSurnames\n\n[General] (10 quizzes)\n\nThematic Names\n\n[General] (151 quizzes)\n\n1. Which actor played Dr. Robb in the TV series \""In The ... "",""title"":""https://www.funtrivia.com/quizzes/people/name_game/same_surname.html""},{""docid"":""78415"",""score"":16.991242550960894,""snippet"":"" ... movie follows fading TV hero Rick Dalton (Leonardo DiCaprio) and his best friend/stunt double Cliff Booth (Brad Pitt) as they navigate the changing landscape of Hollywood while also living next door to Sharon Tate (Margot Robbie).\n\nOlyphant plays one of several real-life characters in Once Upon ... "",""title"":""https://screenrant.com/timothy-olyphant-best-movies-tv-shows/""},{""docid"":""32179"",""score"":16.75430642685047,""snippet"":"" ... The Penguin - \""The Fishin' Hole\"" is the name of the iconic whistling theme song of what classic TV show, which features the title figure walking to the \""fishin' hole\"" with his son?\n\nAnswer: The Andy Griffith Show - Even though the character was first played by Susan Neher in ... "",""title"":""https://www.watercoolertrivia.com/trivia-questions/classic-tv-trivia-questions""},{""docid"":""64629"",""score"":16.6460355950987,""snippet"":"" ... Huck has various career ambitions in life, and he tries them all, though not particularly succeeding in any. This TV series was one of the six TV shows in 1960 and the first animation in history to win an Emmy for Outstanding Achievement in the Field of Children ... "",""title"":""https://www.boredpanda.com/60s-cartoons/""}]"
47,781,2026-09-14T10:17:17.066176+00:00,TV series actor family member cast unrelated role,"[""tv"",""series"",""actor"",""family"",""member"",""cast"",""unrelated"",""role""]","""tv"" OR ""series"" OR ""actor"" OR ""family"" OR ""member"" OR ""cast"" OR ""unrelated"" OR ""role""",5,926b5ad16c406760231902a802affccc9ecf484551833494d8bd71d09e634b0f,519938cc51f961ebe64dbcb827d1f5b0c02770f081d1dc8fc353acc8debc2b64,True,"[""d45"",""d33"",""d27"",""d46"",""d48""]","[""69326"",""57395"",""78415"",""63690"",""56024""]","[{""docid"":""69326"",""score"":18.76403021129144,""snippet"":"" ... 2023-11-14\n---\nSummary\n\n- Some actors excel at playing multiple roles in TV shows and movies, like Winona Ryder in Bram Stoker's Dracula and the cast of Everything Everywhere All at Once.\n\n- Recasting actors in completely unrelated roles in TV shows can go unnoticed by the audience ... "",""title"":""https://screenrant.com/actors-multiple-characters-same-tv-show/""},{""docid"":""57395"",""score"":18.072108702580366,""snippet"":"" ... Trivia[]\n\n- This had the most main cast members leave the series, with a total of 11 (although Jorja Fox later returned as a main cast member).\n\n- This was the penultimate CSI series to end.\n\n- This was the only CSI to lose both of its original lead actors (William ... "",""title"":""https://csi.fandom.com/wiki/CSI:Crime_Scene_Investigation""},{""docid"":""78415"",""score"":17.889209447110897,""snippet"":"" ... patriarch of the family. He initially plays the role with the cool calmness he pulls off so well in other roles, but becomes an anxious and desperate man when things start to unravel. The series makes for a gripping noir movie with a terrific cast that also includes ... "",""title"":""https://screenrant.com/timothy-olyphant-best-movies-tv-shows/""},{""docid"":""63690"",""score"":17.43938333974542,""snippet"":"" ... Which actor played Dr. Robb in the TV series \""In The Heat of The Night\""?\n\nFrom Quiz My Name is Robb\n\nAnswer: Dan Biggars\n\nDan Biggars was also an American college official prior to acting. William Windom played Dr. Seth Hazlitt in \""Murder She Wrote\"". Robert Young was ... "",""title"":""https://www.funtrivia.com/quizzes/people/name_game/same_surname.html""},{""docid"":""56024"",""score"":17.375538910828254,""snippet"":"" ... At 24 she won the role of the title character in UPN's drama Veronica Mars, which was launched in the fall of 2004. Created by Rob Thomas, the series starred Bell as the seventeen year old detective Veronica, which put her alongside actors Enrico Colantoni who played ... "",""title"":""https://unionfilms.org/films/people/kristen-bell.html""}]"
47,783,2026-09-14T10:17:17.069292+00:00,character married 3 times one child survives TV series 2000s,"[""character"",""married"",""3"",""times"",""one"",""child"",""survives"",""tv"",""series"",""2000s""]","""character"" OR ""married"" OR ""3"" OR ""times"" OR ""one"" OR ""child"" OR ""survives"" OR ""tv"" OR ""series"" OR ""2000s""",5,c9c062871b30893c9447ce45e87e6504375dfae99fdf6c1353e79599774caf6b,c470efb1a9b429148472627ec591e0453570f344b59db596bed9e6b635ebfe8c,True,"[""d6"",""d49"",""d50"",""d19"",""d2""]","[""78953"",""4035"",""3161"",""60134"",""81882""]","[{""docid"":""78953"",""score"":16.2824976074087,""snippet"":"" ... on Aidy Bryant's Hulu series Shrill and in the 2019 film James vs. His Future Self. In 2023, he joined season 4 of Apple TV+'s critically acclaimed science fiction drama For All Mankind as the character Eli Hobson.\n\nHe and actress Laure Mattos have been married ... "",""title"":""https://people.com/movies/home-alone-cast-where-are-they-now/""},{""docid"":""4035"",""score"":15.898290019368474,""snippet"":"" ... He was married to Star Herrmann and Leigh Curran. He died on 31 December 2014 in New York City, New York, USA.- Actor\n\n- Producer\n\n- Additional Crew\n\nOne of Hollywood's finest character / \""Method\"" actors, Eli Wallach was in demand for over 60 years (first film/TV role was ... "",""title"":""https://www.imdb.com/search/name/?death_date=2014""},{""docid"":""3161"",""score"":15.76035451695941,""snippet"":"" ... In the early 1970s, she landed minor roles in film and TV, and finally won a role on the series Three's Company (1976). She married Hamel in 1977. She was fired from the series after she asked for a raise at the beginning of the fifth season ... "",""title"":""https://m.imdb.com/search/name/?death_date=2023&ref_=nmbio_dth_yr""},{""docid"":""60134"",""score"":15.715324421687555,""snippet"":"" ... In 2003, Mulroney played Gavin Mitchell on the TV series Friends. He appeared in three episodes of the ninth season, his character briefly dating Rachel. This would mark Mulroney's last on-screen appearance on television for a number of years, later revealing in a May 2007 interview ... "",""title"":""https://en.wikipedia.org/wiki/Dermot_Mulroney""},{""docid"":""81882"",""score"":15.691378997718399,""snippet"":"" ... He was married a total of seven times, and fathered eight children.\n\nAfter long battles with ill health, Richard Pryor passed away on December 10th, 2005.- Vincent Schiavelli, selected in 1997 by Vanity Fair as one of the best character actors in America, had made over 120 film ... "",""title"":""https://m.imdb.com/search/name/?death_date=2005&ref_=nmbio""}]"
47,784,2026-09-14T10:17:17.070180+00:00,TV show character three marriages one surviving child,"[""tv"",""show"",""character"",""three"",""marriages"",""one"",""surviving"",""child""]","""tv"" OR ""show"" OR ""character"" OR ""three"" OR ""marriages"" OR ""one"" OR ""surviving"" OR ""child""",5,dcfdfe59d4312591ff3d757fe02035f881e4a26022e07fa519df09748ec9df4a,3f31bf042d8cc6df97db1dfa7b9b5da5c52351b9d4583f684f1cbc8fdbd5e8e2,True,"[""d39"",""d8"",""d51"",""d52"",""d53""]","[""53008"",""60248"",""37367"",""77637"",""54031""]","[{""docid"":""53008"",""score"":13.664801548271926,""snippet"":"" ... Most recently, Liotta appeared in The Many Saints of Newark, Marriage Story and No Sudden Move. He also appeared on Jennifer Lopez's TV show, Shades of Blue, which ended after three seasons. Liotta is survived by his daughter, Karsen and his fiancée Jacy Nittolo.\n\nJohn Zderko\n\nThe ... "",""title"":""https://www.etonline.com/gallery/stars-weve-lost-in-2022-177426""},{""docid"":""60248"",""score"":13.648348285782436,""snippet"":"" ... Lucci was expected to guest star on Prospect Park's continuation of All My Children in 2013, but the appearance never came to fruition due to the show's second cancellation.\n\nErica is considered to be the most popular character in American soap opera history. TV Guide calls ... "",""title"":""https://en.wikipedia.org/wiki/Erica_Kane""},{""docid"":""37367"",""score"":13.510584826136753,""snippet"":"" ... Midway through the season, an attempt was made to increase ratings by having Havoc's character relocate to New York to represent show business clients; however, the show lasted only one season.\""Lady Lawyer Practices Law,\"" TV Guide May 7–13, 1955, p. 12.\n\nFrom the 1960s through ... "",""title"":""https://en.wikipedia.org/wiki/June_Havoc""},{""docid"":""77637"",""score"":13.489606718134208,""snippet"":"" ... Besides his TV career, he was also an ordained Presbyterian minister.\n\nAfter starting her film career at the age of three, Shirley Temple went on to become Hollywood's highest-grossing child actress from 1935 to 1938. She is the epitome of popular child stars who lose their ... "",""title"":""https://www.thefamouspeople.com/born-1928.php""},{""docid"":""54031"",""score"":13.354763032640921,""snippet"":"" ... Simultaneously, numerous agencies in Britain and in America targeted various other aspects of child welfare, from educating parents (particularly women) on hygiene and child-rearing, to raising the age for compulsory schooling, instituting school nutrition programs, and recognizing child rights.\n\nThe Useless Child\n\nFalling infant mortality rates during ... "",""title"":""https://www.representingchildhood.pitt.edu/twentycent_child.htm""}]"
48,794,2026-09-14T10:17:21.003922+00:00,actor real life daughter plays niece TV series,"[""actor"",""real"",""life"",""daughter"",""plays"",""niece"",""tv"",""series""]","""actor"" OR ""real"" OR ""life"" OR ""daughter"" OR ""plays"" OR ""niece"" OR ""tv"" OR ""series""",5,c5b8aa186c7c0fe6193a19341def225d23aa3e1eddf39c92614b2bacf8eb4794,d6c7070e3e40ec10244efa948e3a4b087582a5f3023fa91246133211ca293d76,True,"[""d41"",""d11"",""d42"",""d43"",""d44""]","[""48538"",""20480"",""51536"",""11779"",""27252""]","[{""docid"":""48538"",""score"":18.696880866122626,""snippet"":"" ... The story of their strange marriage, the child it produced and its violent end was a Hollywood tragedy played out in court.\n\nOnce hailed as among the finest actors of his generation, Blake became better known as the center of a real-life murder trial, a story more ... "",""title"":""https://www.pbs.org/newshour/arts/robert-blake-actor-acquitted-in-wifes-killing-dies-at-89""},{""docid"":""20480"",""score"":18.63087915735836,""snippet"":"" ... They need that, too.\""\n\nWhile her TV dad played an influential role in her life on That Girl, Thomas's real-life father was, and remains, the overwhelming inspiration in both her life and career.\n\nA multi-talented performer - beloved nightclub headliner, movie actor, TV producer and star ... "",""title"":""https://www.televisionacademy.com/features/news/online-originals/girl-one-who-changed-everything""},{""docid"":""51536"",""score"":18.622128107713962,""snippet"":"" ... it was the first big movie break for the talented, late actor Anton Yelchin, and it allowed Robin Williams to share the screen with his daughter Zelda.\n\nYelchin's plays Duchovny as a boy, whose best friend is a mentally challenged deliveryman, played by Williams. Zelda Williams plays ... "",""title"":""https://collider.com/galleries/celebrity-children-parents-movies/""},{""docid"":""11779"",""score"":18.06236804587279,""snippet"":"" ... Doherty later starred in the Kevin Smith film Mallrats and the TV series Charmed.\n\nIn 2023, the actor and director launched Let's Be Clear with Shannen Doherty, a podcast that reflects on her life and career. \""I wanted to be clear about what it was like for ... "",""title"":""https://people.com/little-house-on-the-prairie-cast-where-are-they-now-8603014""},{""docid"":""27252"",""score"":17.802101342039794,""snippet"":"" ... Scott | | |\n| BET Comedy Awards | 2004 | Outstanding Comedy Series | George Lopez | | |\n| BET Comedy Awards | 2004 | Outstanding Lead Actor in a Comedy Series | George Lopez | | |\n| Casting Society of America | 2002 | Best Casting for TV, Comedy Pilot (\""Prototype\"") | Mary V. BuckSusan Edelman | | |\n| Emmy Awards (Creative Arts) | 2004 | Outstanding Cinematography for a ... "",""title"":""https://en.wikipedia.org/wiki/George_Lopez_(TV_series)""}]"
48,795,2026-09-14T10:17:21.005084+00:00,actor real life son plays unrelated character TV show,"[""actor"",""real"",""life"",""son"",""plays"",""unrelated"",""character"",""tv"",""show""]","""actor"" OR ""real"" OR ""life"" OR ""son"" OR ""plays"" OR ""unrelated"" OR ""character"" OR ""tv"" OR ""show""",5,54939772d527a727c4e4a4cd375ace27972cd17cfcdf48ccbd7cf79a6b997fd7,186b25c5ce5104eb7bad2ac592a8b3dd73bc4bde4acb44578dd593e39b9d170f,True,"[""d45"",""d46"",""d27"",""d47"",""d24""]","[""69326"",""63690"",""78415"",""32179"",""64629""]","[{""docid"":""69326"",""score"":17.608058152860483,""snippet"":"" ... actors in completely unrelated roles in TV shows can go unnoticed by the audience, like Charles-Dean Chapman in Game of Thrones.\n\n- Talented actors, such as Tatiana Maslany in Orphan Black and Lisa Kudrow in Friends, can successfully portray multiple characters and create complex relationships on-screen.\n\nPlaying ... "",""title"":""https://screenrant.com/actors-multiple-characters-same-tv-show/""},{""docid"":""63690"",""score"":17.307014678439057,""snippet"":"" ... People] (94 quizzes)\n\nReal Name\n\n[Celebrities] (73 quizzes)\n\nThe Best Name Game\n\n[People] (605 quizzes)\n\nName the People\n\n[Movies] (398 quizzes)\n\nNames in Songs\n\n[Music] (126 quizzes)\n\nSurnames\n\n[General] (10 quizzes)\n\nThematic Names\n\n[General] (151 quizzes)\n\n1. Which actor played Dr. Robb in the TV series \""In The ... "",""title"":""https://www.funtrivia.com/quizzes/people/name_game/same_surname.html""},{""docid"":""78415"",""score"":16.991242550960894,""snippet"":"" ... movie follows fading TV hero Rick Dalton (Leonardo DiCaprio) and his best friend/stunt double Cliff Booth (Brad Pitt) as they navigate the changing landscape of Hollywood while also living next door to Sharon Tate (Margot Robbie).\n\nOlyphant plays one of several real-life characters in Once Upon ... "",""title"":""https://screenrant.com/timothy-olyphant-best-movies-tv-shows/""},{""docid"":""32179"",""score"":16.75430642685047,""snippet"":"" ... The Penguin - \""The Fishin' Hole\"" is the name of the iconic whistling theme song of what classic TV show, which features the title figure walking to the \""fishin' hole\"" with his son?\n\nAnswer: The Andy Griffith Show - Even though the character was first played by Susan Neher in ... "",""title"":""https://www.watercoolertrivia.com/trivia-questions/classic-tv-trivia-questions""},{""docid"":""64629"",""score"":16.6460355950987,""snippet"":"" ... Huck has various career ambitions in life, and he tries them all, though not particularly succeeding in any. This TV series was one of the six TV shows in 1960 and the first animation in history to win an Emmy for Outstanding Achievement in the Field of Children ... "",""title"":""https://www.boredpanda.com/60s-cartoons/""}]"
48,796,2026-09-14T10:17:21.006045+00:00,TV series actor family member cast unrelated role,"[""tv"",""series"",""actor"",""family"",""member"",""cast"",""unrelated"",""role""]","""tv"" OR ""series"" OR ""actor"" OR ""family"" OR ""member"" OR ""cast"" OR ""unrelated"" OR ""role""",5,926b5ad16c406760231902a802affccc9ecf484551833494d8bd71d09e634b0f,519938cc51f961ebe64dbcb827d1f5b0c02770f081d1dc8fc353acc8debc2b64,True,"[""d45"",""d33"",""d27"",""d46"",""d48""]","[""69326"",""57395"",""78415"",""63690"",""56024""]","[{""docid"":""69326"",""score"":18.76403021129144,""snippet"":"" ... 2023-11-14\n---\nSummary\n\n- Some actors excel at playing multiple roles in TV shows and movies, like Winona Ryder in Bram Stoker's Dracula and the cast of Everything Everywhere All at Once.\n\n- Recasting actors in completely unrelated roles in TV shows can go unnoticed by the audience ... "",""title"":""https://screenrant.com/actors-multiple-characters-same-tv-show/""},{""docid"":""57395"",""score"":18.072108702580366,""snippet"":"" ... Trivia[]\n\n- This had the most main cast members leave the series, with a total of 11 (although Jorja Fox later returned as a main cast member).\n\n- This was the penultimate CSI series to end.\n\n- This was the only CSI to lose both of its original lead actors (William ... "",""title"":""https://csi.fandom.com/wiki/CSI:Crime_Scene_Investigation""},{""docid"":""78415"",""score"":17.889209447110897,""snippet"":"" ... patriarch of the family. He initially plays the role with the cool calmness he pulls off so well in other roles, but becomes an anxious and desperate man when things start to unravel. The series makes for a gripping noir movie with a terrific cast that also includes ... "",""title"":""https://screenrant.com/timothy-olyphant-best-movies-tv-shows/""},{""docid"":""63690"",""score"":17.43938333974542,""snippet"":"" ... Which actor played Dr. Robb in the TV series \""In The Heat of The Night\""?\n\nFrom Quiz My Name is Robb\n\nAnswer: Dan Biggars\n\nDan Biggars was also an American college official prior to acting. William Windom played Dr. Seth Hazlitt in \""Murder She Wrote\"". Robert Young was ... "",""title"":""https://www.funtrivia.com/quizzes/people/name_game/same_surname.html""},{""docid"":""56024"",""score"":17.375538910828254,""snippet"":"" ... At 24 she won the role of the title character in UPN's drama Veronica Mars, which was launched in the fall of 2004. Created by Rob Thomas, the series starred Bell as the seventeen year old detective Veronica, which put her alongside actors Enrico Colantoni who played ... "",""title"":""https://unionfilms.org/films/people/kristen-bell.html""}]"
48,798,2026-09-14T10:17:21.008884+00:00,character married 3 times one child survives TV series 2000s,"[""character"",""married"",""3"",""times"",""one"",""child"",""survives"",""tv"",""series"",""2000s""]","""character"" OR ""married"" OR ""3"" OR ""times"" OR ""one"" OR ""child"" OR ""survives"" OR ""tv"" OR ""series"" OR ""2000s""",5,c9c062871b30893c9447ce45e87e6504375dfae99fdf6c1353e79599774caf6b,c470efb1a9b429148472627ec591e0453570f344b59db596bed9e6b635ebfe8c,True,"[""d6"",""d49"",""d50"",""d19"",""d2""]","[""78953"",""4035"",""3161"",""60134"",""81882""]","[{""docid"":""78953"",""score"":16.2824976074087,""snippet"":"" ... on Aidy Bryant's Hulu series Shrill and in the 2019 film James vs. His Future Self. In 2023, he joined season 4 of Apple TV+'s critically acclaimed science fiction drama For All Mankind as the character Eli Hobson.\n\nHe and actress Laure Mattos have been married ... "",""title"":""https://people.com/movies/home-alone-cast-where-are-they-now/""},{""docid"":""4035"",""score"":15.898290019368474,""snippet"":"" ... He was married to Star Herrmann and Leigh Curran. He died on 31 December 2014 in New York City, New York, USA.- Actor\n\n- Producer\n\n- Additional Crew\n\nOne of Hollywood's finest character / \""Method\"" actors, Eli Wallach was in demand for over 60 years (first film/TV role was ... "",""title"":""https://www.imdb.com/search/name/?death_date=2014""},{""docid"":""3161"",""score"":15.76035451695941,""snippet"":"" ... In the early 1970s, she landed minor roles in film and TV, and finally won a role on the series Three's Company (1976). She married Hamel in 1977. She was fired from the series after she asked for a raise at the beginning of the fifth season ... "",""title"":""https://m.imdb.com/search/name/?death_date=2023&ref_=nmbio_dth_yr""},{""docid"":""60134"",""score"":15.715324421687555,""snippet"":"" ... In 2003, Mulroney played Gavin Mitchell on the TV series Friends. He appeared in three episodes of the ninth season, his character briefly dating Rachel. This would mark Mulroney's last on-screen appearance on television for a number of years, later revealing in a May 2007 interview ... "",""title"":""https://en.wikipedia.org/wiki/Dermot_Mulroney""},{""docid"":""81882"",""score"":15.691378997718399,""snippet"":"" ... He was married a total of seven times, and fathered eight children.\n\nAfter long battles with ill health, Richard Pryor passed away on December 10th, 2005.- Vincent Schiavelli, selected in 1997 by Vanity Fair as one of the best character actors in America, had made over 120 film ... "",""title"":""https://m.imdb.com/search/name/?death_date=2005&ref_=nmbio""}]"
48,799,2026-09-14T10:17:21.009664+00:00,TV show character three marriages one surviving child,"[""tv"",""show"",""character"",""three"",""marriages"",""one"",""surviving"",""child""]","""tv"" OR ""show"" OR ""character"" OR ""three"" OR ""marriages"" OR ""one"" OR ""surviving"" OR ""child""",5,dcfdfe59d4312591ff3d757fe02035f881e4a26022e07fa519df09748ec9df4a,3f31bf042d8cc6df97db1dfa7b9b5da5c52351b9d4583f684f1cbc8fdbd5e8e2,True,"[""d39"",""d8"",""d51"",""d52"",""d53""]","[""53008"",""60248"",""37367"",""77637"",""54031""]","[{""docid"":""53008"",""score"":13.664801548271926,""snippet"":"" ... Most recently, Liotta appeared in The Many Saints of Newark, Marriage Story and No Sudden Move. He also appeared on Jennifer Lopez's TV show, Shades of Blue, which ended after three seasons. Liotta is survived by his daughter, Karsen and his fiancée Jacy Nittolo.\n\nJohn Zderko\n\nThe ... "",""title"":""https://www.etonline.com/gallery/stars-weve-lost-in-2022-177426""},{""docid"":""60248"",""score"":13.648348285782436,""snippet"":"" ... Lucci was expected to guest star on Prospect Park's continuation of All My Children in 2013, but the appearance never came to fruition due to the show's second cancellation.\n\nErica is considered to be the most popular character in American soap opera history. TV Guide calls ... "",""title"":""https://en.wikipedia.org/wiki/Erica_Kane""},{""docid"":""37367"",""score"":13.510584826136753,""snippet"":"" ... Midway through the season, an attempt was made to increase ratings by having Havoc's character relocate to New York to represent show business clients; however, the show lasted only one season.\""Lady Lawyer Practices Law,\"" TV Guide May 7–13, 1955, p. 12.\n\nFrom the 1960s through ... "",""title"":""https://en.wikipedia.org/wiki/June_Havoc""},{""docid"":""77637"",""score"":13.489606718134208,""snippet"":"" ... Besides his TV career, he was also an ordained Presbyterian minister.\n\nAfter starting her film career at the age of three, Shirley Temple went on to become Hollywood's highest-grossing child actress from 1935 to 1938. She is the epitome of popular child stars who lose their ... "",""title"":""https://www.thefamouspeople.com/born-1928.php""},{""docid"":""54031"",""score"":13.354763032640921,""snippet"":"" ... Simultaneously, numerous agencies in Britain and in America targeted various other aspects of child welfare, from educating parents (particularly women) on hygiene and child-rearing, to raising the age for compulsory schooling, instituting school nutrition programs, and recognizing child rights.\n\nThe Useless Child\n\nFalling infant mortality rates during ... "",""title"":""https://www.representingchildhood.pitt.edu/twentycent_child.htm""}]"
49,809,2026-09-14T10:17:25.147695+00:00,actor real life daughter plays niece TV series,"[""actor"",""real"",""life"",""daughter"",""plays"",""niece"",""tv"",""series""]","""actor"" OR ""real"" OR ""life"" OR ""daughter"" OR ""plays"" OR ""niece"" OR ""tv"" OR ""series""",5,c5b8aa186c7c0fe6193a19341def225d23aa3e1eddf39c92614b2bacf8eb4794,d6c7070e3e40ec10244efa948e3a4b087582a5f3023fa91246133211ca293d76,True,"[""d41"",""d11"",""d42"",""d43"",""d44""]","[""48538"",""20480"",""51536"",""11779"",""27252""]","[{""docid"":""48538"",""score"":18.696880866122626,""snippet"":"" ... The story of their strange marriage, the child it produced and its violent end was a Hollywood tragedy played out in court.\n\nOnce hailed as among the finest actors of his generation, Blake became better known as the center of a real-life murder trial, a story more ... "",""title"":""https://www.pbs.org/newshour/arts/robert-blake-actor-acquitted-in-wifes-killing-dies-at-89""},{""docid"":""20480"",""score"":18.63087915735836,""snippet"":"" ... They need that, too.\""\n\nWhile her TV dad played an influential role in her life on That Girl, Thomas's real-life father was, and remains, the overwhelming inspiration in both her life and career.\n\nA multi-talented performer - beloved nightclub headliner, movie actor, TV producer and star ... "",""title"":""https://www.televisionacademy.com/features/news/online-originals/girl-one-who-changed-everything""},{""docid"":""51536"",""score"":18.622128107713962,""snippet"":"" ... it was the first big movie break for the talented, late actor Anton Yelchin, and it allowed Robin Williams to share the screen with his daughter Zelda.\n\nYelchin's plays Duchovny as a boy, whose best friend is a mentally challenged deliveryman, played by Williams. Zelda Williams plays ... "",""title"":""https://collider.com/galleries/celebrity-children-parents-movies/""},{""docid"":""11779"",""score"":18.06236804587279,""snippet"":"" ... Doherty later starred in the Kevin Smith film Mallrats and the TV series Charmed.\n\nIn 2023, the actor and director launched Let's Be Clear with Shannen Doherty, a podcast that reflects on her life and career. \""I wanted to be clear about what it was like for ... "",""title"":""https://people.com/little-house-on-the-prairie-cast-where-are-they-now-8603014""},{""docid"":""27252"",""score"":17.802101342039794,""snippet"":"" ... Scott | | |\n| BET Comedy Awards | 2004 | Outstanding Comedy Series | George Lopez | | |\n| BET Comedy Awards | 2004 | Outstanding Lead Actor in a Comedy Series | George Lopez | | |\n| Casting Society of America | 2002 | Best Casting for TV, Comedy Pilot (\""Prototype\"") | Mary V. BuckSusan Edelman | | |\n| Emmy Awards (Creative Arts) | 2004 | Outstanding Cinematography for a ... "",""title"":""https://en.wikipedia.org/wiki/George_Lopez_(TV_series)""}]"
49,810,2026-09-14T10:17:25.148651+00:00,actor real life son plays unrelated character TV show,"[""actor"",""real"",""life"",""son"",""plays"",""unrelated"",""character"",""tv"",""show""]","""actor"" OR ""real"" OR ""life"" OR ""son"" OR ""plays"" OR ""unrelated"" OR ""character"" OR ""tv"" OR ""show""",5,54939772d527a727c4e4a4cd375ace27972cd17cfcdf48ccbd7cf79a6b997fd7,186b25c5ce5104eb7bad2ac592a8b3dd73bc4bde4acb44578dd593e39b9d170f,True,"[""d45"",""d46"",""d27"",""d47"",""d24""]","[""69326"",""63690"",""78415"",""32179"",""64629""]","[{""docid"":""69326"",""score"":17.608058152860483,""snippet"":"" ... actors in completely unrelated roles in TV shows can go unnoticed by the audience, like Charles-Dean Chapman in Game of Thrones.\n\n- Talented actors, such as Tatiana Maslany in Orphan Black and Lisa Kudrow in Friends, can successfully portray multiple characters and create complex relationships on-screen.\n\nPlaying ... "",""title"":""https://screenrant.com/actors-multiple-characters-same-tv-show/""},{""docid"":""63690"",""score"":17.307014678439057,""snippet"":"" ... People] (94 quizzes)\n\nReal Name\n\n[Celebrities] (73 quizzes)\n\nThe Best Name Game\n\n[People] (605 quizzes)\n\nName the People\n\n[Movies] (398 quizzes)\n\nNames in Songs\n\n[Music] (126 quizzes)\n\nSurnames\n\n[General] (10 quizzes)\n\nThematic Names\n\n[General] (151 quizzes)\n\n1. Which actor played Dr. Robb in the TV series \""In The ... "",""title"":""https://www.funtrivia.com/quizzes/people/name_game/same_surname.html""},{""docid"":""78415"",""score"":16.991242550960894,""snippet"":"" ... movie follows fading TV hero Rick Dalton (Leonardo DiCaprio) and his best friend/stunt double Cliff Booth (Brad Pitt) as they navigate the changing landscape of Hollywood while also living next door to Sharon Tate (Margot Robbie).\n\nOlyphant plays one of several real-life characters in Once Upon ... "",""title"":""https://screenrant.com/timothy-olyphant-best-movies-tv-shows/""},{""docid"":""32179"",""score"":16.75430642685047,""snippet"":"" ... The Penguin - \""The Fishin' Hole\"" is the name of the iconic whistling theme song of what classic TV show, which features the title figure walking to the \""fishin' hole\"" with his son?\n\nAnswer: The Andy Griffith Show - Even though the character was first played by Susan Neher in ... "",""title"":""https://www.watercoolertrivia.com/trivia-questions/classic-tv-trivia-questions""},{""docid"":""64629"",""score"":16.6460355950987,""snippet"":"" ... Huck has various career ambitions in life, and he tries them all, though not particularly succeeding in any. This TV series was one of the six TV shows in 1960 and the first animation in history to win an Emmy for Outstanding Achievement in the Field of Children ... "",""title"":""https://www.boredpanda.com/60s-cartoons/""}]"
49,811,2026-09-14T10:17:25.149543+00:00,TV series actor family member cast unrelated role,"[""tv"",""series"",""actor"",""family"",""member"",""cast"",""unrelated"",""role""]","""tv"" OR ""series"" OR ""actor"" OR ""family"" OR ""member"" OR ""cast"" OR ""unrelated"" OR ""role""",5,926b5ad16c406760231902a802affccc9ecf484551833494d8bd71d09e634b0f,519938cc51f961ebe64dbcb827d1f5b0c02770f081d1dc8fc353acc8debc2b64,True,"[""d45"",""d33"",""d27"",""d46"",""d48""]","[""69326"",""57395"",""78415"",""63690"",""56024""]","[{""docid"":""69326"",""score"":18.76403021129144,""snippet"":"" ... 2023-11-14\n---\nSummary\n\n- Some actors excel at playing multiple roles in TV shows and movies, like Winona Ryder in Bram Stoker's Dracula and the cast of Everything Everywhere All at Once.\n\n- Recasting actors in completely unrelated roles in TV shows can go unnoticed by the audience ... "",""title"":""https://screenrant.com/actors-multiple-characters-same-tv-show/""},{""docid"":""57395"",""score"":18.072108702580366,""snippet"":"" ... Trivia[]\n\n- This had the most main cast members leave the series, with a total of 11 (although Jorja Fox later returned as a main cast member).\n\n- This was the penultimate CSI series to end.\n\n- This was the only CSI to lose both of its original lead actors (William ... "",""title"":""https://csi.fandom.com/wiki/CSI:Crime_Scene_Investigation""},{""docid"":""78415"",""score"":17.889209447110897,""snippet"":"" ... patriarch of the family. He initially plays the role with the cool calmness he pulls off so well in other roles, but becomes an anxious and desperate man when things start to unravel. The series makes for a gripping noir movie with a terrific cast that also includes ... "",""title"":""https://screenrant.com/timothy-olyphant-best-movies-tv-shows/""},{""docid"":""63690"",""score"":17.43938333974542,""snippet"":"" ... Which actor played Dr. Robb in the TV series \""In The Heat of The Night\""?\n\nFrom Quiz My Name is Robb\n\nAnswer: Dan Biggars\n\nDan Biggars was also an American college official prior to acting. William Windom played Dr. Seth Hazlitt in \""Murder She Wrote\"". Robert Young was ... "",""title"":""https://www.funtrivia.com/quizzes/people/name_game/same_surname.html""},{""docid"":""56024"",""score"":17.375538910828254,""snippet"":"" ... At 24 she won the role of the title character in UPN's drama Veronica Mars, which was launched in the fall of 2004. Created by Rob Thomas, the series starred Bell as the seventeen year old detective Veronica, which put her alongside actors Enrico Colantoni who played ... "",""title"":""https://unionfilms.org/films/people/kristen-bell.html""}]"
49,813,2026-09-14T10:17:25.152978+00:00,character married 3 times one child survives TV series 2000s,"[""character"",""married"",""3"",""times"",""one"",""child"",""survives"",""tv"",""series"",""2000s""]","""character"" OR ""married"" OR ""3"" OR ""times"" OR ""one"" OR ""child"" OR ""survives"" OR ""tv"" OR ""series"" OR ""2000s""",5,c9c062871b30893c9447ce45e87e6504375dfae99fdf6c1353e79599774caf6b,c470efb1a9b429148472627ec591e0453570f344b59db596bed9e6b635ebfe8c,True,"[""d6"",""d49"",""d50"",""d19"",""d2""]","[""78953"",""4035"",""3161"",""60134"",""81882""]","[{""docid"":""78953"",""score"":16.2824976074087,""snippet"":"" ... on Aidy Bryant's Hulu series Shrill and in the 2019 film James vs. His Future Self. In 2023, he joined season 4 of Apple TV+'s critically acclaimed science fiction drama For All Mankind as the character Eli Hobson.\n\nHe and actress Laure Mattos have been married ... "",""title"":""https://people.com/movies/home-alone-cast-where-are-they-now/""},{""docid"":""4035"",""score"":15.898290019368474,""snippet"":"" ... He was married to Star Herrmann and Leigh Curran. He died on 31 December 2014 in New York City, New York, USA.- Actor\n\n- Producer\n\n- Additional Crew\n\nOne of Hollywood's finest character / \""Method\"" actors, Eli Wallach was in demand for over 60 years (first film/TV role was ... "",""title"":""https://www.imdb.com/search/name/?death_date=2014""},{""docid"":""3161"",""score"":15.76035451695941,""snippet"":"" ... In the early 1970s, she landed minor roles in film and TV, and finally won a role on the series Three's Company (1976). She married Hamel in 1977. She was fired from the series after she asked for a raise at the beginning of the fifth season ... "",""title"":""https://m.imdb.com/search/name/?death_date=2023&ref_=nmbio_dth_yr""},{""docid"":""60134"",""score"":15.715324421687555,""snippet"":"" ... In 2003, Mulroney played Gavin Mitchell on the TV series Friends. He appeared in three episodes of the ninth season, his character briefly dating Rachel. This would mark Mulroney's last on-screen appearance on television for a number of years, later revealing in a May 2007 interview ... "",""title"":""https://en.wikipedia.org/wiki/Dermot_Mulroney""},{""docid"":""81882"",""score"":15.691378997718399,""snippet"":"" ... He was married a total of seven times, and fathered eight children.\n\nAfter long battles with ill health, Richard Pryor passed away on December 10th, 2005.- Vincent Schiavelli, selected in 1997 by Vanity Fair as one of the best character actors in America, had made over 120 film ... "",""title"":""https://m.imdb.com/search/name/?death_date=2005&ref_=nmbio""}]"
49,814,2026-09-14T10:17:25.153850+00:00,TV show character three marriages one surviving child,"[""tv"",""show"",""character"",""three"",""marriages"",""one"",""surviving"",""child""]","""tv"" OR ""show"" OR ""character"" OR ""three"" OR ""marriages"" OR ""one"" OR ""surviving"" OR ""child""",5,dcfdfe59d4312591ff3d757fe02035f881e4a26022e07fa519df09748ec9df4a,3f31bf042d8cc6df97db1dfa7b9b5da5c52351b9d4583f684f1cbc8fdbd5e8e2,True,"[""d39"",""d8"",""d51"",""d52"",""d53""]","[""53008"",""60248"",""37367"",""77637"",""54031""]","[{""docid"":""53008"",""score"":13.664801548271926,""snippet"":"" ... Most recently, Liotta appeared in The Many Saints of Newark, Marriage Story and No Sudden Move. He also appeared on Jennifer Lopez's TV show, Shades of Blue, which ended after three seasons. Liotta is survived by his daughter, Karsen and his fiancée Jacy Nittolo.\n\nJohn Zderko\n\nThe ... "",""title"":""https://www.etonline.com/gallery/stars-weve-lost-in-2022-177426""},{""docid"":""60248"",""score"":13.648348285782436,""snippet"":"" ... Lucci was expected to guest star on Prospect Park's continuation of All My Children in 2013, but the appearance never came to fruition due to the show's second cancellation.\n\nErica is considered to be the most popular character in American soap opera history. TV Guide calls ... "",""title"":""https://en.wikipedia.org/wiki/Erica_Kane""},{""docid"":""37367"",""score"":13.510584826136753,""snippet"":"" ... Midway through the season, an attempt was made to increase ratings by having Havoc's character relocate to New York to represent show business clients; however, the show lasted only one season.\""Lady Lawyer Practices Law,\"" TV Guide May 7–13, 1955, p. 12.\n\nFrom the 1960s through ... "",""title"":""https://en.wikipedia.org/wiki/June_Havoc""},{""docid"":""77637"",""score"":13.489606718134208,""snippet"":"" ... Besides his TV career, he was also an ordained Presbyterian minister.\n\nAfter starting her film career at the age of three, Shirley Temple went on to become Hollywood's highest-grossing child actress from 1935 to 1938. She is the epitome of popular child stars who lose their ... "",""title"":""https://www.thefamouspeople.com/born-1928.php""},{""docid"":""54031"",""score"":13.354763032640921,""snippet"":"" ... Simultaneously, numerous agencies in Britain and in America targeted various other aspects of child welfare, from educating parents (particularly women) on hygiene and child-rearing, to raising the age for compulsory schooling, instituting school nutrition programs, and recognizing child rights.\n\nThe Useless Child\n\nFalling infant mortality rates during ... "",""title"":""https://www.representingchildhood.pitt.edu/twentycent_child.htm""}]"
50,824,2026-09-14T10:17:29.530300+00:00,actor real life daughter plays niece TV series,"[""actor"",""real"",""life"",""daughter"",""plays"",""niece"",""tv"",""series""]","""actor"" OR ""real"" OR ""life"" OR ""daughter"" OR ""plays"" OR ""niece"" OR ""tv"" OR ""series""",5,c5b8aa186c7c0fe6193a19341def225d23aa3e1eddf39c92614b2bacf8eb4794,d6c7070e3e40ec10244efa948e3a4b087582a5f3023fa91246133211ca293d76,True,"[""d41"",""d11"",""d42"",""d43"",""d44""]","[""48538"",""20480"",""51536"",""11779"",""27252""]","[{""docid"":""48538"",""score"":18.696880866122626,""snippet"":"" ... The story of their strange marriage, the child it produced and its violent end was a Hollywood tragedy played out in court.\n\nOnce hailed as among the finest actors of his generation, Blake became better known as the center of a real-life murder trial, a story more ... "",""title"":""https://www.pbs.org/newshour/arts/robert-blake-actor-acquitted-in-wifes-killing-dies-at-89""},{""docid"":""20480"",""score"":18.63087915735836,""snippet"":"" ... They need that, too.\""\n\nWhile her TV dad played an influential role in her life on That Girl, Thomas's real-life father was, and remains, the overwhelming inspiration in both her life and career.\n\nA multi-talented performer - beloved nightclub headliner, movie actor, TV producer and star ... "",""title"":""https://www.televisionacademy.com/features/news/online-originals/girl-one-who-changed-everything""},{""docid"":""51536"",""score"":18.622128107713962,""snippet"":"" ... it was the first big movie break for the talented, late actor Anton Yelchin, and it allowed Robin Williams to share the screen with his daughter Zelda.\n\nYelchin's plays Duchovny as a boy, whose best friend is a mentally challenged deliveryman, played by Williams. Zelda Williams plays ... "",""title"":""https://collider.com/galleries/celebrity-children-parents-movies/""},{""docid"":""11779"",""score"":18.06236804587279,""snippet"":"" ... Doherty later starred in the Kevin Smith film Mallrats and the TV series Charmed.\n\nIn 2023, the actor and director launched Let's Be Clear with Shannen Doherty, a podcast that reflects on her life and career. \""I wanted to be clear about what it was like for ... "",""title"":""https://people.com/little-house-on-the-prairie-cast-where-are-they-now-8603014""},{""docid"":""27252"",""score"":17.802101342039794,""snippet"":"" ... Scott | | |\n| BET Comedy Awards | 2004 | Outstanding Comedy Series | George Lopez | | |\n| BET Comedy Awards | 2004 | Outstanding Lead Actor in a Comedy Series | George Lopez | | |\n| Casting Society of America | 2002 | Best Casting for TV, Comedy Pilot (\""Prototype\"") | Mary V. BuckSusan Edelman | | |\n| Emmy Awards (Creative Arts) | 2004 | Outstanding Cinematography for a ... "",""title"":""https://en.wikipedia.org/wiki/George_Lopez_(TV_series)""}]"
50,825,2026-09-14T10:17:29.531504+00:00,actor real life son plays unrelated character TV show,"[""actor"",""real"",""life"",""son"",""plays"",""unrelated"",""character"",""tv"",""show""]","""actor"" OR ""real"" OR ""life"" OR ""son"" OR ""plays"" OR ""unrelated"" OR ""character"" OR ""tv"" OR ""show""",5,54939772d527a727c4e4a4cd375ace27972cd17cfcdf48ccbd7cf79a6b997fd7,186b25c5ce5104eb7bad2ac592a8b3dd73bc4bde4acb44578dd593e39b9d170f,True,"[""d45"",""d46"",""d27"",""d47"",""d24""]","[""69326"",""63690"",""78415"",""32179"",""64629""]","[{""docid"":""69326"",""score"":17.608058152860483,""snippet"":"" ... actors in completely unrelated roles in TV shows can go unnoticed by the audience, like Charles-Dean Chapman in Game of Thrones.\n\n- Talented actors, such as Tatiana Maslany in Orphan Black and Lisa Kudrow in Friends, can successfully portray multiple characters and create complex relationships on-screen.\n\nPlaying ... "",""title"":""https://screenrant.com/actors-multiple-characters-same-tv-show/""},{""docid"":""63690"",""score"":17.307014678439057,""snippet"":"" ... People] (94 quizzes)\n\nReal Name\n\n[Celebrities] (73 quizzes)\n\nThe Best Name Game\n\n[People] (605 quizzes)\n\nName the People\n\n[Movies] (398 quizzes)\n\nNames in Songs\n\n[Music] (126 quizzes)\n\nSurnames\n\n[General] (10 quizzes)\n\nThematic Names\n\n[General] (151 quizzes)\n\n1. Which actor played Dr. Robb in the TV series \""In The ... "",""title"":""https://www.funtrivia.com/quizzes/people/name_game/same_surname.html""},{""docid"":""78415"",""score"":16.991242550960894,""snippet"":"" ... movie follows fading TV hero Rick Dalton (Leonardo DiCaprio) and his best friend/stunt double Cliff Booth (Brad Pitt) as they navigate the changing landscape of Hollywood while also living next door to Sharon Tate (Margot Robbie).\n\nOlyphant plays one of several real-life characters in Once Upon ... "",""title"":""https://screenrant.com/timothy-olyphant-best-movies-tv-shows/""},{""docid"":""32179"",""score"":16.75430642685047,""snippet"":"" ... The Penguin - \""The Fishin' Hole\"" is the name of the iconic whistling theme song of what classic TV show, which features the title figure walking to the \""fishin' hole\"" with his son?\n\nAnswer: The Andy Griffith Show - Even though the character was first played by Susan Neher in ... "",""title"":""https://www.watercoolertrivia.com/trivia-questions/classic-tv-trivia-questions""},{""docid"":""64629"",""score"":16.6460355950987,""snippet"":"" ... Huck has various career ambitions in life, and he tries them all, though not particularly succeeding in any. This TV series was one of the six TV shows in 1960 and the first animation in history to win an Emmy for Outstanding Achievement in the Field of Children ... "",""title"":""https://www.boredpanda.com/60s-cartoons/""}]"
50,826,2026-09-14T10:17:29.532637+00:00,TV series actor family member cast unrelated role,"[""tv"",""series"",""actor"",""family"",""member"",""cast"",""unrelated"",""role""]","""tv"" OR ""series"" OR ""actor"" OR ""family"" OR ""member"" OR ""cast"" OR ""unrelated"" OR ""role""",5,926b5ad16c406760231902a802affccc9ecf484551833494d8bd71d09e634b0f,519938cc51f961ebe64dbcb827d1f5b0c02770f081d1dc8fc353acc8debc2b64,True,"[""d45"",""d33"",""d27"",""d46"",""d48""]","[""69326"",""57395"",""78415"",""63690"",""56024""]","[{""docid"":""69326"",""score"":18.76403021129144,""snippet"":"" ... 2023-11-14\n---\nSummary\n\n- Some actors excel at playing multiple roles in TV shows and movies, like Winona Ryder in Bram Stoker's Dracula and the cast of Everything Everywhere All at Once.\n\n- Recasting actors in completely unrelated roles in TV shows can go unnoticed by the audience ... "",""title"":""https://screenrant.com/actors-multiple-characters-same-tv-show/""},{""docid"":""57395"",""score"":18.072108702580366,""snippet"":"" ... Trivia[]\n\n- This had the most main cast members leave the series, with a total of 11 (although Jorja Fox later returned as a main cast member).\n\n- This was the penultimate CSI series to end.\n\n- This was the only CSI to lose both of its original lead actors (William ... "",""title"":""https://csi.fandom.com/wiki/CSI:Crime_Scene_Investigation""},{""docid"":""78415"",""score"":17.889209447110897,""snippet"":"" ... patriarch of the family. He initially plays the role with the cool calmness he pulls off so well in other roles, but becomes an anxious and desperate man when things start to unravel. The series makes for a gripping noir movie with a terrific cast that also includes ... "",""title"":""https://screenrant.com/timothy-olyphant-best-movies-tv-shows/""},{""docid"":""63690"",""score"":17.43938333974542,""snippet"":"" ... Which actor played Dr. Robb in the TV series \""In The Heat of The Night\""?\n\nFrom Quiz My Name is Robb\n\nAnswer: Dan Biggars\n\nDan Biggars was also an American college official prior to acting. William Windom played Dr. Seth Hazlitt in \""Murder She Wrote\"". Robert Young was ... "",""title"":""https://www.funtrivia.com/quizzes/people/name_game/same_surname.html""},{""docid"":""56024"",""score"":17.375538910828254,""snippet"":"" ... At 24 she won the role of the title character in UPN's drama Veronica Mars, which was launched in the fall of 2004. Created by Rob Thomas, the series starred Bell as the seventeen year old detective Veronica, which put her alongside actors Enrico Colantoni who played ... "",""title"":""https://unionfilms.org/films/people/kristen-bell.html""}]"
50,828,2026-09-14T10:17:29.535977+00:00,character married 3 times one child survives TV series 2000s,"[""character"",""married"",""3"",""times"",""one"",""child"",""survives"",""tv"",""series"",""2000s""]","""character"" OR ""married"" OR ""3"" OR ""times"" OR ""one"" OR ""child"" OR ""survives"" OR ""tv"" OR ""series"" OR ""2000s""",5,c9c062871b30893c9447ce45e87e6504375dfae99fdf6c1353e79599774caf6b,c470efb1a9b429148472627ec591e0453570f344b59db596bed9e6b635ebfe8c,True,"[""d6"",""d49"",""d50"",""d19"",""d2""]","[""78953"",""4035"",""3161"",""60134"",""81882""]","[{""docid"":""78953"",""score"":16.2824976074087,""snippet"":"" ... on Aidy Bryant's Hulu series Shrill and in the 2019 film James vs. His Future Self. In 2023, he joined season 4 of Apple TV+'s critically acclaimed science fiction drama For All Mankind as the character Eli Hobson.\n\nHe and actress Laure Mattos have been married ... "",""title"":""https://people.com/movies/home-alone-cast-where-are-they-now/""},{""docid"":""4035"",""score"":15.898290019368474,""snippet"":"" ... He was married to Star Herrmann and Leigh Curran. He died on 31 December 2014 in New York City, New York, USA.- Actor\n\n- Producer\n\n- Additional Crew\n\nOne of Hollywood's finest character / \""Method\"" actors, Eli Wallach was in demand for over 60 years (first film/TV role was ... "",""title"":""https://www.imdb.com/search/name/?death_date=2014""},{""docid"":""3161"",""score"":15.76035451695941,""snippet"":"" ... In the early 1970s, she landed minor roles in film and TV, and finally won a role on the series Three's Company (1976). She married Hamel in 1977. She was fired from the series after she asked for a raise at the beginning of the fifth season ... "",""title"":""https://m.imdb.com/search/name/?death_date=2023&ref_=nmbio_dth_yr""},{""docid"":""60134"",""score"":15.715324421687555,""snippet"":"" ... In 2003, Mulroney played Gavin Mitchell on the TV series Friends. He appeared in three episodes of the ninth season, his character briefly dating Rachel. This would mark Mulroney's last on-screen appearance on television for a number of years, later revealing in a May 2007 interview ... "",""title"":""https://en.wikipedia.org/wiki/Dermot_Mulroney""},{""docid"":""81882"",""score"":15.691378997718399,""snippet"":"" ... He was married a total of seven times, and fathered eight children.\n\nAfter long battles with ill health, Richard Pryor passed away on December 10th, 2005.- Vincent Schiavelli, selected in 1997 by Vanity Fair as one of the best character actors in America, had made over 120 film ... "",""title"":""https://m.imdb.com/search/name/?death_date=2005&ref_=nmbio""}]"
50,829,2026-09-14T10:17:29.537040+00:00,TV show character three marriages one surviving child,"[""tv"",""show"",""character"",""three"",""marriages"",""one"",""surviving"",""child""]","""tv"" OR ""show"" OR ""character"" OR ""three"" OR ""marriages"" OR ""one"" OR ""surviving"" OR ""child""",5,dcfdfe59d4312591ff3d757fe02035f881e4a26022e07fa519df09748ec9df4a,3f31bf042d8cc6df97db1dfa7b9b5da5c52351b9d4583f684f1cbc8fdbd5e8e2,True,"[""d39"",""d8"",""d51"",""d52"",""d53""]","[""53008"",""60248"",""37367"",""77637"",""54031""]","[{""docid"":""53008"",""score"":13.664801548271926,""snippet"":"" ... Most recently, Liotta appeared in The Many Saints of Newark, Marriage Story and No Sudden Move. He also appeared on Jennifer Lopez's TV show, Shades of Blue, which ended after three seasons. Liotta is survived by his daughter, Karsen and his fiancée Jacy Nittolo.\n\nJohn Zderko\n\nThe ... "",""title"":""https://www.etonline.com/gallery/stars-weve-lost-in-2022-177426""},{""docid"":""60248"",""score"":13.648348285782436,""snippet"":"" ... Lucci was expected to guest star on Prospect Park's continuation of All My Children in 2013, but the appearance never came to fruition due to the show's second cancellation.\n\nErica is considered to be the most popular character in American soap opera history. TV Guide calls ... "",""title"":""https://en.wikipedia.org/wiki/Erica_Kane""},{""docid"":""37367"",""score"":13.510584826136753,""snippet"":"" ... Midway through the season, an attempt was made to increase ratings by having Havoc's character relocate to New York to represent show business clients; however, the show lasted only one season.\""Lady Lawyer Practices Law,\"" TV Guide May 7–13, 1955, p. 12.\n\nFrom the 1960s through ... "",""title"":""https://en.wikipedia.org/wiki/June_Havoc""},{""docid"":""77637"",""score"":13.489606718134208,""snippet"":"" ... Besides his TV career, he was also an ordained Presbyterian minister.\n\nAfter starting her film career at the age of three, Shirley Temple went on to become Hollywood's highest-grossing child actress from 1935 to 1938. She is the epitome of popular child stars who lose their ... "",""title"":""https://www.thefamouspeople.com/born-1928.php""},{""docid"":""54031"",""score"":13.354763032640921,""snippet"":"" ... Simultaneously, numerous agencies in Britain and in America targeted various other aspects of child welfare, from educating parents (particularly women) on hygiene and child-rearing, to raising the age for compulsory schooling, instituting school nutrition programs, and recognizing child rights.\n\nThe Useless Child\n\nFalling infant mortality rates during ... "",""title"":""https://www.representingchildhood.pitt.edu/twentycent_child.htm""}]"
51,839,2026-09-14T10:17:32.549004+00:00,actor real life daughter plays niece TV series,"[""actor"",""real"",""life"",""daughter"",""plays"",""niece"",""tv"",""series""]","""actor"" OR ""real"" OR ""life"" OR ""daughter"" OR ""plays"" OR ""niece"" OR ""tv"" OR ""series""",5,c5b8aa186c7c0fe6193a19341def225d23aa3e1eddf39c92614b2bacf8eb4794,d6c7070e3e40ec10244efa948e3a4b087582a5f3023fa91246133211ca293d76,True,"[""d41"",""d11"",""d42"",""d43"",""d44""]","[""48538"",""20480"",""51536"",""11779"",""27252""]","[{""docid"":""48538"",""score"":18.696880866122626,""snippet"":"" ... The story of their strange marriage, the child it produced and its violent end was a Hollywood tragedy played out in court.\n\nOnce hailed as among the finest actors of his generation, Blake became better known as the center of a real-life murder trial, a story more ... "",""title"":""https://www.pbs.org/newshour/arts/robert-blake-actor-acquitted-in-wifes-killing-dies-at-89""},{""docid"":""20480"",""score"":18.63087915735836,""snippet"":"" ... They need that, too.\""\n\nWhile her TV dad played an influential role in her life on That Girl, Thomas's real-life father was, and remains, the overwhelming inspiration in both her life and career.\n\nA multi-talented performer - beloved nightclub headliner, movie actor, TV producer and star ... "",""title"":""https://www.televisionacademy.com/features/news/online-originals/girl-one-who-changed-everything""},{""docid"":""51536"",""score"":18.622128107713962,""snippet"":"" ... it was the first big movie break for the talented, late actor Anton Yelchin, and it allowed Robin Williams to share the screen with his daughter Zelda.\n\nYelchin's plays Duchovny as a boy, whose best friend is a mentally challenged deliveryman, played by Williams. Zelda Williams plays ... "",""title"":""https://collider.com/galleries/celebrity-children-parents-movies/""},{""docid"":""11779"",""score"":18.06236804587279,""snippet"":"" ... Doherty later starred in the Kevin Smith film Mallrats and the TV series Charmed.\n\nIn 2023, the actor and director launched Let's Be Clear with Shannen Doherty, a podcast that reflects on her life and career. \""I wanted to be clear about what it was like for ... "",""title"":""https://people.com/little-house-on-the-prairie-cast-where-are-they-now-8603014""},{""docid"":""27252"",""score"":17.802101342039794,""snippet"":"" ... Scott | | |\n| BET Comedy Awards | 2004 | Outstanding Comedy Series | George Lopez | | |\n| BET Comedy Awards | 2004 | Outstanding Lead Actor in a Comedy Series | George Lopez | | |\n| Casting Society of America | 2002 | Best Casting for TV, Comedy Pilot (\""Prototype\"") | Mary V. BuckSusan Edelman | | |\n| Emmy Awards (Creative Arts) | 2004 | Outstanding Cinematography for a ... "",""title"":""https://en.wikipedia.org/wiki/George_Lopez_(TV_series)""}]"
51,840,2026-09-14T10:17:32.549886+00:00,actor real life son plays unrelated character TV show,"[""actor"",""real"",""life"",""son"",""plays"",""unrelated"",""character"",""tv"",""show""]","""actor"" OR ""real"" OR ""life"" OR ""son"" OR ""plays"" OR ""unrelated"" OR ""character"" OR ""tv"" OR ""show""",5,54939772d527a727c4e4a4cd375ace27972cd17cfcdf48ccbd7cf79a6b997fd7,186b25c5ce5104eb7bad2ac592a8b3dd73bc4bde4acb44578dd593e39b9d170f,True,"[""d45"",""d46"",""d27"",""d47"",""d24""]","[""69326"",""63690"",""78415"",""32179"",""64629""]","[{""docid"":""69326"",""score"":17.608058152860483,""snippet"":"" ... actors in completely unrelated roles in TV shows can go unnoticed by the audience, like Charles-Dean Chapman in Game of Thrones.\n\n- Talented actors, such as Tatiana Maslany in Orphan Black and Lisa Kudrow in Friends, can successfully portray multiple characters and create complex relationships on-screen.\n\nPlaying ... "",""title"":""https://screenrant.com/actors-multiple-characters-same-tv-show/""},{""docid"":""63690"",""score"":17.307014678439057,""snippet"":"" ... People] (94 quizzes)\n\nReal Name\n\n[Celebrities] (73 quizzes)\n\nThe Best Name Game\n\n[People] (605 quizzes)\n\nName the People\n\n[Movies] (398 quizzes)\n\nNames in Songs\n\n[Music] (126 quizzes)\n\nSurnames\n\n[General] (10 quizzes)\n\nThematic Names\n\n[General] (151 quizzes)\n\n1. Which actor played Dr. Robb in the TV series \""In The ... "",""title"":""https://www.funtrivia.com/quizzes/people/name_game/same_surname.html""},{""docid"":""78415"",""score"":16.991242550960894,""snippet"":"" ... movie follows fading TV hero Rick Dalton (Leonardo DiCaprio) and his best friend/stunt double Cliff Booth (Brad Pitt) as they navigate the changing landscape of Hollywood while also living next door to Sharon Tate (Margot Robbie).\n\nOlyphant plays one of several real-life characters in Once Upon ... "",""title"":""https://screenrant.com/timothy-olyphant-best-movies-tv-shows/""},{""docid"":""32179"",""score"":16.75430642685047,""snippet"":"" ... The Penguin - \""The Fishin' Hole\"" is the name of the iconic whistling theme song of what classic TV show, which features the title figure walking to the \""fishin' hole\"" with his son?\n\nAnswer: The Andy Griffith Show - Even though the character was first played by Susan Neher in ... "",""title"":""https://www.watercoolertrivia.com/trivia-questions/classic-tv-trivia-questions""},{""docid"":""64629"",""score"":16.6460355950987,""snippet"":"" ... Huck has various career ambitions in life, and he tries them all, though not particularly succeeding in any. This TV series was one of the six TV shows in 1960 and the first animation in history to win an Emmy for Outstanding Achievement in the Field of Children ... "",""title"":""https://www.boredpanda.com/60s-cartoons/""}]"
51,841,2026-09-14T10:17:32.550662+00:00,TV series actor family member cast unrelated role,"[""tv"",""series"",""actor"",""family"",""member"",""cast"",""unrelated"",""role""]","""tv"" OR ""series"" OR ""actor"" OR ""family"" OR ""member"" OR ""cast"" OR ""unrelated"" OR ""role""",5,926b5ad16c406760231902a802affccc9ecf484551833494d8bd71d09e634b0f,519938cc51f961ebe64dbcb827d1f5b0c02770f081d1dc8fc353acc8debc2b64,True,"[""d45"",""d33"",""d27"",""d46"",""d48""]","[""69326"",""57395"",""78415"",""63690"",""56024""]","[{""docid"":""69326"",""score"":18.76403021129144,""snippet"":"" ... 2023-11-14\n---\nSummary\n\n- Some actors excel at playing multiple roles in TV shows and movies, like Winona Ryder in Bram Stoker's Dracula and the cast of Everything Everywhere All at Once.\n\n- Recasting actors in completely unrelated roles in TV shows can go unnoticed by the audience ... "",""title"":""https://screenrant.com/actors-multiple-characters-same-tv-show/""},{""docid"":""57395"",""score"":18.072108702580366,""snippet"":"" ... Trivia[]\n\n- This had the most main cast members leave the series, with a total of 11 (although Jorja Fox later returned as a main cast member).\n\n- This was the penultimate CSI series to end.\n\n- This was the only CSI to lose both of its original lead actors (William ... "",""title"":""https://csi.fandom.com/wiki/CSI:Crime_Scene_Investigation""},{""docid"":""78415"",""score"":17.889209447110897,""snippet"":"" ... patriarch of the family. He initially plays the role with the cool calmness he pulls off so well in other roles, but becomes an anxious and desperate man when things start to unravel. The series makes for a gripping noir movie with a terrific cast that also includes ... "",""title"":""https://screenrant.com/timothy-olyphant-best-movies-tv-shows/""},{""docid"":""63690"",""score"":17.43938333974542,""snippet"":"" ... Which actor played Dr. Robb in the TV series \""In The Heat of The Night\""?\n\nFrom Quiz My Name is Robb\n\nAnswer: Dan Biggars\n\nDan Biggars was also an American college official prior to acting. William Windom played Dr. Seth Hazlitt in \""Murder She Wrote\"". Robert Young was ... "",""title"":""https://www.funtrivia.com/quizzes/people/name_game/same_surname.html""},{""docid"":""56024"",""score"":17.375538910828254,""snippet"":"" ... At 24 she won the role of the title character in UPN's drama Veronica Mars, which was launched in the fall of 2004. Created by Rob Thomas, the series starred Bell as the seventeen year old detective Veronica, which put her alongside actors Enrico Colantoni who played ... "",""title"":""https://unionfilms.org/films/people/kristen-bell.html""}]"
51,843,2026-09-14T10:17:32.553646+00:00,character married 3 times one child survives TV series 2000s,"[""character"",""married"",""3"",""times"",""one"",""child"",""survives"",""tv"",""series"",""2000s""]","""character"" OR ""married"" OR ""3"" OR ""times"" OR ""one"" OR ""child"" OR ""survives"" OR ""tv"" OR ""series"" OR ""2000s""",5,c9c062871b30893c9447ce45e87e6504375dfae99fdf6c1353e79599774caf6b,c470efb1a9b429148472627ec591e0453570f344b59db596bed9e6b635ebfe8c,True,"[""d6"",""d49"",""d50"",""d19"",""d2""]","[""78953"",""4035"",""3161"",""60134"",""81882""]","[{""docid"":""78953"",""score"":16.2824976074087,""snippet"":"" ... on Aidy Bryant's Hulu series Shrill and in the 2019 film James vs. His Future Self. In 2023, he joined season 4 of Apple TV+'s critically acclaimed science fiction drama For All Mankind as the character Eli Hobson.\n\nHe and actress Laure Mattos have been married ... "",""title"":""https://people.com/movies/home-alone-cast-where-are-they-now/""},{""docid"":""4035"",""score"":15.898290019368474,""snippet"":"" ... He was married to Star Herrmann and Leigh Curran. He died on 31 December 2014 in New York City, New York, USA.- Actor\n\n- Producer\n\n- Additional Crew\n\nOne of Hollywood's finest character / \""Method\"" actors, Eli Wallach was in demand for over 60 years (first film/TV role was ... "",""title"":""https://www.imdb.com/search/name/?death_date=2014""},{""docid"":""3161"",""score"":15.76035451695941,""snippet"":"" ... In the early 1970s, she landed minor roles in film and TV, and finally won a role on the series Three's Company (1976). She married Hamel in 1977. She was fired from the series after she asked for a raise at the beginning of the fifth season ... "",""title"":""https://m.imdb.com/search/name/?death_date=2023&ref_=nmbio_dth_yr""},{""docid"":""60134"",""score"":15.715324421687555,""snippet"":"" ... In 2003, Mulroney played Gavin Mitchell on the TV series Friends. He appeared in three episodes of the ninth season, his character briefly dating Rachel. This would mark Mulroney's last on-screen appearance on television for a number of years, later revealing in a May 2007 interview ... "",""title"":""https://en.wikipedia.org/wiki/Dermot_Mulroney""},{""docid"":""81882"",""score"":15.691378997718399,""snippet"":"" ... He was married a total of seven times, and fathered eight children.\n\nAfter long battles with ill health, Richard Pryor passed away on December 10th, 2005.- Vincent Schiavelli, selected in 1997 by Vanity Fair as one of the best character actors in America, had made over 120 film ... "",""title"":""https://m.imdb.com/search/name/?death_date=2005&ref_=nmbio""}]"
51,844,2026-09-14T10:17:32.554561+00:00,TV show character three marriages one surviving child,"[""tv"",""show"",""character"",""three"",""marriages"",""one"",""surviving"",""child""]","""tv"" OR ""show"" OR ""character"" OR ""three"" OR ""marriages"" OR ""one"" OR ""surviving"" OR ""child""",5,dcfdfe59d4312591ff3d757fe02035f881e4a26022e07fa519df09748ec9df4a,3f31bf042d8cc6df97db1dfa7b9b5da5c52351b9d4583f684f1cbc8fdbd5e8e2,True,"[""d39"",""d8"",""d51"",""d52"",""d53""]","[""53008"",""60248"",""37367"",""77637"",""54031""]","[{""docid"":""53008"",""score"":13.664801548271926,""snippet"":"" ... Most recently, Liotta appeared in The Many Saints of Newark, Marriage Story and No Sudden Move. He also appeared on Jennifer Lopez's TV show, Shades of Blue, which ended after three seasons. Liotta is survived by his daughter, Karsen and his fiancée Jacy Nittolo.\n\nJohn Zderko\n\nThe ... "",""title"":""https://www.etonline.com/gallery/stars-weve-lost-in-2022-177426""},{""docid"":""60248"",""score"":13.648348285782436,""snippet"":"" ... Lucci was expected to guest star on Prospect Park's continuation of All My Children in 2013, but the appearance never came to fruition due to the show's second cancellation.\n\nErica is considered to be the most popular character in American soap opera history. TV Guide calls ... "",""title"":""https://en.wikipedia.org/wiki/Erica_Kane""},{""docid"":""37367"",""score"":13.510584826136753,""snippet"":"" ... Midway through the season, an attempt was made to increase ratings by having Havoc's character relocate to New York to represent show business clients; however, the show lasted only one season.\""Lady Lawyer Practices Law,\"" TV Guide May 7–13, 1955, p. 12.\n\nFrom the 1960s through ... "",""title"":""https://en.wikipedia.org/wiki/June_Havoc""},{""docid"":""77637"",""score"":13.489606718134208,""snippet"":"" ... Besides his TV career, he was also an ordained Presbyterian minister.\n\nAfter starting her film career at the age of three, Shirley Temple went on to become Hollywood's highest-grossing child actress from 1935 to 1938. She is the epitome of popular child stars who lose their ... "",""title"":""https://www.thefamouspeople.com/born-1928.php""},{""docid"":""54031"",""score"":13.354763032640921,""snippet"":"" ... Simultaneously, numerous agencies in Britain and in America targeted various other aspects of child welfare, from educating parents (particularly women) on hygiene and child-rearing, to raising the age for compulsory schooling, instituting school nutrition programs, and recognizing child rights.\n\nThe Useless Child\n\nFalling infant mortality rates during ... "",""title"":""https://www.representingchildhood.pitt.edu/twentycent_child.htm""}]"
52,854,2026-09-14T10:17:35.486797+00:00,actor real life daughter plays niece TV series,"[""actor"",""real"",""life"",""daughter"",""plays"",""niece"",""tv"",""series""]","""actor"" OR ""real"" OR ""life"" OR ""daughter"" OR ""plays"" OR ""niece"" OR ""tv"" OR ""series""",5,c5b8aa186c7c0fe6193a19341def225d23aa3e1eddf39c92614b2bacf8eb4794,d6c7070e3e40ec10244efa948e3a4b087582a5f3023fa91246133211ca293d76,True,"[""d41"",""d11"",""d42"",""d43"",""d44""]","[""48538"",""20480"",""51536"",""11779"",""27252""]","[{""docid"":""48538"",""score"":18.696880866122626,""snippet"":"" ... The story of their strange marriage, the child it produced and its violent end was a Hollywood tragedy played out in court.\n\nOnce hailed as among the finest actors of his generation, Blake became better known as the center of a real-life murder trial, a story more ... "",""title"":""https://www.pbs.org/newshour/arts/robert-blake-actor-acquitted-in-wifes-killing-dies-at-89""},{""docid"":""20480"",""score"":18.63087915735836,""snippet"":"" ... They need that, too.\""\n\nWhile her TV dad played an influential role in her life on That Girl, Thomas's real-life father was, and remains, the overwhelming inspiration in both her life and career.\n\nA multi-talented performer - beloved nightclub headliner, movie actor, TV producer and star ... "",""title"":""https://www.televisionacademy.com/features/news/online-originals/girl-one-who-changed-everything""},{""docid"":""51536"",""score"":18.622128107713962,""snippet"":"" ... it was the first big movie break for the talented, late actor Anton Yelchin, and it allowed Robin Williams to share the screen with his daughter Zelda.\n\nYelchin's plays Duchovny as a boy, whose best friend is a mentally challenged deliveryman, played by Williams. Zelda Williams plays ... "",""title"":""https://collider.com/galleries/celebrity-children-parents-movies/""},{""docid"":""11779"",""score"":18.06236804587279,""snippet"":"" ... Doherty later starred in the Kevin Smith film Mallrats and the TV series Charmed.\n\nIn 2023, the actor and director launched Let's Be Clear with Shannen Doherty, a podcast that reflects on her life and career. \""I wanted to be clear about what it was like for ... "",""title"":""https://people.com/little-house-on-the-prairie-cast-where-are-they-now-8603014""},{""docid"":""27252"",""score"":17.802101342039794,""snippet"":"" ... Scott | | |\n| BET Comedy Awards | 2004 | Outstanding Comedy Series | George Lopez | | |\n| BET Comedy Awards | 2004 | Outstanding Lead Actor in a Comedy Series | George Lopez | | |\n| Casting Society of America | 2002 | Best Casting for TV, Comedy Pilot (\""Prototype\"") | Mary V. BuckSusan Edelman | | |\n| Emmy Awards (Creative Arts) | 2004 | Outstanding Cinematography for a ... "",""title"":""https://en.wikipedia.org/wiki/George_Lopez_(TV_series)""}]"
52,855,2026-09-14T10:17:35.488016+00:00,actor real life son plays unrelated character TV show,"[""actor"",""real"",""life"",""son"",""plays"",""unrelated"",""character"",""tv"",""show""]","""actor"" OR ""real"" OR ""life"" OR ""son"" OR ""plays"" OR ""unrelated"" OR ""character"" OR ""tv"" OR ""show""",5,54939772d527a727c4e4a4cd375ace27972cd17cfcdf48ccbd7cf79a6b997fd7,186b25c5ce5104eb7bad2ac592a8b3dd73bc4bde4acb44578dd593e39b9d170f,True,"[""d45"",""d46"",""d27"",""d47"",""d24""]","[""69326"",""63690"",""78415"",""32179"",""64629""]","[{""docid"":""69326"",""score"":17.608058152860483,""snippet"":"" ... actors in completely unrelated roles in TV shows can go unnoticed by the audience, like Charles-Dean Chapman in Game of Thrones.\n\n- Talented actors, such as Tatiana Maslany in Orphan Black and Lisa Kudrow in Friends, can successfully portray multiple characters and create complex relationships on-screen.\n\nPlaying ... "",""title"":""https://screenrant.com/actors-multiple-characters-same-tv-show/""},{""docid"":""63690"",""score"":17.307014678439057,""snippet"":"" ... People] (94 quizzes)\n\nReal Name\n\n[Celebrities] (73 quizzes)\n\nThe Best Name Game\n\n[People] (605 quizzes)\n\nName the People\n\n[Movies] (398 quizzes)\n\nNames in Songs\n\n[Music] (126 quizzes)\n\nSurnames\n\n[General] (10 quizzes)\n\nThematic Names\n\n[General] (151 quizzes)\n\n1. Which actor played Dr. Robb in the TV series \""In The ... "",""title"":""https://www.funtrivia.com/quizzes/people/name_game/same_surname.html""},{""docid"":""78415"",""score"":16.991242550960894,""snippet"":"" ... movie follows fading TV hero Rick Dalton (Leonardo DiCaprio) and his best friend/stunt double Cliff Booth (Brad Pitt) as they navigate the changing landscape of Hollywood while also living next door to Sharon Tate (Margot Robbie).\n\nOlyphant plays one of several real-life characters in Once Upon ... "",""title"":""https://screenrant.com/timothy-olyphant-best-movies-tv-shows/""},{""docid"":""32179"",""score"":16.75430642685047,""snippet"":"" ... The Penguin - \""The Fishin' Hole\"" is the name of the iconic whistling theme song of what classic TV show, which features the title figure walking to the \""fishin' hole\"" with his son?\n\nAnswer: The Andy Griffith Show - Even though the character was first played by Susan Neher in ... "",""title"":""https://www.watercoolertrivia.com/trivia-questions/classic-tv-trivia-questions""},{""docid"":""64629"",""score"":16.6460355950987,""snippet"":"" ... Huck has various career ambitions in life, and he tries them all, though not particularly succeeding in any. This TV series was one of the six TV shows in 1960 and the first animation in history to win an Emmy for Outstanding Achievement in the Field of Children ... "",""title"":""https://www.boredpanda.com/60s-cartoons/""}]"
52,856,2026-09-14T10:17:35.489117+00:00,TV series actor family member cast unrelated role,"[""tv"",""series"",""actor"",""family"",""member"",""cast"",""unrelated"",""role""]","""tv"" OR ""series"" OR ""actor"" OR ""family"" OR ""member"" OR ""cast"" OR ""unrelated"" OR ""role""",5,926b5ad16c406760231902a802affccc9ecf484551833494d8bd71d09e634b0f,519938cc51f961ebe64dbcb827d1f5b0c02770f081d1dc8fc353acc8debc2b64,True,"[""d45"",""d33"",""d27"",""d46"",""d48""]","[""69326"",""57395"",""78415"",""63690"",""56024""]","[{""docid"":""69326"",""score"":18.76403021129144,""snippet"":"" ... 2023-11-14\n---\nSummary\n\n- Some actors excel at playing multiple roles in TV shows and movies, like Winona Ryder in Bram Stoker's Dracula and the cast of Everything Everywhere All at Once.\n\n- Recasting actors in completely unrelated roles in TV shows can go unnoticed by the audience ... "",""title"":""https://screenrant.com/actors-multiple-characters-same-tv-show/""},{""docid"":""57395"",""score"":18.072108702580366,""snippet"":"" ... Trivia[]\n\n- This had the most main cast members leave the series, with a total of 11 (although Jorja Fox later returned as a main cast member).\n\n- This was the penultimate CSI series to end.\n\n- This was the only CSI to lose both of its original lead actors (William ... "",""title"":""https://csi.fandom.com/wiki/CSI:Crime_Scene_Investigation""},{""docid"":""78415"",""score"":17.889209447110897,""snippet"":"" ... patriarch of the family. He initially plays the role with the cool calmness he pulls off so well in other roles, but becomes an anxious and desperate man when things start to unravel. The series makes for a gripping noir movie with a terrific cast that also includes ... "",""title"":""https://screenrant.com/timothy-olyphant-best-movies-tv-shows/""},{""docid"":""63690"",""score"":17.43938333974542,""snippet"":"" ... Which actor played Dr. Robb in the TV series \""In The Heat of The Night\""?\n\nFrom Quiz My Name is Robb\n\nAnswer: Dan Biggars\n\nDan Biggars was also an American college official prior to acting. William Windom played Dr. Seth Hazlitt in \""Murder She Wrote\"". Robert Young was ... "",""title"":""https://www.funtrivia.com/quizzes/people/name_game/same_surname.html""},{""docid"":""56024"",""score"":17.375538910828254,""snippet"":"" ... At 24 she won the role of the title character in UPN's drama Veronica Mars, which was launched in the fall of 2004. Created by Rob Thomas, the series starred Bell as the seventeen year old detective Veronica, which put her alongside actors Enrico Colantoni who played ... "",""title"":""https://unionfilms.org/films/people/kristen-bell.html""}]"
52,858,2026-09-14T10:17:35.491902+00:00,character married 3 times one child survives TV series 2000s,"[""character"",""married"",""3"",""times"",""one"",""child"",""survives"",""tv"",""series"",""2000s""]","""character"" OR ""married"" OR ""3"" OR ""times"" OR ""one"" OR ""child"" OR ""survives"" OR ""tv"" OR ""series"" OR ""2000s""",5,c9c062871b30893c9447ce45e87e6504375dfae99fdf6c1353e79599774caf6b,c470efb1a9b429148472627ec591e0453570f344b59db596bed9e6b635ebfe8c,True,"[""d6"",""d49"",""d50"",""d19"",""d2""]","[""78953"",""4035"",""3161"",""60134"",""81882""]","[{""docid"":""78953"",""score"":16.2824976074087,""snippet"":"" ... on Aidy Bryant's Hulu series Shrill and in the 2019 film James vs. His Future Self. In 2023, he joined season 4 of Apple TV+'s critically acclaimed science fiction drama For All Mankind as the character Eli Hobson.\n\nHe and actress Laure Mattos have been married ... "",""title"":""https://people.com/movies/home-alone-cast-where-are-they-now/""},{""docid"":""4035"",""score"":15.898290019368474,""snippet"":"" ... He was married to Star Herrmann and Leigh Curran. He died on 31 December 2014 in New York City, New York, USA.- Actor\n\n- Producer\n\n- Additional Crew\n\nOne of Hollywood's finest character / \""Method\"" actors, Eli Wallach was in demand for over 60 years (first film/TV role was ... "",""title"":""https://www.imdb.com/search/name/?death_date=2014""},{""docid"":""3161"",""score"":15.76035451695941,""snippet"":"" ... In the early 1970s, she landed minor roles in film and TV, and finally won a role on the series Three's Company (1976). She married Hamel in 1977. She was fired from the series after she asked for a raise at the beginning of the fifth season ... "",""title"":""https://m.imdb.com/search/name/?death_date=2023&ref_=nmbio_dth_yr""},{""docid"":""60134"",""score"":15.715324421687555,""snippet"":"" ... In 2003, Mulroney played Gavin Mitchell on the TV series Friends. He appeared in three episodes of the ninth season, his character briefly dating Rachel. This would mark Mulroney's last on-screen appearance on television for a number of years, later revealing in a May 2007 interview ... "",""title"":""https://en.wikipedia.org/wiki/Dermot_Mulroney""},{""docid"":""81882"",""score"":15.691378997718399,""snippet"":"" ... He was married a total of seven times, and fathered eight children.\n\nAfter long battles with ill health, Richard Pryor passed away on December 10th, 2005.- Vincent Schiavelli, selected in 1997 by Vanity Fair as one of the best character actors in America, had made over 120 film ... "",""title"":""https://m.imdb.com/search/name/?death_date=2005&ref_=nmbio""}]"
52,859,2026-09-14T10:17:35.492734+00:00,TV show character three marriages one surviving child,"[""tv"",""show"",""character"",""three"",""marriages"",""one"",""surviving"",""child""]","""tv"" OR ""show"" OR ""character"" OR ""three"" OR ""marriages"" OR ""one"" OR ""surviving"" OR ""child""",5,dcfdfe59d4312591ff3d757fe02035f881e4a26022e07fa519df09748ec9df4a,3f31bf042d8cc6df97db1dfa7b9b5da5c52351b9d4583f684f1cbc8fdbd5e8e2,True,"[""d39"",""d8"",""d51"",""d52"",""d53""]","[""53008"",""60248"",""37367"",""77637"",""54031""]","[{""docid"":""53008"",""score"":13.664801548271926,""snippet"":"" ... Most recently, Liotta appeared in The Many Saints of Newark, Marriage Story and No Sudden Move. He also appeared on Jennifer Lopez's TV show, Shades of Blue, which ended after three seasons. Liotta is survived by his daughter, Karsen and his fiancée Jacy Nittolo.\n\nJohn Zderko\n\nThe ... "",""title"":""https://www.etonline.com/gallery/stars-weve-lost-in-2022-177426""},{""docid"":""60248"",""score"":13.648348285782436,""snippet"":"" ... Lucci was expected to guest star on Prospect Park's continuation of All My Children in 2013, but the appearance never came to fruition due to the show's second cancellation.\n\nErica is considered to be the most popular character in American soap opera history. TV Guide calls ... "",""title"":""https://en.wikipedia.org/wiki/Erica_Kane""},{""docid"":""37367"",""score"":13.510584826136753,""snippet"":"" ... Midway through the season, an attempt was made to increase ratings by having Havoc's character relocate to New York to represent show business clients; however, the show lasted only one season.\""Lady Lawyer Practices Law,\"" TV Guide May 7–13, 1955, p. 12.\n\nFrom the 1960s through ... "",""title"":""https://en.wikipedia.org/wiki/June_Havoc""},{""docid"":""77637"",""score"":13.489606718134208,""snippet"":"" ... Besides his TV career, he was also an ordained Presbyterian minister.\n\nAfter starting her film career at the age of three, Shirley Temple went on to become Hollywood's highest-grossing child actress from 1935 to 1938. She is the epitome of popular child stars who lose their ... "",""title"":""https://www.thefamouspeople.com/born-1928.php""},{""docid"":""54031"",""score"":13.354763032640921,""snippet"":"" ... Simultaneously, numerous agencies in Britain and in America targeted various other aspects of child welfare, from educating parents (particularly women) on hygiene and child-rearing, to raising the age for compulsory schooling, instituting school nutrition programs, and recognizing child rights.\n\nThe Useless Child\n\nFalling infant mortality rates during ... "",""title"":""https://www.representingchildhood.pitt.edu/twentycent_child.htm""}]"
53,869,2026-09-14T10:17:38.579568+00:00,actor real life daughter plays niece TV series,"[""actor"",""real"",""life"",""daughter"",""plays"",""niece"",""tv"",""series""]","""actor"" OR ""real"" OR ""life"" OR ""daughter"" OR ""plays"" OR ""niece"" OR ""tv"" OR ""series""",5,c5b8aa186c7c0fe6193a19341def225d23aa3e1eddf39c92614b2bacf8eb4794,d6c7070e3e40ec10244efa948e3a4b087582a5f3023fa91246133211ca293d76,True,"[""d41"",""d11"",""d42"",""d43"",""d44""]","[""48538"",""20480"",""51536"",""11779"",""27252""]","[{""docid"":""48538"",""score"":18.696880866122626,""snippet"":"" ... The story of their strange marriage, the child it produced and its violent end was a Hollywood tragedy played out in court.\n\nOnce hailed as among the finest actors of his generation, Blake became better known as the center of a real-life murder trial, a story more ... "",""title"":""https://www.pbs.org/newshour/arts/robert-blake-actor-acquitted-in-wifes-killing-dies-at-89""},{""docid"":""20480"",""score"":18.63087915735836,""snippet"":"" ... They need that, too.\""\n\nWhile her TV dad played an influential role in her life on That Girl, Thomas's real-life father was, and remains, the overwhelming inspiration in both her life and career.\n\nA multi-talented performer - beloved nightclub headliner, movie actor, TV producer and star ... "",""title"":""https://www.televisionacademy.com/features/news/online-originals/girl-one-who-changed-everything""},{""docid"":""51536"",""score"":18.622128107713962,""snippet"":"" ... it was the first big movie break for the talented, late actor Anton Yelchin, and it allowed Robin Williams to share the screen with his daughter Zelda.\n\nYelchin's plays Duchovny as a boy, whose best friend is a mentally challenged deliveryman, played by Williams. Zelda Williams plays ... "",""title"":""https://collider.com/galleries/celebrity-children-parents-movies/""},{""docid"":""11779"",""score"":18.06236804587279,""snippet"":"" ... Doherty later starred in the Kevin Smith film Mallrats and the TV series Charmed.\n\nIn 2023, the actor and director launched Let's Be Clear with Shannen Doherty, a podcast that reflects on her life and career. \""I wanted to be clear about what it was like for ... "",""title"":""https://people.com/little-house-on-the-prairie-cast-where-are-they-now-8603014""},{""docid"":""27252"",""score"":17.802101342039794,""snippet"":"" ... Scott | | |\n| BET Comedy Awards | 2004 | Outstanding Comedy Series | George Lopez | | |\n| BET Comedy Awards | 2004 | Outstanding Lead Actor in a Comedy Series | George Lopez | | |\n| Casting Society of America | 2002 | Best Casting for TV, Comedy Pilot (\""Prototype\"") | Mary V. BuckSusan Edelman | | |\n| Emmy Awards (Creative Arts) | 2004 | Outstanding Cinematography for a ... "",""title"":""https://en.wikipedia.org/wiki/George_Lopez_(TV_series)""}]"
53,870,2026-09-14T10:17:38.580458+00:00,actor real life son plays unrelated character TV show,"[""actor"",""real"",""life"",""son"",""plays"",""unrelated"",""character"",""tv"",""show""]","""actor"" OR ""real"" OR ""life"" OR ""son"" OR ""plays"" OR ""unrelated"" OR ""character"" OR ""tv"" OR ""show""",5,54939772d527a727c4e4a4cd375ace27972cd17cfcdf48ccbd7cf79a6b997fd7,186b25c5ce5104eb7bad2ac592a8b3dd73bc4bde4acb44578dd593e39b9d170f,True,"[""d45"",""d46"",""d27"",""d47"",""d24""]","[""69326"",""63690"",""78415"",""32179"",""64629""]","[{""docid"":""69326"",""score"":17.608058152860483,""snippet"":"" ... actors in completely unrelated roles in TV shows can go unnoticed by the audience, like Charles-Dean Chapman in Game of Thrones.\n\n- Talented actors, such as Tatiana Maslany in Orphan Black and Lisa Kudrow in Friends, can successfully portray multiple characters and create complex relationships on-screen.\n\nPlaying ... "",""title"":""https://screenrant.com/actors-multiple-characters-same-tv-show/""},{""docid"":""63690"",""score"":17.307014678439057,""snippet"":"" ... People] (94 quizzes)\n\nReal Name\n\n[Celebrities] (73 quizzes)\n\nThe Best Name Game\n\n[People] (605 quizzes)\n\nName the People\n\n[Movies] (398 quizzes)\n\nNames in Songs\n\n[Music] (126 quizzes)\n\nSurnames\n\n[General] (10 quizzes)\n\nThematic Names\n\n[General] (151 quizzes)\n\n1. Which actor played Dr. Robb in the TV series \""In The ... "",""title"":""https://www.funtrivia.com/quizzes/people/name_game/same_surname.html""},{""docid"":""78415"",""score"":16.991242550960894,""snippet"":"" ... movie follows fading TV hero Rick Dalton (Leonardo DiCaprio) and his best friend/stunt double Cliff Booth (Brad Pitt) as they navigate the changing landscape of Hollywood while also living next door to Sharon Tate (Margot Robbie).\n\nOlyphant plays one of several real-life characters in Once Upon ... "",""title"":""https://screenrant.com/timothy-olyphant-best-movies-tv-shows/""},{""docid"":""32179"",""score"":16.75430642685047,""snippet"":"" ... The Penguin - \""The Fishin' Hole\"" is the name of the iconic whistling theme song of what classic TV show, which features the title figure walking to the \""fishin' hole\"" with his son?\n\nAnswer: The Andy Griffith Show - Even though the character was first played by Susan Neher in ... "",""title"":""https://www.watercoolertrivia.com/trivia-questions/classic-tv-trivia-questions""},{""docid"":""64629"",""score"":16.6460355950987,""snippet"":"" ... Huck has various career ambitions in life, and he tries them all, though not particularly succeeding in any. This TV series was one of the six TV shows in 1960 and the first animation in history to win an Emmy for Outstanding Achievement in the Field of Children ... "",""title"":""https://www.boredpanda.com/60s-cartoons/""}]"
53,871,2026-09-14T10:17:38.581318+00:00,TV series actor family member cast unrelated role,"[""tv"",""series"",""actor"",""family"",""member"",""cast"",""unrelated"",""role""]","""tv"" OR ""series"" OR ""actor"" OR ""family"" OR ""member"" OR ""cast"" OR ""unrelated"" OR ""role""",5,926b5ad16c406760231902a802affccc9ecf484551833494d8bd71d09e634b0f,519938cc51f961ebe64dbcb827d1f5b0c02770f081d1dc8fc353acc8debc2b64,True,"[""d45"",""d33"",""d27"",""d46"",""d48""]","[""69326"",""57395"",""78415"",""63690"",""56024""]","[{""docid"":""69326"",""score"":18.76403021129144,""snippet"":"" ... 2023-11-14\n---\nSummary\n\n- Some actors excel at playing multiple roles in TV shows and movies, like Winona Ryder in Bram Stoker's Dracula and the cast of Everything Everywhere All at Once.\n\n- Recasting actors in completely unrelated roles in TV shows can go unnoticed by the audience ... "",""title"":""https://screenrant.com/actors-multiple-characters-same-tv-show/""},{""docid"":""57395"",""score"":18.072108702580366,""snippet"":"" ... Trivia[]\n\n- This had the most main cast members leave the series, with a total of 11 (although Jorja Fox later returned as a main cast member).\n\n- This was the penultimate CSI series to end.\n\n- This was the only CSI to lose both of its original lead actors (William ... "",""title"":""https://csi.fandom.com/wiki/CSI:Crime_Scene_Investigation""},{""docid"":""78415"",""score"":17.889209447110897,""snippet"":"" ... patriarch of the family. He initially plays the role with the cool calmness he pulls off so well in other roles, but becomes an anxious and desperate man when things start to unravel. The series makes for a gripping noir movie with a terrific cast that also includes ... "",""title"":""https://screenrant.com/timothy-olyphant-best-movies-tv-shows/""},{""docid"":""63690"",""score"":17.43938333974542,""snippet"":"" ... Which actor played Dr. Robb in the TV series \""In The Heat of The Night\""?\n\nFrom Quiz My Name is Robb\n\nAnswer: Dan Biggars\n\nDan Biggars was also an American college official prior to acting. William Windom played Dr. Seth Hazlitt in \""Murder She Wrote\"". Robert Young was ... "",""title"":""https://www.funtrivia.com/quizzes/people/name_game/same_surname.html""},{""docid"":""56024"",""score"":17.375538910828254,""snippet"":"" ... At 24 she won the role of the title character in UPN's drama Veronica Mars, which was launched in the fall of 2004. Created by Rob Thomas, the series starred Bell as the seventeen year old detective Veronica, which put her alongside actors Enrico Colantoni who played ... "",""title"":""https://unionfilms.org/films/people/kristen-bell.html""}]"
53,873,2026-09-14T10:17:38.583889+00:00,character married 3 times one child survives TV series 2000s,"[""character"",""married"",""3"",""times"",""one"",""child"",""survives"",""tv"",""series"",""2000s""]","""character"" OR ""married"" OR ""3"" OR ""times"" OR ""one"" OR ""child"" OR ""survives"" OR ""tv"" OR ""series"" OR ""2000s""",5,c9c062871b30893c9447ce45e87e6504375dfae99fdf6c1353e79599774caf6b,c470efb1a9b429148472627ec591e0453570f344b59db596bed9e6b635ebfe8c,True,"[""d6"",""d49"",""d50"",""d19"",""d2""]","[""78953"",""4035"",""3161"",""60134"",""81882""]","[{""docid"":""78953"",""score"":16.2824976074087,""snippet"":"" ... on Aidy Bryant's Hulu series Shrill and in the 2019 film James vs. His Future Self. In 2023, he joined season 4 of Apple TV+'s critically acclaimed science fiction drama For All Mankind as the character Eli Hobson.\n\nHe and actress Laure Mattos have been married ... "",""title"":""https://people.com/movies/home-alone-cast-where-are-they-now/""},{""docid"":""4035"",""score"":15.898290019368474,""snippet"":"" ... He was married to Star Herrmann and Leigh Curran. He died on 31 December 2014 in New York City, New York, USA.- Actor\n\n- Producer\n\n- Additional Crew\n\nOne of Hollywood's finest character / \""Method\"" actors, Eli Wallach was in demand for over 60 years (first film/TV role was ... "",""title"":""https://www.imdb.com/search/name/?death_date=2014""},{""docid"":""3161"",""score"":15.76035451695941,""snippet"":"" ... In the early 1970s, she landed minor roles in film and TV, and finally won a role on the series Three's Company (1976). She married Hamel in 1977. She was fired from the series after she asked for a raise at the beginning of the fifth season ... "",""title"":""https://m.imdb.com/search/name/?death_date=2023&ref_=nmbio_dth_yr""},{""docid"":""60134"",""score"":15.715324421687555,""snippet"":"" ... In 2003, Mulroney played Gavin Mitchell on the TV series Friends. He appeared in three episodes of the ninth season, his character briefly dating Rachel. This would mark Mulroney's last on-screen appearance on television for a number of years, later revealing in a May 2007 interview ... "",""title"":""https://en.wikipedia.org/wiki/Dermot_Mulroney""},{""docid"":""81882"",""score"":15.691378997718399,""snippet"":"" ... He was married a total of seven times, and fathered eight children.\n\nAfter long battles with ill health, Richard Pryor passed away on December 10th, 2005.- Vincent Schiavelli, selected in 1997 by Vanity Fair as one of the best character actors in America, had made over 120 film ... "",""title"":""https://m.imdb.com/search/name/?death_date=2005&ref_=nmbio""}]"
53,874,2026-09-14T10:17:38.584796+00:00,TV show character three marriages one surviving child,"[""tv"",""show"",""character"",""three"",""marriages"",""one"",""surviving"",""child""]","""tv"" OR ""show"" OR ""character"" OR ""three"" OR ""marriages"" OR ""one"" OR ""surviving"" OR ""child""",5,dcfdfe59d4312591ff3d757fe02035f881e4a26022e07fa519df09748ec9df4a,3f31bf042d8cc6df97db1dfa7b9b5da5c52351b9d4583f684f1cbc8fdbd5e8e2,True,"[""d39"",""d8"",""d51"",""d52"",""d53""]","[""53008"",""60248"",""37367"",""77637"",""54031""]","[{""docid"":""53008"",""score"":13.664801548271926,""snippet"":"" ... Most recently, Liotta appeared in The Many Saints of Newark, Marriage Story and No Sudden Move. He also appeared on Jennifer Lopez's TV show, Shades of Blue, which ended after three seasons. Liotta is survived by his daughter, Karsen and his fiancée Jacy Nittolo.\n\nJohn Zderko\n\nThe ... "",""title"":""https://www.etonline.com/gallery/stars-weve-lost-in-2022-177426""},{""docid"":""60248"",""score"":13.648348285782436,""snippet"":"" ... Lucci was expected to guest star on Prospect Park's continuation of All My Children in 2013, but the appearance never came to fruition due to the show's second cancellation.\n\nErica is considered to be the most popular character in American soap opera history. TV Guide calls ... "",""title"":""https://en.wikipedia.org/wiki/Erica_Kane""},{""docid"":""37367"",""score"":13.510584826136753,""snippet"":"" ... Midway through the season, an attempt was made to increase ratings by having Havoc's character relocate to New York to represent show business clients; however, the show lasted only one season.\""Lady Lawyer Practices Law,\"" TV Guide May 7–13, 1955, p. 12.\n\nFrom the 1960s through ... "",""title"":""https://en.wikipedia.org/wiki/June_Havoc""},{""docid"":""77637"",""score"":13.489606718134208,""snippet"":"" ... Besides his TV career, he was also an ordained Presbyterian minister.\n\nAfter starting her film career at the age of three, Shirley Temple went on to become Hollywood's highest-grossing child actress from 1935 to 1938. She is the epitome of popular child stars who lose their ... "",""title"":""https://www.thefamouspeople.com/born-1928.php""},{""docid"":""54031"",""score"":13.354763032640921,""snippet"":"" ... Simultaneously, numerous agencies in Britain and in America targeted various other aspects of child welfare, from educating parents (particularly women) on hygiene and child-rearing, to raising the age for compulsory schooling, instituting school nutrition programs, and recognizing child rights.\n\nThe Useless Child\n\nFalling infant mortality rates during ... "",""title"":""https://www.representingchildhood.pitt.edu/twentycent_child.htm""}]"
54,884,2026-09-14T10:17:42.969168+00:00,actor real life daughter plays niece TV series,"[""actor"",""real"",""life"",""daughter"",""plays"",""niece"",""tv"",""series""]","""actor"" OR ""real"" OR ""life"" OR ""daughter"" OR ""plays"" OR ""niece"" OR ""tv"" OR ""series""",5,c5b8aa186c7c0fe6193a19341def225d23aa3e1eddf39c92614b2bacf8eb4794,d6c7070e3e40ec10244efa948e3a4b087582a5f3023fa91246133211ca293d76,True,"[""d41"",""d11"",""d42"",""d43"",""d44""]","[""48538"",""20480"",""51536"",""11779"",""27252""]","[{""docid"":""48538"",""score"":18.696880866122626,""snippet"":"" ... The story of their strange marriage, the child it produced and its violent end was a Hollywood tragedy played out in court.\n\nOnce hailed as among the finest actors of his generation, Blake became better known as the center of a real-life murder trial, a story more ... "",""title"":""https://www.pbs.org/newshour/arts/robert-blake-actor-acquitted-in-wifes-killing-dies-at-89""},{""docid"":""20480"",""score"":18.63087915735836,""snippet"":"" ... They need that, too.\""\n\nWhile her TV dad played an influential role in her life on That Girl, Thomas's real-life father was, and remains, the overwhelming inspiration in both her life and career.\n\nA multi-talented performer - beloved nightclub headliner, movie actor, TV producer and star ... "",""title"":""https://www.televisionacademy.com/features/news/online-originals/girl-one-who-changed-everything""},{""docid"":""51536"",""score"":18.622128107713962,""snippet"":"" ... it was the first big movie break for the talented, late actor Anton Yelchin, and it allowed Robin Williams to share the screen with his daughter Zelda.\n\nYelchin's plays Duchovny as a boy, whose best friend is a mentally challenged deliveryman, played by Williams. Zelda Williams plays ... "",""title"":""https://collider.com/galleries/celebrity-children-parents-movies/""},{""docid"":""11779"",""score"":18.06236804587279,""snippet"":"" ... Doherty later starred in the Kevin Smith film Mallrats and the TV series Charmed.\n\nIn 2023, the actor and director launched Let's Be Clear with Shannen Doherty, a podcast that reflects on her life and career. \""I wanted to be clear about what it was like for ... "",""title"":""https://people.com/little-house-on-the-prairie-cast-where-are-they-now-8603014""},{""docid"":""27252"",""score"":17.802101342039794,""snippet"":"" ... Scott | | |\n| BET Comedy Awards | 2004 | Outstanding Comedy Series | George Lopez | | |\n| BET Comedy Awards | 2004 | Outstanding Lead Actor in a Comedy Series | George Lopez | | |\n| Casting Society of America | 2002 | Best Casting for TV, Comedy Pilot (\""Prototype\"") | Mary V. BuckSusan Edelman | | |\n| Emmy Awards (Creative Arts) | 2004 | Outstanding Cinematography for a ... "",""title"":""https://en.wikipedia.org/wiki/George_Lopez_(TV_series)""}]"
54,885,2026-09-14T10:17:42.970061+00:00,actor real life son plays unrelated character TV show,"[""actor"",""real"",""life"",""son"",""plays"",""unrelated"",""character"",""tv"",""show""]","""actor"" OR ""real"" OR ""life"" OR ""son"" OR ""plays"" OR ""unrelated"" OR ""character"" OR ""tv"" OR ""show""",5,54939772d527a727c4e4a4cd375ace27972cd17cfcdf48ccbd7cf79a6b997fd7,186b25c5ce5104eb7bad2ac592a8b3dd73bc4bde4acb44578dd593e39b9d170f,True,"[""d45"",""d46"",""d27"",""d47"",""d24""]","[""69326"",""63690"",""78415"",""32179"",""64629""]","[{""docid"":""69326"",""score"":17.608058152860483,""snippet"":"" ... actors in completely unrelated roles in TV shows can go unnoticed by the audience, like Charles-Dean Chapman in Game of Thrones.\n\n- Talented actors, such as Tatiana Maslany in Orphan Black and Lisa Kudrow in Friends, can successfully portray multiple characters and create complex relationships on-screen.\n\nPlaying ... "",""title"":""https://screenrant.com/actors-multiple-characters-same-tv-show/""},{""docid"":""63690"",""score"":17.307014678439057,""snippet"":"" ... People] (94 quizzes)\n\nReal Name\n\n[Celebrities] (73 quizzes)\n\nThe Best Name Game\n\n[People] (605 quizzes)\n\nName the People\n\n[Movies] (398 quizzes)\n\nNames in Songs\n\n[Music] (126 quizzes)\n\nSurnames\n\n[General] (10 quizzes)\n\nThematic Names\n\n[General] (151 quizzes)\n\n1. Which actor played Dr. Robb in the TV series \""In The ... "",""title"":""https://www.funtrivia.com/quizzes/people/name_game/same_surname.html""},{""docid"":""78415"",""score"":16.991242550960894,""snippet"":"" ... movie follows fading TV hero Rick Dalton (Leonardo DiCaprio) and his best friend/stunt double Cliff Booth (Brad Pitt) as they navigate the changing landscape of Hollywood while also living next door to Sharon Tate (Margot Robbie).\n\nOlyphant plays one of several real-life characters in Once Upon ... "",""title"":""https://screenrant.com/timothy-olyphant-best-movies-tv-shows/""},{""docid"":""32179"",""score"":16.75430642685047,""snippet"":"" ... The Penguin - \""The Fishin' Hole\"" is the name of the iconic whistling theme song of what classic TV show, which features the title figure walking to the \""fishin' hole\"" with his son?\n\nAnswer: The Andy Griffith Show - Even though the character was first played by Susan Neher in ... "",""title"":""https://www.watercoolertrivia.com/trivia-questions/classic-tv-trivia-questions""},{""docid"":""64629"",""score"":16.6460355950987,""snippet"":"" ... Huck has various career ambitions in life, and he tries them all, though not particularly succeeding in any. This TV series was one of the six TV shows in 1960 and the first animation in history to win an Emmy for Outstanding Achievement in the Field of Children ... "",""title"":""https://www.boredpanda.com/60s-cartoons/""}]"
54,886,2026-09-14T10:17:42.970962+00:00,TV series actor family member cast unrelated role,"[""tv"",""series"",""actor"",""family"",""member"",""cast"",""unrelated"",""role""]","""tv"" OR ""series"" OR ""actor"" OR ""family"" OR ""member"" OR ""cast"" OR ""unrelated"" OR ""role""",5,926b5ad16c406760231902a802affccc9ecf484551833494d8bd71d09e634b0f,519938cc51f961ebe64dbcb827d1f5b0c02770f081d1dc8fc353acc8debc2b64,True,"[""d45"",""d33"",""d27"",""d46"",""d48""]","[""69326"",""57395"",""78415"",""63690"",""56024""]","[{""docid"":""69326"",""score"":18.76403021129144,""snippet"":"" ... 2023-11-14\n---\nSummary\n\n- Some actors excel at playing multiple roles in TV shows and movies, like Winona Ryder in Bram Stoker's Dracula and the cast of Everything Everywhere All at Once.\n\n- Recasting actors in completely unrelated roles in TV shows can go unnoticed by the audience ... "",""title"":""https://screenrant.com/actors-multiple-characters-same-tv-show/""},{""docid"":""57395"",""score"":18.072108702580366,""snippet"":"" ... Trivia[]\n\n- This had the most main cast members leave the series, with a total of 11 (although Jorja Fox later returned as a main cast member).\n\n- This was the penultimate CSI series to end.\n\n- This was the only CSI to lose both of its original lead actors (William ... "",""title"":""https://csi.fandom.com/wiki/CSI:Crime_Scene_Investigation""},{""docid"":""78415"",""score"":17.889209447110897,""snippet"":"" ... patriarch of the family. He initially plays the role with the cool calmness he pulls off so well in other roles, but becomes an anxious and desperate man when things start to unravel. The series makes for a gripping noir movie with a terrific cast that also includes ... "",""title"":""https://screenrant.com/timothy-olyphant-best-movies-tv-shows/""},{""docid"":""63690"",""score"":17.43938333974542,""snippet"":"" ... Which actor played Dr. Robb in the TV series \""In The Heat of The Night\""?\n\nFrom Quiz My Name is Robb\n\nAnswer: Dan Biggars\n\nDan Biggars was also an American college official prior to acting. William Windom played Dr. Seth Hazlitt in \""Murder She Wrote\"". Robert Young was ... "",""title"":""https://www.funtrivia.com/quizzes/people/name_game/same_surname.html""},{""docid"":""56024"",""score"":17.375538910828254,""snippet"":"" ... At 24 she won the role of the title character in UPN's drama Veronica Mars, which was launched in the fall of 2004. Created by Rob Thomas, the series starred Bell as the seventeen year old detective Veronica, which put her alongside actors Enrico Colantoni who played ... "",""title"":""https://unionfilms.org/films/people/kristen-bell.html""}]"
54,888,2026-09-14T10:17:42.973674+00:00,character married 3 times one child survives TV series 2000s,"[""character"",""married"",""3"",""times"",""one"",""child"",""survives"",""tv"",""series"",""2000s""]","""character"" OR ""married"" OR ""3"" OR ""times"" OR ""one"" OR ""child"" OR ""survives"" OR ""tv"" OR ""series"" OR ""2000s""",5,c9c062871b30893c9447ce45e87e6504375dfae99fdf6c1353e79599774caf6b,c470efb1a9b429148472627ec591e0453570f344b59db596bed9e6b635ebfe8c,True,"[""d6"",""d49"",""d50"",""d19"",""d2""]","[""78953"",""4035"",""3161"",""60134"",""81882""]","[{""docid"":""78953"",""score"":16.2824976074087,""snippet"":"" ... on Aidy Bryant's Hulu series Shrill and in the 2019 film James vs. His Future Self. In 2023, he joined season 4 of Apple TV+'s critically acclaimed science fiction drama For All Mankind as the character Eli Hobson.\n\nHe and actress Laure Mattos have been married ... "",""title"":""https://people.com/movies/home-alone-cast-where-are-they-now/""},{""docid"":""4035"",""score"":15.898290019368474,""snippet"":"" ... He was married to Star Herrmann and Leigh Curran. He died on 31 December 2014 in New York City, New York, USA.- Actor\n\n- Producer\n\n- Additional Crew\n\nOne of Hollywood's finest character / \""Method\"" actors, Eli Wallach was in demand for over 60 years (first film/TV role was ... "",""title"":""https://www.imdb.com/search/name/?death_date=2014""},{""docid"":""3161"",""score"":15.76035451695941,""snippet"":"" ... In the early 1970s, she landed minor roles in film and TV, and finally won a role on the series Three's Company (1976). She married Hamel in 1977. She was fired from the series after she asked for a raise at the beginning of the fifth season ... "",""title"":""https://m.imdb.com/search/name/?death_date=2023&ref_=nmbio_dth_yr""},{""docid"":""60134"",""score"":15.715324421687555,""snippet"":"" ... In 2003, Mulroney played Gavin Mitchell on the TV series Friends. He appeared in three episodes of the ninth season, his character briefly dating Rachel. This would mark Mulroney's last on-screen appearance on television for a number of years, later revealing in a May 2007 interview ... "",""title"":""https://en.wikipedia.org/wiki/Dermot_Mulroney""},{""docid"":""81882"",""score"":15.691378997718399,""snippet"":"" ... He was married a total of seven times, and fathered eight children.\n\nAfter long battles with ill health, Richard Pryor passed away on December 10th, 2005.- Vincent Schiavelli, selected in 1997 by Vanity Fair as one of the best character actors in America, had made over 120 film ... "",""title"":""https://m.imdb.com/search/name/?death_date=2005&ref_=nmbio""}]"
54,889,2026-09-14T10:17:42.974435+00:00,TV show character three marriages one surviving child,"[""tv"",""show"",""character"",""three"",""marriages"",""one"",""surviving"",""child""]","""tv"" OR ""show"" OR ""character"" OR ""three"" OR ""marriages"" OR ""one"" OR ""surviving"" OR ""child""",5,dcfdfe59d4312591ff3d757fe02035f881e4a26022e07fa519df09748ec9df4a,3f31bf042d8cc6df97db1dfa7b9b5da5c52351b9d4583f684f1cbc8fdbd5e8e2,True,"[""d39"",""d8"",""d51"",""d52"",""d53""]","[""53008"",""60248"",""37367"",""77637"",""54031""]","[{""docid"":""53008"",""score"":13.664801548271926,""snippet"":"" ... Most recently, Liotta appeared in The Many Saints of Newark, Marriage Story and No Sudden Move. He also appeared on Jennifer Lopez's TV show, Shades of Blue, which ended after three seasons. Liotta is survived by his daughter, Karsen and his fiancée Jacy Nittolo.\n\nJohn Zderko\n\nThe ... "",""title"":""https://www.etonline.com/gallery/stars-weve-lost-in-2022-177426""},{""docid"":""60248"",""score"":13.648348285782436,""snippet"":"" ... Lucci was expected to guest star on Prospect Park's continuation of All My Children in 2013, but the appearance never came to fruition due to the show's second cancellation.\n\nErica is considered to be the most popular character in American soap opera history. TV Guide calls ... "",""title"":""https://en.wikipedia.org/wiki/Erica_Kane""},{""docid"":""37367"",""score"":13.510584826136753,""snippet"":"" ... Midway through the season, an attempt was made to increase ratings by having Havoc's character relocate to New York to represent show business clients; however, the show lasted only one season.\""Lady Lawyer Practices Law,\"" TV Guide May 7–13, 1955, p. 12.\n\nFrom the 1960s through ... "",""title"":""https://en.wikipedia.org/wiki/June_Havoc""},{""docid"":""77637"",""score"":13.489606718134208,""snippet"":"" ... Besides his TV career, he was also an ordained Presbyterian minister.\n\nAfter starting her film career at the age of three, Shirley Temple went on to become Hollywood's highest-grossing child actress from 1935 to 1938. She is the epitome of popular child stars who lose their ... "",""title"":""https://www.thefamouspeople.com/born-1928.php""},{""docid"":""54031"",""score"":13.354763032640921,""snippet"":"" ... Simultaneously, numerous agencies in Britain and in America targeted various other aspects of child welfare, from educating parents (particularly women) on hygiene and child-rearing, to raising the age for compulsory schooling, instituting school nutrition programs, and recognizing child rights.\n\nThe Useless Child\n\nFalling infant mortality rates during ... "",""title"":""https://www.representingchildhood.pitt.edu/twentycent_child.htm""}]"
55,899,2026-09-14T10:17:47.610868+00:00,actor real life daughter plays niece TV series,"[""actor"",""real"",""life"",""daughter"",""plays"",""niece"",""tv"",""series""]","""actor"" OR ""real"" OR ""life"" OR ""daughter"" OR ""plays"" OR ""niece"" OR ""tv"" OR ""series""",5,c5b8aa186c7c0fe6193a19341def225d23aa3e1eddf39c92614b2bacf8eb4794,d6c7070e3e40ec10244efa948e3a4b087582a5f3023fa91246133211ca293d76,True,"[""d41"",""d11"",""d42"",""d43"",""d44""]","[""48538"",""20480"",""51536"",""11779"",""27252""]","[{""docid"":""48538"",""score"":18.696880866122626,""snippet"":"" ... The story of their strange marriage, the child it produced and its violent end was a Hollywood tragedy played out in court.\n\nOnce hailed as among the finest actors of his generation, Blake became better known as the center of a real-life murder trial, a story more ... "",""title"":""https://www.pbs.org/newshour/arts/robert-blake-actor-acquitted-in-wifes-killing-dies-at-89""},{""docid"":""20480"",""score"":18.63087915735836,""snippet"":"" ... They need that, too.\""\n\nWhile her TV dad played an influential role in her life on That Girl, Thomas's real-life father was, and remains, the overwhelming inspiration in both her life and career.\n\nA multi-talented performer - beloved nightclub headliner, movie actor, TV producer and star ... "",""title"":""https://www.televisionacademy.com/features/news/online-originals/girl-one-who-changed-everything""},{""docid"":""51536"",""score"":18.622128107713962,""snippet"":"" ... it was the first big movie break for the talented, late actor Anton Yelchin, and it allowed Robin Williams to share the screen with his daughter Zelda.\n\nYelchin's plays Duchovny as a boy, whose best friend is a mentally challenged deliveryman, played by Williams. Zelda Williams plays ... "",""title"":""https://collider.com/galleries/celebrity-children-parents-movies/""},{""docid"":""11779"",""score"":18.06236804587279,""snippet"":"" ... Doherty later starred in the Kevin Smith film Mallrats and the TV series Charmed.\n\nIn 2023, the actor and director launched Let's Be Clear with Shannen Doherty, a podcast that reflects on her life and career. \""I wanted to be clear about what it was like for ... "",""title"":""https://people.com/little-house-on-the-prairie-cast-where-are-they-now-8603014""},{""docid"":""27252"",""score"":17.802101342039794,""snippet"":"" ... Scott | | |\n| BET Comedy Awards | 2004 | Outstanding Comedy Series | George Lopez | | |\n| BET Comedy Awards | 2004 | Outstanding Lead Actor in a Comedy Series | George Lopez | | |\n| Casting Society of America | 2002 | Best Casting for TV, Comedy Pilot (\""Prototype\"") | Mary V. BuckSusan Edelman | | |\n| Emmy Awards (Creative Arts) | 2004 | Outstanding Cinematography for a ... "",""title"":""https://en.wikipedia.org/wiki/George_Lopez_(TV_series)""}]"
55,900,2026-09-14T10:17:47.611748+00:00,actor real life son plays unrelated character TV show,"[""actor"",""real"",""life"",""son"",""plays"",""unrelated"",""character"",""tv"",""show""]","""actor"" OR ""real"" OR ""life"" OR ""son"" OR ""plays"" OR ""unrelated"" OR ""character"" OR ""tv"" OR ""show""",5,54939772d527a727c4e4a4cd375ace27972cd17cfcdf48ccbd7cf79a6b997fd7,186b25c5ce5104eb7bad2ac592a8b3dd73bc4bde4acb44578dd593e39b9d170f,True,"[""d45"",""d46"",""d27"",""d47"",""d24""]","[""69326"",""63690"",""78415"",""32179"",""64629""]","[{""docid"":""69326"",""score"":17.608058152860483,""snippet"":"" ... actors in completely unrelated roles in TV shows can go unnoticed by the audience, like Charles-Dean Chapman in Game of Thrones.\n\n- Talented actors, such as Tatiana Maslany in Orphan Black and Lisa Kudrow in Friends, can successfully portray multiple characters and create complex relationships on-screen.\n\nPlaying ... "",""title"":""https://screenrant.com/actors-multiple-characters-same-tv-show/""},{""docid"":""63690"",""score"":17.307014678439057,""snippet"":"" ... People] (94 quizzes)\n\nReal Name\n\n[Celebrities] (73 quizzes)\n\nThe Best Name Game\n\n[People] (605 quizzes)\n\nName the People\n\n[Movies] (398 quizzes)\n\nNames in Songs\n\n[Music] (126 quizzes)\n\nSurnames\n\n[General] (10 quizzes)\n\nThematic Names\n\n[General] (151 quizzes)\n\n1. Which actor played Dr. Robb in the TV series \""In The ... "",""title"":""https://www.funtrivia.com/quizzes/people/name_game/same_surname.html""},{""docid"":""78415"",""score"":16.991242550960894,""snippet"":"" ... movie follows fading TV hero Rick Dalton (Leonardo DiCaprio) and his best friend/stunt double Cliff Booth (Brad Pitt) as they navigate the changing landscape of Hollywood while also living next door to Sharon Tate (Margot Robbie).\n\nOlyphant plays one of several real-life characters in Once Upon ... "",""title"":""https://screenrant.com/timothy-olyphant-best-movies-tv-shows/""},{""docid"":""32179"",""score"":16.75430642685047,""snippet"":"" ... The Penguin - \""The Fishin' Hole\"" is the name of the iconic whistling theme song of what classic TV show, which features the title figure walking to the \""fishin' hole\"" with his son?\n\nAnswer: The Andy Griffith Show - Even though the character was first played by Susan Neher in ... "",""title"":""https://www.watercoolertrivia.com/trivia-questions/classic-tv-trivia-questions""},{""docid"":""64629"",""score"":16.6460355950987,""snippet"":"" ... Huck has various career ambitions in life, and he tries them all, though not particularly succeeding in any. This TV series was one of the six TV shows in 1960 and the first animation in history to win an Emmy for Outstanding Achievement in the Field of Children ... "",""title"":""https://www.boredpanda.com/60s-cartoons/""}]"
55,901,2026-09-14T10:17:47.612653+00:00,TV series actor family member cast unrelated role,"[""tv"",""series"",""actor"",""family"",""member"",""cast"",""unrelated"",""role""]","""tv"" OR ""series"" OR ""actor"" OR ""family"" OR ""member"" OR ""cast"" OR ""unrelated"" OR ""role""",5,926b5ad16c406760231902a802affccc9ecf484551833494d8bd71d09e634b0f,519938cc51f961ebe64dbcb827d1f5b0c02770f081d1dc8fc353acc8debc2b64,True,"[""d45"",""d33"",""d27"",""d46"",""d48""]","[""69326"",""57395"",""78415"",""63690"",""56024""]","[{""docid"":""69326"",""score"":18.76403021129144,""snippet"":"" ... 2023-11-14\n---\nSummary\n\n- Some actors excel at playing multiple roles in TV shows and movies, like Winona Ryder in Bram Stoker's Dracula and the cast of Everything Everywhere All at Once.\n\n- Recasting actors in completely unrelated roles in TV shows can go unnoticed by the audience ... "",""title"":""https://screenrant.com/actors-multiple-characters-same-tv-show/""},{""docid"":""57395"",""score"":18.072108702580366,""snippet"":"" ... Trivia[]\n\n- This had the most main cast members leave the series, with a total of 11 (although Jorja Fox later returned as a main cast member).\n\n- This was the penultimate CSI series to end.\n\n- This was the only CSI to lose both of its original lead actors (William ... "",""title"":""https://csi.fandom.com/wiki/CSI:Crime_Scene_Investigation""},{""docid"":""78415"",""score"":17.889209447110897,""snippet"":"" ... patriarch of the family. He initially plays the role with the cool calmness he pulls off so well in other roles, but becomes an anxious and desperate man when things start to unravel. The series makes for a gripping noir movie with a terrific cast that also includes ... "",""title"":""https://screenrant.com/timothy-olyphant-best-movies-tv-shows/""},{""docid"":""63690"",""score"":17.43938333974542,""snippet"":"" ... Which actor played Dr. Robb in the TV series \""In The Heat of The Night\""?\n\nFrom Quiz My Name is Robb\n\nAnswer: Dan Biggars\n\nDan Biggars was also an American college official prior to acting. William Windom played Dr. Seth Hazlitt in \""Murder She Wrote\"". Robert Young was ... "",""title"":""https://www.funtrivia.com/quizzes/people/name_game/same_surname.html""},{""docid"":""56024"",""score"":17.375538910828254,""snippet"":"" ... At 24 she won the role of the title character in UPN's drama Veronica Mars, which was launched in the fall of 2004. Created by Rob Thomas, the series starred Bell as the seventeen year old detective Veronica, which put her alongside actors Enrico Colantoni who played ... "",""title"":""https://unionfilms.org/films/people/kristen-bell.html""}]"
55,903,2026-09-14T10:17:47.615647+00:00,character married 3 times one child survives TV series 2000s,"[""character"",""married"",""3"",""times"",""one"",""child"",""survives"",""tv"",""series"",""2000s""]","""character"" OR ""married"" OR ""3"" OR ""times"" OR ""one"" OR ""child"" OR ""survives"" OR ""tv"" OR ""series"" OR ""2000s""",5,c9c062871b30893c9447ce45e87e6504375dfae99fdf6c1353e79599774caf6b,c470efb1a9b429148472627ec591e0453570f344b59db596bed9e6b635ebfe8c,True,"[""d6"",""d49"",""d50"",""d19"",""d2""]","[""78953"",""4035"",""3161"",""60134"",""81882""]","[{""docid"":""78953"",""score"":16.2824976074087,""snippet"":"" ... on Aidy Bryant's Hulu series Shrill and in the 2019 film James vs. His Future Self. In 2023, he joined season 4 of Apple TV+'s critically acclaimed science fiction drama For All Mankind as the character Eli Hobson.\n\nHe and actress Laure Mattos have been married ... "",""title"":""https://people.com/movies/home-alone-cast-where-are-they-now/""},{""docid"":""4035"",""score"":15.898290019368474,""snippet"":"" ... He was married to Star Herrmann and Leigh Curran. He died on 31 December 2014 in New York City, New York, USA.- Actor\n\n- Producer\n\n- Additional Crew\n\nOne of Hollywood's finest character / \""Method\"" actors, Eli Wallach was in demand for over 60 years (first film/TV role was ... "",""title"":""https://www.imdb.com/search/name/?death_date=2014""},{""docid"":""3161"",""score"":15.76035451695941,""snippet"":"" ... In the early 1970s, she landed minor roles in film and TV, and finally won a role on the series Three's Company (1976). She married Hamel in 1977. She was fired from the series after she asked for a raise at the beginning of the fifth season ... "",""title"":""https://m.imdb.com/search/name/?death_date=2023&ref_=nmbio_dth_yr""},{""docid"":""60134"",""score"":15.715324421687555,""snippet"":"" ... In 2003, Mulroney played Gavin Mitchell on the TV series Friends. He appeared in three episodes of the ninth season, his character briefly dating Rachel. This would mark Mulroney's last on-screen appearance on television for a number of years, later revealing in a May 2007 interview ... "",""title"":""https://en.wikipedia.org/wiki/Dermot_Mulroney""},{""docid"":""81882"",""score"":15.691378997718399,""snippet"":"" ... He was married a total of seven times, and fathered eight children.\n\nAfter long battles with ill health, Richard Pryor passed away on December 10th, 2005.- Vincent Schiavelli, selected in 1997 by Vanity Fair as one of the best character actors in America, had made over 120 film ... "",""title"":""https://m.imdb.com/search/name/?death_date=2005&ref_=nmbio""}]"
55,904,2026-09-14T10:17:47.616431+00:00,TV show character three marriages one surviving child,"[""tv"",""show"",""character"",""three"",""marriages"",""one"",""surviving"",""child""]","""tv"" OR ""show"" OR ""character"" OR ""three"" OR ""marriages"" OR ""one"" OR ""surviving"" OR ""child""",5,dcfdfe59d4312591ff3d757fe02035f881e4a26022e07fa519df09748ec9df4a,3f31bf042d8cc6df97db1dfa7b9b5da5c52351b9d4583f684f1cbc8fdbd5e8e2,True,"[""d39"",""d8"",""d51"",""d52"",""d53""]","[""53008"",""60248"",""37367"",""77637"",""54031""]","[{""docid"":""53008"",""score"":13.664801548271926,""snippet"":"" ... Most recently, Liotta appeared in The Many Saints of Newark, Marriage Story and No Sudden Move. He also appeared on Jennifer Lopez's TV show, Shades of Blue, which ended after three seasons. Liotta is survived by his daughter, Karsen and his fiancée Jacy Nittolo.\n\nJohn Zderko\n\nThe ... "",""title"":""https://www.etonline.com/gallery/stars-weve-lost-in-2022-177426""},{""docid"":""60248"",""score"":13.648348285782436,""snippet"":"" ... Lucci was expected to guest star on Prospect Park's continuation of All My Children in 2013, but the appearance never came to fruition due to the show's second cancellation.\n\nErica is considered to be the most popular character in American soap opera history. TV Guide calls ... "",""title"":""https://en.wikipedia.org/wiki/Erica_Kane""},{""docid"":""37367"",""score"":13.510584826136753,""snippet"":"" ... Midway through the season, an attempt was made to increase ratings by having Havoc's character relocate to New York to represent show business clients; however, the show lasted only one season.\""Lady Lawyer Practices Law,\"" TV Guide May 7–13, 1955, p. 12.\n\nFrom the 1960s through ... "",""title"":""https://en.wikipedia.org/wiki/June_Havoc""},{""docid"":""77637"",""score"":13.489606718134208,""snippet"":"" ... Besides his TV career, he was also an ordained Presbyterian minister.\n\nAfter starting her film career at the age of three, Shirley Temple went on to become Hollywood's highest-grossing child actress from 1935 to 1938. She is the epitome of popular child stars who lose their ... "",""title"":""https://www.thefamouspeople.com/born-1928.php""},{""docid"":""54031"",""score"":13.354763032640921,""snippet"":"" ... Simultaneously, numerous agencies in Britain and in America targeted various other aspects of child welfare, from educating parents (particularly women) on hygiene and child-rearing, to raising the age for compulsory schooling, instituting school nutrition programs, and recognizing child rights.\n\nThe Useless Child\n\nFalling infant mortality rates during ... "",""title"":""https://www.representingchildhood.pitt.edu/twentycent_child.htm""}]"
56,914,2026-09-14T10:17:51.049737+00:00,actor real life daughter plays niece TV series,"[""actor"",""real"",""life"",""daughter"",""plays"",""niece"",""tv"",""series""]","""actor"" OR ""real"" OR ""life"" OR ""daughter"" OR ""plays"" OR ""niece"" OR ""tv"" OR ""series""",5,c5b8aa186c7c0fe6193a19341def225d23aa3e1eddf39c92614b2bacf8eb4794,d6c7070e3e40ec10244efa948e3a4b087582a5f3023fa91246133211ca293d76,True,"[""d41"",""d11"",""d42"",""d43"",""d44""]","[""48538"",""20480"",""51536"",""11779"",""27252""]","[{""docid"":""48538"",""score"":18.696880866122626,""snippet"":"" ... The story of their strange marriage, the child it produced and its violent end was a Hollywood tragedy played out in court.\n\nOnce hailed as among the finest actors of his generation, Blake became better known as the center of a real-life murder trial, a story more ... "",""title"":""https://www.pbs.org/newshour/arts/robert-blake-actor-acquitted-in-wifes-killing-dies-at-89""},{""docid"":""20480"",""score"":18.63087915735836,""snippet"":"" ... They need that, too.\""\n\nWhile her TV dad played an influential role in her life on That Girl, Thomas's real-life father was, and remains, the overwhelming inspiration in both her life and career.\n\nA multi-talented performer - beloved nightclub headliner, movie actor, TV producer and star ... "",""title"":""https://www.televisionacademy.com/features/news/online-originals/girl-one-who-changed-everything""},{""docid"":""51536"",""score"":18.622128107713962,""snippet"":"" ... it was the first big movie break for the talented, late actor Anton Yelchin, and it allowed Robin Williams to share the screen with his daughter Zelda.\n\nYelchin's plays Duchovny as a boy, whose best friend is a mentally challenged deliveryman, played by Williams. Zelda Williams plays ... "",""title"":""https://collider.com/galleries/celebrity-children-parents-movies/""},{""docid"":""11779"",""score"":18.06236804587279,""snippet"":"" ... Doherty later starred in the Kevin Smith film Mallrats and the TV series Charmed.\n\nIn 2023, the actor and director launched Let's Be Clear with Shannen Doherty, a podcast that reflects on her life and career. \""I wanted to be clear about what it was like for ... "",""title"":""https://people.com/little-house-on-the-prairie-cast-where-are-they-now-8603014""},{""docid"":""27252"",""score"":17.802101342039794,""snippet"":"" ... Scott | | |\n| BET Comedy Awards | 2004 | Outstanding Comedy Series | George Lopez | | |\n| BET Comedy Awards | 2004 | Outstanding Lead Actor in a Comedy Series | George Lopez | | |\n| Casting Society of America | 2002 | Best Casting for TV, Comedy Pilot (\""Prototype\"") | Mary V. BuckSusan Edelman | | |\n| Emmy Awards (Creative Arts) | 2004 | Outstanding Cinematography for a ... "",""title"":""https://en.wikipedia.org/wiki/George_Lopez_(TV_series)""}]"
56,915,2026-09-14T10:17:51.050697+00:00,actor real life son plays unrelated character TV show,"[""actor"",""real"",""life"",""son"",""plays"",""unrelated"",""character"",""tv"",""show""]","""actor"" OR ""real"" OR ""life"" OR ""son"" OR ""plays"" OR ""unrelated"" OR ""character"" OR ""tv"" OR ""show""",5,54939772d527a727c4e4a4cd375ace27972cd17cfcdf48ccbd7cf79a6b997fd7,186b25c5ce5104eb7bad2ac592a8b3dd73bc4bde4acb44578dd593e39b9d170f,True,"[""d45"",""d46"",""d27"",""d47"",""d24""]","[""69326"",""63690"",""78415"",""32179"",""64629""]","[{""docid"":""69326"",""score"":17.608058152860483,""snippet"":"" ... actors in completely unrelated roles in TV shows can go unnoticed by the audience, like Charles-Dean Chapman in Game of Thrones.\n\n- Talented actors, such as Tatiana Maslany in Orphan Black and Lisa Kudrow in Friends, can successfully portray multiple characters and create complex relationships on-screen.\n\nPlaying ... "",""title"":""https://screenrant.com/actors-multiple-characters-same-tv-show/""},{""docid"":""63690"",""score"":17.307014678439057,""snippet"":"" ... People] (94 quizzes)\n\nReal Name\n\n[Celebrities] (73 quizzes)\n\nThe Best Name Game\n\n[People] (605 quizzes)\n\nName the People\n\n[Movies] (398 quizzes)\n\nNames in Songs\n\n[Music] (126 quizzes)\n\nSurnames\n\n[General] (10 quizzes)\n\nThematic Names\n\n[General] (151 quizzes)\n\n1. Which actor played Dr. Robb in the TV series \""In The ... "",""title"":""https://www.funtrivia.com/quizzes/people/name_game/same_surname.html""},{""docid"":""78415"",""score"":16.991242550960894,""snippet"":"" ... movie follows fading TV hero Rick Dalton (Leonardo DiCaprio) and his best friend/stunt double Cliff Booth (Brad Pitt) as they navigate the changing landscape of Hollywood while also living next door to Sharon Tate (Margot Robbie).\n\nOlyphant plays one of several real-life characters in Once Upon ... "",""title"":""https://screenrant.com/timothy-olyphant-best-movies-tv-shows/""},{""docid"":""32179"",""score"":16.75430642685047,""snippet"":"" ... The Penguin - \""The Fishin' Hole\"" is the name of the iconic whistling theme song of what classic TV show, which features the title figure walking to the \""fishin' hole\"" with his son?\n\nAnswer: The Andy Griffith Show - Even though the character was first played by Susan Neher in ... "",""title"":""https://www.watercoolertrivia.com/trivia-questions/classic-tv-trivia-questions""},{""docid"":""64629"",""score"":16.6460355950987,""snippet"":"" ... Huck has various career ambitions in life, and he tries them all, though not particularly succeeding in any. This TV series was one of the six TV shows in 1960 and the first animation in history to win an Emmy for Outstanding Achievement in the Field of Children ... "",""title"":""https://www.boredpanda.com/60s-cartoons/""}]"
56,916,2026-09-14T10:17:51.051512+00:00,TV series actor family member cast unrelated role,"[""tv"",""series"",""actor"",""family"",""member"",""cast"",""unrelated"",""role""]","""tv"" OR ""series"" OR ""actor"" OR ""family"" OR ""member"" OR ""cast"" OR ""unrelated"" OR ""role""",5,926b5ad16c406760231902a802affccc9ecf484551833494d8bd71d09e634b0f,519938cc51f961ebe64dbcb827d1f5b0c02770f081d1dc8fc353acc8debc2b64,True,"[""d45"",""d33"",""d27"",""d46"",""d48""]","[""69326"",""57395"",""78415"",""63690"",""56024""]","[{""docid"":""69326"",""score"":18.76403021129144,""snippet"":"" ... 2023-11-14\n---\nSummary\n\n- Some actors excel at playing multiple roles in TV shows and movies, like Winona Ryder in Bram Stoker's Dracula and the cast of Everything Everywhere All at Once.\n\n- Recasting actors in completely unrelated roles in TV shows can go unnoticed by the audience ... "",""title"":""https://screenrant.com/actors-multiple-characters-same-tv-show/""},{""docid"":""57395"",""score"":18.072108702580366,""snippet"":"" ... Trivia[]\n\n- This had the most main cast members leave the series, with a total of 11 (although Jorja Fox later returned as a main cast member).\n\n- This was the penultimate CSI series to end.\n\n- This was the only CSI to lose both of its original lead actors (William ... "",""title"":""https://csi.fandom.com/wiki/CSI:Crime_Scene_Investigation""},{""docid"":""78415"",""score"":17.889209447110897,""snippet"":"" ... patriarch of the family. He initially plays the role with the cool calmness he pulls off so well in other roles, but becomes an anxious and desperate man when things start to unravel. The series makes for a gripping noir movie with a terrific cast that also includes ... "",""title"":""https://screenrant.com/timothy-olyphant-best-movies-tv-shows/""},{""docid"":""63690"",""score"":17.43938333974542,""snippet"":"" ... Which actor played Dr. Robb in the TV series \""In The Heat of The Night\""?\n\nFrom Quiz My Name is Robb\n\nAnswer: Dan Biggars\n\nDan Biggars was also an American college official prior to acting. William Windom played Dr. Seth Hazlitt in \""Murder She Wrote\"". Robert Young was ... "",""title"":""https://www.funtrivia.com/quizzes/people/name_game/same_surname.html""},{""docid"":""56024"",""score"":17.375538910828254,""snippet"":"" ... At 24 she won the role of the title character in UPN's drama Veronica Mars, which was launched in the fall of 2004. Created by Rob Thomas, the series starred Bell as the seventeen year old detective Veronica, which put her alongside actors Enrico Colantoni who played ... "",""title"":""https://unionfilms.org/films/people/kristen-bell.html""}]"
56,918,2026-09-14T10:17:51.054595+00:00,character married 3 times one child survives TV series 2000s,"[""character"",""married"",""3"",""times"",""one"",""child"",""survives"",""tv"",""series"",""2000s""]","""character"" OR ""married"" OR ""3"" OR ""times"" OR ""one"" OR ""child"" OR ""survives"" OR ""tv"" OR ""series"" OR ""2000s""",5,c9c062871b30893c9447ce45e87e6504375dfae99fdf6c1353e79599774caf6b,c470efb1a9b429148472627ec591e0453570f344b59db596bed9e6b635ebfe8c,True,"[""d6"",""d49"",""d50"",""d19"",""d2""]","[""78953"",""4035"",""3161"",""60134"",""81882""]","[{""docid"":""78953"",""score"":16.2824976074087,""snippet"":"" ... on Aidy Bryant's Hulu series Shrill and in the 2019 film James vs. His Future Self. In 2023, he joined season 4 of Apple TV+'s critically acclaimed science fiction drama For All Mankind as the character Eli Hobson.\n\nHe and actress Laure Mattos have been married ... "",""title"":""https://people.com/movies/home-alone-cast-where-are-they-now/""},{""docid"":""4035"",""score"":15.898290019368474,""snippet"":"" ... He was married to Star Herrmann and Leigh Curran. He died on 31 December 2014 in New York City, New York, USA.- Actor\n\n- Producer\n\n- Additional Crew\n\nOne of Hollywood's finest character / \""Method\"" actors, Eli Wallach was in demand for over 60 years (first film/TV role was ... "",""title"":""https://www.imdb.com/search/name/?death_date=2014""},{""docid"":""3161"",""score"":15.76035451695941,""snippet"":"" ... In the early 1970s, she landed minor roles in film and TV, and finally won a role on the series Three's Company (1976). She married Hamel in 1977. She was fired from the series after she asked for a raise at the beginning of the fifth season ... "",""title"":""https://m.imdb.com/search/name/?death_date=2023&ref_=nmbio_dth_yr""},{""docid"":""60134"",""score"":15.715324421687555,""snippet"":"" ... In 2003, Mulroney played Gavin Mitchell on the TV series Friends. He appeared in three episodes of the ninth season, his character briefly dating Rachel. This would mark Mulroney's last on-screen appearance on television for a number of years, later revealing in a May 2007 interview ... "",""title"":""https://en.wikipedia.org/wiki/Dermot_Mulroney""},{""docid"":""81882"",""score"":15.691378997718399,""snippet"":"" ... He was married a total of seven times, and fathered eight children.\n\nAfter long battles with ill health, Richard Pryor passed away on December 10th, 2005.- Vincent Schiavelli, selected in 1997 by Vanity Fair as one of the best character actors in America, had made over 120 film ... "",""title"":""https://m.imdb.com/search/name/?death_date=2005&ref_=nmbio""}]"
56,919,2026-09-14T10:17:51.055617+00:00,TV show character three marriages one surviving child,"[""tv"",""show"",""character"",""three"",""marriages"",""one"",""surviving"",""child""]","""tv"" OR ""show"" OR ""character"" OR ""three"" OR ""marriages"" OR ""one"" OR ""surviving"" OR ""child""",5,dcfdfe59d4312591ff3d757fe02035f881e4a26022e07fa519df09748ec9df4a,3f31bf042d8cc6df97db1dfa7b9b5da5c52351b9d4583f684f1cbc8fdbd5e8e2,True,"[""d39"",""d8"",""d51"",""d52"",""d53""]","[""53008"",""60248"",""37367"",""77637"",""54031""]","[{""docid"":""53008"",""score"":13.664801548271926,""snippet"":"" ... Most recently, Liotta appeared in The Many Saints of Newark, Marriage Story and No Sudden Move. He also appeared on Jennifer Lopez's TV show, Shades of Blue, which ended after three seasons. Liotta is survived by his daughter, Karsen and his fiancée Jacy Nittolo.\n\nJohn Zderko\n\nThe ... "",""title"":""https://www.etonline.com/gallery/stars-weve-lost-in-2022-177426""},{""docid"":""60248"",""score"":13.648348285782436,""snippet"":"" ... Lucci was expected to guest star on Prospect Park's continuation of All My Children in 2013, but the appearance never came to fruition due to the show's second cancellation.\n\nErica is considered to be the most popular character in American soap opera history. TV Guide calls ... "",""title"":""https://en.wikipedia.org/wiki/Erica_Kane""},{""docid"":""37367"",""score"":13.510584826136753,""snippet"":"" ... Midway through the season, an attempt was made to increase ratings by having Havoc's character relocate to New York to represent show business clients; however, the show lasted only one season.\""Lady Lawyer Practices Law,\"" TV Guide May 7–13, 1955, p. 12.\n\nFrom the 1960s through ... "",""title"":""https://en.wikipedia.org/wiki/June_Havoc""},{""docid"":""77637"",""score"":13.489606718134208,""snippet"":"" ... Besides his TV career, he was also an ordained Presbyterian minister.\n\nAfter starting her film career at the age of three, Shirley Temple went on to become Hollywood's highest-grossing child actress from 1935 to 1938. She is the epitome of popular child stars who lose their ... "",""title"":""https://www.thefamouspeople.com/born-1928.php""},{""docid"":""54031"",""score"":13.354763032640921,""snippet"":"" ... Simultaneously, numerous agencies in Britain and in America targeted various other aspects of child welfare, from educating parents (particularly women) on hygiene and child-rearing, to raising the age for compulsory schooling, instituting school nutrition programs, and recognizing child rights.\n\nThe Useless Child\n\nFalling infant mortality rates during ... "",""title"":""https://www.representingchildhood.pitt.edu/twentycent_child.htm""}]"
57,929,2026-09-14T10:17:54.804059+00:00,actor real life daughter plays niece TV series,"[""actor"",""real"",""life"",""daughter"",""plays"",""niece"",""tv"",""series""]","""actor"" OR ""real"" OR ""life"" OR ""daughter"" OR ""plays"" OR ""niece"" OR ""tv"" OR ""series""",5,c5b8aa186c7c0fe6193a19341def225d23aa3e1eddf39c92614b2bacf8eb4794,d6c7070e3e40ec10244efa948e3a4b087582a5f3023fa91246133211ca293d76,True,"[""d41"",""d11"",""d42"",""d43"",""d44""]","[""48538"",""20480"",""51536"",""11779"",""27252""]","[{""docid"":""48538"",""score"":18.696880866122626,""snippet"":"" ... The story of their strange marriage, the child it produced and its violent end was a Hollywood tragedy played out in court.\n\nOnce hailed as among the finest actors of his generation, Blake became better known as the center of a real-life murder trial, a story more ... "",""title"":""https://www.pbs.org/newshour/arts/robert-blake-actor-acquitted-in-wifes-killing-dies-at-89""},{""docid"":""20480"",""score"":18.63087915735836,""snippet"":"" ... They need that, too.\""\n\nWhile her TV dad played an influential role in her life on That Girl, Thomas's real-life father was, and remains, the overwhelming inspiration in both her life and career.\n\nA multi-talented performer - beloved nightclub headliner, movie actor, TV producer and star ... "",""title"":""https://www.televisionacademy.com/features/news/online-originals/girl-one-who-changed-everything""},{""docid"":""51536"",""score"":18.622128107713962,""snippet"":"" ... it was the first big movie break for the talented, late actor Anton Yelchin, and it allowed Robin Williams to share the screen with his daughter Zelda.\n\nYelchin's plays Duchovny as a boy, whose best friend is a mentally challenged deliveryman, played by Williams. Zelda Williams plays ... "",""title"":""https://collider.com/galleries/celebrity-children-parents-movies/""},{""docid"":""11779"",""score"":18.06236804587279,""snippet"":"" ... Doherty later starred in the Kevin Smith film Mallrats and the TV series Charmed.\n\nIn 2023, the actor and director launched Let's Be Clear with Shannen Doherty, a podcast that reflects on her life and career. \""I wanted to be clear about what it was like for ... "",""title"":""https://people.com/little-house-on-the-prairie-cast-where-are-they-now-8603014""},{""docid"":""27252"",""score"":17.802101342039794,""snippet"":"" ... Scott | | |\n| BET Comedy Awards | 2004 | Outstanding Comedy Series | George Lopez | | |\n| BET Comedy Awards | 2004 | Outstanding Lead Actor in a Comedy Series | George Lopez | | |\n| Casting Society of America | 2002 | Best Casting for TV, Comedy Pilot (\""Prototype\"") | Mary V. BuckSusan Edelman | | |\n| Emmy Awards (Creative Arts) | 2004 | Outstanding Cinematography for a ... "",""title"":""https://en.wikipedia.org/wiki/George_Lopez_(TV_series)""}]"
57,930,2026-09-14T10:17:54.805134+00:00,actor real life son plays unrelated character TV show,"[""actor"",""real"",""life"",""son"",""plays"",""unrelated"",""character"",""tv"",""show""]","""actor"" OR ""real"" OR ""life"" OR ""son"" OR ""plays"" OR ""unrelated"" OR ""character"" OR ""tv"" OR ""show""",5,54939772d527a727c4e4a4cd375ace27972cd17cfcdf48ccbd7cf79a6b997fd7,186b25c5ce5104eb7bad2ac592a8b3dd73bc4bde4acb44578dd593e39b9d170f,True,"[""d45"",""d46"",""d27"",""d47"",""d24""]","[""69326"",""63690"",""78415"",""32179"",""64629""]","[{""docid"":""69326"",""score"":17.608058152860483,""snippet"":"" ... actors in completely unrelated roles in TV shows can go unnoticed by the audience, like Charles-Dean Chapman in Game of Thrones.\n\n- Talented actors, such as Tatiana Maslany in Orphan Black and Lisa Kudrow in Friends, can successfully portray multiple characters and create complex relationships on-screen.\n\nPlaying ... "",""title"":""https://screenrant.com/actors-multiple-characters-same-tv-show/""},{""docid"":""63690"",""score"":17.307014678439057,""snippet"":"" ... People] (94 quizzes)\n\nReal Name\n\n[Celebrities] (73 quizzes)\n\nThe Best Name Game\n\n[People] (605 quizzes)\n\nName the People\n\n[Movies] (398 quizzes)\n\nNames in Songs\n\n[Music] (126 quizzes)\n\nSurnames\n\n[General] (10 quizzes)\n\nThematic Names\n\n[General] (151 quizzes)\n\n1. Which actor played Dr. Robb in the TV series \""In The ... "",""title"":""https://www.funtrivia.com/quizzes/people/name_game/same_surname.html""},{""docid"":""78415"",""score"":16.991242550960894,""snippet"":"" ... movie follows fading TV hero Rick Dalton (Leonardo DiCaprio) and his best friend/stunt double Cliff Booth (Brad Pitt) as they navigate the changing landscape of Hollywood while also living next door to Sharon Tate (Margot Robbie).\n\nOlyphant plays one of several real-life characters in Once Upon ... "",""title"":""https://screenrant.com/timothy-olyphant-best-movies-tv-shows/""},{""docid"":""32179"",""score"":16.75430642685047,""snippet"":"" ... The Penguin - \""The Fishin' Hole\"" is the name of the iconic whistling theme song of what classic TV show, which features the title figure walking to the \""fishin' hole\"" with his son?\n\nAnswer: The Andy Griffith Show - Even though the character was first played by Susan Neher in ... "",""title"":""https://www.watercoolertrivia.com/trivia-questions/classic-tv-trivia-questions""},{""docid"":""64629"",""score"":16.6460355950987,""snippet"":"" ... Huck has various career ambitions in life, and he tries them all, though not particularly succeeding in any. This TV series was one of the six TV shows in 1960 and the first animation in history to win an Emmy for Outstanding Achievement in the Field of Children ... "",""title"":""https://www.boredpanda.com/60s-cartoons/""}]"
57,931,2026-09-14T10:17:54.806132+00:00,TV series actor family member cast unrelated role,"[""tv"",""series"",""actor"",""family"",""member"",""cast"",""unrelated"",""role""]","""tv"" OR ""series"" OR ""actor"" OR ""family"" OR ""member"" OR ""cast"" OR ""unrelated"" OR ""role""",5,926b5ad16c406760231902a802affccc9ecf484551833494d8bd71d09e634b0f,519938cc51f961ebe64dbcb827d1f5b0c02770f081d1dc8fc353acc8debc2b64,True,"[""d45"",""d33"",""d27"",""d46"",""d48""]","[""69326"",""57395"",""78415"",""63690"",""56024""]","[{""docid"":""69326"",""score"":18.76403021129144,""snippet"":"" ... 2023-11-14\n---\nSummary\n\n- Some actors excel at playing multiple roles in TV shows and movies, like Winona Ryder in Bram Stoker's Dracula and the cast of Everything Everywhere All at Once.\n\n- Recasting actors in completely unrelated roles in TV shows can go unnoticed by the audience ... "",""title"":""https://screenrant.com/actors-multiple-characters-same-tv-show/""},{""docid"":""57395"",""score"":18.072108702580366,""snippet"":"" ... Trivia[]\n\n- This had the most main cast members leave the series, with a total of 11 (although Jorja Fox later returned as a main cast member).\n\n- This was the penultimate CSI series to end.\n\n- This was the only CSI to lose both of its original lead actors (William ... "",""title"":""https://csi.fandom.com/wiki/CSI:Crime_Scene_Investigation""},{""docid"":""78415"",""score"":17.889209447110897,""snippet"":"" ... patriarch of the family. He initially plays the role with the cool calmness he pulls off so well in other roles, but becomes an anxious and desperate man when things start to unravel. The series makes for a gripping noir movie with a terrific cast that also includes ... "",""title"":""https://screenrant.com/timothy-olyphant-best-movies-tv-shows/""},{""docid"":""63690"",""score"":17.43938333974542,""snippet"":"" ... Which actor played Dr. Robb in the TV series \""In The Heat of The Night\""?\n\nFrom Quiz My Name is Robb\n\nAnswer: Dan Biggars\n\nDan Biggars was also an American college official prior to acting. William Windom played Dr. Seth Hazlitt in \""Murder She Wrote\"". Robert Young was ... "",""title"":""https://www.funtrivia.com/quizzes/people/name_game/same_surname.html""},{""docid"":""56024"",""score"":17.375538910828254,""snippet"":"" ... At 24 she won the role of the title character in UPN's drama Veronica Mars, which was launched in the fall of 2004. Created by Rob Thomas, the series starred Bell as the seventeen year old detective Veronica, which put her alongside actors Enrico Colantoni who played ... "",""title"":""https://unionfilms.org/films/people/kristen-bell.html""}]"
57,933,2026-09-14T10:17:54.809427+00:00,character married 3 times one child survives TV series 2000s,"[""character"",""married"",""3"",""times"",""one"",""child"",""survives"",""tv"",""series"",""2000s""]","""character"" OR ""married"" OR ""3"" OR ""times"" OR ""one"" OR ""child"" OR ""survives"" OR ""tv"" OR ""series"" OR ""2000s""",5,c9c062871b30893c9447ce45e87e6504375dfae99fdf6c1353e79599774caf6b,c470efb1a9b429148472627ec591e0453570f344b59db596bed9e6b635ebfe8c,True,"[""d6"",""d49"",""d50"",""d19"",""d2""]","[""78953"",""4035"",""3161"",""60134"",""81882""]","[{""docid"":""78953"",""score"":16.2824976074087,""snippet"":"" ... on Aidy Bryant's Hulu series Shrill and in the 2019 film James vs. His Future Self. In 2023, he joined season 4 of Apple TV+'s critically acclaimed science fiction drama For All Mankind as the character Eli Hobson.\n\nHe and actress Laure Mattos have been married ... "",""title"":""https://people.com/movies/home-alone-cast-where-are-they-now/""},{""docid"":""4035"",""score"":15.898290019368474,""snippet"":"" ... He was married to Star Herrmann and Leigh Curran. He died on 31 December 2014 in New York City, New York, USA.- Actor\n\n- Producer\n\n- Additional Crew\n\nOne of Hollywood's finest character / \""Method\"" actors, Eli Wallach was in demand for over 60 years (first film/TV role was ... "",""title"":""https://www.imdb.com/search/name/?death_date=2014""},{""docid"":""3161"",""score"":15.76035451695941,""snippet"":"" ... In the early 1970s, she landed minor roles in film and TV, and finally won a role on the series Three's Company (1976). She married Hamel in 1977. She was fired from the series after she asked for a raise at the beginning of the fifth season ... "",""title"":""https://m.imdb.com/search/name/?death_date=2023&ref_=nmbio_dth_yr""},{""docid"":""60134"",""score"":15.715324421687555,""snippet"":"" ... In 2003, Mulroney played Gavin Mitchell on the TV series Friends. He appeared in three episodes of the ninth season, his character briefly dating Rachel. This would mark Mulroney's last on-screen appearance on television for a number of years, later revealing in a May 2007 interview ... "",""title"":""https://en.wikipedia.org/wiki/Dermot_Mulroney""},{""docid"":""81882"",""score"":15.691378997718399,""snippet"":"" ... He was married a total of seven times, and fathered eight children.\n\nAfter long battles with ill health, Richard Pryor passed away on December 10th, 2005.- Vincent Schiavelli, selected in 1997 by Vanity Fair as one of the best character actors in America, had made over 120 film ... "",""title"":""https://m.imdb.com/search/name/?death_date=2005&ref_=nmbio""}]"
57,934,2026-09-14T10:17:54.810312+00:00,TV show character three marriages one surviving child,"[""tv"",""show"",""character"",""three"",""marriages"",""one"",""surviving"",""child""]","""tv"" OR ""show"" OR ""character"" OR ""three"" OR ""marriages"" OR ""one"" OR ""surviving"" OR ""child""",5,dcfdfe59d4312591ff3d757fe02035f881e4a26022e07fa519df09748ec9df4a,3f31bf042d8cc6df97db1dfa7b9b5da5c52351b9d4583f684f1cbc8fdbd5e8e2,True,"[""d39"",""d8"",""d51"",""d52"",""d53""]","[""53008"",""60248"",""37367"",""77637"",""54031""]","[{""docid"":""53008"",""score"":13.664801548271926,""snippet"":"" ... Most recently, Liotta appeared in The Many Saints of Newark, Marriage Story and No Sudden Move. He also appeared on Jennifer Lopez's TV show, Shades of Blue, which ended after three seasons. Liotta is survived by his daughter, Karsen and his fiancée Jacy Nittolo.\n\nJohn Zderko\n\nThe ... "",""title"":""https://www.etonline.com/gallery/stars-weve-lost-in-2022-177426""},{""docid"":""60248"",""score"":13.648348285782436,""snippet"":"" ... Lucci was expected to guest star on Prospect Park's continuation of All My Children in 2013, but the appearance never came to fruition due to the show's second cancellation.\n\nErica is considered to be the most popular character in American soap opera history. TV Guide calls ... "",""title"":""https://en.wikipedia.org/wiki/Erica_Kane""},{""docid"":""37367"",""score"":13.510584826136753,""snippet"":"" ... Midway through the season, an attempt was made to increase ratings by having Havoc's character relocate to New York to represent show business clients; however, the show lasted only one season.\""Lady Lawyer Practices Law,\"" TV Guide May 7–13, 1955, p. 12.\n\nFrom the 1960s through ... "",""title"":""https://en.wikipedia.org/wiki/June_Havoc""},{""docid"":""77637"",""score"":13.489606718134208,""snippet"":"" ... Besides his TV career, he was also an ordained Presbyterian minister.\n\nAfter starting her film career at the age of three, Shirley Temple went on to become Hollywood's highest-grossing child actress from 1935 to 1938. She is the epitome of popular child stars who lose their ... "",""title"":""https://www.thefamouspeople.com/born-1928.php""},{""docid"":""54031"",""score"":13.354763032640921,""snippet"":"" ... Simultaneously, numerous agencies in Britain and in America targeted various other aspects of child welfare, from educating parents (particularly women) on hygiene and child-rearing, to raising the age for compulsory schooling, instituting school nutrition programs, and recognizing child rights.\n\nThe Useless Child\n\nFalling infant mortality rates during ... "",""title"":""https://www.representingchildhood.pitt.edu/twentycent_child.htm""}]"
58,944,2026-09-14T10:17:58.702113+00:00,actor real life daughter plays niece TV series,"[""actor"",""real"",""life"",""daughter"",""plays"",""niece"",""tv"",""series""]","""actor"" OR ""real"" OR ""life"" OR ""daughter"" OR ""plays"" OR ""niece"" OR ""tv"" OR ""series""",5,c5b8aa186c7c0fe6193a19341def225d23aa3e1eddf39c92614b2bacf8eb4794,d6c7070e3e40ec10244efa948e3a4b087582a5f3023fa91246133211ca293d76,True,"[""d41"",""d11"",""d42"",""d43"",""d44""]","[""48538"",""20480"",""51536"",""11779"",""27252""]","[{""docid"":""48538"",""score"":18.696880866122626,""snippet"":"" ... The story of their strange marriage, the child it produced and its violent end was a Hollywood tragedy played out in court.\n\nOnce hailed as among the finest actors of his generation, Blake became better known as the center of a real-life murder trial, a story more ... "",""title"":""https://www.pbs.org/newshour/arts/robert-blake-actor-acquitted-in-wifes-killing-dies-at-89""},{""docid"":""20480"",""score"":18.63087915735836,""snippet"":"" ... They need that, too.\""\n\nWhile her TV dad played an influential role in her life on That Girl, Thomas's real-life father was, and remains, the overwhelming inspiration in both her life and career.\n\nA multi-talented performer - beloved nightclub headliner, movie actor, TV producer and star ... "",""title"":""https://www.televisionacademy.com/features/news/online-originals/girl-one-who-changed-everything""},{""docid"":""51536"",""score"":18.622128107713962,""snippet"":"" ... it was the first big movie break for the talented, late actor Anton Yelchin, and it allowed Robin Williams to share the screen with his daughter Zelda.\n\nYelchin's plays Duchovny as a boy, whose best friend is a mentally challenged deliveryman, played by Williams. Zelda Williams plays ... "",""title"":""https://collider.com/galleries/celebrity-children-parents-movies/""},{""docid"":""11779"",""score"":18.06236804587279,""snippet"":"" ... Doherty later starred in the Kevin Smith film Mallrats and the TV series Charmed.\n\nIn 2023, the actor and director launched Let's Be Clear with Shannen Doherty, a podcast that reflects on her life and career. \""I wanted to be clear about what it was like for ... "",""title"":""https://people.com/little-house-on-the-prairie-cast-where-are-they-now-8603014""},{""docid"":""27252"",""score"":17.802101342039794,""snippet"":"" ... Scott | | |\n| BET Comedy Awards | 2004 | Outstanding Comedy Series | George Lopez | | |\n| BET Comedy Awards | 2004 | Outstanding Lead Actor in a Comedy Series | George Lopez | | |\n| Casting Society of America | 2002 | Best Casting for TV, Comedy Pilot (\""Prototype\"") | Mary V. BuckSusan Edelman | | |\n| Emmy Awards (Creative Arts) | 2004 | Outstanding Cinematography for a ... "",""title"":""https://en.wikipedia.org/wiki/George_Lopez_(TV_series)""}]"
58,945,2026-09-14T10:17:58.702988+00:00,actor real life son plays unrelated character TV show,"[""actor"",""real"",""life"",""son"",""plays"",""unrelated"",""character"",""tv"",""show""]","""actor"" OR ""real"" OR ""life"" OR ""son"" OR ""plays"" OR ""unrelated"" OR ""character"" OR ""tv"" OR ""show""",5,54939772d527a727c4e4a4cd375ace27972cd17cfcdf48ccbd7cf79a6b997fd7,186b25c5ce5104eb7bad2ac592a8b3dd73bc4bde4acb44578dd593e39b9d170f,True,"[""d45"",""d46"",""d27"",""d47"",""d24""]","[""69326"",""63690"",""78415"",""32179"",""64629""]","[{""docid"":""69326"",""score"":17.608058152860483,""snippet"":"" ... actors in completely unrelated roles in TV shows can go unnoticed by the audience, like Charles-Dean Chapman in Game of Thrones.\n\n- Talented actors, such as Tatiana Maslany in Orphan Black and Lisa Kudrow in Friends, can successfully portray multiple characters and create complex relationships on-screen.\n\nPlaying ... "",""title"":""https://screenrant.com/actors-multiple-characters-same-tv-show/""},{""docid"":""63690"",""score"":17.307014678439057,""snippet"":"" ... People] (94 quizzes)\n\nReal Name\n\n[Celebrities] (73 quizzes)\n\nThe Best Name Game\n\n[People] (605 quizzes)\n\nName the People\n\n[Movies] (398 quizzes)\n\nNames in Songs\n\n[Music] (126 quizzes)\n\nSurnames\n\n[General] (10 quizzes)\n\nThematic Names\n\n[General] (151 quizzes)\n\n1. Which actor played Dr. Robb in the TV series \""In The ... "",""title"":""https://www.funtrivia.com/quizzes/people/name_game/same_surname.html""},{""docid"":""78415"",""score"":16.991242550960894,""snippet"":"" ... movie follows fading TV hero Rick Dalton (Leonardo DiCaprio) and his best friend/stunt double Cliff Booth (Brad Pitt) as they navigate the changing landscape of Hollywood while also living next door to Sharon Tate (Margot Robbie).\n\nOlyphant plays one of several real-life characters in Once Upon ... "",""title"":""https://screenrant.com/timothy-olyphant-best-movies-tv-shows/""},{""docid"":""32179"",""score"":16.75430642685047,""snippet"":"" ... The Penguin - \""The Fishin' Hole\"" is the name of the iconic whistling theme song of what classic TV show, which features the title figure walking to the \""fishin' hole\"" with his son?\n\nAnswer: The Andy Griffith Show - Even though the character was first played by Susan Neher in ... "",""title"":""https://www.watercoolertrivia.com/trivia-questions/classic-tv-trivia-questions""},{""docid"":""64629"",""score"":16.6460355950987,""snippet"":"" ... Huck has various career ambitions in life, and he tries them all, though not particularly succeeding in any. This TV series was one of the six TV shows in 1960 and the first animation in history to win an Emmy for Outstanding Achievement in the Field of Children ... "",""title"":""https://www.boredpanda.com/60s-cartoons/""}]"
58,946,2026-09-14T10:17:58.703834+00:00,TV series actor family member cast unrelated role,"[""tv"",""series"",""actor"",""family"",""member"",""cast"",""unrelated"",""role""]","""tv"" OR ""series"" OR ""actor"" OR ""family"" OR ""member"" OR ""cast"" OR ""unrelated"" OR ""role""",5,926b5ad16c406760231902a802affccc9ecf484551833494d8bd71d09e634b0f,519938cc51f961ebe64dbcb827d1f5b0c02770f081d1dc8fc353acc8debc2b64,True,"[""d45"",""d33"",""d27"",""d46"",""d48""]","[""69326"",""57395"",""78415"",""63690"",""56024""]","[{""docid"":""69326"",""score"":18.76403021129144,""snippet"":"" ... 2023-11-14\n---\nSummary\n\n- Some actors excel at playing multiple roles in TV shows and movies, like Winona Ryder in Bram Stoker's Dracula and the cast of Everything Everywhere All at Once.\n\n- Recasting actors in completely unrelated roles in TV shows can go unnoticed by the audience ... "",""title"":""https://screenrant.com/actors-multiple-characters-same-tv-show/""},{""docid"":""57395"",""score"":18.072108702580366,""snippet"":"" ... Trivia[]\n\n- This had the most main cast members leave the series, with a total of 11 (although Jorja Fox later returned as a main cast member).\n\n- This was the penultimate CSI series to end.\n\n- This was the only CSI to lose both of its original lead actors (William ... "",""title"":""https://csi.fandom.com/wiki/CSI:Crime_Scene_Investigation""},{""docid"":""78415"",""score"":17.889209447110897,""snippet"":"" ... patriarch of the family. He initially plays the role with the cool calmness he pulls off so well in other roles, but becomes an anxious and desperate man when things start to unravel. The series makes for a gripping noir movie with a terrific cast that also includes ... "",""title"":""https://screenrant.com/timothy-olyphant-best-movies-tv-shows/""},{""docid"":""63690"",""score"":17.43938333974542,""snippet"":"" ... Which actor played Dr. Robb in the TV series \""In The Heat of The Night\""?\n\nFrom Quiz My Name is Robb\n\nAnswer: Dan Biggars\n\nDan Biggars was also an American college official prior to acting. William Windom played Dr. Seth Hazlitt in \""Murder She Wrote\"". Robert Young was ... "",""title"":""https://www.funtrivia.com/quizzes/people/name_game/same_surname.html""},{""docid"":""56024"",""score"":17.375538910828254,""snippet"":"" ... At 24 she won the role of the title character in UPN's drama Veronica Mars, which was launched in the fall of 2004. Created by Rob Thomas, the series starred Bell as the seventeen year old detective Veronica, which put her alongside actors Enrico Colantoni who played ... "",""title"":""https://unionfilms.org/films/people/kristen-bell.html""}]"
58,948,2026-09-14T10:17:58.706775+00:00,character married 3 times one child survives TV series 2000s,"[""character"",""married"",""3"",""times"",""one"",""child"",""survives"",""tv"",""series"",""2000s""]","""character"" OR ""married"" OR ""3"" OR ""times"" OR ""one"" OR ""child"" OR ""survives"" OR ""tv"" OR ""series"" OR ""2000s""",5,c9c062871b30893c9447ce45e87e6504375dfae99fdf6c1353e79599774caf6b,c470efb1a9b429148472627ec591e0453570f344b59db596bed9e6b635ebfe8c,True,"[""d6"",""d49"",""d50"",""d19"",""d2""]","[""78953"",""4035"",""3161"",""60134"",""81882""]","[{""docid"":""78953"",""score"":16.2824976074087,""snippet"":"" ... on Aidy Bryant's Hulu series Shrill and in the 2019 film James vs. His Future Self. In 2023, he joined season 4 of Apple TV+'s critically acclaimed science fiction drama For All Mankind as the character Eli Hobson.\n\nHe and actress Laure Mattos have been married ... "",""title"":""https://people.com/movies/home-alone-cast-where-are-they-now/""},{""docid"":""4035"",""score"":15.898290019368474,""snippet"":"" ... He was married to Star Herrmann and Leigh Curran. He died on 31 December 2014 in New York City, New York, USA.- Actor\n\n- Producer\n\n- Additional Crew\n\nOne of Hollywood's finest character / \""Method\"" actors, Eli Wallach was in demand for over 60 years (first film/TV role was ... "",""title"":""https://www.imdb.com/search/name/?death_date=2014""},{""docid"":""3161"",""score"":15.76035451695941,""snippet"":"" ... In the early 1970s, she landed minor roles in film and TV, and finally won a role on the series Three's Company (1976). She married Hamel in 1977. She was fired from the series after she asked for a raise at the beginning of the fifth season ... "",""title"":""https://m.imdb.com/search/name/?death_date=2023&ref_=nmbio_dth_yr""},{""docid"":""60134"",""score"":15.715324421687555,""snippet"":"" ... In 2003, Mulroney played Gavin Mitchell on the TV series Friends. He appeared in three episodes of the ninth season, his character briefly dating Rachel. This would mark Mulroney's last on-screen appearance on television for a number of years, later revealing in a May 2007 interview ... "",""title"":""https://en.wikipedia.org/wiki/Dermot_Mulroney""},{""docid"":""81882"",""score"":15.691378997718399,""snippet"":"" ... He was married a total of seven times, and fathered eight children.\n\nAfter long battles with ill health, Richard Pryor passed away on December 10th, 2005.- Vincent Schiavelli, selected in 1997 by Vanity Fair as one of the best character actors in America, had made over 120 film ... "",""title"":""https://m.imdb.com/search/name/?death_date=2005&ref_=nmbio""}]"
58,949,2026-09-14T10:17:58.707739+00:00,TV show character three marriages one surviving child,"[""tv"",""show"",""character"",""three"",""marriages"",""one"",""surviving"",""child""]","""tv"" OR ""show"" OR ""character"" OR ""three"" OR ""marriages"" OR ""one"" OR ""surviving"" OR ""child""",5,dcfdfe59d4312591ff3d757fe02035f881e4a26022e07fa519df09748ec9df4a,3f31bf042d8cc6df97db1dfa7b9b5da5c52351b9d4583f684f1cbc8fdbd5e8e2,True,"[""d39"",""d8"",""d51"",""d52"",""d53""]","[""53008"",""60248"",""37367"",""77637"",""54031""]","[{""docid"":""53008"",""score"":13.664801548271926,""snippet"":"" ... Most recently, Liotta appeared in The Many Saints of Newark, Marriage Story and No Sudden Move. He also appeared on Jennifer Lopez's TV show, Shades of Blue, which ended after three seasons. Liotta is survived by his daughter, Karsen and his fiancée Jacy Nittolo.\n\nJohn Zderko\n\nThe ... "",""title"":""https://www.etonline.com/gallery/stars-weve-lost-in-2022-177426""},{""docid"":""60248"",""score"":13.648348285782436,""snippet"":"" ... Lucci was expected to guest star on Prospect Park's continuation of All My Children in 2013, but the appearance never came to fruition due to the show's second cancellation.\n\nErica is considered to be the most popular character in American soap opera history. TV Guide calls ... "",""title"":""https://en.wikipedia.org/wiki/Erica_Kane""},{""docid"":""37367"",""score"":13.510584826136753,""snippet"":"" ... Midway through the season, an attempt was made to increase ratings by having Havoc's character relocate to New York to represent show business clients; however, the show lasted only one season.\""Lady Lawyer Practices Law,\"" TV Guide May 7–13, 1955, p. 12.\n\nFrom the 1960s through ... "",""title"":""https://en.wikipedia.org/wiki/June_Havoc""},{""docid"":""77637"",""score"":13.489606718134208,""snippet"":"" ... Besides his TV career, he was also an ordained Presbyterian minister.\n\nAfter starting her film career at the age of three, Shirley Temple went on to become Hollywood's highest-grossing child actress from 1935 to 1938. She is the epitome of popular child stars who lose their ... "",""title"":""https://www.thefamouspeople.com/born-1928.php""},{""docid"":""54031"",""score"":13.354763032640921,""snippet"":"" ... Simultaneously, numerous agencies in Britain and in America targeted various other aspects of child welfare, from educating parents (particularly women) on hygiene and child-rearing, to raising the age for compulsory schooling, instituting school nutrition programs, and recognizing child rights.\n\nThe Useless Child\n\nFalling infant mortality rates during ... "",""title"":""https://www.representingchildhood.pitt.edu/twentycent_child.htm""}]"
59,959,2026-09-14T10:18:01.611946+00:00,actor real life daughter plays niece TV series,"[""actor"",""real"",""life"",""daughter"",""plays"",""niece"",""tv"",""series""]","""actor"" OR ""real"" OR ""life"" OR ""daughter"" OR ""plays"" OR ""niece"" OR ""tv"" OR ""series""",5,c5b8aa186c7c0fe6193a19341def225d23aa3e1eddf39c92614b2bacf8eb4794,d6c7070e3e40ec10244efa948e3a4b087582a5f3023fa91246133211ca293d76,True,"[""d41"",""d11"",""d42"",""d43"",""d44""]","[""48538"",""20480"",""51536"",""11779"",""27252""]","[{""docid"":""48538"",""score"":18.696880866122626,""snippet"":"" ... The story of their strange marriage, the child it produced and its violent end was a Hollywood tragedy played out in court.\n\nOnce hailed as among the finest actors of his generation, Blake became better known as the center of a real-life murder trial, a story more ... "",""title"":""https://www.pbs.org/newshour/arts/robert-blake-actor-acquitted-in-wifes-killing-dies-at-89""},{""docid"":""20480"",""score"":18.63087915735836,""snippet"":"" ... They need that, too.\""\n\nWhile her TV dad played an influential role in her life on That Girl, Thomas's real-life father was, and remains, the overwhelming inspiration in both her life and career.\n\nA multi-talented performer - beloved nightclub headliner, movie actor, TV producer and star ... "",""title"":""https://www.televisionacademy.com/features/news/online-originals/girl-one-who-changed-everything""},{""docid"":""51536"",""score"":18.622128107713962,""snippet"":"" ... it was the first big movie break for the talented, late actor Anton Yelchin, and it allowed Robin Williams to share the screen with his daughter Zelda.\n\nYelchin's plays Duchovny as a boy, whose best friend is a mentally challenged deliveryman, played by Williams. Zelda Williams plays ... "",""title"":""https://collider.com/galleries/celebrity-children-parents-movies/""},{""docid"":""11779"",""score"":18.06236804587279,""snippet"":"" ... Doherty later starred in the Kevin Smith film Mallrats and the TV series Charmed.\n\nIn 2023, the actor and director launched Let's Be Clear with Shannen Doherty, a podcast that reflects on her life and career. \""I wanted to be clear about what it was like for ... "",""title"":""https://people.com/little-house-on-the-prairie-cast-where-are-they-now-8603014""},{""docid"":""27252"",""score"":17.802101342039794,""snippet"":"" ... Scott | | |\n| BET Comedy Awards | 2004 | Outstanding Comedy Series | George Lopez | | |\n| BET Comedy Awards | 2004 | Outstanding Lead Actor in a Comedy Series | George Lopez | | |\n| Casting Society of America | 2002 | Best Casting for TV, Comedy Pilot (\""Prototype\"") | Mary V. BuckSusan Edelman | | |\n| Emmy Awards (Creative Arts) | 2004 | Outstanding Cinematography for a ... "",""title"":""https://en.wikipedia.org/wiki/George_Lopez_(TV_series)""}]"
59,960,2026-09-14T10:18:01.613036+00:00,actor real life son plays unrelated character TV show,"[""actor"",""real"",""life"",""son"",""plays"",""unrelated"",""character"",""tv"",""show""]","""actor"" OR ""real"" OR ""life"" OR ""son"" OR ""plays"" OR ""unrelated"" OR ""character"" OR ""tv"" OR ""show""",5,54939772d527a727c4e4a4cd375ace27972cd17cfcdf48ccbd7cf79a6b997fd7,186b25c5ce5104eb7bad2ac592a8b3dd73bc4bde4acb44578dd593e39b9d170f,True,"[""d45"",""d46"",""d27"",""d47"",""d24""]","[""69326"",""63690"",""78415"",""32179"",""64629""]","[{""docid"":""69326"",""score"":17.608058152860483,""snippet"":"" ... actors in completely unrelated roles in TV shows can go unnoticed by the audience, like Charles-Dean Chapman in Game of Thrones.\n\n- Talented actors, such as Tatiana Maslany in Orphan Black and Lisa Kudrow in Friends, can successfully portray multiple characters and create complex relationships on-screen.\n\nPlaying ... "",""title"":""https://screenrant.com/actors-multiple-characters-same-tv-show/""},{""docid"":""63690"",""score"":17.307014678439057,""snippet"":"" ... People] (94 quizzes)\n\nReal Name\n\n[Celebrities] (73 quizzes)\n\nThe Best Name Game\n\n[People] (605 quizzes)\n\nName the People\n\n[Movies] (398 quizzes)\n\nNames in Songs\n\n[Music] (126 quizzes)\n\nSurnames\n\n[General] (10 quizzes)\n\nThematic Names\n\n[General] (151 quizzes)\n\n1. Which actor played Dr. Robb in the TV series \""In The ... "",""title"":""https://www.funtrivia.com/quizzes/people/name_game/same_surname.html""},{""docid"":""78415"",""score"":16.991242550960894,""snippet"":"" ... movie follows fading TV hero Rick Dalton (Leonardo DiCaprio) and his best friend/stunt double Cliff Booth (Brad Pitt) as they navigate the changing landscape of Hollywood while also living next door to Sharon Tate (Margot Robbie).\n\nOlyphant plays one of several real-life characters in Once Upon ... "",""title"":""https://screenrant.com/timothy-olyphant-best-movies-tv-shows/""},{""docid"":""32179"",""score"":16.75430642685047,""snippet"":"" ... The Penguin - \""The Fishin' Hole\"" is the name of the iconic whistling theme song of what classic TV show, which features the title figure walking to the \""fishin' hole\"" with his son?\n\nAnswer: The Andy Griffith Show - Even though the character was first played by Susan Neher in ... "",""title"":""https://www.watercoolertrivia.com/trivia-questions/classic-tv-trivia-questions""},{""docid"":""64629"",""score"":16.6460355950987,""snippet"":"" ... Huck has various career ambitions in life, and he tries them all, though not particularly succeeding in any. This TV series was one of the six TV shows in 1960 and the first animation in history to win an Emmy for Outstanding Achievement in the Field of Children ... "",""title"":""https://www.boredpanda.com/60s-cartoons/""}]"
59,961,2026-09-14T10:18:01.614023+00:00,TV series actor family member cast unrelated role,"[""tv"",""series"",""actor"",""family"",""member"",""cast"",""unrelated"",""role""]","""tv"" OR ""series"" OR ""actor"" OR ""family"" OR ""member"" OR ""cast"" OR ""unrelated"" OR ""role""",5,926b5ad16c406760231902a802affccc9ecf484551833494d8bd71d09e634b0f,519938cc51f961ebe64dbcb827d1f5b0c02770f081d1dc8fc353acc8debc2b64,True,"[""d45"",""d33"",""d27"",""d46"",""d48""]","[""69326"",""57395"",""78415"",""63690"",""56024""]","[{""docid"":""69326"",""score"":18.76403021129144,""snippet"":"" ... 2023-11-14\n---\nSummary\n\n- Some actors excel at playing multiple roles in TV shows and movies, like Winona Ryder in Bram Stoker's Dracula and the cast of Everything Everywhere All at Once.\n\n- Recasting actors in completely unrelated roles in TV shows can go unnoticed by the audience ... "",""title"":""https://screenrant.com/actors-multiple-characters-same-tv-show/""},{""docid"":""57395"",""score"":18.072108702580366,""snippet"":"" ... Trivia[]\n\n- This had the most main cast members leave the series, with a total of 11 (although Jorja Fox later returned as a main cast member).\n\n- This was the penultimate CSI series to end.\n\n- This was the only CSI to lose both of its original lead actors (William ... "",""title"":""https://csi.fandom.com/wiki/CSI:Crime_Scene_Investigation""},{""docid"":""78415"",""score"":17.889209447110897,""snippet"":"" ... patriarch of the family. He initially plays the role with the cool calmness he pulls off so well in other roles, but becomes an anxious and desperate man when things start to unravel. The series makes for a gripping noir movie with a terrific cast that also includes ... "",""title"":""https://screenrant.com/timothy-olyphant-best-movies-tv-shows/""},{""docid"":""63690"",""score"":17.43938333974542,""snippet"":"" ... Which actor played Dr. Robb in the TV series \""In The Heat of The Night\""?\n\nFrom Quiz My Name is Robb\n\nAnswer: Dan Biggars\n\nDan Biggars was also an American college official prior to acting. William Windom played Dr. Seth Hazlitt in \""Murder She Wrote\"". Robert Young was ... "",""title"":""https://www.funtrivia.com/quizzes/people/name_game/same_surname.html""},{""docid"":""56024"",""score"":17.375538910828254,""snippet"":"" ... At 24 she won the role of the title character in UPN's drama Veronica Mars, which was launched in the fall of 2004. Created by Rob Thomas, the series starred Bell as the seventeen year old detective Veronica, which put her alongside actors Enrico Colantoni who played ... "",""title"":""https://unionfilms.org/films/people/kristen-bell.html""}]"
59,963,2026-09-14T10:18:01.616917+00:00,character married 3 times one child survives TV series 2000s,"[""character"",""married"",""3"",""times"",""one"",""child"",""survives"",""tv"",""series"",""2000s""]","""character"" OR ""married"" OR ""3"" OR ""times"" OR ""one"" OR ""child"" OR ""survives"" OR ""tv"" OR ""series"" OR ""2000s""",5,c9c062871b30893c9447ce45e87e6504375dfae99fdf6c1353e79599774caf6b,c470efb1a9b429148472627ec591e0453570f344b59db596bed9e6b635ebfe8c,True,"[""d6"",""d49"",""d50"",""d19"",""d2""]","[""78953"",""4035"",""3161"",""60134"",""81882""]","[{""docid"":""78953"",""score"":16.2824976074087,""snippet"":"" ... on Aidy Bryant's Hulu series Shrill and in the 2019 film James vs. His Future Self. In 2023, he joined season 4 of Apple TV+'s critically acclaimed science fiction drama For All Mankind as the character Eli Hobson.\n\nHe and actress Laure Mattos have been married ... "",""title"":""https://people.com/movies/home-alone-cast-where-are-they-now/""},{""docid"":""4035"",""score"":15.898290019368474,""snippet"":"" ... He was married to Star Herrmann and Leigh Curran. He died on 31 December 2014 in New York City, New York, USA.- Actor\n\n- Producer\n\n- Additional Crew\n\nOne of Hollywood's finest character / \""Method\"" actors, Eli Wallach was in demand for over 60 years (first film/TV role was ... "",""title"":""https://www.imdb.com/search/name/?death_date=2014""},{""docid"":""3161"",""score"":15.76035451695941,""snippet"":"" ... In the early 1970s, she landed minor roles in film and TV, and finally won a role on the series Three's Company (1976). She married Hamel in 1977. She was fired from the series after she asked for a raise at the beginning of the fifth season ... "",""title"":""https://m.imdb.com/search/name/?death_date=2023&ref_=nmbio_dth_yr""},{""docid"":""60134"",""score"":15.715324421687555,""snippet"":"" ... In 2003, Mulroney played Gavin Mitchell on the TV series Friends. He appeared in three episodes of the ninth season, his character briefly dating Rachel. This would mark Mulroney's last on-screen appearance on television for a number of years, later revealing in a May 2007 interview ... "",""title"":""https://en.wikipedia.org/wiki/Dermot_Mulroney""},{""docid"":""81882"",""score"":15.691378997718399,""snippet"":"" ... He was married a total of seven times, and fathered eight children.\n\nAfter long battles with ill health, Richard Pryor passed away on December 10th, 2005.- Vincent Schiavelli, selected in 1997 by Vanity Fair as one of the best character actors in America, had made over 120 film ... "",""title"":""https://m.imdb.com/search/name/?death_date=2005&ref_=nmbio""}]"
59,964,2026-09-14T10:18:01.617854+00:00,TV show character three marriages one surviving child,"[""tv"",""show"",""character"",""three"",""marriages"",""one"",""surviving"",""child""]","""tv"" OR ""show"" OR ""character"" OR ""three"" OR ""marriages"" OR ""one"" OR ""surviving"" OR ""child""",5,dcfdfe59d4312591ff3d757fe02035f881e4a26022e07fa519df09748ec9df4a,3f31bf042d8cc6df97db1dfa7b9b5da5c52351b9d4583f684f1cbc8fdbd5e8e2,True,"[""d39"",""d8"",""d51"",""d52"",""d53""]","[""53008"",""60248"",""37367"",""77637"",""54031""]","[{""docid"":""53008"",""score"":13.664801548271926,""snippet"":"" ... Most recently, Liotta appeared in The Many Saints of Newark, Marriage Story and No Sudden Move. He also appeared on Jennifer Lopez's TV show, Shades of Blue, which ended after three seasons. Liotta is survived by his daughter, Karsen and his fiancée Jacy Nittolo.\n\nJohn Zderko\n\nThe ... "",""title"":""https://www.etonline.com/gallery/stars-weve-lost-in-2022-177426""},{""docid"":""60248"",""score"":13.648348285782436,""snippet"":"" ... Lucci was expected to guest star on Prospect Park's continuation of All My Children in 2013, but the appearance never came to fruition due to the show's second cancellation.\n\nErica is considered to be the most popular character in American soap opera history. TV Guide calls ... "",""title"":""https://en.wikipedia.org/wiki/Erica_Kane""},{""docid"":""37367"",""score"":13.510584826136753,""snippet"":"" ... Midway through the season, an attempt was made to increase ratings by having Havoc's character relocate to New York to represent show business clients; however, the show lasted only one season.\""Lady Lawyer Practices Law,\"" TV Guide May 7–13, 1955, p. 12.\n\nFrom the 1960s through ... "",""title"":""https://en.wikipedia.org/wiki/June_Havoc""},{""docid"":""77637"",""score"":13.489606718134208,""snippet"":"" ... Besides his TV career, he was also an ordained Presbyterian minister.\n\nAfter starting her film career at the age of three, Shirley Temple went on to become Hollywood's highest-grossing child actress from 1935 to 1938. She is the epitome of popular child stars who lose their ... "",""title"":""https://www.thefamouspeople.com/born-1928.php""},{""docid"":""54031"",""score"":13.354763032640921,""snippet"":"" ... Simultaneously, numerous agencies in Britain and in America targeted various other aspects of child welfare, from educating parents (particularly women) on hygiene and child-rearing, to raising the age for compulsory schooling, instituting school nutrition programs, and recognizing child rights.\n\nThe Useless Child\n\nFalling infant mortality rates during ... "",""title"":""https://www.representingchildhood.pitt.edu/twentycent_child.htm""}]"
60,974,2026-09-14T10:18:05.505496+00:00,actor real life daughter plays niece TV series,"[""actor"",""real"",""life"",""daughter"",""plays"",""niece"",""tv"",""series""]","""actor"" OR ""real"" OR ""life"" OR ""daughter"" OR ""plays"" OR ""niece"" OR ""tv"" OR ""series""",5,c5b8aa186c7c0fe6193a19341def225d23aa3e1eddf39c92614b2bacf8eb4794,d6c7070e3e40ec10244efa948e3a4b087582a5f3023fa91246133211ca293d76,True,"[""d41"",""d11"",""d42"",""d43"",""d44""]","[""48538"",""20480"",""51536"",""11779"",""27252""]","[{""docid"":""48538"",""score"":18.696880866122626,""snippet"":"" ... The story of their strange marriage, the child it produced and its violent end was a Hollywood tragedy played out in court.\n\nOnce hailed as among the finest actors of his generation, Blake became better known as the center of a real-life murder trial, a story more ... "",""title"":""https://www.pbs.org/newshour/arts/robert-blake-actor-acquitted-in-wifes-killing-dies-at-89""},{""docid"":""20480"",""score"":18.63087915735836,""snippet"":"" ... They need that, too.\""\n\nWhile her TV dad played an influential role in her life on That Girl, Thomas's real-life father was, and remains, the overwhelming inspiration in both her life and career.\n\nA multi-talented performer - beloved nightclub headliner, movie actor, TV producer and star ... "",""title"":""https://www.televisionacademy.com/features/news/online-originals/girl-one-who-changed-everything""},{""docid"":""51536"",""score"":18.622128107713962,""snippet"":"" ... it was the first big movie break for the talented, late actor Anton Yelchin, and it allowed Robin Williams to share the screen with his daughter Zelda.\n\nYelchin's plays Duchovny as a boy, whose best friend is a mentally challenged deliveryman, played by Williams. Zelda Williams plays ... "",""title"":""https://collider.com/galleries/celebrity-children-parents-movies/""},{""docid"":""11779"",""score"":18.06236804587279,""snippet"":"" ... Doherty later starred in the Kevin Smith film Mallrats and the TV series Charmed.\n\nIn 2023, the actor and director launched Let's Be Clear with Shannen Doherty, a podcast that reflects on her life and career. \""I wanted to be clear about what it was like for ... "",""title"":""https://people.com/little-house-on-the-prairie-cast-where-are-they-now-8603014""},{""docid"":""27252"",""score"":17.802101342039794,""snippet"":"" ... Scott | | |\n| BET Comedy Awards | 2004 | Outstanding Comedy Series | George Lopez | | |\n| BET Comedy Awards | 2004 | Outstanding Lead Actor in a Comedy Series | George Lopez | | |\n| Casting Society of America | 2002 | Best Casting for TV, Comedy Pilot (\""Prototype\"") | Mary V. BuckSusan Edelman | | |\n| Emmy Awards (Creative Arts) | 2004 | Outstanding Cinematography for a ... "",""title"":""https://en.wikipedia.org/wiki/George_Lopez_(TV_series)""}]"
60,975,2026-09-14T10:18:05.506384+00:00,actor real life son plays unrelated character TV show,"[""actor"",""real"",""life"",""son"",""plays"",""unrelated"",""character"",""tv"",""show""]","""actor"" OR ""real"" OR ""life"" OR ""son"" OR ""plays"" OR ""unrelated"" OR ""character"" OR ""tv"" OR ""show""",5,54939772d527a727c4e4a4cd375ace27972cd17cfcdf48ccbd7cf79a6b997fd7,186b25c5ce5104eb7bad2ac592a8b3dd73bc4bde4acb44578dd593e39b9d170f,True,"[""d45"",""d46"",""d27"",""d47"",""d24""]","[""69326"",""63690"",""78415"",""32179"",""64629""]","[{""docid"":""69326"",""score"":17.608058152860483,""snippet"":"" ... actors in completely unrelated roles in TV shows can go unnoticed by the audience, like Charles-Dean Chapman in Game of Thrones.\n\n- Talented actors, such as Tatiana Maslany in Orphan Black and Lisa Kudrow in Friends, can successfully portray multiple characters and create complex relationships on-screen.\n\nPlaying ... "",""title"":""https://screenrant.com/actors-multiple-characters-same-tv-show/""},{""docid"":""63690"",""score"":17.307014678439057,""snippet"":"" ... People] (94 quizzes)\n\nReal Name\n\n[Celebrities] (73 quizzes)\n\nThe Best Name Game\n\n[People] (605 quizzes)\n\nName the People\n\n[Movies] (398 quizzes)\n\nNames in Songs\n\n[Music] (126 quizzes)\n\nSurnames\n\n[General] (10 quizzes)\n\nThematic Names\n\n[General] (151 quizzes)\n\n1. Which actor played Dr. Robb in the TV series \""In The ... "",""title"":""https://www.funtrivia.com/quizzes/people/name_game/same_surname.html""},{""docid"":""78415"",""score"":16.991242550960894,""snippet"":"" ... movie follows fading TV hero Rick Dalton (Leonardo DiCaprio) and his best friend/stunt double Cliff Booth (Brad Pitt) as they navigate the changing landscape of Hollywood while also living next door to Sharon Tate (Margot Robbie).\n\nOlyphant plays one of several real-life characters in Once Upon ... "",""title"":""https://screenrant.com/timothy-olyphant-best-movies-tv-shows/""},{""docid"":""32179"",""score"":16.75430642685047,""snippet"":"" ... The Penguin - \""The Fishin' Hole\"" is the name of the iconic whistling theme song of what classic TV show, which features the title figure walking to the \""fishin' hole\"" with his son?\n\nAnswer: The Andy Griffith Show - Even though the character was first played by Susan Neher in ... "",""title"":""https://www.watercoolertrivia.com/trivia-questions/classic-tv-trivia-questions""},{""docid"":""64629"",""score"":16.6460355950987,""snippet"":"" ... Huck has various career ambitions in life, and he tries them all, though not particularly succeeding in any. This TV series was one of the six TV shows in 1960 and the first animation in history to win an Emmy for Outstanding Achievement in the Field of Children ... "",""title"":""https://www.boredpanda.com/60s-cartoons/""}]"
60,976,2026-09-14T10:18:05.507320+00:00,TV series actor family member cast unrelated role,"[""tv"",""series"",""actor"",""family"",""member"",""cast"",""unrelated"",""role""]","""tv"" OR ""series"" OR ""actor"" OR ""family"" OR ""member"" OR ""cast"" OR ""unrelated"" OR ""role""",5,926b5ad16c406760231902a802affccc9ecf484551833494d8bd71d09e634b0f,519938cc51f961ebe64dbcb827d1f5b0c02770f081d1dc8fc353acc8debc2b64,True,"[""d45"",""d33"",""d27"",""d46"",""d48""]","[""69326"",""57395"",""78415"",""63690"",""56024""]","[{""docid"":""69326"",""score"":18.76403021129144,""snippet"":"" ... 2023-11-14\n---\nSummary\n\n- Some actors excel at playing multiple roles in TV shows and movies, like Winona Ryder in Bram Stoker's Dracula and the cast of Everything Everywhere All at Once.\n\n- Recasting actors in completely unrelated roles in TV shows can go unnoticed by the audience ... "",""title"":""https://screenrant.com/actors-multiple-characters-same-tv-show/""},{""docid"":""57395"",""score"":18.072108702580366,""snippet"":"" ... Trivia[]\n\n- This had the most main cast members leave the series, with a total of 11 (although Jorja Fox later returned as a main cast member).\n\n- This was the penultimate CSI series to end.\n\n- This was the only CSI to lose both of its original lead actors (William ... "",""title"":""https://csi.fandom.com/wiki/CSI:Crime_Scene_Investigation""},{""docid"":""78415"",""score"":17.889209447110897,""snippet"":"" ... patriarch of the family. He initially plays the role with the cool calmness he pulls off so well in other roles, but becomes an anxious and desperate man when things start to unravel. The series makes for a gripping noir movie with a terrific cast that also includes ... "",""title"":""https://screenrant.com/timothy-olyphant-best-movies-tv-shows/""},{""docid"":""63690"",""score"":17.43938333974542,""snippet"":"" ... Which actor played Dr. Robb in the TV series \""In The Heat of The Night\""?\n\nFrom Quiz My Name is Robb\n\nAnswer: Dan Biggars\n\nDan Biggars was also an American college official prior to acting. William Windom played Dr. Seth Hazlitt in \""Murder She Wrote\"". Robert Young was ... "",""title"":""https://www.funtrivia.com/quizzes/people/name_game/same_surname.html""},{""docid"":""56024"",""score"":17.375538910828254,""snippet"":"" ... At 24 she won the role of the title character in UPN's drama Veronica Mars, which was launched in the fall of 2004. Created by Rob Thomas, the series starred Bell as the seventeen year old detective Veronica, which put her alongside actors Enrico Colantoni who played ... "",""title"":""https://unionfilms.org/films/people/kristen-bell.html""}]"
60,978,2026-09-14T10:18:05.510220+00:00,character married 3 times one child survives TV series 2000s,"[""character"",""married"",""3"",""times"",""one"",""child"",""survives"",""tv"",""series"",""2000s""]","""character"" OR ""married"" OR ""3"" OR ""times"" OR ""one"" OR ""child"" OR ""survives"" OR ""tv"" OR ""series"" OR ""2000s""",5,c9c062871b30893c9447ce45e87e6504375dfae99fdf6c1353e79599774caf6b,c470efb1a9b429148472627ec591e0453570f344b59db596bed9e6b635ebfe8c,True,"[""d6"",""d49"",""d50"",""d19"",""d2""]","[""78953"",""4035"",""3161"",""60134"",""81882""]","[{""docid"":""78953"",""score"":16.2824976074087,""snippet"":"" ... on Aidy Bryant's Hulu series Shrill and in the 2019 film James vs. His Future Self. In 2023, he joined season 4 of Apple TV+'s critically acclaimed science fiction drama For All Mankind as the character Eli Hobson.\n\nHe and actress Laure Mattos have been married ... "",""title"":""https://people.com/movies/home-alone-cast-where-are-they-now/""},{""docid"":""4035"",""score"":15.898290019368474,""snippet"":"" ... He was married to Star Herrmann and Leigh Curran. He died on 31 December 2014 in New York City, New York, USA.- Actor\n\n- Producer\n\n- Additional Crew\n\nOne of Hollywood's finest character / \""Method\"" actors, Eli Wallach was in demand for over 60 years (first film/TV role was ... "",""title"":""https://www.imdb.com/search/name/?death_date=2014""},{""docid"":""3161"",""score"":15.76035451695941,""snippet"":"" ... In the early 1970s, she landed minor roles in film and TV, and finally won a role on the series Three's Company (1976). She married Hamel in 1977. She was fired from the series after she asked for a raise at the beginning of the fifth season ... "",""title"":""https://m.imdb.com/search/name/?death_date=2023&ref_=nmbio_dth_yr""},{""docid"":""60134"",""score"":15.715324421687555,""snippet"":"" ... In 2003, Mulroney played Gavin Mitchell on the TV series Friends. He appeared in three episodes of the ninth season, his character briefly dating Rachel. This would mark Mulroney's last on-screen appearance on television for a number of years, later revealing in a May 2007 interview ... "",""title"":""https://en.wikipedia.org/wiki/Dermot_Mulroney""},{""docid"":""81882"",""score"":15.691378997718399,""snippet"":"" ... He was married a total of seven times, and fathered eight children.\n\nAfter long battles with ill health, Richard Pryor passed away on December 10th, 2005.- Vincent Schiavelli, selected in 1997 by Vanity Fair as one of the best character actors in America, had made over 120 film ... "",""title"":""https://m.imdb.com/search/name/?death_date=2005&ref_=nmbio""}]"
60,979,2026-09-14T10:18:05.511264+00:00,TV show character three marriages one surviving child,"[""tv"",""show"",""character"",""three"",""marriages"",""one"",""surviving"",""child""]","""tv"" OR ""show"" OR ""character"" OR ""three"" OR ""marriages"" OR ""one"" OR ""surviving"" OR ""child""",5,dcfdfe59d4312591ff3d757fe02035f881e4a26022e07fa519df09748ec9df4a,3f31bf042d8cc6df97db1dfa7b9b5da5c52351b9d4583f684f1cbc8fdbd5e8e2,True,"[""d39"",""d8"",""d51"",""d52"",""d53""]","[""53008"",""60248"",""37367"",""77637"",""54031""]","[{""docid"":""53008"",""score"":13.664801548271926,""snippet"":"" ... Most recently, Liotta appeared in The Many Saints of Newark, Marriage Story and No Sudden Move. He also appeared on Jennifer Lopez's TV show, Shades of Blue, which ended after three seasons. Liotta is survived by his daughter, Karsen and his fiancée Jacy Nittolo.\n\nJohn Zderko\n\nThe ... "",""title"":""https://www.etonline.com/gallery/stars-weve-lost-in-2022-177426""},{""docid"":""60248"",""score"":13.648348285782436,""snippet"":"" ... Lucci was expected to guest star on Prospect Park's continuation of All My Children in 2013, but the appearance never came to fruition due to the show's second cancellation.\n\nErica is considered to be the most popular character in American soap opera history. TV Guide calls ... "",""title"":""https://en.wikipedia.org/wiki/Erica_Kane""},{""docid"":""37367"",""score"":13.510584826136753,""snippet"":"" ... Midway through the season, an attempt was made to increase ratings by having Havoc's character relocate to New York to represent show business clients; however, the show lasted only one season.\""Lady Lawyer Practices Law,\"" TV Guide May 7–13, 1955, p. 12.\n\nFrom the 1960s through ... "",""title"":""https://en.wikipedia.org/wiki/June_Havoc""},{""docid"":""77637"",""score"":13.489606718134208,""snippet"":"" ... Besides his TV career, he was also an ordained Presbyterian minister.\n\nAfter starting her film career at the age of three, Shirley Temple went on to become Hollywood's highest-grossing child actress from 1935 to 1938. She is the epitome of popular child stars who lose their ... "",""title"":""https://www.thefamouspeople.com/born-1928.php""},{""docid"":""54031"",""score"":13.354763032640921,""snippet"":"" ... Simultaneously, numerous agencies in Britain and in America targeted various other aspects of child welfare, from educating parents (particularly women) on hygiene and child-rearing, to raising the age for compulsory schooling, instituting school nutrition programs, and recognizing child rights.\n\nThe Useless Child\n\nFalling infant mortality rates during ... "",""title"":""https://www.representingchildhood.pitt.edu/twentycent_child.htm""}]"
61,989,2026-09-14T10:18:08.613002+00:00,actor real life daughter plays niece TV series,"[""actor"",""real"",""life"",""daughter"",""plays"",""niece"",""tv"",""series""]","""actor"" OR ""real"" OR ""life"" OR ""daughter"" OR ""plays"" OR ""niece"" OR ""tv"" OR ""series""",5,c5b8aa186c7c0fe6193a19341def225d23aa3e1eddf39c92614b2bacf8eb4794,d6c7070e3e40ec10244efa948e3a4b087582a5f3023fa91246133211ca293d76,True,"[""d41"",""d11"",""d42"",""d43"",""d44""]","[""48538"",""20480"",""51536"",""11779"",""27252""]","[{""docid"":""48538"",""score"":18.696880866122626,""snippet"":"" ... The story of their strange marriage, the child it produced and its violent end was a Hollywood tragedy played out in court.\n\nOnce hailed as among the finest actors of his generation, Blake became better known as the center of a real-life murder trial, a story more ... "",""title"":""https://www.pbs.org/newshour/arts/robert-blake-actor-acquitted-in-wifes-killing-dies-at-89""},{""docid"":""20480"",""score"":18.63087915735836,""snippet"":"" ... They need that, too.\""\n\nWhile her TV dad played an influential role in her life on That Girl, Thomas's real-life father was, and remains, the overwhelming inspiration in both her life and career.\n\nA multi-talented performer - beloved nightclub headliner, movie actor, TV producer and star ... "",""title"":""https://www.televisionacademy.com/features/news/online-originals/girl-one-who-changed-everything""},{""docid"":""51536"",""score"":18.622128107713962,""snippet"":"" ... it was the first big movie break for the talented, late actor Anton Yelchin, and it allowed Robin Williams to share the screen with his daughter Zelda.\n\nYelchin's plays Duchovny as a boy, whose best friend is a mentally challenged deliveryman, played by Williams. Zelda Williams plays ... "",""title"":""https://collider.com/galleries/celebrity-children-parents-movies/""},{""docid"":""11779"",""score"":18.06236804587279,""snippet"":"" ... Doherty later starred in the Kevin Smith film Mallrats and the TV series Charmed.\n\nIn 2023, the actor and director launched Let's Be Clear with Shannen Doherty, a podcast that reflects on her life and career. \""I wanted to be clear about what it was like for ... "",""title"":""https://people.com/little-house-on-the-prairie-cast-where-are-they-now-8603014""},{""docid"":""27252"",""score"":17.802101342039794,""snippet"":"" ... Scott | | |\n| BET Comedy Awards | 2004 | Outstanding Comedy Series | George Lopez | | |\n| BET Comedy Awards | 2004 | Outstanding Lead Actor in a Comedy Series | George Lopez | | |\n| Casting Society of America | 2002 | Best Casting for TV, Comedy Pilot (\""Prototype\"") | Mary V. BuckSusan Edelman | | |\n| Emmy Awards (Creative Arts) | 2004 | Outstanding Cinematography for a ... "",""title"":""https://en.wikipedia.org/wiki/George_Lopez_(TV_series)""}]"
61,990,2026-09-14T10:18:08.613949+00:00,actor real life son plays unrelated character TV show,"[""actor"",""real"",""life"",""son"",""plays"",""unrelated"",""character"",""tv"",""show""]","""actor"" OR ""real"" OR ""life"" OR ""son"" OR ""plays"" OR ""unrelated"" OR ""character"" OR ""tv"" OR ""show""",5,54939772d527a727c4e4a4cd375ace27972cd17cfcdf48ccbd7cf79a6b997fd7,186b25c5ce5104eb7bad2ac592a8b3dd73bc4bde4acb44578dd593e39b9d170f,True,"[""d45"",""d46"",""d27"",""d47"",""d24""]","[""69326"",""63690"",""78415"",""32179"",""64629""]","[{""docid"":""69326"",""score"":17.608058152860483,""snippet"":"" ... actors in completely unrelated roles in TV shows can go unnoticed by the audience, like Charles-Dean Chapman in Game of Thrones.\n\n- Talented actors, such as Tatiana Maslany in Orphan Black and Lisa Kudrow in Friends, can successfully portray multiple characters and create complex relationships on-screen.\n\nPlaying ... "",""title"":""https://screenrant.com/actors-multiple-characters-same-tv-show/""},{""docid"":""63690"",""score"":17.307014678439057,""snippet"":"" ... People] (94 quizzes)\n\nReal Name\n\n[Celebrities] (73 quizzes)\n\nThe Best Name Game\n\n[People] (605 quizzes)\n\nName the People\n\n[Movies] (398 quizzes)\n\nNames in Songs\n\n[Music] (126 quizzes)\n\nSurnames\n\n[General] (10 quizzes)\n\nThematic Names\n\n[General] (151 quizzes)\n\n1. Which actor played Dr. Robb in the TV series \""In The ... "",""title"":""https://www.funtrivia.com/quizzes/people/name_game/same_surname.html""},{""docid"":""78415"",""score"":16.991242550960894,""snippet"":"" ... movie follows fading TV hero Rick Dalton (Leonardo DiCaprio) and his best friend/stunt double Cliff Booth (Brad Pitt) as they navigate the changing landscape of Hollywood while also living next door to Sharon Tate (Margot Robbie).\n\nOlyphant plays one of several real-life characters in Once Upon ... "",""title"":""https://screenrant.com/timothy-olyphant-best-movies-tv-shows/""},{""docid"":""32179"",""score"":16.75430642685047,""snippet"":"" ... The Penguin - \""The Fishin' Hole\"" is the name of the iconic whistling theme song of what classic TV show, which features the title figure walking to the \""fishin' hole\"" with his son?\n\nAnswer: The Andy Griffith Show - Even though the character was first played by Susan Neher in ... "",""title"":""https://www.watercoolertrivia.com/trivia-questions/classic-tv-trivia-questions""},{""docid"":""64629"",""score"":16.6460355950987,""snippet"":"" ... Huck has various career ambitions in life, and he tries them all, though not particularly succeeding in any. This TV series was one of the six TV shows in 1960 and the first animation in history to win an Emmy for Outstanding Achievement in the Field of Children ... "",""title"":""https://www.boredpanda.com/60s-cartoons/""}]"
61,991,2026-09-14T10:18:08.615186+00:00,TV series actor family member cast unrelated role,"[""tv"",""series"",""actor"",""family"",""member"",""cast"",""unrelated"",""role""]","""tv"" OR ""series"" OR ""actor"" OR ""family"" OR ""member"" OR ""cast"" OR ""unrelated"" OR ""role""",5,926b5ad16c406760231902a802affccc9ecf484551833494d8bd71d09e634b0f,519938cc51f961ebe64dbcb827d1f5b0c02770f081d1dc8fc353acc8debc2b64,True,"[""d45"",""d33"",""d27"",""d46"",""d48""]","[""69326"",""57395"",""78415"",""63690"",""56024""]","[{""docid"":""69326"",""score"":18.76403021129144,""snippet"":"" ... 2023-11-14\n---\nSummary\n\n- Some actors excel at playing multiple roles in TV shows and movies, like Winona Ryder in Bram Stoker's Dracula and the cast of Everything Everywhere All at Once.\n\n- Recasting actors in completely unrelated roles in TV shows can go unnoticed by the audience ... "",""title"":""https://screenrant.com/actors-multiple-characters-same-tv-show/""},{""docid"":""57395"",""score"":18.072108702580366,""snippet"":"" ... Trivia[]\n\n- This had the most main cast members leave the series, with a total of 11 (although Jorja Fox later returned as a main cast member).\n\n- This was the penultimate CSI series to end.\n\n- This was the only CSI to lose both of its original lead actors (William ... "",""title"":""https://csi.fandom.com/wiki/CSI:Crime_Scene_Investigation""},{""docid"":""78415"",""score"":17.889209447110897,""snippet"":"" ... patriarch of the family. He initially plays the role with the cool calmness he pulls off so well in other roles, but becomes an anxious and desperate man when things start to unravel. The series makes for a gripping noir movie with a terrific cast that also includes ... "",""title"":""https://screenrant.com/timothy-olyphant-best-movies-tv-shows/""},{""docid"":""63690"",""score"":17.43938333974542,""snippet"":"" ... Which actor played Dr. Robb in the TV series \""In The Heat of The Night\""?\n\nFrom Quiz My Name is Robb\n\nAnswer: Dan Biggars\n\nDan Biggars was also an American college official prior to acting. William Windom played Dr. Seth Hazlitt in \""Murder She Wrote\"". Robert Young was ... "",""title"":""https://www.funtrivia.com/quizzes/people/name_game/same_surname.html""},{""docid"":""56024"",""score"":17.375538910828254,""snippet"":"" ... At 24 she won the role of the title character in UPN's drama Veronica Mars, which was launched in the fall of 2004. Created by Rob Thomas, the series starred Bell as the seventeen year old detective Veronica, which put her alongside actors Enrico Colantoni who played ... "",""title"":""https://unionfilms.org/films/people/kristen-bell.html""}]"
61,993,2026-09-14T10:18:08.618239+00:00,character married 3 times one child survives TV series 2000s,"[""character"",""married"",""3"",""times"",""one"",""child"",""survives"",""tv"",""series"",""2000s""]","""character"" OR ""married"" OR ""3"" OR ""times"" OR ""one"" OR ""child"" OR ""survives"" OR ""tv"" OR ""series"" OR ""2000s""",5,c9c062871b30893c9447ce45e87e6504375dfae99fdf6c1353e79599774caf6b,c470efb1a9b429148472627ec591e0453570f344b59db596bed9e6b635ebfe8c,True,"[""d6"",""d49"",""d50"",""d19"",""d2""]","[""78953"",""4035"",""3161"",""60134"",""81882""]","[{""docid"":""78953"",""score"":16.2824976074087,""snippet"":"" ... on Aidy Bryant's Hulu series Shrill and in the 2019 film James vs. His Future Self. In 2023, he joined season 4 of Apple TV+'s critically acclaimed science fiction drama For All Mankind as the character Eli Hobson.\n\nHe and actress Laure Mattos have been married ... "",""title"":""https://people.com/movies/home-alone-cast-where-are-they-now/""},{""docid"":""4035"",""score"":15.898290019368474,""snippet"":"" ... He was married to Star Herrmann and Leigh Curran. He died on 31 December 2014 in New York City, New York, USA.- Actor\n\n- Producer\n\n- Additional Crew\n\nOne of Hollywood's finest character / \""Method\"" actors, Eli Wallach was in demand for over 60 years (first film/TV role was ... "",""title"":""https://www.imdb.com/search/name/?death_date=2014""},{""docid"":""3161"",""score"":15.76035451695941,""snippet"":"" ... In the early 1970s, she landed minor roles in film and TV, and finally won a role on the series Three's Company (1976). She married Hamel in 1977. She was fired from the series after she asked for a raise at the beginning of the fifth season ... "",""title"":""https://m.imdb.com/search/name/?death_date=2023&ref_=nmbio_dth_yr""},{""docid"":""60134"",""score"":15.715324421687555,""snippet"":"" ... In 2003, Mulroney played Gavin Mitchell on the TV series Friends. He appeared in three episodes of the ninth season, his character briefly dating Rachel. This would mark Mulroney's last on-screen appearance on television for a number of years, later revealing in a May 2007 interview ... "",""title"":""https://en.wikipedia.org/wiki/Dermot_Mulroney""},{""docid"":""81882"",""score"":15.691378997718399,""snippet"":"" ... He was married a total of seven times, and fathered eight children.\n\nAfter long battles with ill health, Richard Pryor passed away on December 10th, 2005.- Vincent Schiavelli, selected in 1997 by Vanity Fair as one of the best character actors in America, had made over 120 film ... "",""title"":""https://m.imdb.com/search/name/?death_date=2005&ref_=nmbio""}]"
61,994,2026-09-14T10:18:08.619128+00:00,TV show character three marriages one surviving child,"[""tv"",""show"",""character"",""three"",""marriages"",""one"",""surviving"",""child""]","""tv"" OR ""show"" OR ""character"" OR ""three"" OR ""marriages"" OR ""one"" OR ""surviving"" OR ""child""",5,dcfdfe59d4312591ff3d757fe02035f881e4a26022e07fa519df09748ec9df4a,3f31bf042d8cc6df97db1dfa7b9b5da5c52351b9d4583f684f1cbc8fdbd5e8e2,True,"[""d39"",""d8"",""d51"",""d52"",""d53""]","[""53008"",""60248"",""37367"",""77637"",""54031""]","[{""docid"":""53008"",""score"":13.664801548271926,""snippet"":"" ... Most recently, Liotta appeared in The Many Saints of Newark, Marriage Story and No Sudden Move. He also appeared on Jennifer Lopez's TV show, Shades of Blue, which ended after three seasons. Liotta is survived by his daughter, Karsen and his fiancée Jacy Nittolo.\n\nJohn Zderko\n\nThe ... "",""title"":""https://www.etonline.com/gallery/stars-weve-lost-in-2022-177426""},{""docid"":""60248"",""score"":13.648348285782436,""snippet"":"" ... Lucci was expected to guest star on Prospect Park's continuation of All My Children in 2013, but the appearance never came to fruition due to the show's second cancellation.\n\nErica is considered to be the most popular character in American soap opera history. TV Guide calls ... "",""title"":""https://en.wikipedia.org/wiki/Erica_Kane""},{""docid"":""37367"",""score"":13.510584826136753,""snippet"":"" ... Midway through the season, an attempt was made to increase ratings by having Havoc's character relocate to New York to represent show business clients; however, the show lasted only one season.\""Lady Lawyer Practices Law,\"" TV Guide May 7–13, 1955, p. 12.\n\nFrom the 1960s through ... "",""title"":""https://en.wikipedia.org/wiki/June_Havoc""},{""docid"":""77637"",""score"":13.489606718134208,""snippet"":"" ... Besides his TV career, he was also an ordained Presbyterian minister.\n\nAfter starting her film career at the age of three, Shirley Temple went on to become Hollywood's highest-grossing child actress from 1935 to 1938. She is the epitome of popular child stars who lose their ... "",""title"":""https://www.thefamouspeople.com/born-1928.php""},{""docid"":""54031"",""score"":13.354763032640921,""snippet"":"" ... Simultaneously, numerous agencies in Britain and in America targeted various other aspects of child welfare, from educating parents (particularly women) on hygiene and child-rearing, to raising the age for compulsory schooling, instituting school nutrition programs, and recognizing child rights.\n\nThe Useless Child\n\nFalling infant mortality rates during ... "",""title"":""https://www.representingchildhood.pitt.edu/twentycent_child.htm""}]"
62,1004,2026-09-14T10:18:13.130689+00:00,actor real life daughter plays niece TV series,"[""actor"",""real"",""life"",""daughter"",""plays"",""niece"",""tv"",""series""]","""actor"" OR ""real"" OR ""life"" OR ""daughter"" OR ""plays"" OR ""niece"" OR ""tv"" OR ""series""",5,c5b8aa186c7c0fe6193a19341def225d23aa3e1eddf39c92614b2bacf8eb4794,d6c7070e3e40ec10244efa948e3a4b087582a5f3023fa91246133211ca293d76,True,"[""d41"",""d11"",""d42"",""d43"",""d44""]","[""48538"",""20480"",""51536"",""11779"",""27252""]","[{""docid"":""48538"",""score"":18.696880866122626,""snippet"":"" ... The story of their strange marriage, the child it produced and its violent end was a Hollywood tragedy played out in court.\n\nOnce hailed as among the finest actors of his generation, Blake became better known as the center of a real-life murder trial, a story more ... "",""title"":""https://www.pbs.org/newshour/arts/robert-blake-actor-acquitted-in-wifes-killing-dies-at-89""},{""docid"":""20480"",""score"":18.63087915735836,""snippet"":"" ... They need that, too.\""\n\nWhile her TV dad played an influential role in her life on That Girl, Thomas's real-life father was, and remains, the overwhelming inspiration in both her life and career.\n\nA multi-talented performer - beloved nightclub headliner, movie actor, TV producer and star ... "",""title"":""https://www.televisionacademy.com/features/news/online-originals/girl-one-who-changed-everything""},{""docid"":""51536"",""score"":18.622128107713962,""snippet"":"" ... it was the first big movie break for the talented, late actor Anton Yelchin, and it allowed Robin Williams to share the screen with his daughter Zelda.\n\nYelchin's plays Duchovny as a boy, whose best friend is a mentally challenged deliveryman, played by Williams. Zelda Williams plays ... "",""title"":""https://collider.com/galleries/celebrity-children-parents-movies/""},{""docid"":""11779"",""score"":18.06236804587279,""snippet"":"" ... Doherty later starred in the Kevin Smith film Mallrats and the TV series Charmed.\n\nIn 2023, the actor and director launched Let's Be Clear with Shannen Doherty, a podcast that reflects on her life and career. \""I wanted to be clear about what it was like for ... "",""title"":""https://people.com/little-house-on-the-prairie-cast-where-are-they-now-8603014""},{""docid"":""27252"",""score"":17.802101342039794,""snippet"":"" ... Scott | | |\n| BET Comedy Awards | 2004 | Outstanding Comedy Series | George Lopez | | |\n| BET Comedy Awards | 2004 | Outstanding Lead Actor in a Comedy Series | George Lopez | | |\n| Casting Society of America | 2002 | Best Casting for TV, Comedy Pilot (\""Prototype\"") | Mary V. BuckSusan Edelman | | |\n| Emmy Awards (Creative Arts) | 2004 | Outstanding Cinematography for a ... "",""title"":""https://en.wikipedia.org/wiki/George_Lopez_(TV_series)""}]"
62,1005,2026-09-14T10:18:13.131754+00:00,actor real life son plays unrelated character TV show,"[""actor"",""real"",""life"",""son"",""plays"",""unrelated"",""character"",""tv"",""show""]","""actor"" OR ""real"" OR ""life"" OR ""son"" OR ""plays"" OR ""unrelated"" OR ""character"" OR ""tv"" OR ""show""",5,54939772d527a727c4e4a4cd375ace27972cd17cfcdf48ccbd7cf79a6b997fd7,186b25c5ce5104eb7bad2ac592a8b3dd73bc4bde4acb44578dd593e39b9d170f,True,"[""d45"",""d46"",""d27"",""d47"",""d24""]","[""69326"",""63690"",""78415"",""32179"",""64629""]","[{""docid"":""69326"",""score"":17.608058152860483,""snippet"":"" ... actors in completely unrelated roles in TV shows can go unnoticed by the audience, like Charles-Dean Chapman in Game of Thrones.\n\n- Talented actors, such as Tatiana Maslany in Orphan Black and Lisa Kudrow in Friends, can successfully portray multiple characters and create complex relationships on-screen.\n\nPlaying ... "",""title"":""https://screenrant.com/actors-multiple-characters-same-tv-show/""},{""docid"":""63690"",""score"":17.307014678439057,""snippet"":"" ... People] (94 quizzes)\n\nReal Name\n\n[Celebrities] (73 quizzes)\n\nThe Best Name Game\n\n[People] (605 quizzes)\n\nName the People\n\n[Movies] (398 quizzes)\n\nNames in Songs\n\n[Music] (126 quizzes)\n\nSurnames\n\n[General] (10 quizzes)\n\nThematic Names\n\n[General] (151 quizzes)\n\n1. Which actor played Dr. Robb in the TV series \""In The ... "",""title"":""https://www.funtrivia.com/quizzes/people/name_game/same_surname.html""},{""docid"":""78415"",""score"":16.991242550960894,""snippet"":"" ... movie follows fading TV hero Rick Dalton (Leonardo DiCaprio) and his best friend/stunt double Cliff Booth (Brad Pitt) as they navigate the changing landscape of Hollywood while also living next door to Sharon Tate (Margot Robbie).\n\nOlyphant plays one of several real-life characters in Once Upon ... "",""title"":""https://screenrant.com/timothy-olyphant-best-movies-tv-shows/""},{""docid"":""32179"",""score"":16.75430642685047,""snippet"":"" ... The Penguin - \""The Fishin' Hole\"" is the name of the iconic whistling theme song of what classic TV show, which features the title figure walking to the \""fishin' hole\"" with his son?\n\nAnswer: The Andy Griffith Show - Even though the character was first played by Susan Neher in ... "",""title"":""https://www.watercoolertrivia.com/trivia-questions/classic-tv-trivia-questions""},{""docid"":""64629"",""score"":16.6460355950987,""snippet"":"" ... Huck has various career ambitions in life, and he tries them all, though not particularly succeeding in any. This TV series was one of the six TV shows in 1960 and the first animation in history to win an Emmy for Outstanding Achievement in the Field of Children ... "",""title"":""https://www.boredpanda.com/60s-cartoons/""}]"
62,1006,2026-09-14T10:18:13.132605+00:00,TV series actor family member cast unrelated role,"[""tv"",""series"",""actor"",""family"",""member"",""cast"",""unrelated"",""role""]","""tv"" OR ""series"" OR ""actor"" OR ""family"" OR ""member"" OR ""cast"" OR ""unrelated"" OR ""role""",5,926b5ad16c406760231902a802affccc9ecf484551833494d8bd71d09e634b0f,519938cc51f961ebe64dbcb827d1f5b0c02770f081d1dc8fc353acc8debc2b64,True,"[""d45"",""d33"",""d27"",""d46"",""d48""]","[""69326"",""57395"",""78415"",""63690"",""56024""]","[{""docid"":""69326"",""score"":18.76403021129144,""snippet"":"" ... 2023-11-14\n---\nSummary\n\n- Some actors excel at playing multiple roles in TV shows and movies, like Winona Ryder in Bram Stoker's Dracula and the cast of Everything Everywhere All at Once.\n\n- Recasting actors in completely unrelated roles in TV shows can go unnoticed by the audience ... "",""title"":""https://screenrant.com/actors-multiple-characters-same-tv-show/""},{""docid"":""57395"",""score"":18.072108702580366,""snippet"":"" ... Trivia[]\n\n- This had the most main cast members leave the series, with a total of 11 (although Jorja Fox later returned as a main cast member).\n\n- This was the penultimate CSI series to end.\n\n- This was the only CSI to lose both of its original lead actors (William ... "",""title"":""https://csi.fandom.com/wiki/CSI:Crime_Scene_Investigation""},{""docid"":""78415"",""score"":17.889209447110897,""snippet"":"" ... patriarch of the family. He initially plays the role with the cool calmness he pulls off so well in other roles, but becomes an anxious and desperate man when things start to unravel. The series makes for a gripping noir movie with a terrific cast that also includes ... "",""title"":""https://screenrant.com/timothy-olyphant-best-movies-tv-shows/""},{""docid"":""63690"",""score"":17.43938333974542,""snippet"":"" ... Which actor played Dr. Robb in the TV series \""In The Heat of The Night\""?\n\nFrom Quiz My Name is Robb\n\nAnswer: Dan Biggars\n\nDan Biggars was also an American college official prior to acting. William Windom played Dr. Seth Hazlitt in \""Murder She Wrote\"". Robert Young was ... "",""title"":""https://www.funtrivia.com/quizzes/people/name_game/same_surname.html""},{""docid"":""56024"",""score"":17.375538910828254,""snippet"":"" ... At 24 she won the role of the title character in UPN's drama Veronica Mars, which was launched in the fall of 2004. Created by Rob Thomas, the series starred Bell as the seventeen year old detective Veronica, which put her alongside actors Enrico Colantoni who played ... "",""title"":""https://unionfilms.org/films/people/kristen-bell.html""}]"
62,1008,2026-09-14T10:18:13.135288+00:00,character married 3 times one child survives TV series 2000s,"[""character"",""married"",""3"",""times"",""one"",""child"",""survives"",""tv"",""series"",""2000s""]","""character"" OR ""married"" OR ""3"" OR ""times"" OR ""one"" OR ""child"" OR ""survives"" OR ""tv"" OR ""series"" OR ""2000s""",5,c9c062871b30893c9447ce45e87e6504375dfae99fdf6c1353e79599774caf6b,c470efb1a9b429148472627ec591e0453570f344b59db596bed9e6b635ebfe8c,True,"[""d6"",""d49"",""d50"",""d19"",""d2""]","[""78953"",""4035"",""3161"",""60134"",""81882""]","[{""docid"":""78953"",""score"":16.2824976074087,""snippet"":"" ... on Aidy Bryant's Hulu series Shrill and in the 2019 film James vs. His Future Self. In 2023, he joined season 4 of Apple TV+'s critically acclaimed science fiction drama For All Mankind as the character Eli Hobson.\n\nHe and actress Laure Mattos have been married ... "",""title"":""https://people.com/movies/home-alone-cast-where-are-they-now/""},{""docid"":""4035"",""score"":15.898290019368474,""snippet"":"" ... He was married to Star Herrmann and Leigh Curran. He died on 31 December 2014 in New York City, New York, USA.- Actor\n\n- Producer\n\n- Additional Crew\n\nOne of Hollywood's finest character / \""Method\"" actors, Eli Wallach was in demand for over 60 years (first film/TV role was ... "",""title"":""https://www.imdb.com/search/name/?death_date=2014""},{""docid"":""3161"",""score"":15.76035451695941,""snippet"":"" ... In the early 1970s, she landed minor roles in film and TV, and finally won a role on the series Three's Company (1976). She married Hamel in 1977. She was fired from the series after she asked for a raise at the beginning of the fifth season ... "",""title"":""https://m.imdb.com/search/name/?death_date=2023&ref_=nmbio_dth_yr""},{""docid"":""60134"",""score"":15.715324421687555,""snippet"":"" ... In 2003, Mulroney played Gavin Mitchell on the TV series Friends. He appeared in three episodes of the ninth season, his character briefly dating Rachel. This would mark Mulroney's last on-screen appearance on television for a number of years, later revealing in a May 2007 interview ... "",""title"":""https://en.wikipedia.org/wiki/Dermot_Mulroney""},{""docid"":""81882"",""score"":15.691378997718399,""snippet"":"" ... He was married a total of seven times, and fathered eight children.\n\nAfter long battles with ill health, Richard Pryor passed away on December 10th, 2005.- Vincent Schiavelli, selected in 1997 by Vanity Fair as one of the best character actors in America, had made over 120 film ... "",""title"":""https://m.imdb.com/search/name/?death_date=2005&ref_=nmbio""}]"
62,1009,2026-09-14T10:18:13.136092+00:00,TV show character three marriages one surviving child,"[""tv"",""show"",""character"",""three"",""marriages"",""one"",""surviving"",""child""]","""tv"" OR ""show"" OR ""character"" OR ""three"" OR ""marriages"" OR ""one"" OR ""surviving"" OR ""child""",5,dcfdfe59d4312591ff3d757fe02035f881e4a26022e07fa519df09748ec9df4a,3f31bf042d8cc6df97db1dfa7b9b5da5c52351b9d4583f684f1cbc8fdbd5e8e2,True,"[""d39"",""d8"",""d51"",""d52"",""d53""]","[""53008"",""60248"",""37367"",""77637"",""54031""]","[{""docid"":""53008"",""score"":13.664801548271926,""snippet"":"" ... Most recently, Liotta appeared in The Many Saints of Newark, Marriage Story and No Sudden Move. He also appeared on Jennifer Lopez's TV show, Shades of Blue, which ended after three seasons. Liotta is survived by his daughter, Karsen and his fiancée Jacy Nittolo.\n\nJohn Zderko\n\nThe ... "",""title"":""https://www.etonline.com/gallery/stars-weve-lost-in-2022-177426""},{""docid"":""60248"",""score"":13.648348285782436,""snippet"":"" ... Lucci was expected to guest star on Prospect Park's continuation of All My Children in 2013, but the appearance never came to fruition due to the show's second cancellation.\n\nErica is considered to be the most popular character in American soap opera history. TV Guide calls ... "",""title"":""https://en.wikipedia.org/wiki/Erica_Kane""},{""docid"":""37367"",""score"":13.510584826136753,""snippet"":"" ... Midway through the season, an attempt was made to increase ratings by having Havoc's character relocate to New York to represent show business clients; however, the show lasted only one season.\""Lady Lawyer Practices Law,\"" TV Guide May 7–13, 1955, p. 12.\n\nFrom the 1960s through ... "",""title"":""https://en.wikipedia.org/wiki/June_Havoc""},{""docid"":""77637"",""score"":13.489606718134208,""snippet"":"" ... Besides his TV career, he was also an ordained Presbyterian minister.\n\nAfter starting her film career at the age of three, Shirley Temple went on to become Hollywood's highest-grossing child actress from 1935 to 1938. She is the epitome of popular child stars who lose their ... "",""title"":""https://www.thefamouspeople.com/born-1928.php""},{""docid"":""54031"",""score"":13.354763032640921,""snippet"":"" ... Simultaneously, numerous agencies in Britain and in America targeted various other aspects of child welfare, from educating parents (particularly women) on hygiene and child-rearing, to raising the age for compulsory schooling, instituting school nutrition programs, and recognizing child rights.\n\nThe Useless Child\n\nFalling infant mortality rates during ... "",""title"":""https://www.representingchildhood.pitt.edu/twentycent_child.htm""}]"
63,1019,2026-09-14T10:18:17.294009+00:00,actor real life daughter plays niece TV series,"[""actor"",""real"",""life"",""daughter"",""plays"",""niece"",""tv"",""series""]","""actor"" OR ""real"" OR ""life"" OR ""daughter"" OR ""plays"" OR ""niece"" OR ""tv"" OR ""series""",5,c5b8aa186c7c0fe6193a19341def225d23aa3e1eddf39c92614b2bacf8eb4794,d6c7070e3e40ec10244efa948e3a4b087582a5f3023fa91246133211ca293d76,True,"[""d41"",""d11"",""d42"",""d43"",""d44""]","[""48538"",""20480"",""51536"",""11779"",""27252""]","[{""docid"":""48538"",""score"":18.696880866122626,""snippet"":"" ... The story of their strange marriage, the child it produced and its violent end was a Hollywood tragedy played out in court.\n\nOnce hailed as among the finest actors of his generation, Blake became better known as the center of a real-life murder trial, a story more ... "",""title"":""https://www.pbs.org/newshour/arts/robert-blake-actor-acquitted-in-wifes-killing-dies-at-89""},{""docid"":""20480"",""score"":18.63087915735836,""snippet"":"" ... They need that, too.\""\n\nWhile her TV dad played an influential role in her life on That Girl, Thomas's real-life father was, and remains, the overwhelming inspiration in both her life and career.\n\nA multi-talented performer - beloved nightclub headliner, movie actor, TV producer and star ... "",""title"":""https://www.televisionacademy.com/features/news/online-originals/girl-one-who-changed-everything""},{""docid"":""51536"",""score"":18.622128107713962,""snippet"":"" ... it was the first big movie break for the talented, late actor Anton Yelchin, and it allowed Robin Williams to share the screen with his daughter Zelda.\n\nYelchin's plays Duchovny as a boy, whose best friend is a mentally challenged deliveryman, played by Williams. Zelda Williams plays ... "",""title"":""https://collider.com/galleries/celebrity-children-parents-movies/""},{""docid"":""11779"",""score"":18.06236804587279,""snippet"":"" ... Doherty later starred in the Kevin Smith film Mallrats and the TV series Charmed.\n\nIn 2023, the actor and director launched Let's Be Clear with Shannen Doherty, a podcast that reflects on her life and career. \""I wanted to be clear about what it was like for ... "",""title"":""https://people.com/little-house-on-the-prairie-cast-where-are-they-now-8603014""},{""docid"":""27252"",""score"":17.802101342039794,""snippet"":"" ... Scott | | |\n| BET Comedy Awards | 2004 | Outstanding Comedy Series | George Lopez | | |\n| BET Comedy Awards | 2004 | Outstanding Lead Actor in a Comedy Series | George Lopez | | |\n| Casting Society of America | 2002 | Best Casting for TV, Comedy Pilot (\""Prototype\"") | Mary V. BuckSusan Edelman | | |\n| Emmy Awards (Creative Arts) | 2004 | Outstanding Cinematography for a ... "",""title"":""https://en.wikipedia.org/wiki/George_Lopez_(TV_series)""}]"
63,1020,2026-09-14T10:18:17.294816+00:00,actor real life son plays unrelated character TV show,"[""actor"",""real"",""life"",""son"",""plays"",""unrelated"",""character"",""tv"",""show""]","""actor"" OR ""real"" OR ""life"" OR ""son"" OR ""plays"" OR ""unrelated"" OR ""character"" OR ""tv"" OR ""show""",5,54939772d527a727c4e4a4cd375ace27972cd17cfcdf48ccbd7cf79a6b997fd7,186b25c5ce5104eb7bad2ac592a8b3dd73bc4bde4acb44578dd593e39b9d170f,True,"[""d45"",""d46"",""d27"",""d47"",""d24""]","[""69326"",""63690"",""78415"",""32179"",""64629""]","[{""docid"":""69326"",""score"":17.608058152860483,""snippet"":"" ... actors in completely unrelated roles in TV shows can go unnoticed by the audience, like Charles-Dean Chapman in Game of Thrones.\n\n- Talented actors, such as Tatiana Maslany in Orphan Black and Lisa Kudrow in Friends, can successfully portray multiple characters and create complex relationships on-screen.\n\nPlaying ... "",""title"":""https://screenrant.com/actors-multiple-characters-same-tv-show/""},{""docid"":""63690"",""score"":17.307014678439057,""snippet"":"" ... People] (94 quizzes)\n\nReal Name\n\n[Celebrities] (73 quizzes)\n\nThe Best Name Game\n\n[People] (605 quizzes)\n\nName the People\n\n[Movies] (398 quizzes)\n\nNames in Songs\n\n[Music] (126 quizzes)\n\nSurnames\n\n[General] (10 quizzes)\n\nThematic Names\n\n[General] (151 quizzes)\n\n1. Which actor played Dr. Robb in the TV series \""In The ... "",""title"":""https://www.funtrivia.com/quizzes/people/name_game/same_surname.html""},{""docid"":""78415"",""score"":16.991242550960894,""snippet"":"" ... movie follows fading TV hero Rick Dalton (Leonardo DiCaprio) and his best friend/stunt double Cliff Booth (Brad Pitt) as they navigate the changing landscape of Hollywood while also living next door to Sharon Tate (Margot Robbie).\n\nOlyphant plays one of several real-life characters in Once Upon ... "",""title"":""https://screenrant.com/timothy-olyphant-best-movies-tv-shows/""},{""docid"":""32179"",""score"":16.75430642685047,""snippet"":"" ... The Penguin - \""The Fishin' Hole\"" is the name of the iconic whistling theme song of what classic TV show, which features the title figure walking to the \""fishin' hole\"" with his son?\n\nAnswer: The Andy Griffith Show - Even though the character was first played by Susan Neher in ... "",""title"":""https://www.watercoolertrivia.com/trivia-questions/classic-tv-trivia-questions""},{""docid"":""64629"",""score"":16.6460355950987,""snippet"":"" ... Huck has various career ambitions in life, and he tries them all, though not particularly succeeding in any. This TV series was one of the six TV shows in 1960 and the first animation in history to win an Emmy for Outstanding Achievement in the Field of Children ... "",""title"":""https://www.boredpanda.com/60s-cartoons/""}]"
63,1021,2026-09-14T10:18:17.295523+00:00,TV series actor family member cast unrelated role,"[""tv"",""series"",""actor"",""family"",""member"",""cast"",""unrelated"",""role""]","""tv"" OR ""series"" OR ""actor"" OR ""family"" OR ""member"" OR ""cast"" OR ""unrelated"" OR ""role""",5,926b5ad16c406760231902a802affccc9ecf484551833494d8bd71d09e634b0f,519938cc51f961ebe64dbcb827d1f5b0c02770f081d1dc8fc353acc8debc2b64,True,"[""d45"",""d33"",""d27"",""d46"",""d48""]","[""69326"",""57395"",""78415"",""63690"",""56024""]","[{""docid"":""69326"",""score"":18.76403021129144,""snippet"":"" ... 2023-11-14\n---\nSummary\n\n- Some actors excel at playing multiple roles in TV shows and movies, like Winona Ryder in Bram Stoker's Dracula and the cast of Everything Everywhere All at Once.\n\n- Recasting actors in completely unrelated roles in TV shows can go unnoticed by the audience ... "",""title"":""https://screenrant.com/actors-multiple-characters-same-tv-show/""},{""docid"":""57395"",""score"":18.072108702580366,""snippet"":"" ... Trivia[]\n\n- This had the most main cast members leave the series, with a total of 11 (although Jorja Fox later returned as a main cast member).\n\n- This was the penultimate CSI series to end.\n\n- This was the only CSI to lose both of its original lead actors (William ... "",""title"":""https://csi.fandom.com/wiki/CSI:Crime_Scene_Investigation""},{""docid"":""78415"",""score"":17.889209447110897,""snippet"":"" ... patriarch of the family. He initially plays the role with the cool calmness he pulls off so well in other roles, but becomes an anxious and desperate man when things start to unravel. The series makes for a gripping noir movie with a terrific cast that also includes ... "",""title"":""https://screenrant.com/timothy-olyphant-best-movies-tv-shows/""},{""docid"":""63690"",""score"":17.43938333974542,""snippet"":"" ... Which actor played Dr. Robb in the TV series \""In The Heat of The Night\""?\n\nFrom Quiz My Name is Robb\n\nAnswer: Dan Biggars\n\nDan Biggars was also an American college official prior to acting. William Windom played Dr. Seth Hazlitt in \""Murder She Wrote\"". Robert Young was ... "",""title"":""https://www.funtrivia.com/quizzes/people/name_game/same_surname.html""},{""docid"":""56024"",""score"":17.375538910828254,""snippet"":"" ... At 24 she won the role of the title character in UPN's drama Veronica Mars, which was launched in the fall of 2004. Created by Rob Thomas, the series starred Bell as the seventeen year old detective Veronica, which put her alongside actors Enrico Colantoni who played ... "",""title"":""https://unionfilms.org/films/people/kristen-bell.html""}]"
63,1023,2026-09-14T10:18:17.297886+00:00,character married 3 times one child survives TV series 2000s,"[""character"",""married"",""3"",""times"",""one"",""child"",""survives"",""tv"",""series"",""2000s""]","""character"" OR ""married"" OR ""3"" OR ""times"" OR ""one"" OR ""child"" OR ""survives"" OR ""tv"" OR ""series"" OR ""2000s""",5,c9c062871b30893c9447ce45e87e6504375dfae99fdf6c1353e79599774caf6b,c470efb1a9b429148472627ec591e0453570f344b59db596bed9e6b635ebfe8c,True,"[""d6"",""d49"",""d50"",""d19"",""d2""]","[""78953"",""4035"",""3161"",""60134"",""81882""]","[{""docid"":""78953"",""score"":16.2824976074087,""snippet"":"" ... on Aidy Bryant's Hulu series Shrill and in the 2019 film James vs. His Future Self. In 2023, he joined season 4 of Apple TV+'s critically acclaimed science fiction drama For All Mankind as the character Eli Hobson.\n\nHe and actress Laure Mattos have been married ... "",""title"":""https://people.com/movies/home-alone-cast-where-are-they-now/""},{""docid"":""4035"",""score"":15.898290019368474,""snippet"":"" ... He was married to Star Herrmann and Leigh Curran. He died on 31 December 2014 in New York City, New York, USA.- Actor\n\n- Producer\n\n- Additional Crew\n\nOne of Hollywood's finest character / \""Method\"" actors, Eli Wallach was in demand for over 60 years (first film/TV role was ... "",""title"":""https://www.imdb.com/search/name/?death_date=2014""},{""docid"":""3161"",""score"":15.76035451695941,""snippet"":"" ... In the early 1970s, she landed minor roles in film and TV, and finally won a role on the series Three's Company (1976). She married Hamel in 1977. She was fired from the series after she asked for a raise at the beginning of the fifth season ... "",""title"":""https://m.imdb.com/search/name/?death_date=2023&ref_=nmbio_dth_yr""},{""docid"":""60134"",""score"":15.715324421687555,""snippet"":"" ... In 2003, Mulroney played Gavin Mitchell on the TV series Friends. He appeared in three episodes of the ninth season, his character briefly dating Rachel. This would mark Mulroney's last on-screen appearance on television for a number of years, later revealing in a May 2007 interview ... "",""title"":""https://en.wikipedia.org/wiki/Dermot_Mulroney""},{""docid"":""81882"",""score"":15.691378997718399,""snippet"":"" ... He was married a total of seven times, and fathered eight children.\n\nAfter long battles with ill health, Richard Pryor passed away on December 10th, 2005.- Vincent Schiavelli, selected in 1997 by Vanity Fair as one of the best character actors in America, had made over 120 film ... "",""title"":""https://m.imdb.com/search/name/?death_date=2005&ref_=nmbio""}]"
63,1024,2026-09-14T10:18:17.298691+00:00,TV show character three marriages one surviving child,"[""tv"",""show"",""character"",""three"",""marriages"",""one"",""surviving"",""child""]","""tv"" OR ""show"" OR ""character"" OR ""three"" OR ""marriages"" OR ""one"" OR ""surviving"" OR ""child""",5,dcfdfe59d4312591ff3d757fe02035f881e4a26022e07fa519df09748ec9df4a,3f31bf042d8cc6df97db1dfa7b9b5da5c52351b9d4583f684f1cbc8fdbd5e8e2,True,"[""d39"",""d8"",""d51"",""d52"",""d53""]","[""53008"",""60248"",""37367"",""77637"",""54031""]","[{""docid"":""53008"",""score"":13.664801548271926,""snippet"":"" ... Most recently, Liotta appeared in The Many Saints of Newark, Marriage Story and No Sudden Move. He also appeared on Jennifer Lopez's TV show, Shades of Blue, which ended after three seasons. Liotta is survived by his daughter, Karsen and his fiancée Jacy Nittolo.\n\nJohn Zderko\n\nThe ... "",""title"":""https://www.etonline.com/gallery/stars-weve-lost-in-2022-177426""},{""docid"":""60248"",""score"":13.648348285782436,""snippet"":"" ... Lucci was expected to guest star on Prospect Park's continuation of All My Children in 2013, but the appearance never came to fruition due to the show's second cancellation.\n\nErica is considered to be the most popular character in American soap opera history. TV Guide calls ... "",""title"":""https://en.wikipedia.org/wiki/Erica_Kane""},{""docid"":""37367"",""score"":13.510584826136753,""snippet"":"" ... Midway through the season, an attempt was made to increase ratings by having Havoc's character relocate to New York to represent show business clients; however, the show lasted only one season.\""Lady Lawyer Practices Law,\"" TV Guide May 7–13, 1955, p. 12.\n\nFrom the 1960s through ... "",""title"":""https://en.wikipedia.org/wiki/June_Havoc""},{""docid"":""77637"",""score"":13.489606718134208,""snippet"":"" ... Besides his TV career, he was also an ordained Presbyterian minister.\n\nAfter starting her film career at the age of three, Shirley Temple went on to become Hollywood's highest-grossing child actress from 1935 to 1938. She is the epitome of popular child stars who lose their ... "",""title"":""https://www.thefamouspeople.com/born-1928.php""},{""docid"":""54031"",""score"":13.354763032640921,""snippet"":"" ... Simultaneously, numerous agencies in Britain and in America targeted various other aspects of child welfare, from educating parents (particularly women) on hygiene and child-rearing, to raising the age for compulsory schooling, instituting school nutrition programs, and recognizing child rights.\n\nThe Useless Child\n\nFalling infant mortality rates during ... "",""title"":""https://www.representingchildhood.pitt.edu/twentycent_child.htm""}]"
